ID_Transacao,Data_Venda,ID_Cliente,Nome_Cliente,Genero_Cliente,Faixa_Etaria,Regiao,Nome_Produto,Categoria_Produto,Valor_Unitario,Quantidade,Desconto_Pct,Metodo_Pagamento,Status_Pedido,Canal_Venda
1920,2023-02-10,146,Heloísa Câmara,F,26-35,Nordeste,Body Rendado Vermelho,Lingerie,60.51,2,0.0,Cartão Crédito,Entregue,App
5216,2024-12-05,251,Joana Fernandes,F,46+,Sudeste,Óleo de Massagem Relaxante,Lubrificantes,38.73,1,0.0,Cartão Crédito,Devolvido,Site
4252,2024-10-11,18,Maria Cecília Oliveira,F,26-35,Centro-Oeste,Gel Excitante Masculino,Lubrificantes,67.32,1,0.0,Cartão Crédito,Entregue,Site
231,2023-12-04,404,Julia Pacheco,F,18-25,Sul,Body Coelhinha Plus Size,Lingerie,145.59,1,30.0,Cartão Crédito,Entregue,App
3361,2024-04-18,406,Sr. Ravy Alves,M,36-45,Sudeste,Kit Algemas Veludo,Acessórios BDSM,130.39,2,10.0,Cartão Crédito,Entregue,Site
5024,2024-03-22,332,Bruna Martins,F,46+,Sudeste,Lubrificante Sabores Baunilha,Lubrificantes,61.25,2,0.0,Pix,Entregue,App
1085,2023-04-22,634,Ana Vitória Rios,F,26-35,Nordeste,Vibrador Clássico Silicone,Vibradores,152.93,1,0.0,Boleto,Entregue,App
1965,2024-02-15,228,Maria Eduarda Cavalcante,F,18-25,Sudeste,Lingerie Cropped com Bojo,Lingerie,189.21,1,0.0,Pix,Entregue,Site
4467,2023-04-24,40,Thomas Monteiro,M,36-45,Sudeste,Lubrificante Sabores Morango,Lubrificantes,72.84,2,0.0,Cartão Crédito,Entregue,Site
382,2024-11-06,314,Maya Porto,F,36-45,Sul,Fantasia Enfermeira,Lingerie,143.09,1,30.0,Cartão Crédito,Entregue,Marketplace
3575,2024-10-25,528,Gabriel Duarte,M,18-25,Sudeste,Massageador Corporal Wave,Vibradores,118.23,3,0.0,Cartão Débito,Devolvido,Site
3221,2023-02-26,196,Anna Liz Carvalho,F,26-35,Sul,Lubrificante Íntimo Aquoso 100ml,Lubrificantes,71.73,1,15.0,Cartão Crédito,Entregue,Marketplace
2023,2023-02-02,617,Esther da Paz,F,18-25,Sul,Dominó Erótico,Jogos Adultos,108.54,3,0.0,Cartão Crédito,Cancelado,App
3379,2023-04-05,26,Srta. Yasmin Siqueira,F,46+,Sul,Lingerie Cropped com Bojo,Lingerie,84.83,1,0.0,Pix,Cancelado,Site
5145,2023-02-26,143,Cauê Garcia,M,18-25,Nordeste,Kit Algemas Veludo,Acessórios BDSM,282.84,1,0.0,Cartão Crédito,Entregue,Site
2196,2023-01-13,162,Davi Silveira,M,36-45,Norte,Lubrificante Sabores Baunilha,Lubrificantes,32.51,1,0.0,Pix,Entregue,Site
440,2024-11-25,24,Giovanna Rios,F,26-35,Centro-Oeste,Óleo de Massagem Relaxante,Lubrificantes,30.02,1,0.0,Cartão Crédito,Cancelado,Site
656,2023-06-16,38,Dra. Mariane Pacheco,F,26-35,Sudeste,Gel Excitante Masculino,Lubrificantes,30.84,1,0.0,Cartão Crédito,Entregue,Site
2537,2024-05-05,351,Sr. Thales Andrade,M,36-45,Sul,Vibrador Clássico Silicone,Vibradores,167.45,3,0.0,Boleto,Entregue,App
374,2024-12-10,303,Ravi Lucca Sales,M,36-45,Sudeste,Vibrador Ponto G Flex,Vibradores,380.37,2,0.0,Pix,Entregue,Site
2796,2023-07-01,242,Maya Cavalcanti,F,46+,Norte,Lubrificante Base Silicone,Lubrificantes,44.56,1,20.0,Pix,Entregue,Site
1922,2023-06-03,1,Sr. Apollo Sousa,M,18-25,Sudeste,Vibrador Duplo Prazer,Vibradores,297.84,3,0.0,Pix,Entregue,Marketplace
3636,2023-12-15,181,Diogo Rezende,M,46+,Sudeste,Lubrificante Sabores Morango,Lubrificantes,33.45,2,0.0,Boleto,Entregue,Site
4786,2024-06-19,130,Sra. Mariane Novais,F,46+,Nordeste,Fantasia Policial,Lingerie,141.57,1,20.0,Pix,Entregue,Site
577,2023-06-04,45,Yuri Albuquerque,M,46+,Sudeste,Camisola Sensual Preta,Lingerie,155.02,1,0.0,Pix,Entregue,Site
3291,2024-06-14,20,Sr. João Vitor Barros,M,18-25,Sudeste,Kit Algemas Veludo,Acessórios BDSM,215.25,1,15.0,Pix,Entregue,App
2866,2023-04-25,233,Sr. Breno Pastor,M,46+,Sudeste,Fantasia Enfermeira,Lingerie,134.2,2,0.0,Pix,Entregue,Marketplace
1256,2023-06-18,154,Maya Ferreira,F,18-25,Sudeste,Body Coelhinha Plus Size,Lingerie,162.86,3,0.0,Pix,Entregue,App
24,2023-04-29,126,Ana Júlia Borges,F,36-45,Sudeste,Fantasia Enfermeira,Lingerie,153.15,2,0.0,Pix,Entregue,Site
1104,2023-04-22,597,Maria da Costa,F,26-35,Sul,Camisola Sensual Preta,Lingerie,176.16,1,10.0,Cartão Crédito,Entregue,Site
830,2023-05-08,164,Dr. Luan Guerra,M,26-35,Sudeste,Mini Vibrador Discreto,Vibradores,386.95,1,5.0,Cartão Débito,Entregue,Site
2896,2024-11-03,507,Maria Laura das Neves,F,36-45,Sudeste,Dominó Erótico,Jogos Adultos,113.21,3,25.0,Pix,Cancelado,App
5122,2023-10-17,591,Mariah Porto,F,36-45,Sudeste,Lubrificante Íntimo Aquoso 250ml,Lubrificantes,87.6,1,15.0,Boleto,Entregue,Site
3154,2023-09-27,153,João Andrade,M,26-35,Sul,Gel Excitante Masculino,Lubrificantes,89.54,3,20.0,Pix,Cancelado,Marketplace
4029,2024-06-04,349,Augusto Dias,M,26-35,Sudeste,Cartas Posições Kamasutra,Jogos Adultos,81.93,1,15.0,Boleto,Entregue,App
2603,2023-03-08,358,Sra. Anna Liz Farias,F,36-45,Sudeste,Lubrificante Íntimo Aquoso 100ml,Lubrificantes,74.27,1,0.0,Cartão Débito,Entregue,Marketplace
4461,2024-11-30,141,Lívia Viana,F,36-45,Sudeste,Camisola Sensual Preta,Lingerie,143.07,1,0.0,Cartão Crédito,Entregue,Site
3140,2024-10-25,20,Sr. João Vitor Barros,M,18-25,Sudeste,Chicote de Couro Soft,Acessórios BDSM,185.94,1,0.0,Pix,Entregue,App
4582,2023-10-18,100,Anna Liz Cirino,F,18-25,Centro-Oeste,Lubrificante Íntimo Aquoso 250ml,Lubrificantes,72.63,2,0.0,Cartão Crédito,Entregue,Site
3701,2024-04-30,253,Stella Correia,F,26-35,Sudeste,Kit Algemas Veludo,Acessórios BDSM,115.01,3,0.0,Cartão Crédito,Entregue,Site
320,2024-01-20,80,Nina Siqueira,F,26-35,Sul,Gel Excitante Masculino,Lubrificantes,54.77,2,10.0,Pix,Entregue,Site
3200,2024-02-29,137,Luiz Gustavo Vasconcelos,M,26-35,Nordeste,Mordaça Silicone,Acessórios BDSM,115.66,1,0.0,Cartão Crédito,Devolvido,App
2226,2023-02-26,172,Sophia Melo,F,36-45,Nordeste,Lubrificante Íntimo Aquoso 250ml,Lubrificantes,54.82,3,0.0,Cartão Crédito,Entregue,Marketplace
4891,2023-06-28,105,Mariah Ribeiro,F,18-25,Nordeste,Creme Excitante Feminino,Cosméticos Íntimos,149.42,1,30.0,Pix,Devolvido,App
1544,2024-07-03,82,Lucca Caldeira,M,26-35,Nordeste,Gel Excitante Masculino,Lubrificantes,81.87,1,5.0,Cartão Débito,Entregue,Site
2116,2024-12-23,46,Dra. Bruna Rodrigues,F,18-25,Nordeste,Vibrador Rabbit Premium,Vibradores,391.01,1,5.0,Pix,Entregue,Site
5313,2023-12-06,596,Lavínia Lima,F,36-45,Sudeste,Creme Retardante Masculino,Cosméticos Íntimos,146.47,1,15.0,Cartão Crédito,Entregue,Marketplace
1601,2023-05-24,60,Sra. Ana Lívia Teixeira,F,26-35,Sul,Camisola Sensual Preta,Lingerie,112.31,2,10.0,Cartão Débito,Entregue,Site
423,2024-12-25,27,Elisa Martins,F,26-35,Sul,Conjunto Lingerie Boudoir,Lingerie,86.84,2,0.0,Pix,Entregue,Site
3711,2024-07-16,3,Cauã Rocha,M,18-25,Sudeste,Lubrificante Base Silicone,Lubrificantes,78.09,1,0.0,Cartão Débito,Entregue,Marketplace
5088,2023-07-02,18,Maria Cecília Oliveira,F,26-35,Centro-Oeste,Fantasia Policial,Lingerie,63.05,1,0.0,Cartão Crédito,Cancelado,Marketplace
1102,2023-02-13,697,Rael da Cruz,M,26-35,Nordeste,Mordaça Silicone,Acessórios BDSM,218.84,1,0.0,Pix,Devolvido,Marketplace
4145,2024-11-29,579,Bruno Freitas,M,18-25,Centro-Oeste,Lubrificante Base Silicone,Lubrificantes,43.97,2,0.0,Cartão Crédito,Entregue,Site
3594,2023-12-27,233,Sr. Breno Pastor,M,46+,Sudeste,Fantasia Policial,Lingerie,178.69,1,0.0,Cartão Crédito,Entregue,Site
539,2023-08-20,164,Dr. Luan Guerra,M,26-35,Sudeste,Vibrador Rabbit Premium,Vibradores,245.14,1,10.0,Cartão Crédito,Cancelado,App
4020,2024-05-15,73,Sophie da Costa,F,36-45,Sudeste,Sabonete Íntimo pH Neutro,Cosméticos Íntimos,55.24,2,15.0,Cartão Crédito,Cancelado,Marketplace
2585,2023-06-08,237,Mariane Ribeiro,F,18-25,Nordeste,Lubrificante Base Silicone,Lubrificantes,56.51,1,0.0,Pix,Entregue,Site
4820,2024-08-15,62,Sra. Eloah da Luz,F,26-35,Sudeste,Conjunto Lingerie Boudoir,Lingerie,177.11,1,15.0,Boleto,Entregue,Marketplace
5479,2024-10-04,375,Anthony Martins,M,36-45,Sul,Corda de Shibari 5m,Acessórios BDSM,117.28,1,0.0,Cartão Crédito,Entregue,App
2147,2023-06-07,168,Agatha da Rosa,F,26-35,Sul,Lubrificante Íntimo Aquoso 250ml,Lubrificantes,45.97,2,0.0,Cartão Crédito,Entregue,Site
2095,2023-03-18,94,Ryan Cassiano,M,36-45,Sudeste,Vibrador Ponto G Flex,Vibradores,463.32,1,0.0,Pix,Entregue,Site
4579,2023-07-14,719,Maria Júlia Freitas,F,26-35,Sul,Dado do Prazer,Jogos Adultos,107.73,1,0.0,Cartão Crédito,Entregue,App
3766,2023-05-10,99,Emanuel Araújo,M,26-35,Sudeste,Meia-Calça Rendada,Lingerie,115.83,4,0.0,Cartão Crédito,Devolvido,Marketplace
298,2024-05-31,68,Benício Fernandes,M,36-45,Sudeste,Meia-Calça Rendada,Lingerie,173.26,2,0.0,Cartão Crédito,Entregue,App
1236,2023-03-06,126,Ana Júlia Borges,F,36-45,Sudeste,Wand Massager Pro,Vibradores,136.21,3,10.0,Pix,Entregue,App
9,2024-11-23,246,João Lucas Machado,M,26-35,Sudeste,Vibrador Duplo Prazer,Vibradores,200.07,1,0.0,Cartão Crédito,Cancelado,Site
1893,2023-07-18,410,Danilo Carvalho,M,26-35,Centro-Oeste,Gel Excitante Feminino,Lubrificantes,83.21,4,0.0,Cartão Crédito,Entregue,App
3996,2023-06-28,159,Zoe Rodrigues,F,46+,Sul,Vibrador Ponto G Flex,Vibradores,177.2,1,0.0,Cartão Crédito,Entregue,Site
904,2023-12-28,235,Dr. Dante Vieira,M,18-25,Sudeste,Lubrificante Sabores Baunilha,Lubrificantes,57.53,1,20.0,Pix,Entregue,Site
280,2024-10-09,405,Marcelo Caldeira,M,26-35,Nordeste,Vibrador Clássico Silicone,Vibradores,169.07,2,0.0,Cartão Crédito,Entregue,App
5244,2023-12-29,563,Sra. Isabel Nascimento,Não informado,26-35,Nordeste,Gel Excitante Feminino,Lubrificantes,86.38,2,0.0,Pix,Entregue,App
4640,2023-08-05,423,Esther Campos,F,18-25,Sudeste,Lubrificante Íntimo Aquoso 250ml,Lubrificantes,58.63,2,15.0,Boleto,Entregue,Site
5207,2024-05-26,412,Danilo Brito,M,36-45,Sudeste,Vibrador Duplo Prazer,Vibradores,332.68,1,0.0,Cartão Crédito,Entregue,Site
3616,2024-11-11,26,Srta. Yasmin Siqueira,F,46+,Sul,Lubrificante Sabores Morango,Lubrificantes,54.01,1,0.0,Pix,Entregue,App
978,2023-03-20,15,Julia Aparecida,F,26-35,Sudeste,Lubrificante Íntimo Aquoso 100ml,Lubrificantes,53.14,2,0.0,Pix,Entregue,Site
4664,2023-08-25,443,Srta. Ana Liz Mendes,F,18-25,Nordeste,Mini Vibrador Discreto,Vibradores,201.6,1,25.0,Boleto,Entregue,App
4114,2023-10-10,27,Elisa Martins,F,26-35,Sul,Lingerie Cropped com Bojo,Lingerie,155.78,1,0.0,Boleto,Entregue,Site
34,2024-08-04,644,Miguel Dias,M,36-45,Sul,Camisola Sensual Preta,Lingerie,93.05,1,0.0,Boleto,Entregue,App
4742,2024-12-07,33,Luara Cunha,Não informado,26-35,Norte,Colar e Guia BDSM,Acessórios BDSM,93.1,1,0.0,Pix,Entregue,Site
2035,2024-09-26,251,Joana Fernandes,F,46+,Sudeste,Fantasia Enfermeira,Lingerie,158.72,2,10.0,Cartão Débito,Entregue,Site
1346,2023-12-18,152,Joana Cavalcanti,F,26-35,Sul,Vibrador Duplo Prazer,Vibradores,462.29,2,25.0,Boleto,Entregue,Site
1887,2024-06-05,3,Cauã Rocha,M,18-25,Sudeste,Vibrador Ponto G Flex,Vibradores,360.28,1,30.0,Cartão Crédito,Entregue,Site
466,2023-08-22,129,Julia Castro,F,26-35,Sudeste,Meia-Calça Rendada,Lingerie,92.62,2,0.0,Cartão Crédito,Entregue,Site
4446,2024-03-19,724,Lucas Gabriel Melo,M,46+,Sul,Chicote de Couro Soft,Acessórios BDSM,279.31,2,20.0,Cartão Crédito,Entregue,Site
3406,2023-04-18,417,Sr. Samuel Pimenta,M,36-45,Sul,Spray Prolongador,Cosméticos Íntimos,106.1,1,0.0,Pix,Entregue,Site
2227,2023-03-25,99,Emanuel Araújo,M,26-35,Sudeste,Vibrador Rabbit Premium,Vibradores,90.4,2,0.0,Pix,Entregue,App
2479,2024-06-27,38,Dra. Mariane Pacheco,F,26-35,Sudeste,Vibrador Ponto G Flex,Vibradores,345.21,2,0.0,Cartão Crédito,Entregue,Site
1048,2024-01-06,7,Apollo Novais,M,18-25,Nordeste,Spray Prolongador,Cosméticos Íntimos,149.66,2,0.0,Pix,Entregue,Site
4988,2024-04-29,246,João Lucas Machado,M,26-35,Sudeste,Lingerie Cropped com Bojo,Lingerie,88.62,1,0.0,Pix,Entregue,Site
1850,2023-02-19,276,Larissa Melo,F,18-25,Sul,Gel Excitante Feminino,Lubrificantes,42.6,2,0.0,Cartão Crédito,Entregue,Site
3081,2024-03-11,347,Esther Sampaio,F,18-25,Nordeste,Meia-Calça Rendada,Lingerie,123.69,2,30.0,Pix,Entregue,Site
2418,2024-02-22,12,Eduardo Cunha,Não informado,26-35,Sul,Vibrador Rabbit Premium,Vibradores,291.85,1,10.0,Pix,Cancelado,App
612,2023-04-17,409,Kevin Rezende,M,26-35,Nordeste,Vibrador Ponto G Flex,Vibradores,132.41,2,0.0,Cartão Crédito,Entregue,App
1919,2024-02-01,136,Isadora Rios,F,18-25,Sul,Body Coelhinha Plus Size,Lingerie,139.93,4,0.0,Cartão Débito,Cancelado,Marketplace
1434,2024-07-19,291,Eduarda da Costa,F,36-45,Sudeste,Kit Algemas Veludo,Acessórios BDSM,293.19,1,0.0,Cartão Crédito,Entregue,Site
1091,2023-02-01,630,Mariane Cavalcante,F,36-45,Sudeste,Vibrador Duplo Prazer,Vibradores,421.17,2,0.0,Pix,Devolvido,Site
4190,2023-08-27,317,Sr. Enrico Farias,Não informado,36-45,Nordeste,Body Coelhinha Plus Size,Lingerie,128.5,5,20.0,Cartão Crédito,Entregue,Site
1213,2023-12-08,50,João Montenegro,M,26-35,Sudeste,Body Coelhinha Plus Size,Lingerie,144.87,1,20.0,Cartão Débito,Entregue,Marketplace
3186,2024-10-27,207,Ryan Câmara,M,26-35,Sudeste,Wand Massager Pro,Vibradores,334.28,1,0.0,Cartão Crédito,Entregue,Site
291,2024-10-22,9,Pietro Pastor,M,26-35,Sudeste,Massageador Corporal Wave,Vibradores,226.96,3,5.0,Pix,Entregue,App
4874,2023-08-07,75,Caroline Silveira,F,36-45,Sudeste,Lubrificante Sabores Baunilha,Lubrificantes,84.61,1,0.0,Pix,Cancelado,Site
1429,2024-12-05,271,Heloísa Fonseca,F,26-35,Sudeste,Body Rendado Vermelho,Lingerie,60.65,4,25.0,Pix,Entregue,Site
4451,2024-07-27,149,Luiz Fernando Ramos,M,36-45,Nordeste,Óleo de Massagem Relaxante,Lubrificantes,64.02,1,0.0,Boleto,Cancelado,Site
4803,2023-10-29,562,Larissa Sá,Não informado,36-45,Sudeste,Massageador Corporal Wave,Vibradores,252.48,2,25.0,Pix,Entregue,Site
2560,2023-06-12,189,Emanuel Souza,M,36-45,Sudeste,Meia-Calça Rendada,Lingerie,141.53,1,0.0,Boleto,Entregue,App
2520,2024-09-17,335,Maria Vitória Mendes,F,46+,Sudeste,Dominó Erótico,Jogos Adultos,96.04,1,0.0,Pix,Entregue,Site
1232,2024-12-19,73,Sophie da Costa,F,36-45,Sudeste,Colar e Guia BDSM,Acessórios BDSM,145.83,1,0.0,Cartão Crédito,Entregue,Site
1026,2024-08-28,175,Leonardo Câmara,M,36-45,Sul,Jogo de Cartas Sexo Quiz,Jogos Adultos,114.07,2,10.0,Boleto,Entregue,Marketplace
347,2023-04-10,269,Dra. Valentina Peixoto,F,18-25,Sul,Gel Térmico Sensação Quente,Cosméticos Íntimos,75.3,2,0.0,Cartão Crédito,Entregue,Marketplace
2618,2023-11-20,87,Beatriz Aragão,F,46+,Centro-Oeste,Óleo de Massagem Relaxante,Lubrificantes,73.39,2,0.0,Cartão Crédito,Entregue,Marketplace
3460,2024-06-05,278,Ana Júlia da Cunha,F,26-35,Sul,Lubrificante Íntimo Aquoso 100ml,Lubrificantes,44.79,1,0.0,Pix,Entregue,App
2577,2023-08-30,726,Sophie Carvalho,Não informado,26-35,Nordeste,Cartas Posições Kamasutra,Jogos Adultos,68.66,1,0.0,Cartão Débito,Cancelado,Marketplace
1087,2023-11-20,254,Isabella Silveira,F,36-45,Sul,Vibrador Duplo Prazer,Vibradores,417.2,3,0.0,Pix,Entregue,Site
1401,2024-03-13,51,Thiago Caldeira,Não informado,36-45,Sul,Lubrificante Sabores Morango,Lubrificantes,74.95,1,5.0,Pix,Entregue,Site
3832,2023-11-26,419,Dr. Henrique Macedo,M,26-35,Nordeste,Lubrificante Íntimo Aquoso 250ml,Lubrificantes,41.92,4,5.0,Cartão Crédito,Entregue,App
1619,2023-12-15,220,Antony Souza,M,18-25,Sudeste,Body Rendado Vermelho,Lingerie,199.62,3,0.0,Cartão Crédito,Entregue,Site
4280,2023-07-24,137,Luiz Gustavo Vasconcelos,M,26-35,Nordeste,Lubrificante Íntimo Aquoso 100ml,Lubrificantes,85.89,2,0.0,Boleto,Entregue,Site
4739,2024-05-23,129,Julia Castro,F,26-35,Sudeste,Mini Vibrador Discreto,Vibradores,481.7,1,0.0,Pix,Entregue,App
535,2023-05-26,378,Letícia Porto,F,26-35,Sudeste,Venda para Olhos Satin,Acessórios BDSM,200.44,1,0.0,Pix,Entregue,Site
697,2023-10-08,94,Ryan Cassiano,M,36-45,Sudeste,Body Rendado Vermelho,Lingerie,77.3,2,0.0,Pix,Entregue,Site
3165,2024-10-30,17,Bruno Novaes,M,26-35,Sudeste,Gel Excitante Masculino,Lubrificantes,68.35,2,30.0,Pix,Entregue,Marketplace
4657,2023-06-29,452,Sr. Yuri Silveira,M,36-45,Sudeste,Gel Excitante Feminino,Lubrificantes,80.89,2,15.0,Pix,Entregue,Site
725,2024-12-22,230,Luana Caldeira,F,26-35,Nordeste,Jogo Tabuleiro Casais,Jogos Adultos,94.0,2,0.0,Pix,Entregue,Marketplace
80,2023-06-12,35,Diego da Luz,M,26-35,Sudeste,Kit Algemas Veludo,Acessórios BDSM,82.25,1,0.0,Pix,Entregue,Site
1195,2023-08-01,14,Aylla Fogaça,F,36-45,Sudeste,Dominó Erótico,Jogos Adultos,126.31,1,10.0,Pix,Entregue,App
849,2024-04-24,189,Emanuel Souza,M,36-45,Sudeste,Fantasia Enfermeira,Lingerie,59.95,1,0.0,Pix,Cancelado,App
1129,2023-05-31,128,Lívia Vargas,F,26-35,Sudeste,Lubrificante Sabores Baunilha,Lubrificantes,64.27,1,0.0,Cartão Débito,Entregue,App
4044,2024-10-10,258,Ayla da Rocha,F,18-25,Sul,Lingerie Cropped com Bojo,Lingerie,83.94,1,0.0,Pix,Entregue,Marketplace
4273,2024-11-30,46,Dra. Bruna Rodrigues,F,18-25,Nordeste,Lingerie Cropped com Bojo,Lingerie,152.72,3,0.0,Cartão Crédito,Entregue,Site
3407,2023-05-17,481,Eduarda Sá,F,36-45,Sul,Meia-Calça Rendada,Lingerie,170.02,1,0.0,Pix,Entregue,Marketplace
1200,2024-11-01,39,Luiz Miguel Câmara,M,36-45,Sudeste,Sabonete Íntimo pH Neutro,Cosméticos Íntimos,111.6,2,0.0,Cartão Crédito,Entregue,Site
5284,2023-02-13,531,Luigi Silva,M,36-45,Sudeste,Dado do Prazer,Jogos Adultos,120.87,1,0.0,Cartão Crédito,Entregue,App
1371,2023-02-16,703,Theo das Neves,M,36-45,Sudeste,Lubrificante Íntimo Aquoso 250ml,Lubrificantes,77.86,4,0.0,Pix,Entregue,App
4520,2023-09-27,7,Apollo Novais,M,18-25,Nordeste,Conjunto Lingerie Boudoir,Lingerie,128.07,2,0.0,Pix,Cancelado,Site
2550,2024-06-06,20,Sr. João Vitor Barros,M,18-25,Sudeste,Fantasia Enfermeira,Lingerie,116.91,1,0.0,Pix,Entregue,Marketplace
1872,2023-06-09,67,Bárbara da Cruz,Não informado,36-45,Norte,Dominó Erótico,Jogos Adultos,103.18,1,20.0,Cartão Crédito,Entregue,Site
5294,2023-01-26,7,Apollo Novais,M,18-25,Nordeste,Fantasia Policial,Lingerie,122.89,1,0.0,Cartão Débito,Cancelado,Site
2245,2023-01-07,478,Mirella Fernandes,F,36-45,Sul,Lubrificante Íntimo Aquoso 100ml,Lubrificantes,62.92,1,0.0,Boleto,Entregue,App
2343,2024-12-18,24,Giovanna Rios,F,26-35,Centro-Oeste,Kit Cuidados Íntimos,Cosméticos Íntimos,86.63,3,0.0,Pix,Entregue,Site
316,2024-04-01,313,Sra. Lara Cirino,F,46+,Nordeste,Gel Excitante Feminino,Lubrificantes,64.91,1,15.0,Pix,Entregue,Marketplace
3126,2023-07-18,250,Raquel Cunha,F,26-35,Sudeste,Gel Excitante Feminino,Lubrificantes,63.7,1,0.0,Cartão Crédito,Entregue,Site
4551,2024-01-25,608,Maria Nogueira,F,36-45,Centro-Oeste,Meia-Calça Rendada,Lingerie,79.74,1,30.0,Pix,Entregue,Marketplace
4676,2023-09-11,523,Luana Martins,F,36-45,Nordeste,Wand Massager Pro,Vibradores,221.76,1,30.0,Pix,Entregue,App
3304,2024-10-17,107,Gabrielly Rios,F,46+,Nordeste,Lubrificante Íntimo Aquoso 100ml,Lubrificantes,80.41,1,0.0,Cartão Débito,Entregue,Site
5098,2024-08-13,84,Melissa Carvalho,F,26-35,Nordeste,Vibrador Rabbit Premium,Vibradores,190.23,1,30.0,Cartão Débito,Entregue,Site
5128,2023-04-29,80,Nina Siqueira,F,26-35,Sul,Lubrificante Sabores Baunilha,Lubrificantes,57.47,1,0.0,Boleto,Entregue,Marketplace
3086,2023-11-08,301,Bento Cavalcante,Não informado,26-35,Norte,Lubrificante Sabores Morango,Lubrificantes,75.79,2,15.0,Pix,Entregue,App
578,2023-04-17,595,Isaque Silva,M,36-45,Sudeste,Lubrificante Sabores Morango,Lubrificantes,85.87,3,5.0,Cartão Crédito,Cancelado,Marketplace
1116,2023-02-26,233,Sr. Breno Pastor,M,46+,Sudeste,Vibrador Ponto G Flex,Vibradores,253.01,2,5.0,Pix,Entregue,Site
4784,2023-03-24,95,Juan Cunha,M,26-35,Sul,Gel Excitante Feminino,Lubrificantes,68.83,1,10.0,Boleto,Entregue,Marketplace
394,2024-07-05,385,Benicio Pereira,M,26-35,Sul,Óleo de Massagem Relaxante,Lubrificantes,38.79,1,0.0,Boleto,Entregue,Site
765,2023-12-11,10,Alana Teixeira,F,36-45,Sul,Massageador Corporal Wave,Vibradores,215.47,1,0.0,Pix,Entregue,Site
325,2024-12-05,659,Guilherme Vieira,M,26-35,Nordeste,Fantasia Policial,Lingerie,175.16,1,0.0,Pix,Entregue,Site
2307,2024-10-03,26,Srta. Yasmin Siqueira,F,46+,Sul,Camisola Sensual Preta,Lingerie,64.49,1,0.0,Cartão Crédito,Cancelado,Site
16,2024-05-04,57,Maria Cecília das Neves,F,18-25,Centro-Oeste,Lubrificante Íntimo Aquoso 250ml,Lubrificantes,36.09,1,0.0,Pix,Entregue,Marketplace
2463,2023-01-14,261,Léo Melo,M,26-35,Nordeste,Lingerie Cropped com Bojo,Lingerie,177.48,3,30.0,Cartão Crédito,Cancelado,Site
4690,2024-02-13,716,Thiago Machado,M,36-45,Nordeste,Venda para Olhos Satin,Acessórios BDSM,193.8,2,0.0,Pix,Entregue,Marketplace
4240,2023-08-01,111,Anthony Marques,M,26-35,Nordeste,Vibrador Ponto G Flex,Vibradores,286.92,1,0.0,Cartão Crédito,Entregue,App
1220,2023-09-12,89,Enzo Jesus,M,36-45,Sul,Massageador Corporal Wave,Vibradores,269.03,1,0.0,Cartão Crédito,Entregue,Site
3323,2023-09-21,375,Anthony Martins,M,36-45,Sul,Mordaça Silicone,Acessórios BDSM,126.55,2,0.0,Boleto,Entregue,Marketplace
3952,2024-10-18,451,Marina Brito,F,26-35,Norte,Óleo de Massagem Relaxante,Lubrificantes,50.95,1,0.0,Pix,Entregue,Site
5482,2024-03-03,96,Vitor Hugo Araújo,M,36-45,Sudeste,Creme Excitante Feminino,Cosméticos Íntimos,52.79,1,0.0,Cartão Crédito,Entregue,Site
492,2023-02-10,259,Maria Luiza Sales,F,18-25,Norte,Sabonete Íntimo pH Neutro,Cosméticos Íntimos,128.36,2,0.0,Cartão Crédito,Entregue,Site
1506,2024-08-02,140,Maria Sophia Alves,F,36-45,Sudeste,Conjunto Lingerie Boudoir,Lingerie,151.61,1,0.0,Pix,Entregue,Site
2570,2024-01-20,600,Vinicius Nogueira,M,26-35,Sul,Gel Térmico Sensação Quente,Cosméticos Íntimos,79.8,2,5.0,Cartão Débito,Entregue,Marketplace
85,2024-09-30,103,Isadora Pacheco,F,46+,Nordeste,Sabonete Íntimo pH Neutro,Cosméticos Íntimos,47.33,3,0.0,Pix,Entregue,Site
3868,2024-11-27,298,Dra. Fernanda Lima,F,26-35,Nordeste,Gel Excitante Masculino,Lubrificantes,62.93,1,0.0,Pix,Entregue,Site
4363,2023-12-14,373,Cecília da Conceição,F,36-45,Sul,Cartas Posições Kamasutra,Jogos Adultos,108.2,1,0.0,Cartão Crédito,Entregue,App
2759,2023-06-13,323,Dra. Nicole Jesus,F,46+,Sul,Cartas Posições Kamasutra,Jogos Adultos,66.68,2,0.0,Cartão Crédito,Entregue,App
3659,2023-03-02,255,Samuel Novais,M,26-35,Sul,Conjunto Lingerie Boudoir,Lingerie,82.96,2,0.0,Cartão Débito,Entregue,App
352,2024-06-27,479,Léo das Neves,M,36-45,Sudeste,Wand Massager Pro,Vibradores,121.33,3,0.0,Pix,Entregue,Site
2571,2023-05-30,142,Josué da Mata,M,26-35,Sudeste,Mordaça Silicone,Acessórios BDSM,293.59,2,0.0,Cartão Crédito,Entregue,Marketplace
4535,2023-03-13,219,José Barros,M,26-35,Sudeste,Gel Térmico Sensação Quente,Cosméticos Íntimos,114.8,2,0.0,Pix,Entregue,App
5467,2023-08-27,386,Sra. Laura Vasconcelos,F,26-35,Sudeste,Conjunto Lingerie Boudoir,Lingerie,172.94,1,0.0,Cartão Crédito,Entregue,Site
169,2024-02-09,12,Eduardo Cunha,Não informado,26-35,Sul,Lubrificante Sabores Morango,Lubrificantes,74.77,1,0.0,Pix,Cancelado,Site
1262,2023-02-12,407,Lunna Pimenta,F,18-25,Sul,Body Coelhinha Plus Size,Lingerie,64.55,2,10.0,Pix,Entregue,Marketplace
866,2024-02-19,221,Ana Júlia Ferreira,F,26-35,Norte,Massageador Corporal Wave,Vibradores,308.36,1,5.0,Boleto,Entregue,Marketplace
2329,2024-04-21,270,Beatriz Correia,F,26-35,Sul,Gel Excitante Masculino,Lubrificantes,61.01,3,5.0,Pix,Entregue,Site
4511,2023-12-14,54,Ágatha Vasconcelos,F,18-25,Sul,Fantasia Policial,Lingerie,66.52,3,0.0,Pix,Entregue,Site
1481,2024-06-29,430,Alexandre da Mota,M,26-35,Sul,Meia-Calça Rendada,Lingerie,102.93,2,0.0,Pix,Entregue,Site
5162,2024-02-25,12,Eduardo Cunha,Não informado,26-35,Sul,Massageador Corporal Wave,Vibradores,101.65,2,0.0,Pix,Entregue,App
599,2024-04-05,60,Sra. Ana Lívia Teixeira,F,26-35,Sul,Dominó Erótico,Jogos Adultos,43.74,5,0.0,Cartão Crédito,Entregue,App
2953,2024-12-30,328,Ryan Campos,M,18-25,Sul,Conjunto Lingerie Boudoir,Lingerie,92.34,2,0.0,Pix,Devolvido,App
812,2024-02-10,456,Srta. Luara Lima,F,46+,Sudeste,Cartas Posições Kamasutra,Jogos Adultos,99.53,1,0.0,Cartão Crédito,Entregue,Site
1739,2024-04-24,126,Ana Júlia Borges,F,36-45,Sudeste,Lubrificante Íntimo Aquoso 100ml,Lubrificantes,43.54,2,0.0,Cartão Crédito,Entregue,Site
3521,2024-10-09,73,Sophie da Costa,F,36-45,Sudeste,Mini Vibrador Discreto,Vibradores,155.11,1,0.0,Pix,Entregue,App
4336,2023-08-05,16,Sra. Zoe Campos,F,18-25,Sudeste,Camisola Sensual Preta,Lingerie,152.13,3,10.0,Pix,Devolvido,Site
1596,2024-04-03,232,Marcos Vinicius Gonçalves,M,36-45,Sul,Creme Retardante Masculino,Cosméticos Íntimos,102.29,1,0.0,Cartão Crédito,Entregue,Site
585,2023-01-31,268,Rafaela da Mota,F,26-35,Norte,Vibrador Rabbit Premium,Vibradores,121.5,2,10.0,Cartão Crédito,Entregue,Site
1176,2023-05-13,210,Dra. Maria Luiza Silveira,F,26-35,Nordeste,Camisola Sensual Preta,Lingerie,188.59,1,5.0,Cartão Crédito,Entregue,Site
1164,2024-08-13,354,Valentina Marques,F,46+,Sudeste,Colar e Guia BDSM,Acessórios BDSM,199.65,1,0.0,Boleto,Entregue,Site
5296,2024-05-17,41,Benicio Camargo,M,26-35,Nordeste,Body Rendado Vermelho,Lingerie,67.65,1,0.0,Pix,Entregue,Marketplace
1154,2024-11-03,301,Bento Cavalcante,Não informado,26-35,Norte,Gel Térmico Sensação Quente,Cosméticos Íntimos,66.51,2,5.0,Cartão Crédito,Entregue,Site
402,2024-05-30,550,Antony Fonseca,M,18-25,Sudeste,Vibrador Ponto G Flex,Vibradores,136.63,1,0.0,Cartão Crédito,Devolvido,App
3687,2024-12-28,600,Vinicius Nogueira,M,26-35,Sul,Massageador Corporal Wave,Vibradores,472.22,1,0.0,Cartão Débito,Entregue,Marketplace
1621,2024-02-03,171,Melina Rocha,F,26-35,Nordeste,Lubrificante Íntimo Aquoso 100ml,Lubrificantes,39.83,3,15.0,Cartão Crédito,Entregue,App
801,2024-06-13,322,Théo Abreu,M,18-25,Sudeste,Camisola Sensual Preta,Lingerie,196.04,2,0.0,Cartão Crédito,Entregue,Site
4585,2024-06-18,310,Alícia Teixeira,F,36-45,Sudeste,Body Coelhinha Plus Size,Lingerie,83.12,3,10.0,Pix,Entregue,Marketplace
2225,2024-01-06,4,Dra. Aurora Pastor,F,26-35,Sul,Body Rendado Vermelho,Lingerie,106.0,2,0.0,Cartão Débito,Entregue,App
1076,2023-04-09,153,João Andrade,M,26-35,Sul,Body Coelhinha Plus Size,Lingerie,105.36,3,0.0,Cartão Crédito,Entregue,Site
2289,2023-08-02,179,Gael Silva,M,36-45,Sudeste,Meia-Calça Rendada,Lingerie,121.0,1,0.0,Pix,Entregue,Site
692,2023-02-04,152,Joana Cavalcanti,F,26-35,Sul,Fantasia Enfermeira,Lingerie,175.71,1,0.0,Cartão Crédito,Entregue,Marketplace
5155,2023-07-19,298,Dra. Fernanda Lima,F,26-35,Nordeste,Creme Retardante Masculino,Cosméticos Íntimos,123.96,1,15.0,Cartão Crédito,Entregue,Marketplace
4463,2024-02-13,787,Anthony Gabriel Sousa,M,18-25,Nordeste,Massageador Corporal Wave,Vibradores,425.93,3,10.0,Cartão Crédito,Entregue,Site
3948,2023-12-01,247,Nicole Nunes,F,26-35,Nordeste,Óleo de Massagem Relaxante,Lubrificantes,83.07,1,0.0,Cartão Crédito,Cancelado,App
334,2023-04-20,35,Diego da Luz,M,26-35,Sudeste,Lubrificante Sabores Baunilha,Lubrificantes,55.35,1,0.0,Cartão Crédito,Entregue,Site
3906,2023-06-24,180,Dr. Thales Guerra,M,36-45,Sudeste,Kit Algemas Veludo,Acessórios BDSM,174.4,1,25.0,Pix,Entregue,Site
995,2024-02-07,123,Giovanna Silva,F,36-45,Sudeste,Massageador Corporal Wave,Vibradores,470.3,1,25.0,Boleto,Entregue,
2715,2023-10-13,1,Sr. Apollo Sousa,M,18-25,Sudeste,Lubrificante Sabores Morango,Lubrificantes,64.11,2,0.0,Pix,Entregue,Marketplace
133,2023-10-25,36,Josué Souza,M,18-25,Sul,Conjunto Lingerie Boudoir,Lingerie,115.45,1,0.0,Boleto,Entregue,App
4936,2024-02-14,119,Letícia Ribeiro,Não informado,18-25,Norte,Dado do Prazer,Jogos Adultos,76.68,1,0.0,Pix,Entregue,Site
3949,2023-11-22,50,João Montenegro,M,26-35,Sudeste,Kit Algemas Veludo,Acessórios BDSM,133.29,1,20.0,Cartão Crédito,Entregue,Marketplace
81,2024-06-30,488,Ryan Moura,M,36-45,Sudeste,Lubrificante Íntimo Aquoso 100ml,Lubrificantes,83.42,2,0.0,Pix,Entregue,App
1437,2023-06-21,102,Nathan Campos,M,18-25,Sudeste,Cartas Posições Kamasutra,Jogos Adultos,86.94,3,10.0,Cartão Crédito,Entregue,Site
3439,2024-07-08,598,Maria Vitória Cirino,F,26-35,Centro-Oeste,Mini Vibrador Discreto,Vibradores,459.42,1,0.0,Pix,Entregue,App
4309,2024-01-20,443,Srta. Ana Liz Mendes,F,18-25,Nordeste,Vibrador Ponto G Flex,Vibradores,309.12,3,0.0,Cartão Crédito,Entregue,Site
3264,2023-06-13,6,Helena da Conceição,F,26-35,Sul,Wand Massager Pro,Vibradores,185.25,2,0.0,Pix,Devolvido,App
600,2023-10-25,12,Eduardo Cunha,Não informado,26-35,Sul,Conjunto Lingerie Boudoir,Lingerie,91.13,3,0.0,Pix,Entregue,App
2054,2024-06-11,637,Maysa Andrade,F,26-35,Sul,Meia-Calça Rendada,Lingerie,161.82,1,0.0,Cartão Débito,Devolvido,App
4589,2023-08-04,295,Isabel da Paz,F,36-45,Centro-Oeste,Vibrador Clássico Silicone,Vibradores,141.26,1,10.0,Cartão Crédito,Entregue,Site
2474,2023-02-04,335,Maria Vitória Mendes,F,46+,Sudeste,Gel Excitante Masculino,Lubrificantes,65.91,3,0.0,Pix,Devolvido,Site
4443,2024-10-23,71,Dra. Ana Liz da Conceição,F,36-45,Sul,Body Rendado Vermelho,Lingerie,147.9,1,0.0,Cartão Crédito,Entregue,Site
1394,2023-09-12,199,Maria Luísa Farias,F,46+,Nordeste,Lubrificante Base Silicone,Lubrificantes,45.81,1,0.0,Pix,Entregue,App
1243,2024-11-06,380,Fernanda Gomes,F,36-45,Sudeste,Vibrador Rabbit Premium,Vibradores,386.08,2,0.0,Cartão Crédito,Entregue,Site
626,2023-09-14,127,Sra. Kamilly Aparecida,F,36-45,Nordeste,Fantasia Enfermeira,Lingerie,194.56,1,25.0,Pix,Entregue,Marketplace
469,2024-12-08,70,Alana Barbosa,F,26-35,Norte,Lubrificante Íntimo Aquoso 100ml,Lubrificantes,63.95,1,0.0,Cartão Débito,Devolvido,App
5437,2024-08-09,66,Dr. Pedro Lucas Moreira,M,26-35,Sudeste,Lubrificante Íntimo Aquoso 250ml,Lubrificantes,64.11,1,30.0,Boleto,Cancelado,App
752,2024-09-13,623,Maria Eduarda Moreira,F,26-35,Sudeste,Meia-Calça Rendada,Lingerie,115.66,5,15.0,Cartão Crédito,Devolvido,Marketplace
2498,2024-02-15,492,José Miguel da Rocha,M,26-35,Nordeste,Gel Excitante Masculino,Lubrificantes,62.48,5,0.0,Pix,Entregue,Site
3993,2023-04-30,362,Dra. Laura da Conceição,F,26-35,Sudeste,Óleo de Massagem Relaxante,Lubrificantes,44.16,1,0.0,Pix,Cancelado,Marketplace
4435,2024-02-06,22,Rafael Porto,M,36-45,Nordeste,Mini Vibrador Discreto,Vibradores,296.09,2,0.0,Cartão Débito,Entregue,App
2058,2024-08-25,145,Natália Ferreira,F,46+,Sul,Vibrador Duplo Prazer,Vibradores,257.52,1,0.0,Cartão Crédito,Entregue,Site
2026,2024-10-25,84,Melissa Carvalho,F,26-35,Nordeste,Lubrificante Íntimo Aquoso 100ml,Lubrificantes,46.74,1,0.0,Pix,Entregue,App
168,2023-12-12,58,Ana Laura da Costa,F,26-35,Nordeste,Lingerie Cropped com Bojo,Lingerie,178.75,1,0.0,Pix,Entregue,Site
1814,2023-03-03,6,Helena da Conceição,F,26-35,Sul,Vibrador Ponto G Flex,Vibradores,115.07,1,5.0,Cartão Crédito,Cancelado,App
3387,2024-05-17,78,Aylla Ribeiro,F,26-35,Nordeste,Lubrificante Íntimo Aquoso 100ml,Lubrificantes,30.64,2,15.0,Cartão Crédito,Entregue,Site
3492,2024-06-25,250,Raquel Cunha,F,26-35,Sudeste,Colar e Guia BDSM,Acessórios BDSM,150.82,1,0.0,Cartão Crédito,Entregue,Site
2693,2023-08-05,3,Cauã Rocha,M,18-25,Sudeste,Corda de Shibari 5m,Acessórios BDSM,123.57,1,0.0,Cartão Crédito,Entregue,Site
1600,2023-05-23,536,João Miguel Gomes,M,26-35,Nordeste,Fantasia Enfermeira,Lingerie,93.19,3,0.0,Pix,Cancelado,Site
2795,2023-04-12,157,Gabriel da Cunha,M,18-25,Sudeste,Vibrador Rabbit Premium,Vibradores,189.27,3,0.0,Cartão Crédito,Entregue,Site
3698,2024-10-29,292,Ana Vitória Castro,F,36-45,Sul,Dado do Prazer,Jogos Adultos,59.45,1,0.0,Cartão Débito,Entregue,Site
4712,2024-02-03,167,Srta. Liz Guerra,F,18-25,Sul,Body Coelhinha Plus Size,Lingerie,118.95,3,5.0,Boleto,Entregue,Site
2670,2023-02-01,105,Mariah Ribeiro,F,18-25,Nordeste,Sabonete Íntimo pH Neutro,Cosméticos Íntimos,81.22,1,0.0,Pix,Entregue,Site
3227,2024-10-13,77,Maria Luísa Correia,F,46+,Sudeste,Gel Excitante Masculino,Lubrificantes,45.75,1,25.0,Cartão Débito,Entregue,Site
2989,2023-05-10,332,Bruna Martins,F,46+,Sudeste,Massageador Corporal Wave,Vibradores,247.32,1,10.0,Cartão Débito,Entregue,Site
5152,2024-04-16,63,Otávio Cunha,M,26-35,Sudeste,Venda para Olhos Satin,Acessórios BDSM,298.37,2,0.0,Cartão Crédito,Entregue,App
3537,2024-09-25,82,Lucca Caldeira,M,26-35,Nordeste,Lubrificante Íntimo Aquoso 250ml,Lubrificantes,32.26,1,5.0,Cartão Crédito,Entregue,App
1840,2023-10-07,71,Dra. Ana Liz da Conceição,F,36-45,Sul,Jogo de Cartas Sexo Quiz,Jogos Adultos,75.82,1,0.0,Cartão Débito,Entregue,App
2481,2024-03-03,89,Enzo Jesus,M,36-45,Sul,Camisola Sensual Preta,Lingerie,87.26,2,0.0,Cartão Crédito,Entregue,Site
2942,2024-11-14,247,Nicole Nunes,F,26-35,Nordeste,Conjunto Lingerie Boudoir,Lingerie,120.54,5,0.0,Cartão Crédito,Entregue,Marketplace
3998,2024-11-04,138,Nicolas Pinto,M,36-45,Sudeste,Vibrador Duplo Prazer,Vibradores,331.77,3,15.0,Pix,Entregue,App
3752,2024-08-25,562,Larissa Sá,Não informado,36-45,Sudeste,Lubrificante Sabores Baunilha,Lubrificantes,36.48,1,25.0,Cartão Débito,Entregue,App
4814,2024-12-26,195,Lucas Gabriel Dias,M,18-25,Centro-Oeste,Lubrificante Sabores Baunilha,Lubrificantes,74.06,2,0.0,Pix,Entregue,Site
3563,2024-03-26,17,Bruno Novaes,M,26-35,Sudeste,Lubrificante Íntimo Aquoso 100ml,Lubrificantes,58.98,1,0.0,Cartão Crédito,Entregue,App
2941,2023-06-05,86,Isadora Barbosa,Não informado,18-25,Sudeste,Vibrador Rabbit Premium,Vibradores,377.31,1,0.0,Cartão Crédito,Entregue,App
3209,2023-09-20,158,Maya Abreu,F,26-35,Sudeste,Gel Excitante Masculino,Lubrificantes,58.76,3,30.0,Cartão Crédito,Cancelado,Marketplace
1058,2023-08-26,141,Lívia Viana,F,36-45,Sudeste,Lubrificante Íntimo Aquoso 250ml,Lubrificantes,78.59,1,0.0,Cartão Crédito,Entregue,App
1565,2024-01-28,436,Ana Júlia Cardoso,F,36-45,Sudeste,Gel Excitante Masculino,Lubrificantes,56.01,2,15.0,Pix,Entregue,Site
297,2023-12-02,379,José Marques,M,26-35,Sudeste,Lubrificante Base Silicone,Lubrificantes,84.73,3,0.0,Pix,Devolvido,App
916,2023-06-23,157,Gabriel da Cunha,M,18-25,Sudeste,Gel Excitante Masculino,Lubrificantes,88.82,3,0.0,Pix,Entregue,App
3917,2024-12-20,340,Manuela Viana,F,18-25,Nordeste,Spray Prolongador,Cosméticos Íntimos,64.87,1,0.0,Cartão Crédito,Cancelado,Site
1655,2024-02-25,26,Srta. Yasmin Siqueira,F,46+,Sul,Vibrador Rabbit Premium,Vibradores,184.54,1,0.0,Cartão Crédito,Entregue,Marketplace
1770,2024-10-11,138,Nicolas Pinto,M,36-45,Sudeste,Creme Retardante Masculino,Cosméticos Íntimos,101.04,2,0.0,Boleto,Entregue,Marketplace
764,2024-08-23,354,Valentina Marques,F,46+,Sudeste,Body Rendado Vermelho,Lingerie,105.03,1,0.0,Boleto,Entregue,Site
2246,2023-06-14,200,Nina Leão,F,18-25,Centro-Oeste,Body Coelhinha Plus Size,Lingerie,147.99,1,0.0,Cartão Crédito,Entregue,Site
4421,2023-11-25,29,Dra. Hellena Rodrigues,F,26-35,Norte,Gel Excitante Masculino,Lubrificantes,61.83,4,0.0,Pix,Entregue,Site
5134,2024-02-05,5,Ana Beatriz Alves,F,18-25,Sul,Kit Algemas Veludo,Acessórios BDSM,100.83,1,30.0,Pix,Entregue,App
4649,2023-08-25,503,Eloá Pinto,F,36-45,Sudeste,Venda para Olhos Satin,Acessórios BDSM,275.0,1,0.0,Boleto,Entregue,App
136,2024-10-26,108,Sra. Isabella da Luz,Não informado,36-45,Centro-Oeste,Fantasia Enfermeira,Lingerie,176.78,1,0.0,Pix,Entregue,Site
5360,2023-10-07,187,Dr. Pedro Miguel Pimenta,M,26-35,Sudeste,Massageador Corporal Wave,Vibradores,448.93,2,0.0,Pix,Devolvido,App
2665,2023-04-24,251,Joana Fernandes,F,46+,Sudeste,Lubrificante Sabores Morango,Lubrificantes,49.94,2,0.0,Pix,Entregue,App
1075,2023-07-18,755,Luiz Fernando Novais,M,36-45,Sudeste,Lingerie Cropped com Bojo,Lingerie,95.06,3,0.0,Cartão Crédito,Entregue,Marketplace
5243,2024-02-24,189,Emanuel Souza,M,36-45,Sudeste,Body Coelhinha Plus Size,Lingerie,171.03,1,15.0,Cartão Débito,Entregue,Site
2017,2023-05-20,118,Dra. Alexia Rios,F,46+,Sudeste,Gel Térmico Sensação Quente,Cosméticos Íntimos,96.79,2,0.0,Boleto,Entregue,Marketplace
2030,2023-04-03,282,Kevin Barros,M,36-45,Nordeste,Fantasia Policial,Lingerie,83.37,1,10.0,Pix,Entregue,Site
912,2024-07-29,87,Beatriz Aragão,F,46+,Centro-Oeste,Dado do Prazer,Jogos Adultos,77.27,1,0.0,Pix,Entregue,Site
4455,2023-10-27,493,Dante Abreu,M,18-25,Sul,Lubrificante Base Silicone,Lubrificantes,85.21,1,10.0,Cartão Crédito,Entregue,App
3411,2023-11-16,145,Natália Ferreira,F,46+,Sul,Kit Roleplay Surpresa,Jogos Adultos,74.84,1,10.0,Boleto,Entregue,Site
1935,2023-12-29,298,Dra. Fernanda Lima,F,26-35,Nordeste,Vibrador Duplo Prazer,Vibradores,350.67,1,0.0,Cartão Crédito,Devolvido,Site
1967,2023-03-12,57,Maria Cecília das Neves,F,18-25,Centro-Oeste,Colar e Guia BDSM,Acessórios BDSM,93.88,1,5.0,Pix,Entregue,Site
3683,2024-02-27,381,Cauê da Costa,M,26-35,Sudeste,Lubrificante Base Silicone,Lubrificantes,84.07,2,0.0,Pix,Entregue,Site
5434,2023-02-25,19,Bernardo Aparecida,M,36-45,Sudeste,Vibrador Clássico Silicone,Vibradores,283.03,2,0.0,Pix,Entregue,App
5136,2024-03-04,130,Sra. Mariane Novais,F,46+,Nordeste,Creme Retardante Masculino,Cosméticos Íntimos,78.35,2,20.0,Boleto,Entregue,Site
4231,2024-02-18,318,Sabrina da Paz,Não informado,46+,Nordeste,Vibrador Ponto G Flex,Vibradores,374.08,1,0.0,Cartão Débito,Entregue,Site
5445,2024-12-22,22,Rafael Porto,M,36-45,Nordeste,Lubrificante Sabores Morango,Lubrificantes,43.65,1,0.0,Cartão Crédito,Entregue,Site
122,2024-08-22,539,Dra. Lívia Azevedo,F,36-45,Sul,Chicote de Couro Soft,Acessórios BDSM,281.91,1,15.0,Cartão Crédito,Entregue,Marketplace
1818,2024-09-14,378,Letícia Porto,F,26-35,Sudeste,Lubrificante Sabores Morango,Lubrificantes,59.35,1,0.0,Cartão Crédito,Entregue,App
1352,2024-07-24,232,Marcos Vinicius Gonçalves,M,36-45,Sul,Massageador Corporal Wave,Vibradores,424.31,2,10.0,Pix,Cancelado,App
1040,2024-11-05,105,Mariah Ribeiro,F,18-25,Nordeste,Cartas Posições Kamasutra,Jogos Adultos,118.03,1,10.0,Cartão Débito,Entregue,Site
3050,2024-02-07,85,Emilly da Mota,F,26-35,Norte,Lubrificante Íntimo Aquoso 100ml,Lubrificantes,33.6,1,0.0,Cartão Crédito,Entregue,Marketplace
5184,2023-07-07,613,Ana Clara Vieira,F,26-35,Sudeste,Wand Massager Pro,Vibradores,290.57,1,0.0,Cartão Crédito,Entregue,Site
1380,2023-11-10,241,Natália Santos,F,46+,Nordeste,Lingerie Cropped com Bojo,Lingerie,129.4,1,0.0,Cartão Crédito,Entregue,Marketplace
2094,2024-05-15,201,Gabrielly Leão,F,36-45,Sul,Mini Vibrador Discreto,Vibradores,310.62,1,0.0,Pix,Entregue,Marketplace
3608,2023-07-25,93,Mirella da Paz,F,26-35,Sudeste,Camisola Sensual Preta,Lingerie,88.67,1,0.0,Cartão Débito,Entregue,App
3182,2024-10-13,95,Juan Cunha,M,26-35,Sul,Body Rendado Vermelho,Lingerie,74.87,1,0.0,Cartão Débito,Entregue,Site
2087,2024-02-17,31,Luara Guerra,F,36-45,Nordeste,Kit Iniciante BDSM 5 Peças,Acessórios BDSM,243.25,1,0.0,Cartão Crédito,Entregue,Site
4672,2023-02-21,512,Dra. Clara da Costa,F,36-45,Sul,Body Coelhinha Plus Size,Lingerie,76.8,1,0.0,Cartão Crédito,Entregue,App
2472,2024-01-23,683,Julia Rezende,F,36-45,Sudeste,Óleo de Massagem Relaxante,Lubrificantes,79.19,1,0.0,Boleto,Entregue,Site
427,2023-06-23,159,Zoe Rodrigues,F,46+,Sul,Creme Excitante Feminino,Cosméticos Íntimos,38.02,1,0.0,Pix,Entregue,Site
2068,2023-04-23,83,Evelyn Correia,F,26-35,Nordeste,Vibrador Clássico Silicone,Vibradores,125.1,2,0.0,Cartão Crédito,Entregue,Marketplace
3405,2023-09-25,358,Sra. Anna Liz Farias,F,36-45,Sudeste,Body Rendado Vermelho,Lingerie,69.1,1,15.0,Cartão Crédito,Entregue,App
5346,2023-06-15,209,Maria Julia Fernandes,F,36-45,Sudeste,Body Rendado Vermelho,Lingerie,113.69,1,0.0,Pix,Entregue,Site
4880,2024-06-29,437,Sra. Valentina Camargo,F,26-35,Sudeste,Vibrador Rabbit Premium,Vibradores,413.18,2,0.0,Boleto,Entregue,Site
926,2023-07-12,7,Apollo Novais,M,18-25,Nordeste,Gel Excitante Feminino,Lubrificantes,39.65,2,0.0,Cartão Crédito,Entregue,Site
502,2023-06-15,208,Maya Mendonça,F,18-25,Sudeste,Mordaça Silicone,Acessórios BDSM,227.8,1,5.0,Cartão Crédito,Entregue,Site
2403,2023-11-07,144,Ravy Câmara,M,18-25,Sudeste,Corda de Shibari 5m,Acessórios BDSM,279.48,1,30.0,Cartão Crédito,Entregue,App
1505,2023-01-13,131,Daniel Barbosa,M,36-45,Sudeste,Óleo de Massagem Relaxante,Lubrificantes,35.27,2,0.0,Cartão Crédito,Entregue,Site
713,2023-04-10,174,Lívia Borges,F,46+,Sudeste,Lubrificante Íntimo Aquoso 100ml,Lubrificantes,63.75,3,0.0,Boleto,Entregue,Site
1269,2024-10-26,246,João Lucas Machado,M,26-35,Sudeste,Gel Excitante Feminino,Lubrificantes,44.2,2,0.0,Pix,Entregue,App
2442,2024-09-25,211,Ravi Lucca Cardoso,Não informado,26-35,Sudeste,Vibrador Rabbit Premium,Vibradores,396.13,1,0.0,Cartão Crédito,Entregue,App
241,2023-04-29,625,Anna Liz Lopes,F,36-45,Sudeste,Sabonete Íntimo pH Neutro,Cosméticos Íntimos,132.43,3,0.0,Boleto,Entregue,App
2843,2023-08-31,579,Bruno Freitas,M,18-25,Centro-Oeste,Mordaça Silicone,Acessórios BDSM,56.25,1,0.0,Cartão Crédito,Entregue,App
712,2024-06-05,243,Dr. Vitor Gabriel Vasconcelos,M,26-35,Sudeste,Cartas Posições Kamasutra,Jogos Adultos,93.27,2,0.0,Pix,Entregue,App
2303,2024-12-02,195,Lucas Gabriel Dias,M,18-25,Centro-Oeste,Jogo de Cartas Sexo Quiz,Jogos Adultos,72.93,1,0.0,Pix,Cancelado,Site
4024,2024-03-10,440,Rael Montenegro,M,18-25,Nordeste,Lubrificante Base Silicone,Lubrificantes,66.55,2,20.0,Pix,Entregue,Site
2820,2024-05-25,122,Daniela da Mata,F,26-35,Sul,Lubrificante Base Silicone,Lubrificantes,67.06,3,0.0,Cartão Crédito,Entregue,Site
4818,2024-05-06,432,Erick Camargo,M,26-35,Sul,Conjunto Lingerie Boudoir,Lingerie,113.51,1,20.0,Pix,Entregue,Site
4881,2023-08-24,64,Gabriela Silva,F,26-35,Sudeste,Perfume Íntimo Floral,Cosméticos Íntimos,104.05,1,0.0,Cartão Crédito,Entregue,App
3721,2023-03-09,116,Emanuel Macedo,M,46+,Sudeste,Lubrificante Base Silicone,Lubrificantes,81.35,4,0.0,Boleto,Entregue,Site
2340,2024-05-06,149,Luiz Fernando Ramos,M,36-45,Nordeste,Dado do Prazer,Jogos Adultos,57.26,2,20.0,Cartão Crédito,Entregue,Site
1477,2023-06-13,418,Lara Andrade,F,26-35,Nordeste,Lubrificante Íntimo Aquoso 250ml,Lubrificantes,34.88,2,0.0,Pix,Entregue,App
4440,2024-03-29,77,Maria Luísa Correia,F,46+,Sudeste,Conjunto Lingerie Boudoir,Lingerie,66.5,1,0.0,Pix,Entregue,App
1666,2024-09-27,472,Dr. Arthur Cirino,M,26-35,Sudeste,Cartas Posições Kamasutra,Jogos Adultos,124.51,3,0.0,Cartão Débito,Entregue,App
1486,2024-01-01,126,Ana Júlia Borges,F,36-45,Sudeste,Jogo de Cartas Sexo Quiz,Jogos Adultos,74.08,1,25.0,Pix,Entregue,App
2305,2023-10-28,606,Dra. Bella Vargas,Não informado,26-35,Sul,Fantasia Policial,Lingerie,196.32,1,25.0,Cartão Débito,Entregue,Site
2441,2024-03-29,218,Lara Sá,F,46+,Sul,Body Coelhinha Plus Size,Lingerie,196.63,1,15.0,Pix,Entregue,App
5406,2023-05-31,538,Ana Júlia Vieira,F,36-45,Nordeste,Colar e Guia BDSM,Acessórios BDSM,260.7,1,0.0,Cartão Crédito,Cancelado,Site
3888,2023-02-25,269,Dra. Valentina Peixoto,F,18-25,Sul,Vibrador Duplo Prazer,Vibradores,497.97,1,30.0,Boleto,Entregue,Site
2111,2023-04-13,43,Sra. Ana Luiza Gomes,F,46+,Centro-Oeste,Creme Excitante Feminino,Cosméticos Íntimos,101.55,1,0.0,Pix,Entregue,Site
2222,2024-10-18,210,Dra. Maria Luiza Silveira,F,26-35,Nordeste,Kit Roleplay Surpresa,Jogos Adultos,81.53,1,5.0,Pix,Entregue,Site
4777,2024-02-10,1,Sr. Apollo Sousa,M,18-25,Sudeste,Creme Retardante Masculino,Cosméticos Íntimos,47.43,1,0.0,Cartão Crédito,Entregue,Site
4945,2024-09-10,403,Camila Marques,F,26-35,Sudeste,Kit Algemas Veludo,Acessórios BDSM,260.07,1,20.0,Pix,Entregue,Marketplace
4259,2023-12-16,121,Cauê Souza,M,26-35,Sul,Sabonete Íntimo pH Neutro,Cosméticos Íntimos,113.65,1,0.0,Cartão Crédito,Entregue,Site
2894,2023-03-17,282,Kevin Barros,M,36-45,Nordeste,Óleo de Massagem Relaxante,Lubrificantes,56.4,1,0.0,Pix,Entregue,Site
209,2024-12-27,2,Isabelly Câmara,F,36-45,Nordeste,Lubrificante Íntimo Aquoso 250ml,Lubrificantes,41.09,1,0.0,Cartão Débito,Entregue,Site
5414,2024-03-11,15,Julia Aparecida,F,26-35,Sudeste,Creme Excitante Feminino,Cosméticos Íntimos,56.44,1,20.0,Boleto,Entregue,Marketplace
813,2023-10-03,37,Zoe da Luz,F,46+,Centro-Oeste,Gel Excitante Masculino,Lubrificantes,52.15,1,30.0,Pix,Entregue,App
4716,2023-04-18,107,Gabrielly Rios,F,46+,Nordeste,Lubrificante Sabores Baunilha,Lubrificantes,62.33,2,20.0,Cartão Crédito,Cancelado,Site
249,2024-04-17,681,Dr. Asafe Alves,M,36-45,Sudeste,Gel Excitante Feminino,Lubrificantes,62.78,5,0.0,Pix,Entregue,App
545,2023-12-20,257,Sra. Melissa Vieira,F,46+,Sul,Body Rendado Vermelho,Lingerie,144.93,4,0.0,Boleto,Entregue,Site
1500,2023-07-07,488,Ryan Moura,M,36-45,Sudeste,Vibrador Ponto G Flex,Vibradores,435.11,2,0.0,Pix,Entregue,App
5456,2024-10-14,68,Benício Fernandes,M,36-45,Sudeste,Vibrador Clássico Silicone,Vibradores,222.84,1,5.0,Pix,Entregue,App
454,2024-01-02,557,Sra. Caroline Peixoto,F,36-45,Sul,Massageador Corporal Wave,Vibradores,270.47,2,15.0,Pix,Entregue,Site
2943,2023-02-05,97,Sra. Ana Laura Aragão,F,26-35,Sudeste,Vibrador Duplo Prazer,Vibradores,479.71,1,0.0,Cartão Crédito,Entregue,Marketplace
4395,2024-04-09,637,Maysa Andrade,F,26-35,Sul,Dominó Erótico,Jogos Adultos,111.57,1,0.0,Pix,Entregue,App
4362,2024-12-16,248,Mateus Fernandes,M,26-35,Nordeste,Meia-Calça Rendada,Lingerie,135.64,2,0.0,Pix,Entregue,Marketplace
3409,2024-02-10,77,Maria Luísa Correia,F,46+,Sudeste,Jogo de Cartas Sexo Quiz,Jogos Adultos,40.77,1,0.0,Pix,Devolvido,Marketplace
1224,2024-06-04,632,Luiz Gustavo Pimenta,M,26-35,Sul,Kit Algemas Veludo,Acessórios BDSM,292.53,4,15.0,Cartão Crédito,Entregue,Site
1774,2024-02-18,660,Isaac Vieira,M,18-25,Sudeste,Lubrificante Base Silicone,Lubrificantes,42.58,2,0.0,Cartão Crédito,Cancelado,Marketplace
4859,2023-11-01,578,Marcelo da Costa,M,36-45,Sudeste,Lubrificante Sabores Baunilha,Lubrificantes,50.01,1,0.0,Cartão Crédito,Entregue,Site
4937,2023-02-18,562,Larissa Sá,Não informado,36-45,Sudeste,Massageador Corporal Wave,Vibradores,117.68,1,0.0,Pix,Entregue,App
788,2023-05-15,141,Lívia Viana,F,36-45,Sudeste,Creme Retardante Masculino,Cosméticos Íntimos,46.05,1,25.0,Pix,Cancelado,App
5268,2023-03-21,173,Srta. Antonella da Paz,F,18-25,Sudeste,Lubrificante Íntimo Aquoso 100ml,Lubrificantes,83.42,1,0.0,Pix,Entregue,App
103,2024-08-25,104,Asafe Pinto,M,46+,Sudeste,Jogo Tabuleiro Casais,Jogos Adultos,99.16,4,0.0,Cartão Crédito,Entregue,Site
4387,2024-09-21,671,Marina Montenegro,F,46+,Centro-Oeste,Corda de Shibari 5m,Acessórios BDSM,235.0,2,30.0,Pix,Cancelado,Site
625,2023-05-10,257,Sra. Melissa Vieira,F,46+,Sul,Lubrificante Íntimo Aquoso 250ml,Lubrificantes,50.81,2,0.0,Cartão Crédito,Entregue,App
2485,2024-04-28,169,Giovanna Lopes,F,36-45,Sudeste,Wand Massager Pro,Vibradores,426.74,2,0.0,Pix,Entregue,Site
2705,2024-11-13,379,José Marques,M,26-35,Sudeste,Vibrador Duplo Prazer,Vibradores,468.34,1,0.0,Pix,Entregue,Site
5363,2024-11-05,212,Yasmin Alves,F,18-25,Sudeste,Mordaça Silicone,Acessórios BDSM,192.2,1,0.0,Cartão Crédito,Entregue,Site
108,2023-02-27,365,Kaique Alves,M,18-25,Sudeste,Venda para Olhos Satin,Acessórios BDSM,295.78,2,0.0,Pix,Entregue,Site
4756,2023-06-21,492,José Miguel da Rocha,M,26-35,Nordeste,Jogo Tabuleiro Casais,Jogos Adultos,106.21,1,0.0,Pix,Entregue,App
30,2024-01-13,14,Aylla Fogaça,F,36-45,Sudeste,Fantasia Enfermeira,Lingerie,163.44,1,0.0,Cartão Débito,Devolvido,App
5266,2024-06-11,195,Lucas Gabriel Dias,M,18-25,Centro-Oeste,Fantasia Enfermeira,Lingerie,142.42,1,10.0,Pix,Entregue,Site
4449,2023-07-28,112,Beatriz Barbosa,F,36-45,Nordeste,Vibrador Clássico Silicone,Vibradores,439.24,1,0.0,Boleto,Entregue,Site
1282,2024-05-14,319,Sra. Ana Carolina Marques,F,36-45,Sudeste,Conjunto Lingerie Boudoir,Lingerie,73.42,2,25.0,Pix,Entregue,App
1023,2024-05-20,591,Mariah Porto,F,36-45,Sudeste,Fantasia Policial,Lingerie,146.25,5,15.0,Cartão Crédito,Entregue,Marketplace
240,2024-06-20,55,Agatha Peixoto,F,46+,Nordeste,Lubrificante Íntimo Aquoso 250ml,Lubrificantes,79.23,4,0.0,Pix,Entregue,Site
2092,2024-09-03,684,Oliver Pinto,M,18-25,Centro-Oeste,Fantasia Policial,Lingerie,155.09,1,5.0,Cartão Crédito,Entregue,Marketplace
2560,2023-06-12,189,Emanuel Souza,M,36-45,Sudeste,Meia-Calça Rendada,Lingerie,141.53,1,0.0,Boleto,Entregue,App
1411,2023-10-24,64,Gabriela Silva,F,26-35,Sudeste,Vibrador Rabbit Premium,Vibradores,244.42,1,25.0,Boleto,Entregue,Marketplace
2293,2023-03-05,65,Maria Liz Rios,F,46+,Sul,Vibrador Duplo Prazer,Vibradores,360.6,3,5.0,Cartão Débito,Devolvido,Site
4608,2023-09-19,56,Rebeca Almeida,F,26-35,Sul,Kit Algemas Veludo,Acessórios BDSM,272.14,4,0.0,Pix,Entregue,App
5124,2023-02-11,181,Diogo Rezende,M,46+,Sudeste,Gel Excitante Masculino,Lubrificantes,30.66,2,0.0,Boleto,Entregue,App
1039,2024-02-03,19,Bernardo Aparecida,M,36-45,Sudeste,Lubrificante Sabores Baunilha,Lubrificantes,76.92,3,0.0,Boleto,Entregue,App
4841,2023-09-30,661,Amanda Fonseca,F,18-25,Sul,Gel Térmico Sensação Quente,Cosméticos Íntimos,69.38,1,0.0,Boleto,Entregue,Site
3438,2024-06-25,244,Ravi Lucca Lopes,M,26-35,Sul,Gel Excitante Feminino,Lubrificantes,78.46,2,15.0,Pix,Devolvido,Site
2084,2024-12-11,562,Larissa Sá,Não informado,36-45,Sudeste,Massageador Corporal Wave,Vibradores,476.36,1,0.0,Pix,Entregue,Site
5448,2023-04-03,259,Maria Luiza Sales,F,18-25,Norte,Vibrador Ponto G Flex,Vibradores,449.71,3,0.0,Boleto,Entregue,Site
4253,2024-05-24,114,Caroline Ferreira,F,36-45,Sudeste,Meia-Calça Rendada,Lingerie,184.86,1,20.0,Pix,Entregue,App
3956,2024-12-24,496,Sr. Theodoro Novais,M,26-35,Nordeste,Conjunto Lingerie Boudoir,Lingerie,133.96,1,0.0,Pix,Entregue,App
4117,2024-01-03,577,Benjamim Gonçalves,M,18-25,Sul,Kit Iniciante BDSM 5 Peças,Acessórios BDSM,171.48,1,0.0,Cartão Débito,Entregue,App
970,2023-04-21,176,Diogo Alves,M,46+,Sudeste,Dominó Erótico,Jogos Adultos,125.41,1,0.0,Boleto,Entregue,Site
5357,2023-02-14,52,Sra. Sofia Pereira,F,18-25,Sudeste,Creme Retardante Masculino,Cosméticos Íntimos,84.79,1,0.0,Pix,Entregue,Site
200,2024-10-09,389,Sr. Calebe Pires,M,18-25,Sudeste,Lubrificante Íntimo Aquoso 100ml,Lubrificantes,49.06,2,0.0,Cartão Crédito,Entregue,App
2118,2024-12-17,255,Samuel Novais,M,26-35,Sul,Vibrador Ponto G Flex,Vibradores,295.03,3,15.0,Pix,Entregue,Marketplace
3046,2023-02-21,320,Luara da Cunha,F,26-35,Nordeste,Gel Excitante Feminino,Lubrificantes,53.11,5,15.0,Cartão Crédito,Cancelado,Site
1673,2023-08-19,495,Maria Helena Nascimento,F,36-45,Sudeste,Vibrador Clássico Silicone,Vibradores,373.55,1,0.0,Cartão Crédito,Entregue,App
3827,2024-07-07,171,Melina Rocha,F,26-35,Nordeste,Body Rendado Vermelho,Lingerie,130.76,1,0.0,Pix,Entregue,Site
1898,2023-12-09,58,Ana Laura da Costa,F,26-35,Nordeste,Conjunto Lingerie Boudoir,Lingerie,71.47,4,0.0,Cartão Crédito,Entregue,Site
531,2024-10-29,424,Ayla Ribeiro,F,26-35,Sul,Mordaça Silicone,Acessórios BDSM,274.3,1,0.0,Pix,Entregue,Marketplace
5119,2023-10-31,367,Juan Fogaça,M,26-35,Sudeste,Perfume Íntimo Floral,Cosméticos Íntimos,129.86,1,0.0,Boleto,Entregue,Site
3528,2023-02-18,368,Marina Casa Grande,F,26-35,Sul,Creme Excitante Feminino,Cosméticos Íntimos,101.72,2,25.0,Pix,Devolvido,Site
777,2024-05-16,72,Ana Beatriz Farias,F,46+,Norte,Mini Vibrador Discreto,Vibradores,371.32,1,0.0,Pix,Entregue,App
1616,2024-02-25,293,Maria Luísa Machado,F,46+,Sudeste,Fantasia Enfermeira,Lingerie,99.54,1,0.0,Pix,Entregue,Site
419,2023-05-27,295,Isabel da Paz,F,36-45,Centro-Oeste,Body Rendado Vermelho,Lingerie,191.05,1,0.0,Pix,Entregue,Site
1159,2024-11-30,501,Oliver da Rocha,M,46+,Sudeste,Fantasia Enfermeira,Lingerie,170.43,3,0.0,Cartão Débito,Entregue,Marketplace
5290,2023-04-29,333,Daniela Monteiro,F,26-35,Norte,Body Rendado Vermelho,Lingerie,177.64,2,0.0,Pix,Entregue,Site
2210,2023-02-16,565,Evelyn Freitas,F,26-35,Sul,Jogo Tabuleiro Casais,Jogos Adultos,61.63,2,0.0,Pix,Entregue,Site
3622,2023-06-07,69,Heloísa Pastor,F,26-35,Sudeste,Wand Massager Pro,Vibradores,149.11,1,0.0,Boleto,Devolvido,Site
2056,2024-09-22,293,Maria Luísa Machado,F,46+,Sudeste,Body Coelhinha Plus Size,Lingerie,106.0,2,25.0,Cartão Crédito,Devolvido,Site
5411,2024-03-16,307,Pedro Sousa,M,36-45,Sul,Fantasia Enfermeira,Lingerie,113.96,4,0.0,Pix,Entregue,Site
3205,2023-01-14,299,Ísis Câmara,F,26-35,Sul,Lubrificante Íntimo Aquoso 100ml,Lubrificantes,47.47,1,15.0,Cartão Crédito,Entregue,App
4265,2024-09-19,286,Letícia Pastor,Não informado,36-45,Sul,Massageador Corporal Wave,Vibradores,174.37,3,0.0,Boleto,Entregue,Marketplace
4857,2023-05-10,44,Ravi Lucca Moura,M,26-35,Sudeste,Fantasia Enfermeira,Lingerie,124.05,4,0.0,Pix,Entregue,App
3430,2023-03-24,237,Mariane Ribeiro,F,18-25,Nordeste,Meia-Calça Rendada,Lingerie,118.88,5,0.0,Boleto,Entregue,Marketplace
1296,2023-03-12,62,Sra. Eloah da Luz,F,26-35,Sudeste,Lubrificante Sabores Morango,Lubrificantes,56.17,1,10.0,Pix,Cancelado,Site
5380,2023-12-09,76,Renan da Cruz,M,26-35,Nordeste,Dado do Prazer,Jogos Adultos,65.06,3,0.0,Cartão Crédito,Entregue,Marketplace
5123,2024-10-06,17,Bruno Novaes,M,26-35,Sudeste,Lubrificante Íntimo Aquoso 100ml,Lubrificantes,85.99,1,0.0,Pix,Entregue,Marketplace
5369,2023-12-21,381,Cauê da Costa,M,26-35,Sudeste,Perfume Íntimo Floral,Cosméticos Íntimos,68.4,2,0.0,Pix,Entregue,Marketplace
743,2023-11-22,357,Maitê Pinto,F,46+,Sul,Vibrador Clássico Silicone,Vibradores,497.16,1,10.0,Cartão Crédito,Entregue,Site
4249,2023-05-23,236,Ana Cecília Ferreira,F,36-45,Sul,Venda para Olhos Satin,Acessórios BDSM,249.43,1,0.0,Pix,Entregue,Site
3894,2024-07-23,153,João Andrade,M,26-35,Sul,Chicote de Couro Soft,Acessórios BDSM,294.47,2,0.0,Pix,Devolvido,Site
890,2024-02-04,77,Maria Luísa Correia,F,46+,Sudeste,Lubrificante Sabores Baunilha,Lubrificantes,32.59,1,0.0,Cartão Crédito,Cancelado,Site
294,2023-02-25,123,Giovanna Silva,F,36-45,Sudeste,Mini Vibrador Discreto,Vibradores,276.45,1,0.0,Cartão Crédito,Entregue,Marketplace
372,2023-09-30,6,Helena da Conceição,F,26-35,Sul,Lubrificante Base Silicone,Lubrificantes,55.78,1,0.0,Boleto,Entregue,Site
3195,2024-09-29,121,Cauê Souza,M,26-35,Sul,Gel Excitante Feminino,Lubrificantes,59.04,2,0.0,Pix,Entregue,App
5084,2024-02-04,76,Renan da Cruz,M,26-35,Nordeste,Camisola Sensual Preta,Lingerie,128.98,1,20.0,Cartão Crédito,Entregue,App
3728,2023-10-09,27,Elisa Martins,F,26-35,Sul,Spray Prolongador,Cosméticos Íntimos,51.78,2,0.0,Pix,Entregue,Site
3045,2023-06-05,349,Augusto Dias,M,26-35,Sudeste,Dominó Erótico,Jogos Adultos,48.01,1,15.0,Cartão Crédito,Entregue,Site
965,2024-02-22,94,Ryan Cassiano,M,36-45,Sudeste,Gel Excitante Masculino,Lubrificantes,82.99,1,0.0,Cartão Crédito,Entregue,Marketplace
1331,2023-07-18,219,José Barros,M,26-35,Sudeste,Venda para Olhos Satin,Acessórios BDSM,175.73,1,20.0,Pix,Entregue,App
158,2023-07-24,371,Anna Liz Pimenta,F,26-35,Sul,Gel Excitante Masculino,Lubrificantes,42.31,1,0.0,Cartão Crédito,Entregue,Site
66,2024-02-21,211,Ravi Lucca Cardoso,Não informado,26-35,Sudeste,Corda de Shibari 5m,Acessórios BDSM,143.38,1,5.0,Pix,Entregue,Site
3363,2023-02-21,311,Sra. Ana Cecília Teixeira,F,36-45,Sudeste,Mini Vibrador Discreto,Vibradores,112.28,1,5.0,Pix,Entregue,Site
246,2024-12-16,599,Sr. Vinicius Fonseca,M,18-25,Sul,Óleo de Massagem Relaxante,Lubrificantes,58.13,4,0.0,Boleto,Entregue,Site
3470,2023-12-29,52,Sra. Sofia Pereira,F,18-25,Sudeste,Óleo de Massagem Relaxante,Lubrificantes,72.77,3,0.0,Pix,Entregue,Marketplace
368,2024-12-03,555,Sofia Vargas,F,18-25,Sul,Gel Térmico Sensação Quente,Cosméticos Íntimos,89.91,2,0.0,Cartão Crédito,Entregue,App
2419,2023-06-13,9,Pietro Pastor,M,26-35,Sudeste,Venda para Olhos Satin,Acessórios BDSM,166.24,3,10.0,Cartão Crédito,Entregue,Site
3607,2024-05-26,439,Sophie Pastor,F,18-25,Sudeste,Vibrador Ponto G Flex,Vibradores,497.36,3,0.0,Cartão Crédito,Entregue,Marketplace
1449,2024-04-30,634,Ana Vitória Rios,F,26-35,Nordeste,Jogo de Cartas Sexo Quiz,Jogos Adultos,89.7,1,5.0,Pix,Devolvido,App
3312,2023-04-12,284,Henry Gabriel Vasconcelos,M,36-45,Sudeste,Kit Algemas Veludo,Acessórios BDSM,106.82,1,10.0,Cartão Crédito,Entregue,App
1096,2024-01-10,54,Ágatha Vasconcelos,F,18-25,Sul,Mini Vibrador Discreto,Vibradores,243.78,1,30.0,Cartão Crédito,Entregue,Site
2088,2024-10-15,284,Henry Gabriel Vasconcelos,M,36-45,Sudeste,Vibrador Clássico Silicone,Vibradores,280.56,1,20.0,Cartão Crédito,Entregue,App
2139,2024-05-10,58,Ana Laura da Costa,F,26-35,Nordeste,Jogo Tabuleiro Casais,Jogos Adultos,58.17,2,0.0,Boleto,Entregue,App
3247,2024-02-28,188,Dra. Mariane Novaes,F,26-35,Sudeste,Kit Iniciante BDSM 5 Peças,Acessórios BDSM,204.05,1,30.0,Cartão Crédito,Entregue,Marketplace
3632,2023-02-13,46,Dra. Bruna Rodrigues,F,18-25,Nordeste,Fantasia Enfermeira,Lingerie,101.8,1,0.0,Pix,Entregue,Site
3725,2024-04-04,128,Lívia Vargas,F,26-35,Sudeste,Óleo de Massagem Relaxante,Lubrificantes,30.01,1,0.0,Pix,Entregue,Site
554,2023-08-31,222,Ana Lívia Vasconcelos,F,36-45,Sul,Colar e Guia BDSM,Acessórios BDSM,294.01,2,0.0,Pix,Entregue,App
1700,2023-04-07,215,Benicio da Luz,M,18-25,Nordeste,Mini Vibrador Discreto,Vibradores,270.32,1,0.0,Pix,Entregue,Site
4318,2024-12-01,12,Eduardo Cunha,Não informado,26-35,Sul,Conjunto Lingerie Boudoir,Lingerie,176.45,2,5.0,Pix,Entregue,App
5308,2023-08-20,135,Ana Cecília Fogaça,F,46+,Nordeste,Lubrificante Sabores Morango,Lubrificantes,50.11,1,0.0,Cartão Crédito,Entregue,App
3018,2023-12-28,142,Josué da Mata,M,26-35,Sudeste,Jogo de Cartas Sexo Quiz,Jogos Adultos,92.96,1,0.0,Pix,Entregue,Site
1457,2023-10-29,308,José Alves,M,36-45,Centro-Oeste,Vibrador Ponto G Flex,Vibradores,215.89,3,0.0,Pix,Entregue,Site
1201,2023-04-10,367,Juan Fogaça,M,26-35,Sudeste,Lubrificante Base Silicone,Lubrificantes,46.43,1,0.0,Pix,Entregue,Site
3654,2024-04-13,52,Sra. Sofia Pereira,F,18-25,Sudeste,Conjunto Lingerie Boudoir,Lingerie,107.89,1,0.0,Pix,Entregue,Site
3614,2023-02-06,407,Lunna Pimenta,F,18-25,Sul,Kit Roleplay Surpresa,Jogos Adultos,112.15,3,0.0,Pix,Entregue,Site
4607,2023-02-20,465,Luana Fogaça,F,26-35,Nordeste,Gel Excitante Masculino,Lubrificantes,43.33,1,0.0,Pix,Entregue,App
152,2023-02-06,76,Renan da Cruz,M,26-35,Nordeste,Camisola Sensual Preta,Lingerie,72.06,1,0.0,Cartão Crédito,Entregue,Site
1056,2023-10-15,119,Letícia Ribeiro,Não informado,18-25,Norte,Lubrificante Íntimo Aquoso 250ml,Lubrificantes,88.41,1,0.0,Cartão Crédito,Entregue,Site
4251,2023-12-07,130,Sra. Mariane Novais,F,46+,Nordeste,Body Coelhinha Plus Size,Lingerie,100.52,2,0.0,Pix,Cancelado,Site
1570,2024-12-24,164,Dr. Luan Guerra,M,26-35,Sudeste,Lubrificante Sabores Baunilha,Lubrificantes,58.45,2,0.0,Pix,Cancelado,Site
1521,2023-08-29,18,Maria Cecília Oliveira,F,26-35,Centro-Oeste,Óleo de Massagem Relaxante,Lubrificantes,74.43,2,0.0,Cartão Crédito,Entregue,App
448,2024-08-24,363,Srta. Maya Brito,F,36-45,Sudeste,Mini Vibrador Discreto,Vibradores,382.35,2,25.0,Pix,Entregue,Site
4903,2024-11-27,37,Zoe da Luz,F,46+,Centro-Oeste,Chicote de Couro Soft,Acessórios BDSM,265.72,1,10.0,Cartão Crédito,Entregue,
2752,2024-12-10,297,Srta. Julia Viana,F,26-35,Sul,Conjunto Lingerie Boudoir,Lingerie,168.39,3,0.0,Pix,Entregue,App
1021,2023-02-15,315,Caleb Melo,M,36-45,Sudeste,Creme Excitante Feminino,Cosméticos Íntimos,83.01,1,10.0,Pix,Entregue,Marketplace
4196,2024-06-05,58,Ana Laura da Costa,F,26-35,Nordeste,Conjunto Lingerie Boudoir,Lingerie,169.74,4,0.0,Boleto,Entregue,Site
5293,2024-09-21,12,Eduardo Cunha,Não informado,26-35,Sul,Massageador Corporal Wave,Vibradores,489.34,3,0.0,Cartão Débito,Entregue,Site
5197,2023-12-25,349,Augusto Dias,M,26-35,Sudeste,Dominó Erótico,Jogos Adultos,123.6,1,0.0,Cartão Débito,Entregue,Site
3548,2023-12-10,180,Dr. Thales Guerra,M,36-45,Sudeste,Lubrificante Base Silicone,Lubrificantes,50.47,1,0.0,Pix,Entregue,App
1599,2023-05-21,25,Brayan Pereira,M,26-35,Sul,Vibrador Duplo Prazer,Vibradores,133.32,1,0.0,Pix,Entregue,Site
1098,2024-10-21,58,Ana Laura da Costa,F,26-35,Nordeste,Gel Térmico Sensação Quente,Cosméticos Íntimos,136.15,1,0.0,Cartão Crédito,Entregue,App
4386,2024-10-22,220,Antony Souza,M,18-25,Sudeste,Jogo Tabuleiro Casais,Jogos Adultos,55.2,2,0.0,Boleto,Entregue,Site
2690,2023-06-07,142,Josué da Mata,M,26-35,Sudeste,Vibrador Duplo Prazer,Vibradores,346.1,1,0.0,Boleto,Entregue,Marketplace
3558,2023-12-10,182,Srta. Bianca Vasconcelos,F,26-35,Nordeste,Body Rendado Vermelho,Lingerie,137.81,1,0.0,Pix,Entregue,Site
2411,2024-09-22,307,Pedro Sousa,M,36-45,Sul,Vibrador Ponto G Flex,Vibradores,417.26,2,0.0,Pix,Entregue,Site
5019,2024-04-29,221,Ana Júlia Ferreira,F,26-35,Norte,Conjunto Lingerie Boudoir,Lingerie,74.47,4,0.0,Cartão Crédito,Entregue,Site
2830,2024-05-22,9,Pietro Pastor,M,26-35,Sudeste,Conjunto Lingerie Boudoir,Lingerie,110.32,3,0.0,Pix,Entregue,Site
4627,2024-07-28,111,Anthony Marques,M,26-35,Nordeste,Lubrificante Íntimo Aquoso 100ml,Lubrificantes,71.16,2,0.0,Pix,Entregue,Site
556,2023-06-02,142,Josué da Mata,M,26-35,Sudeste,Vibrador Clássico Silicone,Vibradores,202.18,1,0.0,Pix,Entregue,Marketplace
2506,2023-05-14,33,Luara Cunha,Não informado,26-35,Norte,Body Rendado Vermelho,Lingerie,155.04,1,0.0,Pix,Entregue,Site
411,2024-07-07,106,Vicente Dias,M,26-35,Sul,Mini Vibrador Discreto,Vibradores,217.92,1,0.0,Pix,Cancelado,App
1316,2023-11-12,275,Sr. Samuel Caldeira,M,36-45,Norte,Vibrador Clássico Silicone,Vibradores,392.16,1,0.0,Boleto,Entregue,App
3625,2023-12-07,80,Nina Siqueira,F,26-35,Sul,Meia-Calça Rendada,Lingerie,139.3,2,0.0,Pix,Entregue,Site
4815,2024-02-28,378,Letícia Porto,F,26-35,Sudeste,Perfume Íntimo Floral,Cosméticos Íntimos,35.14,1,0.0,Pix,Devolvido,App
1906,2023-02-28,63,Otávio Cunha,M,26-35,Sudeste,Body Coelhinha Plus Size,Lingerie,198.27,1,0.0,Cartão Crédito,Entregue,App
472,2023-03-13,699,Maria Isis Pimenta,F,36-45,Sudeste,Lubrificante Íntimo Aquoso 100ml,Lubrificantes,40.21,3,0.0,Pix,Entregue,App
2214,2023-02-07,679,Enzo Gabriel Pastor,M,18-25,Nordeste,Vibrador Clássico Silicone,Vibradores,271.26,2,5.0,Cartão Débito,Entregue,Site
4328,2023-03-31,737,Rhavi Cavalcante,M,36-45,Sudeste,Gel Excitante Feminino,Lubrificantes,31.31,1,0.0,Cartão Crédito,Entregue,App
4335,2024-12-29,132,Srta. Ísis Andrade,F,18-25,Sudeste,Conjunto Lingerie Boudoir,Lingerie,140.52,1,0.0,Pix,Entregue,Marketplace
3862,2023-11-21,253,Stella Correia,F,26-35,Sudeste,Gel Excitante Masculino,Lubrificantes,46.13,1,0.0,Cartão Crédito,Entregue,Site
3201,2024-04-02,218,Lara Sá,F,46+,Sul,Creme Retardante Masculino,Cosméticos Íntimos,146.42,1,30.0,Pix,Entregue,Marketplace
882,2024-11-30,295,Isabel da Paz,F,36-45,Centro-Oeste,Conjunto Lingerie Boudoir,Lingerie,129.57,2,15.0,Cartão Débito,Cancelado,App
3065,2024-03-21,278,Ana Júlia da Cunha,F,26-35,Sul,Mini Vibrador Discreto,Vibradores,422.54,2,20.0,Pix,Entregue,App
426,2023-09-21,215,Benicio da Luz,M,18-25,Nordeste,Perfume Íntimo Floral,Cosméticos Íntimos,54.24,1,0.0,Pix,Entregue,Site
4889,2023-06-22,8,Yago Leão,M,26-35,Sudeste,Wand Massager Pro,Vibradores,119.53,1,0.0,Cartão Crédito,Entregue,Site
2043,2023-11-07,201,Gabrielly Leão,F,36-45,Sul,Camisola Sensual Preta,Lingerie,143.57,1,0.0,Cartão Crédito,Cancelado,Site
933,2023-10-12,744,Olivia Sousa,F,18-25,Sudeste,Óleo de Massagem Relaxante,Lubrificantes,55.87,4,0.0,Cartão Débito,Entregue,Marketplace
1345,2023-10-05,353,Beatriz Macedo,F,26-35,Nordeste,Perfume Íntimo Floral,Cosméticos Íntimos,124.25,1,20.0,Pix,Entregue,Site
4586,2023-07-17,687,Rafaela da Cruz,F,46+,Sul,Lubrificante Íntimo Aquoso 250ml,Lubrificantes,43.08,1,0.0,Cartão Crédito,Entregue,App
3524,2024-08-02,30,Ana Laura da Conceição,F,18-25,Sudeste,Wand Massager Pro,Vibradores,430.35,1,0.0,Pix,Entregue,Site
252,2023-03-04,134,Ana Cecília das Neves,F,26-35,Sudeste,Kit Iniciante BDSM 5 Peças,Acessórios BDSM,275.71,2,0.0,Pix,Entregue,App
3863,2024-06-19,129,Julia Castro,F,26-35,Sudeste,Lingerie Cropped com Bojo,Lingerie,82.66,3,0.0,Pix,Entregue,Marketplace
1320,2023-05-25,18,Maria Cecília Oliveira,F,26-35,Centro-Oeste,Lubrificante Base Silicone,Lubrificantes,34.56,1,0.0,Pix,Entregue,Site
735,2024-10-20,122,Daniela da Mata,F,26-35,Sul,Vibrador Duplo Prazer,Vibradores,489.99,1,0.0,Boleto,Entregue,Site
1974,2024-05-06,198,Srta. Hadassa Azevedo,F,26-35,Nordeste,Gel Excitante Masculino,Lubrificantes,79.86,1,0.0,Cartão Crédito,Entregue,Site
5067,2023-10-19,175,Leonardo Câmara,M,36-45,Sul,Meia-Calça Rendada,Lingerie,116.27,4,0.0,Pix,Entregue,App
228,2023-08-01,137,Luiz Gustavo Vasconcelos,M,26-35,Nordeste,Vibrador Duplo Prazer,Vibradores,233.0,1,0.0,Cartão Crédito,Entregue,Site
1659,2024-02-14,139,Srta. Isabela Castro,F,18-25,Sudeste,Óleo de Massagem Relaxante,Lubrificantes,56.96,1,20.0,Pix,Entregue,Site
4199,2023-02-16,160,Sr. Luiz Otávio Lopes,M,36-45,Nordeste,Vibrador Duplo Prazer,Vibradores,425.3,2,0.0,Pix,Entregue,App
4718,2023-12-07,784,Evelyn Camargo,F,26-35,Sudeste,Fantasia Policial,Lingerie,89.62,2,25.0,Cartão Crédito,Devolvido,Site
4312,2024-04-05,626,Fernando Nogueira,M,36-45,Sudeste,Perfume Íntimo Floral,Cosméticos Íntimos,139.39,1,0.0,Pix,Entregue,Marketplace
3110,2023-09-16,254,Isabella Silveira,F,36-45,Sul,Kit Roleplay Surpresa,Jogos Adultos,43.22,1,15.0,Pix,Entregue,Marketplace
4316,2023-08-04,55,Agatha Peixoto,F,46+,Nordeste,Lubrificante Íntimo Aquoso 100ml,Lubrificantes,68.19,1,0.0,Cartão Crédito,Entregue,
4508,2023-12-01,7,Apollo Novais,M,18-25,Nordeste,Mini Vibrador Discreto,Vibradores,385.81,1,0.0,Pix,Entregue,App
3327,2023-08-22,413,Zoe Carvalho,F,26-35,Sudeste,Jogo Tabuleiro Casais,Jogos Adultos,123.03,1,0.0,Boleto,Entregue,Marketplace
2723,2024-04-02,389,Sr. Calebe Pires,M,18-25,Sudeste,Wand Massager Pro,Vibradores,125.18,1,20.0,Cartão Crédito,Entregue,Site
1047,2023-03-23,74,Raquel Cunha,F,46+,Sul,Óleo de Massagem Relaxante,Lubrificantes,31.14,1,15.0,Pix,Entregue,Site
3679,2023-09-03,411,Ana Carolina da Rosa,F,36-45,Sul,Wand Massager Pro,Vibradores,255.96,2,0.0,Cartão Crédito,Entregue,App
5393,2024-11-26,495,Maria Helena Nascimento,F,36-45,Sudeste,Vibrador Ponto G Flex,Vibradores,185.46,1,30.0,Cartão Débito,Entregue,Marketplace
2821,2024-12-01,594,Allana Pires,F,46+,Nordeste,Massageador Corporal Wave,Vibradores,102.21,3,0.0,Cartão Crédito,Entregue,Site
3465,2023-03-28,55,Agatha Peixoto,F,46+,Nordeste,Kit Cuidados Íntimos,Cosméticos Íntimos,52.2,3,0.0,Pix,Entregue,Marketplace
5361,2023-04-12,248,Mateus Fernandes,M,26-35,Nordeste,Lubrificante Íntimo Aquoso 100ml,Lubrificantes,53.47,1,0.0,Cartão Crédito,Devolvido,Site
293,2023-11-30,436,Ana Júlia Cardoso,F,36-45,Sudeste,Vibrador Rabbit Premium,Vibradores,130.11,2,20.0,Boleto,Entregue,App
1943,2024-06-22,394,Emanuella Costa,F,36-45,Nordeste,Sabonete Íntimo pH Neutro,Cosméticos Íntimos,85.74,1,0.0,Cartão Débito,Entregue,Site
4823,2024-08-24,130,Sra. Mariane Novais,F,46+,Nordeste,Meia-Calça Rendada,Lingerie,173.78,2,0.0,Pix,Entregue,Marketplace
2642,2023-02-10,31,Luara Guerra,F,36-45,Nordeste,Lubrificante Íntimo Aquoso 100ml,Lubrificantes,48.56,1,10.0,Cartão Crédito,Entregue,App
321,2024-05-17,215,Benicio da Luz,M,18-25,Nordeste,Corda de Shibari 5m,Acessórios BDSM,196.2,1,10.0,Pix,Entregue,Site
5458,2024-01-30,136,Isadora Rios,F,18-25,Sul,Fantasia Enfermeira,Lingerie,129.44,1,0.0,Cartão Débito,Entregue,App
4341,2024-03-18,160,Sr. Luiz Otávio Lopes,M,36-45,Nordeste,Corda de Shibari 5m,Acessórios BDSM,165.0,1,0.0,Pix,Entregue,Site
3568,2024-12-28,291,Eduarda da Costa,F,36-45,Sudeste,Vibrador Ponto G Flex,Vibradores,284.58,1,0.0,Cartão Crédito,Entregue,Site
5371,2023-05-12,133,Clara Lopes,F,26-35,Sul,Body Coelhinha Plus Size,Lingerie,136.08,1,0.0,Cartão Débito,Entregue,Marketplace
5095,2023-07-13,13,Cauã Borges,M,36-45,Nordeste,Kit Cuidados Íntimos,Cosméticos Íntimos,35.75,2,10.0,Cartão Crédito,Entregue,Site
2518,2023-12-24,176,Diogo Alves,M,46+,Sudeste,Body Coelhinha Plus Size,Lingerie,98.41,1,0.0,Pix,Entregue,App
4404,2024-04-05,122,Daniela da Mata,F,26-35,Sul,Spray Prolongador,Cosméticos Íntimos,61.12,1,30.0,Cartão Crédito,Devolvido,Site
4895,2023-08-05,134,Ana Cecília das Neves,F,26-35,Sudeste,Mini Vibrador Discreto,Vibradores,285.3,1,10.0,Cartão Crédito,Entregue,Marketplace
2202,2023-10-24,33,Luara Cunha,Não informado,26-35,Norte,Massageador Corporal Wave,Vibradores,122.08,1,25.0,Pix,Cancelado,Marketplace
3117,2024-12-14,349,Augusto Dias,M,26-35,Sudeste,Vibrador Clássico Silicone,Vibradores,151.93,1,0.0,Cartão Crédito,Entregue,App
1863,2024-02-27,55,Agatha Peixoto,F,46+,Nordeste,Massageador Corporal Wave,Vibradores,457.06,3,0.0,Pix,Entregue,App
1955,2023-07-01,794,Alana da Luz,F,36-45,Sudeste,Colar e Guia BDSM,Acessórios BDSM,235.5,1,0.0,Cartão Crédito,Entregue,Site
4146,2024-01-06,279,Danilo Azevedo,M,26-35,Sul,Lubrificante Sabores Morango,Lubrificantes,61.08,1,0.0,Cartão Débito,Entregue,Site
1790,2023-08-03,198,Srta. Hadassa Azevedo,F,26-35,Nordeste,Vibrador Rabbit Premium,Vibradores,353.01,1,0.0,Cartão Débito,Entregue,Site
2229,2024-02-27,98,Rhavi Montenegro,M,36-45,Sudeste,Spray Prolongador,Cosméticos Íntimos,118.23,1,0.0,Cartão Débito,Entregue,App
2528,2024-06-30,665,Pietra Moura,F,36-45,Nordeste,Kit Roleplay Surpresa,Jogos Adultos,50.25,1,0.0,Cartão Crédito,Entregue,App
3775,2024-04-01,285,Maria Helena Machado,F,36-45,Centro-Oeste,Óleo de Massagem Relaxante,Lubrificantes,50.68,1,0.0,Pix,Entregue,App
684,2023-02-06,293,Maria Luísa Machado,F,46+,Sudeste,Vibrador Ponto G Flex,Vibradores,335.14,2,0.0,Cartão Crédito,Cancelado,Site
506,2023-07-16,50,João Montenegro,M,26-35,Sudeste,Jogo Tabuleiro Casais,Jogos Adultos,79.57,3,0.0,Cartão Crédito,Entregue,Site
5257,2023-10-06,20,Sr. João Vitor Barros,M,18-25,Sudeste,Lubrificante Sabores Baunilha,Lubrificantes,30.12,3,20.0,Cartão Crédito,Entregue,Marketplace
908,2024-12-11,115,Isabelly Freitas,F,18-25,Sudeste,Camisola Sensual Preta,Lingerie,98.16,2,0.0,Pix,Entregue,App
590,2023-12-10,46,Dra. Bruna Rodrigues,F,18-25,Nordeste,Lubrificante Íntimo Aquoso 250ml,Lubrificantes,33.82,2,15.0,Pix,Entregue,Marketplace
2619,2024-11-16,460,Aylla Souza,Não informado,26-35,Sudeste,Lubrificante Sabores Morango,Lubrificantes,42.28,1,5.0,Pix,Entregue,Site
3321,2023-02-16,215,Benicio da Luz,M,18-25,Nordeste,Mini Vibrador Discreto,Vibradores,368.19,1,5.0,Boleto,Entregue,App
3106,2023-04-14,156,Bruna Gomes,F,26-35,Nordeste,Lubrificante Sabores Baunilha,Lubrificantes,53.0,1,0.0,,Cancelado,Site
107,2024-12-28,145,Natália Ferreira,F,46+,Sul,Fantasia Enfermeira,Lingerie,182.75,1,0.0,Pix,Entregue,Site
4680,2024-09-10,266,Sr. Levi Campos,M,26-35,Centro-Oeste,Óleo de Massagem Relaxante,Lubrificantes,55.67,1,0.0,Boleto,Entregue,Site
738,2024-10-29,428,Giovanna Pastor,F,36-45,Sudeste,Óleo de Massagem Relaxante,Lubrificantes,60.77,3,5.0,Cartão Débito,Entregue,Site
4521,2023-02-04,486,Théo Camargo,Não informado,26-35,Sudeste,Chicote de Couro Soft,Acessórios BDSM,149.16,4,0.0,Boleto,Entregue,App
5368,2023-02-13,128,Lívia Vargas,F,26-35,Sudeste,Meia-Calça Rendada,Lingerie,193.54,1,0.0,Pix,Entregue,Site
1841,2024-07-19,128,Lívia Vargas,F,26-35,Sudeste,Lubrificante Íntimo Aquoso 100ml,Lubrificantes,60.62,1,25.0,Cartão Crédito,Entregue,Marketplace
1221,2024-09-17,649,Pietro Cunha,M,26-35,Norte,Vibrador Duplo Prazer,Vibradores,427.14,1,30.0,Pix,Entregue,Site
2689,2023-11-15,185,Isadora Campos,F,36-45,Nordeste,Wand Massager Pro,Vibradores,377.63,1,15.0,Pix,Entregue,App
5337,2024-07-26,113,Hadassa Montenegro,F,36-45,Sul,Conjunto Lingerie Boudoir,Lingerie,122.26,3,0.0,Cartão Débito,Entregue,Site
1653,2024-12-17,85,Emilly da Mota,F,26-35,Norte,Lubrificante Sabores Morango,Lubrificantes,76.63,1,0.0,Pix,Entregue,App
1034,2023-06-11,36,Josué Souza,M,18-25,Sul,Conjunto Lingerie Boudoir,Lingerie,129.4,1,0.0,Pix,Entregue,Site
2388,2024-10-08,246,João Lucas Machado,M,26-35,Sudeste,Perfume Íntimo Floral,Cosméticos Íntimos,57.17,1,25.0,Pix,Entregue,Marketplace
2219,2024-06-02,502,Nathan Almeida,M,36-45,Sudeste,Body Coelhinha Plus Size,Lingerie,170.89,3,25.0,Pix,Entregue,App
2754,2023-04-30,117,Kevin Pimenta,M,26-35,Norte,Body Coelhinha Plus Size,Lingerie,120.67,2,5.0,Pix,Cancelado,Site
417,2023-05-11,96,Vitor Hugo Araújo,M,36-45,Sudeste,Lubrificante Íntimo Aquoso 250ml,Lubrificantes,71.57,1,0.0,,Entregue,Marketplace
979,2023-08-17,186,Davi Luiz Martins,M,18-25,Norte,Meia-Calça Rendada,Lingerie,91.92,1,5.0,Pix,Entregue,App
1771,2024-03-01,168,Agatha da Rosa,F,26-35,Sul,Lubrificante Sabores Baunilha,Lubrificantes,89.3,1,5.0,Pix,Entregue,Site
479,2023-09-16,697,Rael da Cruz,M,26-35,Nordeste,Vibrador Clássico Silicone,Vibradores,119.91,2,20.0,Pix,Entregue,Site
731,2024-11-02,50,João Montenegro,M,26-35,Sudeste,Chicote de Couro Soft,Acessórios BDSM,265.4,1,0.0,Cartão Crédito,Entregue,Site
180,2023-05-30,42,Eduarda Vieira,F,18-25,Sudeste,Kit Algemas Veludo,Acessórios BDSM,185.7,1,15.0,Boleto,Entregue,Site
808,2024-09-07,593,Sara Peixoto,F,18-25,Nordeste,Fantasia Policial,Lingerie,130.92,1,15.0,Pix,Entregue,Site
4333,2023-10-11,158,Maya Abreu,F,26-35,Sudeste,Dado do Prazer,Jogos Adultos,93.77,2,0.0,Cartão Crédito,Entregue,App
600,2023-10-25,12,Eduardo Cunha,Não informado,26-35,Sul,Conjunto Lingerie Boudoir,Lingerie,91.13,3,0.0,Pix,Entregue,App
1648,2024-03-07,440,Rael Montenegro,M,18-25,Nordeste,Kit Roleplay Surpresa,Jogos Adultos,65.15,1,20.0,Cartão Crédito,Entregue,Site
5224,2024-11-03,121,Cauê Souza,M,26-35,Sul,Wand Massager Pro,Vibradores,335.58,1,0.0,Cartão Débito,Entregue,Site
1584,2024-07-17,187,Dr. Pedro Miguel Pimenta,M,26-35,Sudeste,Body Coelhinha Plus Size,Lingerie,163.24,1,0.0,Pix,Entregue,Site
2916,2024-06-30,288,Ana Liz Pimenta,F,36-45,Centro-Oeste,Gel Excitante Feminino,Lubrificantes,31.18,1,0.0,Pix,Entregue,App
2643,2024-04-26,391,Ana Beatriz Pacheco,F,18-25,Sudeste,Sabonete Íntimo pH Neutro,Cosméticos Íntimos,135.7,3,0.0,Pix,Entregue,App
498,2024-04-19,23,Elisa Freitas,F,18-25,Sudeste,Óleo de Massagem Relaxante,Lubrificantes,34.22,1,0.0,Pix,Entregue,Site
706,2024-01-06,763,João Gabriel Novais,M,26-35,Nordeste,Lubrificante Íntimo Aquoso 250ml,Lubrificantes,71.48,1,20.0,Pix,Entregue,App
2514,2023-12-15,194,João Pedro da Costa,M,26-35,Nordeste,Lingerie Cropped com Bojo,Lingerie,165.51,1,15.0,Cartão Crédito,Entregue,Marketplace
3865,2024-09-21,32,Ana Luiza Cunha,F,18-25,Sudeste,Conjunto Lingerie Boudoir,Lingerie,63.34,3,0.0,Pix,Cancelado,Site
3552,2023-08-16,41,Benicio Camargo,M,26-35,Nordeste,Massageador Corporal Wave,Vibradores,289.84,1,0.0,Cartão Crédito,Entregue,Site
1546,2024-06-24,180,Dr. Thales Guerra,M,36-45,Sudeste,Venda para Olhos Satin,Acessórios BDSM,174.07,1,25.0,Pix,Devolvido,Site
473,2023-07-31,13,Cauã Borges,M,36-45,Nordeste,Vibrador Ponto G Flex,Vibradores,425.24,2,0.0,Cartão Crédito,Entregue,Site
3166,2024-12-01,184,Dra. Nicole Aragão,F,36-45,Sul,Lubrificante Sabores Baunilha,Lubrificantes,64.5,2,0.0,Cartão Crédito,Entregue,App
3170,2024-06-14,144,Ravy Câmara,M,18-25,Sudeste,Óleo de Massagem Relaxante,Lubrificantes,46.02,1,0.0,Pix,Entregue,App
2174,2024-12-09,478,Mirella Fernandes,F,36-45,Sul,Chicote de Couro Soft,Acessórios BDSM,173.94,1,20.0,Cartão Crédito,Entregue,App
5324,2024-09-05,796,Luísa da Rosa,F,36-45,Sudeste,Meia-Calça Rendada,Lingerie,154.58,1,0.0,Pix,Entregue,Site
474,2024-12-02,531,Luigi Silva,M,36-45,Sudeste,Vibrador Rabbit Premium,Vibradores,272.65,3,0.0,Pix,Entregue,App
839,2024-08-07,234,Dra. Isabelly Caldeira,F,36-45,Centro-Oeste,Vibrador Rabbit Premium,Vibradores,420.13,1,0.0,Cartão Crédito,Entregue,Site
1644,2023-03-09,261,Léo Melo,M,26-35,Nordeste,Lubrificante Base Silicone,Lubrificantes,65.94,1,0.0,Boleto,Entregue,Site
1832,2024-08-29,247,Nicole Nunes,F,26-35,Nordeste,Corda de Shibari 5m,Acessórios BDSM,282.27,1,0.0,Cartão Débito,Entregue,Site
1182,2024-04-25,115,Isabelly Freitas,F,18-25,Sudeste,Gel Excitante Feminino,Lubrificantes,41.8,2,25.0,Cartão Crédito,Devolvido,Marketplace
4478,2023-02-13,122,Daniela da Mata,F,26-35,Sul,Lubrificante Íntimo Aquoso 250ml,Lubrificantes,71.96,1,0.0,Boleto,Entregue,App
3414,2024-08-13,123,Giovanna Silva,F,36-45,Sudeste,Gel Térmico Sensação Quente,Cosméticos Íntimos,62.99,3,0.0,Pix,Entregue,Site
273,2024-09-11,494,Pedro Cavalcanti,M,26-35,Sudeste,Camisola Sensual Preta,Lingerie,185.34,2,0.0,Cartão Crédito,Cancelado,App
5355,2024-09-14,206,Dra. Ísis Pereira,F,36-45,Sudeste,Conjunto Lingerie Boudoir,Lingerie,110.86,1,20.0,Cartão Crédito,Entregue,Site
337,2024-11-21,477,Dra. Helena Garcia,F,18-25,Nordeste,Vibrador Ponto G Flex,Vibradores,304.19,2,0.0,Pix,Entregue,Marketplace
3791,2024-04-22,67,Bárbara da Cruz,Não informado,36-45,Norte,Meia-Calça Rendada,Lingerie,142.53,1,0.0,Pix,Entregue,Site
2466,2023-12-23,63,Otávio Cunha,M,26-35,Sudeste,Massageador Corporal Wave,Vibradores,147.98,5,0.0,Pix,Entregue,Site
5239,2023-11-27,11,Otávio Fernandes,M,36-45,Sul,Conjunto Lingerie Boudoir,Lingerie,83.08,1,5.0,Boleto,Entregue,Site
2861,2023-05-24,493,Dante Abreu,M,18-25,Sul,Massageador Corporal Wave,Vibradores,242.2,1,0.0,Cartão Crédito,Entregue,Site
3648,2023-08-27,154,Maya Ferreira,F,18-25,Sudeste,Sabonete Íntimo pH Neutro,Cosméticos Íntimos,38.34,1,30.0,Pix,Entregue,Site
2390,2024-07-29,307,Pedro Sousa,M,36-45,Sul,Jogo Tabuleiro Casais,Jogos Adultos,113.07,1,0.0,Pix,Entregue,App
4373,2024-08-31,15,Julia Aparecida,F,26-35,Sudeste,Spray Prolongador,Cosméticos Íntimos,105.86,1,0.0,Boleto,Entregue,Site
487,2024-01-13,13,Cauã Borges,M,36-45,Nordeste,Jogo Tabuleiro Casais,Jogos Adultos,67.04,2,5.0,Cartão Crédito,Entregue,Marketplace
1362,2024-04-15,66,Dr. Pedro Lucas Moreira,M,26-35,Sudeste,Mini Vibrador Discreto,Vibradores,294.01,4,10.0,Boleto,Entregue,Site
287,2023-06-11,171,Melina Rocha,F,26-35,Nordeste,Lubrificante Íntimo Aquoso 100ml,Lubrificantes,30.33,4,25.0,Boleto,Entregue,Marketplace
4569,2023-12-28,42,Eduarda Vieira,F,18-25,Sudeste,Vibrador Ponto G Flex,Vibradores,471.54,3,0.0,Pix,Entregue,App
5121,2023-03-07,106,Vicente Dias,M,26-35,Sul,Fantasia Policial,Lingerie,160.68,2,0.0,Pix,Entregue,Marketplace
3719,2024-07-03,160,Sr. Luiz Otávio Lopes,M,36-45,Nordeste,Massageador Corporal Wave,Vibradores,498.5,2,0.0,Cartão Débito,Entregue,Site
255,2024-01-03,52,Sra. Sofia Pereira,F,18-25,Sudeste,Lubrificante Íntimo Aquoso 100ml,Lubrificantes,44.01,2,0.0,Pix,Entregue,Site
4021,2023-12-26,145,Natália Ferreira,F,46+,Sul,Chicote de Couro Soft,Acessórios BDSM,66.47,1,0.0,Pix,Entregue,App
1194,2024-04-26,259,Maria Luiza Sales,F,18-25,Norte,Meia-Calça Rendada,Lingerie,72.91,4,0.0,Pix,Entregue,Site
4926,2024-05-14,83,Evelyn Correia,F,26-35,Nordeste,Meia-Calça Rendada,Lingerie,126.55,3,0.0,Pix,Entregue,App
3317,2023-03-27,180,Dr. Thales Guerra,M,36-45,Sudeste,Lingerie Cropped com Bojo,Lingerie,114.81,3,0.0,Pix,Entregue,Site
2728,2023-05-01,72,Ana Beatriz Farias,F,46+,Norte,Óleo de Massagem Relaxante,Lubrificantes,89.31,5,0.0,Pix,Entregue,App
1194,2024-04-26,259,Maria Luiza Sales,F,18-25,Norte,Meia-Calça Rendada,Lingerie,72.91,4,0.0,Pix,Entregue,Site
2100,2023-06-20,138,Nicolas Pinto,M,36-45,Sudeste,Camisola Sensual Preta,Lingerie,105.02,1,0.0,Cartão Débito,Entregue,App
4715,2024-07-14,195,Lucas Gabriel Dias,M,18-25,Centro-Oeste,Body Coelhinha Plus Size,Lingerie,170.24,1,0.0,Pix,Entregue,Site
5242,2023-02-02,150,Maria Liz Rocha,F,36-45,Sul,Vibrador Clássico Silicone,Vibradores,194.79,2,0.0,Cartão Débito,Entregue,Site
4300,2023-08-03,243,Dr. Vitor Gabriel Vasconcelos,M,26-35,Sudeste,Gel Excitante Feminino,Lubrificantes,38.16,4,0.0,Cartão Crédito,Entregue,Site
894,2023-09-25,139,Srta. Isabela Castro,F,18-25,Sudeste,Wand Massager Pro,Vibradores,453.0,1,0.0,Boleto,Entregue,App
627,2024-05-14,169,Giovanna Lopes,F,36-45,Sudeste,Gel Excitante Masculino,Lubrificantes,78.85,2,0.0,Pix,Entregue,Site
3835,2024-09-01,168,Agatha da Rosa,F,26-35,Sul,Vibrador Duplo Prazer,Vibradores,248.93,2,0.0,Cartão Crédito,Entregue,Site
1537,2024-11-26,56,Rebeca Almeida,F,26-35,Sul,Lubrificante Base Silicone,Lubrificantes,53.55,5,0.0,Boleto,Entregue,Site
1127,2023-08-14,26,Srta. Yasmin Siqueira,F,46+,Sul,Fantasia Policial,Lingerie,150.93,3,0.0,Cartão Crédito,Entregue,Site
5079,2023-05-12,180,Dr. Thales Guerra,M,36-45,Sudeste,Lubrificante Íntimo Aquoso 250ml,Lubrificantes,70.92,2,0.0,Pix,Entregue,Site
897,2023-06-06,96,Vitor Hugo Araújo,M,36-45,Sudeste,Creme Excitante Feminino,Cosméticos Íntimos,75.16,1,0.0,Pix,Entregue,Site
2810,2023-08-26,332,Bruna Martins,F,46+,Sudeste,Body Rendado Vermelho,Lingerie,71.69,3,0.0,Cartão Crédito,Entregue,Site
1184,2023-05-28,606,Dra. Bella Vargas,Não informado,26-35,Sul,Vibrador Duplo Prazer,Vibradores,239.01,4,25.0,Pix,Entregue,Site
4854,2024-08-30,116,Emanuel Macedo,M,46+,Sudeste,Kit Algemas Veludo,Acessórios BDSM,72.34,2,0.0,Cartão Crédito,Entregue,Site
2408,2023-09-09,68,Benício Fernandes,M,36-45,Sudeste,Kit Iniciante BDSM 5 Peças,Acessórios BDSM,207.78,2,0.0,Cartão Crédito,Entregue,App
3555,2023-11-26,44,Ravi Lucca Moura,M,26-35,Sudeste,Mini Vibrador Discreto,Vibradores,294.4,2,10.0,Pix,Entregue,Marketplace
4885,2023-04-04,33,Luara Cunha,Não informado,26-35,Norte,Lubrificante Sabores Baunilha,Lubrificantes,38.21,1,0.0,Cartão Crédito,Entregue,Marketplace
5375,2024-07-31,180,Dr. Thales Guerra,M,36-45,Sudeste,Gel Excitante Masculino,Lubrificantes,42.01,1,0.0,Boleto,Entregue,Marketplace
4050,2024-06-07,63,Otávio Cunha,M,26-35,Sudeste,Gel Excitante Feminino,Lubrificantes,71.83,1,10.0,Pix,Entregue,Marketplace
3353,2023-10-04,559,Eloah Silveira,F,26-35,Sul,Lingerie Cropped com Bojo,Lingerie,84.51,1,0.0,Pix,Devolvido,Marketplace
5106,2024-03-11,32,Ana Luiza Cunha,F,18-25,Sudeste,Venda para Olhos Satin,Acessórios BDSM,165.88,3,15.0,Boleto,Entregue,Site
1972,2024-01-28,447,Diogo Azevedo,M,26-35,Sul,Lubrificante Íntimo Aquoso 250ml,Lubrificantes,32.52,1,0.0,Cartão Débito,Entregue,Site
1351,2024-12-03,494,Pedro Cavalcanti,M,26-35,Sudeste,Lubrificante Sabores Morango,Lubrificantes,85.09,1,0.0,Pix,Entregue,Site
2535,2024-03-13,349,Augusto Dias,M,26-35,Sudeste,Óleo de Massagem Relaxante,Lubrificantes,61.56,2,0.0,Pix,Entregue,Site
3549,2024-12-12,100,Anna Liz Cirino,F,18-25,Centro-Oeste,Gel Excitante Feminino,Lubrificantes,70.73,2,0.0,Cartão Crédito,Entregue,Site
3025,2024-07-25,17,Bruno Novaes,M,26-35,Sudeste,Vibrador Clássico Silicone,Vibradores,353.29,1,25.0,Cartão Crédito,Entregue,Site
4619,2024-07-01,100,Anna Liz Cirino,F,18-25,Centro-Oeste,Body Rendado Vermelho,Lingerie,154.33,1,0.0,Cartão Crédito,Entregue,Marketplace
229,2023-03-31,532,Thiago Ramos,M,26-35,Sudeste,Lubrificante Base Silicone,Lubrificantes,39.58,1,0.0,Cartão Crédito,Entregue,App
1478,2024-07-03,371,Anna Liz Pimenta,F,26-35,Sul,Vibrador Rabbit Premium,Vibradores,339.9,5,5.0,Pix,Cancelado,App
4897,2024-02-04,45,Yuri Albuquerque,M,46+,Sudeste,Chicote de Couro Soft,Acessórios BDSM,145.64,1,0.0,Boleto,Entregue,Site
3685,2023-11-08,299,Ísis Câmara,F,26-35,Sul,Gel Excitante Feminino,Lubrificantes,70.08,2,20.0,Cartão Crédito,Entregue,App
1729,2023-05-16,425,Alícia Aragão,F,26-35,Sudeste,Vibrador Clássico Silicone,Vibradores,259.94,1,0.0,Pix,Cancelado,Marketplace
3480,2023-04-30,141,Lívia Viana,F,36-45,Sudeste,Sabonete Íntimo pH Neutro,Cosméticos Íntimos,133.97,2,0.0,Pix,Entregue,Site
18,2023-08-11,202,Antônio Teixeira,M,36-45,Sul,Wand Massager Pro,Vibradores,140.39,2,0.0,Pix,Entregue,Site
4706,2024-03-19,150,Maria Liz Rocha,F,36-45,Sul,Dominó Erótico,Jogos Adultos,69.36,1,20.0,Cartão Crédito,Entregue,Marketplace
5463,2024-06-04,20,Sr. João Vitor Barros,M,18-25,Sudeste,Sabonete Íntimo pH Neutro,Cosméticos Íntimos,143.9,1,0.0,Boleto,Entregue,Site
1718,2024-12-24,313,Sra. Lara Cirino,F,46+,Nordeste,Vibrador Duplo Prazer,Vibradores,344.19,1,0.0,Boleto,Entregue,Marketplace
444,2023-09-11,127,Sra. Kamilly Aparecida,F,36-45,Nordeste,Lubrificante Sabores Morango,Lubrificantes,79.85,3,0.0,Pix,Entregue,App
1421,2024-06-07,105,Mariah Ribeiro,F,18-25,Nordeste,Dominó Erótico,Jogos Adultos,73.42,1,0.0,Pix,Entregue,Site
38,2023-09-13,29,Dra. Hellena Rodrigues,F,26-35,Norte,Wand Massager Pro,Vibradores,147.22,1,10.0,Pix,Entregue,Site
3618,2023-05-09,464,Dr. Benjamim da Paz,M,26-35,Sudeste,Gel Excitante Masculino,Lubrificantes,30.5,1,15.0,Pix,Entregue,Site
5190,2024-09-23,89,Enzo Jesus,M,36-45,Sul,Óleo de Massagem Relaxante,Lubrificantes,70.08,1,0.0,Cartão Crédito,Entregue,App
3849,2023-07-25,329,Isaque Santos,M,36-45,Centro-Oeste,Jogo Tabuleiro Casais,Jogos Adultos,74.13,3,5.0,Cartão Débito,Entregue,App
4746,2023-01-10,16,Sra. Zoe Campos,F,18-25,Sudeste,Jogo de Cartas Sexo Quiz,Jogos Adultos,54.14,1,0.0,Pix,Entregue,App
1393,2024-07-17,52,Sra. Sofia Pereira,F,18-25,Sudeste,Kit Roleplay Surpresa,Jogos Adultos,120.02,1,0.0,Cartão Débito,Entregue,Site
1003,2024-05-18,502,Nathan Almeida,M,36-45,Sudeste,Kit Roleplay Surpresa,Jogos Adultos,68.89,1,0.0,Boleto,Entregue,Site
1875,2024-07-10,344,Zoe Mendes,F,26-35,Sudeste,Creme Excitante Feminino,Cosméticos Íntimos,83.53,1,0.0,Pix,Entregue,Site
5003,2024-01-29,476,Ana Borges,F,36-45,Norte,Fantasia Policial,Lingerie,192.37,1,0.0,Pix,Devolvido,App
5062,2023-07-14,587,Yan Siqueira,M,36-45,Sul,Óleo de Massagem Relaxante,Lubrificantes,33.39,2,0.0,Cartão Crédito,Devolvido,Marketplace
5430,2024-06-16,330,Luana Novaes,F,36-45,Sudeste,Body Rendado Vermelho,Lingerie,183.67,2,30.0,Pix,Entregue,Site
1612,2023-08-13,280,Rebeca Barbosa,F,26-35,Norte,Kit Iniciante BDSM 5 Peças,Acessórios BDSM,204.7,1,0.0,Cartão Crédito,Entregue,App
1407,2023-04-13,462,Lucas Rios,M,18-25,Sudeste,Vibrador Clássico Silicone,Vibradores,138.78,1,0.0,Pix,Entregue,App
4898,2023-03-27,98,Rhavi Montenegro,M,36-45,Sudeste,Spray Prolongador,Cosméticos Íntimos,49.52,1,0.0,Boleto,Entregue,Site
2610,2024-06-21,19,Bernardo Aparecida,M,36-45,Sudeste,Lubrificante Sabores Morango,Lubrificantes,62.38,2,20.0,Cartão Crédito,Entregue,Site
3857,2023-02-12,121,Cauê Souza,M,26-35,Sul,Colar e Guia BDSM,Acessórios BDSM,215.36,2,0.0,Cartão Crédito,Entregue,Site
89,2024-11-18,524,Ana Carolina Araújo,F,46+,Sul,Mini Vibrador Discreto,Vibradores,364.2,1,0.0,Cartão Crédito,Entregue,Site
5271,2024-04-08,60,Sra. Ana Lívia Teixeira,F,26-35,Sul,Lubrificante Sabores Baunilha,Lubrificantes,52.57,2,0.0,Cartão Crédito,Entregue,Marketplace
3049,2024-03-27,139,Srta. Isabela Castro,F,18-25,Sudeste,Fantasia Enfermeira,Lingerie,91.12,3,0.0,Pix,Entregue,Marketplace
1472,2023-12-15,349,Augusto Dias,M,26-35,Sudeste,Body Coelhinha Plus Size,Lingerie,176.47,2,0.0,Pix,Entregue,App
3556,2023-09-24,261,Léo Melo,M,26-35,Nordeste,Lubrificante Sabores Baunilha,Lubrificantes,38.55,3,0.0,Pix,Entregue,Site
766,2024-02-13,227,Nina Sampaio,F,26-35,Sul,Lubrificante Sabores Morango,Lubrificantes,65.96,1,0.0,Pix,Cancelado,Site
1145,2024-07-06,86,Isadora Barbosa,Não informado,18-25,Sudeste,Mini Vibrador Discreto,Vibradores,162.56,2,0.0,Pix,Entregue,App
3457,2024-12-16,188,Dra. Mariane Novaes,F,26-35,Sudeste,Lubrificante Íntimo Aquoso 250ml,Lubrificantes,63.4,1,30.0,Cartão Crédito,Entregue,App
1488,2023-09-13,313,Sra. Lara Cirino,F,46+,Nordeste,Lingerie Cropped com Bojo,Lingerie,172.91,1,30.0,Pix,Entregue,Site
145,2024-12-14,93,Mirella da Paz,F,26-35,Sudeste,Gel Excitante Masculino,Lubrificantes,58.53,1,15.0,Cartão Crédito,Entregue,Site
3129,2024-12-14,650,Laura Sales,F,36-45,Centro-Oeste,Gel Térmico Sensação Quente,Cosméticos Íntimos,145.49,1,10.0,Pix,Devolvido,Site
3856,2024-02-29,23,Elisa Freitas,F,18-25,Sudeste,Body Rendado Vermelho,Lingerie,88.9,1,0.0,Pix,Entregue,Site
3816,2023-11-06,232,Marcos Vinicius Gonçalves,M,36-45,Sul,Vibrador Ponto G Flex,Vibradores,237.25,1,0.0,Pix,Entregue,App
5455,2023-02-03,320,Luara da Cunha,F,26-35,Nordeste,Jogo de Cartas Sexo Quiz,Jogos Adultos,103.46,1,25.0,Cartão Débito,Entregue,App
4946,2024-09-26,626,Fernando Nogueira,M,36-45,Sudeste,Lubrificante Sabores Baunilha,Lubrificantes,57.53,1,0.0,Pix,Entregue,Marketplace
1510,2024-08-20,374,José Miguel Marques,M,36-45,Norte,Meia-Calça Rendada,Lingerie,171.6,1,0.0,Cartão Crédito,Entregue,Site
2536,2023-08-22,450,Laís Marques,Não informado,26-35,Sudeste,Chicote de Couro Soft,Acessórios BDSM,165.51,1,30.0,Pix,Entregue,Marketplace
2405,2023-12-15,299,Ísis Câmara,F,26-35,Sul,Lubrificante Íntimo Aquoso 250ml,Lubrificantes,39.31,2,25.0,Boleto,Entregue,Site
486,2023-08-26,548,Dra. Valentina Borges,F,18-25,Sudeste,Lubrificante Base Silicone,Lubrificantes,30.8,2,0.0,Pix,Entregue,App
997,2023-02-25,577,Benjamim Gonçalves,M,18-25,Sul,Vibrador Clássico Silicone,Vibradores,314.78,1,30.0,Cartão Crédito,Entregue,Marketplace
1808,2024-02-03,57,Maria Cecília das Neves,F,18-25,Centro-Oeste,Lubrificante Íntimo Aquoso 100ml,Lubrificantes,36.72,2,0.0,Cartão Crédito,Entregue,Site
4975,2024-08-24,81,Beatriz Araújo,F,26-35,Sul,Venda para Olhos Satin,Acessórios BDSM,149.72,1,0.0,Pix,Entregue,App
1515,2023-11-16,61,Davi Lucas Cardoso,M,36-45,Norte,Vibrador Duplo Prazer,Vibradores,184.5,3,0.0,Pix,Entregue,App
3530,2024-11-19,158,Maya Abreu,F,26-35,Sudeste,Vibrador Clássico Silicone,Vibradores,400.39,2,0.0,Pix,Entregue,App
4261,2023-02-17,34,Dr. Miguel Ramos,M,18-25,Nordeste,Vibrador Duplo Prazer,Vibradores,266.57,1,0.0,Boleto,Entregue,Site
795,2024-07-04,6,Helena da Conceição,F,26-35,Sul,Mordaça Silicone,Acessórios BDSM,297.2,2,0.0,Boleto,Entregue,Marketplace
5080,2024-04-07,153,João Andrade,M,26-35,Sul,Body Rendado Vermelho,Lingerie,97.85,1,15.0,Boleto,Entregue,Marketplace
5416,2024-02-01,134,Ana Cecília das Neves,F,26-35,Sudeste,Kit Iniciante BDSM 5 Peças,Acessórios BDSM,225.93,1,0.0,Pix,Devolvido,Site
3168,2023-09-04,31,Luara Guerra,F,36-45,Nordeste,Fantasia Policial,Lingerie,197.9,3,20.0,Pix,Entregue,Site
5235,2024-03-11,191,João Guilherme Vargas,M,26-35,Nordeste,Vibrador Clássico Silicone,Vibradores,311.07,1,0.0,Boleto,Cancelado,Site
2573,2023-02-25,107,Gabrielly Rios,F,46+,Nordeste,Lubrificante Base Silicone,Lubrificantes,84.89,2,0.0,Pix,Entregue,Marketplace
2265,2023-08-21,250,Raquel Cunha,F,26-35,Sudeste,Gel Térmico Sensação Quente,Cosméticos Íntimos,67.19,3,30.0,Pix,Entregue,App
1273,2024-10-27,389,Sr. Calebe Pires,M,18-25,Sudeste,Perfume Íntimo Floral,Cosméticos Íntimos,93.59,1,0.0,Pix,Entregue,Marketplace
749,2023-12-30,557,Sra. Caroline Peixoto,F,36-45,Sul,Conjunto Lingerie Boudoir,Lingerie,183.56,3,30.0,Boleto,Entregue,Marketplace
1878,2023-08-09,193,Kamilly Macedo,F,26-35,Sul,Corda de Shibari 5m,Acessórios BDSM,50.13,1,0.0,Pix,Entregue,App
1833,2023-02-11,235,Dr. Dante Vieira,M,18-25,Sudeste,Gel Excitante Feminino,Lubrificantes,31.65,4,0.0,Pix,Cancelado,Site
101,2023-10-26,9,Pietro Pastor,M,26-35,Sudeste,Lubrificante Íntimo Aquoso 250ml,Lubrificantes,32.65,1,0.0,Cartão Crédito,Entregue,Site
3972,2024-02-21,212,Yasmin Alves,F,18-25,Sudeste,Lubrificante Íntimo Aquoso 250ml,Lubrificantes,44.61,3,0.0,Pix,Entregue,Site
953,2024-04-07,54,Ágatha Vasconcelos,F,18-25,Sul,Lingerie Cropped com Bojo,Lingerie,88.54,1,0.0,Pix,Cancelado,Site
5217,2023-06-12,161,Luísa Pinto,F,18-25,Sudeste,Conjunto Lingerie Boudoir,Lingerie,100.51,3,20.0,Cartão Crédito,Cancelado,Site
2122,2023-12-15,191,João Guilherme Vargas,M,26-35,Nordeste,Mini Vibrador Discreto,Vibradores,205.07,1,0.0,Pix,Cancelado,Site
5400,2023-06-02,494,Pedro Cavalcanti,M,26-35,Sudeste,Venda para Olhos Satin,Acessórios BDSM,96.98,5,30.0,Pix,Entregue,Marketplace
3350,2024-12-01,77,Maria Luísa Correia,F,46+,Sudeste,Jogo Tabuleiro Casais,Jogos Adultos,65.73,3,0.0,Pix,Entregue,App
3860,2024-06-28,449,Dr. Mateus Peixoto,M,26-35,Centro-Oeste,Mordaça Silicone,Acessórios BDSM,54.12,1,0.0,Pix,Entregue,App
2230,2024-02-12,99,Emanuel Araújo,M,26-35,Sudeste,Vibrador Ponto G Flex,Vibradores,115.78,2,10.0,Boleto,Entregue,Site
2909,2023-01-14,100,Anna Liz Cirino,F,18-25,Centro-Oeste,Mini Vibrador Discreto,Vibradores,365.22,4,20.0,Pix,Entregue,Site
4634,2024-07-16,486,Théo Camargo,Não informado,26-35,Sudeste,Body Rendado Vermelho,Lingerie,81.64,2,0.0,Cartão Crédito,Entregue,App
3793,2024-04-22,242,Maya Cavalcanti,F,46+,Norte,Perfume Íntimo Floral,Cosméticos Íntimos,134.99,3,0.0,Cartão Crédito,Entregue,Site
1489,2024-12-14,135,Ana Cecília Fogaça,F,46+,Nordeste,Sabonete Íntimo pH Neutro,Cosméticos Íntimos,137.44,1,30.0,Boleto,Entregue,Site
110,2024-06-07,23,Elisa Freitas,F,18-25,Sudeste,Chicote de Couro Soft,Acessórios BDSM,223.13,1,0.0,Pix,Entregue,App
2313,2024-06-26,185,Isadora Campos,F,36-45,Nordeste,Lubrificante Íntimo Aquoso 250ml,Lubrificantes,78.4,1,0.0,Pix,Entregue,Site
5431,2024-02-13,250,Raquel Cunha,F,26-35,Sudeste,Camisola Sensual Preta,Lingerie,120.1,5,0.0,Pix,Devolvido,Marketplace
4667,2024-03-23,31,Luara Guerra,F,36-45,Nordeste,Dado do Prazer,Jogos Adultos,62.61,1,15.0,Pix,Entregue,Site
2349,2023-03-19,242,Maya Cavalcanti,F,46+,Norte,Conjunto Lingerie Boudoir,Lingerie,111.14,1,0.0,Boleto,Entregue,Site
3177,2024-12-26,289,Srta. Giovanna Pires,F,36-45,Sudeste,Massageador Corporal Wave,Vibradores,356.63,1,0.0,Pix,Cancelado,Site
1484,2023-09-09,2,Isabelly Câmara,F,36-45,Nordeste,Lubrificante Íntimo Aquoso 100ml,Lubrificantes,72.16,2,0.0,Cartão Débito,Devolvido,Marketplace
2347,2024-03-07,300,Srta. Juliana Casa Grande,F,26-35,Sul,Lubrificante Íntimo Aquoso 100ml,Lubrificantes,68.07,2,0.0,Pix,Cancelado,Site
3707,2023-12-04,350,Sra. Maria Helena Gomes,F,46+,Sudeste,Camisola Sensual Preta,Lingerie,85.27,1,0.0,Pix,Entregue,Marketplace
3881,2024-10-05,190,Milena da Luz,Não informado,36-45,Nordeste,Camisola Sensual Preta,Lingerie,130.53,1,0.0,Pix,Entregue,Site
2132,2024-02-13,4,Dra. Aurora Pastor,F,26-35,Sul,Body Coelhinha Plus Size,Lingerie,107.64,1,0.0,Cartão Crédito,Entregue,Site
1756,2024-05-13,411,Ana Carolina da Rosa,F,36-45,Sul,Camisola Sensual Preta,Lingerie,177.48,2,5.0,Pix,Entregue,Site
2489,2024-01-07,239,Sra. Alice Leão,F,18-25,Sudeste,Chicote de Couro Soft,Acessórios BDSM,246.27,4,0.0,Pix,Entregue,Site
5219,2023-12-30,72,Ana Beatriz Farias,F,46+,Norte,Sabonete Íntimo pH Neutro,Cosméticos Íntimos,104.96,1,0.0,Pix,Entregue,Marketplace
4561,2024-02-22,333,Daniela Monteiro,F,26-35,Norte,Gel Excitante Masculino,Lubrificantes,38.16,1,5.0,Pix,Entregue,Marketplace
4018,2023-07-19,538,Ana Júlia Vieira,F,36-45,Nordeste,Lubrificante Sabores Morango,Lubrificantes,31.31,1,0.0,Cartão Crédito,Entregue,App
2986,2024-03-25,691,Gabrielly Fernandes,F,36-45,Centro-Oeste,Fantasia Policial,Lingerie,61.2,3,10.0,Cartão Débito,Entregue,App
3979,2024-02-19,15,Julia Aparecida,F,26-35,Sudeste,Conjunto Lingerie Boudoir,Lingerie,112.59,3,0.0,Cartão Crédito,Entregue,Marketplace
4234,2023-11-25,566,Dra. Maysa Martins,F,18-25,Sudeste,Vibrador Duplo Prazer,Vibradores,182.9,1,0.0,Cartão Crédito,Devolvido,App
5096,2024-08-29,158,Maya Abreu,F,26-35,Sudeste,Vibrador Ponto G Flex,Vibradores,435.74,1,0.0,Cartão Crédito,Entregue,Site
811,2023-08-07,745,Srta. Cecilia Moreira,F,26-35,Sudeste,Óleo de Massagem Relaxante,Lubrificantes,36.08,1,0.0,Cartão Crédito,Entregue,Site
3839,2023-10-06,610,Sra. Pietra Pires,F,46+,Norte,Meia-Calça Rendada,Lingerie,77.5,1,0.0,Pix,Entregue,App
748,2023-02-23,212,Yasmin Alves,F,18-25,Sudeste,Colar e Guia BDSM,Acessórios BDSM,216.11,1,0.0,Pix,Entregue,Site
309,2024-08-15,405,Marcelo Caldeira,M,26-35,Nordeste,Fantasia Policial,Lingerie,127.96,2,0.0,Cartão Crédito,Entregue,App
5462,2024-02-25,77,Maria Luísa Correia,F,46+,Sudeste,Lubrificante Sabores Baunilha,Lubrificantes,63.12,2,30.0,Pix,Cancelado,Site
1189,2023-02-25,99,Emanuel Araújo,M,26-35,Sudeste,Vibrador Clássico Silicone,Vibradores,198.68,2,0.0,Cartão Débito,Cancelado,App
1617,2023-12-24,778,Ester Souza,F,26-35,Sul,Kit Algemas Veludo,Acessórios BDSM,278.75,1,0.0,Cartão Crédito,Cancelado,App
4322,2023-07-02,615,Sophie Gonçalves,F,26-35,Centro-Oeste,Lingerie Cropped com Bojo,Lingerie,82.85,2,0.0,Boleto,Entregue,Marketplace
4042,2023-04-11,95,Juan Cunha,M,26-35,Sul,Vibrador Rabbit Premium,Vibradores,293.15,1,5.0,Cartão Crédito,Cancelado,Marketplace
4103,2024-07-28,215,Benicio da Luz,M,18-25,Nordeste,Lubrificante Base Silicone,Lubrificantes,52.77,5,0.0,Pix,Entregue,App
2046,2024-07-02,335,Maria Vitória Mendes,F,46+,Sudeste,Venda para Olhos Satin,Acessórios BDSM,87.89,1,15.0,Cartão Débito,Entregue,App
1874,2023-06-05,458,Olívia Azevedo,F,26-35,Sudeste,Creme Retardante Masculino,Cosméticos Íntimos,137.4,2,0.0,Cartão Crédito,Entregue,Site
2527,2023-02-24,66,Dr. Pedro Lucas Moreira,M,26-35,Sudeste,Chicote de Couro Soft,Acessórios BDSM,254.44,1,5.0,Pix,Entregue,Site
1174,2023-11-21,84,Melissa Carvalho,F,26-35,Nordeste,Massageador Corporal Wave,Vibradores,286.92,1,0.0,Pix,Entregue,App
234,2024-02-29,184,Dra. Nicole Aragão,F,36-45,Sul,Gel Excitante Feminino,Lubrificantes,30.58,1,0.0,Cartão Crédito,Entregue,App
1293,2024-04-24,226,Danilo Nunes,M,36-45,Centro-Oeste,Body Coelhinha Plus Size,Lingerie,181.03,1,0.0,Pix,Devolvido,App
2457,2024-02-14,160,Sr. Luiz Otávio Lopes,M,36-45,Nordeste,Camisola Sensual Preta,Lingerie,186.62,2,30.0,Pix,Entregue,Site
4726,2024-04-04,1,Sr. Apollo Sousa,M,18-25,Sudeste,Vibrador Clássico Silicone,Vibradores,250.21,3,0.0,Pix,Entregue,Marketplace
1122,2023-06-19,661,Amanda Fonseca,F,18-25,Sul,Lingerie Cropped com Bojo,Lingerie,167.23,2,0.0,Cartão Crédito,Entregue,App
3902,2023-11-09,131,Daniel Barbosa,M,36-45,Sudeste,Gel Excitante Feminino,Lubrificantes,81.59,1,0.0,Cartão Crédito,Entregue,Site
3356,2024-02-17,23,Elisa Freitas,F,18-25,Sudeste,Body Rendado Vermelho,Lingerie,195.51,2,0.0,Pix,Entregue,Site
1555,2023-05-05,72,Ana Beatriz Farias,F,46+,Norte,Vibrador Ponto G Flex,Vibradores,336.91,2,0.0,Boleto,Entregue,App
5175,2023-12-01,161,Luísa Pinto,F,18-25,Sudeste,Mini Vibrador Discreto,Vibradores,324.86,1,15.0,Cartão Crédito,Entregue,App
2317,2024-12-18,89,Enzo Jesus,M,36-45,Sul,Corda de Shibari 5m,Acessórios BDSM,67.61,1,0.0,Pix,Entregue,App
4217,2023-01-17,12,Eduardo Cunha,Não informado,26-35,Sul,Lubrificante Sabores Morango,Lubrificantes,55.86,2,0.0,Pix,Entregue,Site
45,2023-06-29,83,Evelyn Correia,F,26-35,Nordeste,Vibrador Rabbit Premium,Vibradores,336.58,1,0.0,Pix,Entregue,Marketplace
5454,2023-02-08,145,Natália Ferreira,F,46+,Sul,Lubrificante Base Silicone,Lubrificantes,61.33,1,10.0,Boleto,Entregue,App
747,2024-04-29,133,Clara Lopes,F,26-35,Sul,Vibrador Rabbit Premium,Vibradores,495.43,1,10.0,Pix,Entregue,Site
5025,2023-09-29,602,Maria Julia Melo,F,36-45,Sudeste,Fantasia Enfermeira,Lingerie,100.58,3,0.0,Cartão Crédito,Devolvido,Site
439,2023-05-11,322,Théo Abreu,M,18-25,Sudeste,Body Coelhinha Plus Size,Lingerie,183.24,2,0.0,Boleto,Entregue,Marketplace
1594,2024-09-04,31,Luara Guerra,F,36-45,Nordeste,Cartas Posições Kamasutra,Jogos Adultos,94.0,1,0.0,Pix,Devolvido,Site
3310,2023-12-18,170,Luna Martins,F,18-25,Sudeste,Lubrificante Sabores Morango,Lubrificantes,69.74,1,0.0,Cartão Crédito,Entregue,Site
3318,2023-09-12,2,Isabelly Câmara,F,36-45,Nordeste,Mini Vibrador Discreto,Vibradores,446.31,3,0.0,Cartão Crédito,Entregue,Site
880,2023-06-26,70,Alana Barbosa,F,26-35,Norte,Camisola Sensual Preta,Lingerie,134.83,5,0.0,Cartão Crédito,Entregue,Site
3538,2024-04-12,121,Cauê Souza,M,26-35,Sul,Lubrificante Sabores Baunilha,Lubrificantes,46.19,2,0.0,Cartão Crédito,Entregue,Site
4140,2023-12-12,219,José Barros,M,26-35,Sudeste,Lubrificante Íntimo Aquoso 100ml,Lubrificantes,42.36,2,25.0,Cartão Crédito,Entregue,Marketplace
3908,2024-02-18,102,Nathan Campos,M,18-25,Sudeste,Vibrador Ponto G Flex,Vibradores,93.46,1,0.0,Cartão Crédito,Cancelado,Marketplace
2105,2023-04-24,402,Alice da Luz,F,26-35,Sudeste,Vibrador Rabbit Premium,Vibradores,463.58,1,0.0,Cartão Crédito,Entregue,Marketplace
150,2023-08-16,91,Bento Cavalcante,M,26-35,Sul,Lingerie Cropped com Bojo,Lingerie,190.2,1,0.0,Pix,Devolvido,Site
587,2024-05-28,22,Rafael Porto,M,36-45,Nordeste,Lubrificante Base Silicone,Lubrificantes,46.21,1,0.0,Cartão Débito,Entregue,Site
5202,2023-01-20,739,Srta. Ana Beatriz Oliveira,F,18-25,Nordeste,Lubrificante Íntimo Aquoso 250ml,Lubrificantes,77.23,2,0.0,Cartão Crédito,Cancelado,App
438,2024-02-10,435,Antony Cavalcanti,M,36-45,Nordeste,Óleo de Massagem Relaxante,Lubrificantes,40.13,1,30.0,Cartão Crédito,Entregue,Site
4372,2024-09-04,134,Ana Cecília das Neves,F,26-35,Sudeste,Gel Excitante Feminino,Lubrificantes,53.94,2,30.0,Boleto,Entregue,App
13,2023-06-11,447,Diogo Azevedo,M,26-35,Sul,Vibrador Ponto G Flex,Vibradores,172.85,2,0.0,Cartão Crédito,Entregue,Marketplace
94,2024-09-18,222,Ana Lívia Vasconcelos,F,36-45,Sul,Camisola Sensual Preta,Lingerie,127.53,1,20.0,Pix,Entregue,Site
4338,2024-03-13,550,Antony Fonseca,M,18-25,Sudeste,Lubrificante Íntimo Aquoso 250ml,Lubrificantes,60.64,3,25.0,Pix,Entregue,Site
184,2023-05-03,509,Ana Vitória Moraes,F,26-35,Sudeste,Lubrificante Íntimo Aquoso 100ml,Lubrificantes,64.76,2,0.0,Pix,Entregue,Site
4523,2023-11-24,530,Bento Machado,M,26-35,Centro-Oeste,Óleo de Massagem Relaxante,Lubrificantes,89.56,4,20.0,Cartão Crédito,Entregue,Site
643,2024-04-08,66,Dr. Pedro Lucas Moreira,M,26-35,Sudeste,Mini Vibrador Discreto,Vibradores,124.37,1,0.0,Cartão Crédito,Entregue,Site
878,2024-10-10,285,Maria Helena Machado,F,36-45,Centro-Oeste,Lubrificante Íntimo Aquoso 250ml,Lubrificantes,61.33,1,0.0,Cartão Débito,Entregue,Site
3289,2023-10-14,549,Dra. Mariana Moraes,F,36-45,Sudeste,Lubrificante Íntimo Aquoso 250ml,Lubrificantes,51.99,2,0.0,Cartão Débito,Cancelado,Site
3706,2024-04-10,521,Sra. Kamilly Pastor,F,36-45,Sudeste,Gel Excitante Masculino,Lubrificantes,30.73,2,0.0,Cartão Débito,Entregue,Marketplace
3663,2024-05-19,15,Julia Aparecida,F,26-35,Sudeste,Body Coelhinha Plus Size,Lingerie,152.75,1,0.0,Pix,Entregue,App
2663,2023-01-12,68,Benício Fernandes,M,36-45,Sudeste,Vibrador Clássico Silicone,Vibradores,204.74,2,0.0,Pix,Entregue,Site
1613,2024-12-12,206,Dra. Ísis Pereira,F,36-45,Sudeste,Perfume Íntimo Floral,Cosméticos Íntimos,51.41,1,0.0,Pix,Entregue,Marketplace
2312,2024-02-09,504,Maria Cecília Borges,F,26-35,Sul,Mordaça Silicone,Acessórios BDSM,201.88,1,0.0,Cartão Crédito,Entregue,Marketplace
1748,2023-09-23,84,Melissa Carvalho,F,26-35,Nordeste,Colar e Guia BDSM,Acessórios BDSM,174.0,1,0.0,Pix,Entregue,Marketplace
4308,2024-12-05,265,Igor Campos,M,36-45,Sudeste,Vibrador Duplo Prazer,Vibradores,339.58,1,0.0,Pix,Cancelado,Marketplace
2606,2024-04-20,194,João Pedro da Costa,M,26-35,Nordeste,Lubrificante Base Silicone,Lubrificantes,82.76,1,0.0,Pix,Entregue,App
3244,2024-02-10,314,Maya Porto,F,36-45,Sul,Lubrificante Íntimo Aquoso 250ml,Lubrificantes,78.66,1,0.0,Cartão Crédito,Entregue,Marketplace
927,2024-03-12,87,Beatriz Aragão,F,46+,Centro-Oeste,Gel Excitante Feminino,Lubrificantes,61.73,2,15.0,Pix,Entregue,Site
5091,2024-03-05,11,Otávio Fernandes,M,36-45,Sul,Lubrificante Sabores Morango,Lubrificantes,43.92,1,5.0,Pix,Entregue,Site
3397,2024-01-21,439,Sophie Pastor,F,18-25,Sudeste,Body Coelhinha Plus Size,Lingerie,144.63,1,0.0,Cartão Débito,Entregue,App
654,2023-10-10,355,Cecília Jesus,F,36-45,Sudeste,Mini Vibrador Discreto,Vibradores,377.65,3,0.0,Cartão Crédito,Entregue,App
430,2023-05-09,35,Diego da Luz,M,26-35,Sudeste,Lubrificante Íntimo Aquoso 250ml,Lubrificantes,80.68,1,10.0,Pix,Devolvido,App
3383,2024-01-15,9,Pietro Pastor,M,26-35,Sudeste,Fantasia Enfermeira,Lingerie,135.25,1,0.0,Cartão Crédito,Entregue,Site
3338,2023-06-05,368,Marina Casa Grande,F,26-35,Sul,Conjunto Lingerie Boudoir,Lingerie,104.61,1,0.0,Cartão Crédito,Entregue,App
5108,2023-02-14,30,Ana Laura da Conceição,F,18-25,Sudeste,Vibrador Ponto G Flex,Vibradores,317.92,3,0.0,Cartão Débito,Entregue,Marketplace
5018,2023-11-18,107,Gabrielly Rios,F,46+,Nordeste,Sabonete Íntimo pH Neutro,Cosméticos Íntimos,42.72,1,0.0,Cartão Crédito,Entregue,Marketplace
3067,2023-06-01,5,Ana Beatriz Alves,F,18-25,Sul,Dominó Erótico,Jogos Adultos,78.64,3,0.0,Cartão Crédito,Entregue,Site
3443,2024-09-14,66,Dr. Pedro Lucas Moreira,M,26-35,Sudeste,Cartas Posições Kamasutra,Jogos Adultos,54.61,1,10.0,Pix,Entregue,Site
3131,2023-03-07,415,Dra. Ágatha Leão,F,26-35,Sudeste,Gel Térmico Sensação Quente,Cosméticos Íntimos,108.8,1,25.0,Pix,Cancelado,Site
4326,2024-10-11,648,João Vasconcelos,M,36-45,Norte,Lubrificante Íntimo Aquoso 250ml,Lubrificantes,86.2,1,5.0,Pix,Entregue,Site
260,2023-03-23,29,Dra. Hellena Rodrigues,F,26-35,Norte,Fantasia Enfermeira,Lingerie,124.99,1,5.0,Pix,Entregue,App
64,2023-12-06,122,Daniela da Mata,F,26-35,Sul,Vibrador Ponto G Flex,Vibradores,467.44,3,0.0,Boleto,Entregue,Site
1045,2023-02-09,522,Maria Montenegro,F,46+,Nordeste,Fantasia Enfermeira,Lingerie,115.17,1,0.0,Pix,Entregue,Site
2274,2024-11-24,281,Ana Júlia Cassiano,F,36-45,Sul,Mordaça Silicone,Acessórios BDSM,102.53,5,0.0,Pix,Entregue,Site
4890,2023-05-17,309,Ian Rocha,M,26-35,Sul,Meia-Calça Rendada,Lingerie,136.07,1,0.0,Pix,Entregue,App
1033,2024-02-05,73,Sophie da Costa,F,36-45,Sudeste,Gel Excitante Masculino,Lubrificantes,65.5,2,0.0,Boleto,Entregue,Site
1420,2023-02-11,610,Sra. Pietra Pires,F,46+,Norte,Body Coelhinha Plus Size,Lingerie,158.51,1,5.0,Pix,Entregue,Marketplace
2749,2023-12-21,422,Dr. Bento Gonçalves,M,26-35,Nordeste,Creme Excitante Feminino,Cosméticos Íntimos,71.4,4,25.0,Pix,Entregue,App
1216,2023-09-16,69,Heloísa Pastor,F,26-35,Sudeste,Fantasia Enfermeira,Lingerie,141.88,1,5.0,Boleto,Entregue,App
1198,2024-06-17,696,Ravi Lucca Campos,M,26-35,Sul,Chicote de Couro Soft,Acessórios BDSM,93.93,1,0.0,Cartão Crédito,Entregue,App
3612,2023-04-08,43,Sra. Ana Luiza Gomes,F,46+,Centro-Oeste,Lingerie Cropped com Bojo,Lingerie,189.12,1,0.0,Cartão Crédito,Entregue,App
2785,2024-12-04,475,Murilo Azevedo,Não informado,26-35,Sudeste,Vibrador Ponto G Flex,Vibradores,297.27,1,0.0,Cartão Débito,Entregue,Site
722,2023-08-08,56,Rebeca Almeida,F,26-35,Sul,Mini Vibrador Discreto,Vibradores,340.5,2,0.0,Cartão Crédito,Entregue,App
694,2024-08-28,77,Maria Luísa Correia,F,46+,Sudeste,Vibrador Duplo Prazer,Vibradores,429.89,1,0.0,Cartão Crédito,Entregue,Site
1567,2023-03-04,292,Ana Vitória Castro,F,36-45,Sul,Gel Excitante Masculino,Lubrificantes,88.62,1,20.0,Pix,Entregue,Site
5210,2024-06-30,56,Rebeca Almeida,F,26-35,Sul,Mini Vibrador Discreto,Vibradores,139.28,1,0.0,Pix,Entregue,App
4669,2023-05-05,294,Dra. Olivia da Rocha,F,26-35,Sudeste,Lubrificante Sabores Morango,Lubrificantes,47.55,1,0.0,Cartão Crédito,Entregue,App
288,2023-07-31,211,Ravi Lucca Cardoso,Não informado,26-35,Sudeste,Óleo de Massagem Relaxante,Lubrificantes,54.62,4,0.0,Pix,Entregue,Site
2192,2023-10-12,558,Eduardo Castro,M,36-45,Nordeste,Perfume Íntimo Floral,Cosméticos Íntimos,145.5,1,20.0,Cartão Crédito,Entregue,App
3830,2023-06-20,70,Alana Barbosa,F,26-35,Norte,Wand Massager Pro,Vibradores,258.07,2,0.0,Cartão Crédito,Entregue,Marketplace
1908,2023-08-25,126,Ana Júlia Borges,F,36-45,Sudeste,Creme Retardante Masculino,Cosméticos Íntimos,73.44,3,0.0,Pix,Entregue,App
3444,2023-02-11,783,Sofia Martins,F,46+,Sudeste,Lubrificante Sabores Morango,Lubrificantes,70.89,5,15.0,Pix,Entregue,Site
5101,2023-12-14,163,Sofia das Neves,F,36-45,Sul,Vibrador Clássico Silicone,Vibradores,89.93,2,0.0,Pix,Entregue,Site
2331,2024-02-28,83,Evelyn Correia,F,26-35,Nordeste,Massageador Corporal Wave,Vibradores,277.09,3,0.0,Boleto,Entregue,Site
3667,2024-10-01,456,Srta. Luara Lima,F,46+,Sudeste,Meia-Calça Rendada,Lingerie,114.65,1,5.0,Cartão Crédito,Entregue,Marketplace
562,2023-03-11,67,Bárbara da Cruz,Não informado,36-45,Norte,Body Rendado Vermelho,Lingerie,83.27,1,15.0,Pix,Entregue,App
2438,2024-11-17,115,Isabelly Freitas,F,18-25,Sudeste,Vibrador Clássico Silicone,Vibradores,466.47,1,30.0,Cartão Crédito,Entregue,Marketplace
2648,2023-02-10,189,Emanuel Souza,M,36-45,Sudeste,Body Coelhinha Plus Size,Lingerie,109.22,3,10.0,Pix,Entregue,Site
4169,2024-10-18,105,Mariah Ribeiro,F,18-25,Nordeste,Vibrador Duplo Prazer,Vibradores,338.94,1,0.0,Pix,Devolvido,Site
4544,2024-08-26,92,Alexandre Gomes,M,18-25,Sudeste,Lubrificante Sabores Morango,Lubrificantes,64.5,1,0.0,Cartão Crédito,Entregue,Site
5229,2023-09-16,46,Dra. Bruna Rodrigues,F,18-25,Nordeste,Corda de Shibari 5m,Acessórios BDSM,51.55,2,0.0,Cartão Débito,Entregue,Site
5424,2023-06-04,145,Natália Ferreira,F,46+,Sul,Lubrificante Sabores Morango,Lubrificantes,41.37,2,0.0,Pix,Entregue,App
945,2024-10-05,64,Gabriela Silva,F,26-35,Sudeste,Lubrificante Base Silicone,Lubrificantes,49.5,3,0.0,Pix,Entregue,App
4211,2023-05-02,31,Luara Guerra,F,36-45,Nordeste,Creme Retardante Masculino,Cosméticos Íntimos,46.93,2,0.0,Pix,Entregue,App
4595,2024-03-14,153,João Andrade,M,26-35,Sul,Óleo de Massagem Relaxante,Lubrificantes,53.7,1,0.0,Cartão Débito,Entregue,App
4833,2024-10-09,276,Larissa Melo,F,18-25,Sul,Lubrificante Íntimo Aquoso 250ml,Lubrificantes,65.86,1,10.0,Pix,Entregue,App
211,2024-10-02,215,Benicio da Luz,M,18-25,Nordeste,Lubrificante Íntimo Aquoso 100ml,Lubrificantes,86.55,4,0.0,Pix,Entregue,Site
48,2024-10-26,199,Maria Luísa Farias,F,46+,Nordeste,Fantasia Policial,Lingerie,91.15,2,0.0,Pix,Entregue,Site
1761,2024-10-04,165,Sra. Carolina Correia,F,18-25,Sudeste,Gel Excitante Masculino,Lubrificantes,45.7,5,0.0,Pix,Cancelado,Marketplace
5112,2024-12-24,491,Kevin Cunha,Não informado,26-35,Sul,Vibrador Ponto G Flex,Vibradores,490.05,1,15.0,Cartão Crédito,Entregue,Site
857,2024-01-01,11,Otávio Fernandes,M,36-45,Sul,Wand Massager Pro,Vibradores,288.97,2,0.0,Pix,Entregue,Marketplace
4769,2023-07-26,322,Théo Abreu,M,18-25,Sudeste,Kit Roleplay Surpresa,Jogos Adultos,98.38,1,0.0,Pix,Entregue,App
1322,2023-06-25,49,Eduarda Marques,F,26-35,Sul,Cartas Posições Kamasutra,Jogos Adultos,110.61,1,30.0,Pix,Entregue,Site
2169,2024-01-19,298,Dra. Fernanda Lima,F,26-35,Nordeste,Venda para Olhos Satin,Acessórios BDSM,63.64,1,0.0,Boleto,Entregue,Site
2996,2023-12-23,491,Kevin Cunha,Não informado,26-35,Sul,Creme Retardante Masculino,Cosméticos Íntimos,76.78,4,0.0,Pix,Entregue,App
2630,2024-10-10,135,Ana Cecília Fogaça,F,46+,Nordeste,Lubrificante Íntimo Aquoso 250ml,Lubrificantes,52.88,1,0.0,,Entregue,Site
3468,2024-10-17,292,Ana Vitória Castro,F,36-45,Sul,Lubrificante Íntimo Aquoso 100ml,Lubrificantes,55.5,2,0.0,Cartão Crédito,Entregue,Site
1513,2024-11-14,660,Isaac Vieira,M,18-25,Sudeste,Perfume Íntimo Floral,Cosméticos Íntimos,101.77,3,0.0,Pix,Cancelado,Marketplace
2255,2023-06-13,511,Marcela Ferreira,F,46+,Sul,Camisola Sensual Preta,Lingerie,152.39,5,15.0,Cartão Crédito,Entregue,Marketplace
1562,2023-06-09,75,Caroline Silveira,F,36-45,Sudeste,Kit Iniciante BDSM 5 Peças,Acessórios BDSM,246.71,3,0.0,Cartão Crédito,Entregue,Site
4412,2023-09-20,2,Isabelly Câmara,F,36-45,Nordeste,Venda para Olhos Satin,Acessórios BDSM,268.29,2,0.0,Pix,Entregue,App
2857,2024-03-16,70,Alana Barbosa,F,26-35,Norte,Vibrador Clássico Silicone,Vibradores,348.39,3,0.0,Cartão Crédito,Entregue,Site
5066,2024-03-21,11,Otávio Fernandes,M,36-45,Sul,Fantasia Enfermeira,Lingerie,134.63,2,0.0,Cartão Crédito,Entregue,Site
3867,2024-07-24,146,Heloísa Câmara,F,26-35,Nordeste,Lubrificante Sabores Morango,Lubrificantes,74.24,1,0.0,Cartão Débito,Devolvido,App
1651,2024-02-19,11,Otávio Fernandes,M,36-45,Sul,Jogo de Cartas Sexo Quiz,Jogos Adultos,62.39,1,5.0,Pix,Entregue,Site
3127,2023-03-28,296,Dr. Rafael Barbosa,M,18-25,Sul,Lubrificante Sabores Baunilha,Lubrificantes,30.64,1,0.0,Cartão Crédito,Entregue,Site
2975,2024-10-26,133,Clara Lopes,F,26-35,Sul,Conjunto Lingerie Boudoir,Lingerie,147.33,1,0.0,Pix,Entregue,Site
355,2024-03-21,21,Carlos Eduardo Garcia,Não informado,36-45,Sul,Jogo de Cartas Sexo Quiz,Jogos Adultos,96.95,3,0.0,Pix,Entregue,App
3090,2024-12-06,81,Beatriz Araújo,F,26-35,Sul,Mini Vibrador Discreto,Vibradores,242.41,1,0.0,Pix,Cancelado,Site
1306,2023-05-13,499,Ana Vitória Dias,Não informado,46+,Sudeste,Fantasia Policial,Lingerie,159.06,2,0.0,Pix,Entregue,App
2233,2024-08-04,551,Emilly Cunha,F,26-35,Nordeste,Dado do Prazer,Jogos Adultos,68.07,3,0.0,Pix,Entregue,App
3426,2023-02-20,258,Ayla da Rocha,F,18-25,Sul,Body Rendado Vermelho,Lingerie,197.11,2,0.0,Cartão Crédito,Devolvido,Site
2198,2023-10-16,490,Benjamin Abreu,M,46+,Sudeste,Vibrador Rabbit Premium,Vibradores,155.53,5,0.0,Pix,Entregue,Marketplace
1989,2024-12-10,157,Gabriel da Cunha,M,18-25,Sudeste,Gel Excitante Feminino,Lubrificantes,72.3,5,10.0,Pix,Entregue,App
3429,2024-03-26,490,Benjamin Abreu,M,46+,Sudeste,Lubrificante Sabores Baunilha,Lubrificantes,30.67,1,0.0,Pix,Cancelado,App
1667,2023-03-29,65,Maria Liz Rios,F,46+,Sul,Lubrificante Íntimo Aquoso 100ml,Lubrificantes,56.81,1,0.0,Cartão Crédito,Entregue,Marketplace
1633,2024-12-11,290,Julia Ribeiro,F,18-25,Sul,Corda de Shibari 5m,Acessórios BDSM,170.29,1,15.0,Cartão Crédito,Entregue,Marketplace
415,2024-02-26,266,Sr. Levi Campos,M,26-35,Centro-Oeste,Vibrador Rabbit Premium,Vibradores,285.16,1,0.0,Cartão Crédito,Entregue,App
1375,2024-09-27,79,Maria Lima,F,18-25,Centro-Oeste,Meia-Calça Rendada,Lingerie,116.74,2,0.0,Pix,Entregue,Site
5100,2024-12-31,12,Eduardo Cunha,Não informado,26-35,Sul,Perfume Íntimo Floral,Cosméticos Íntimos,44.65,3,0.0,Cartão Crédito,Entregue,Marketplace
4174,2024-02-23,205,Otto Nascimento,M,26-35,Sul,Wand Massager Pro,Vibradores,126.39,1,0.0,Cartão Crédito,Entregue,App
4096,2024-06-28,171,Melina Rocha,F,26-35,Nordeste,Fantasia Policial,Lingerie,188.72,1,0.0,Pix,Entregue,App
3602,2024-12-11,228,Maria Eduarda Cavalcante,F,18-25,Sudeste,Body Rendado Vermelho,Lingerie,149.53,1,0.0,Cartão Crédito,Entregue,Site
2371,2023-02-26,281,Ana Júlia Cassiano,F,36-45,Sul,Jogo Tabuleiro Casais,Jogos Adultos,127.79,5,25.0,Cartão Crédito,Cancelado,Site
2276,2024-02-02,246,João Lucas Machado,M,26-35,Sudeste,Vibrador Rabbit Premium,Vibradores,383.25,1,0.0,Pix,Entregue,App
5138,2024-03-02,24,Giovanna Rios,F,26-35,Centro-Oeste,Dado do Prazer,Jogos Adultos,75.45,4,0.0,Cartão Débito,Entregue,Site
1821,2024-11-08,64,Gabriela Silva,F,26-35,Sudeste,Mini Vibrador Discreto,Vibradores,193.74,1,0.0,Pix,Entregue,Site
2891,2023-12-18,111,Anthony Marques,M,26-35,Nordeste,Fantasia Policial,Lingerie,117.94,3,0.0,Pix,Entregue,Marketplace
1187,2024-03-26,307,Pedro Sousa,M,36-45,Sul,Vibrador Rabbit Premium,Vibradores,363.26,2,20.0,Cartão Crédito,Entregue,App
5189,2024-04-20,620,Maya Guerra,F,36-45,Centro-Oeste,Fantasia Policial,Lingerie,150.28,1,25.0,Cartão Crédito,Entregue,App
253,2024-02-04,472,Dr. Arthur Cirino,M,26-35,Sudeste,Gel Excitante Feminino,Lubrificantes,70.79,1,0.0,Boleto,Entregue,Marketplace
4076,2024-02-17,230,Luana Caldeira,F,26-35,Nordeste,Kit Iniciante BDSM 5 Peças,Acessórios BDSM,220.92,4,0.0,Boleto,Entregue,App
655,2023-12-22,155,Sra. Maya Pereira,F,26-35,Sul,Gel Térmico Sensação Quente,Cosméticos Íntimos,141.53,1,0.0,Cartão Crédito,Entregue,App
351,2023-02-18,190,Milena da Luz,Não informado,36-45,Nordeste,Body Coelhinha Plus Size,Lingerie,147.34,4,25.0,Pix,Entregue,Site
4321,2023-09-20,234,Dra. Isabelly Caldeira,F,36-45,Centro-Oeste,Lubrificante Íntimo Aquoso 100ml,Lubrificantes,88.1,1,0.0,Pix,Entregue,App
2378,2024-05-15,398,Maitê Camargo,F,18-25,Sudeste,Dominó Erótico,Jogos Adultos,57.23,4,0.0,Pix,Entregue,Site
2182,2023-10-25,67,Bárbara da Cruz,Não informado,36-45,Norte,Meia-Calça Rendada,Lingerie,89.41,1,0.0,Cartão Crédito,Entregue,App
4075,2024-11-24,303,Ravi Lucca Sales,M,36-45,Sudeste,Perfume Íntimo Floral,Cosméticos Íntimos,137.35,1,5.0,Cartão Crédito,Cancelado,Site
458,2024-07-02,172,Sophia Melo,F,36-45,Nordeste,Vibrador Rabbit Premium,Vibradores,111.74,2,25.0,Cartão Débito,Cancelado,Site
4150,2023-03-22,388,Srta. Isis Rocha,F,36-45,Sul,Óleo de Massagem Relaxante,Lubrificantes,33.88,1,0.0,Pix,Entregue,Site
5007,2024-12-12,385,Benicio Pereira,M,26-35,Sul,Gel Excitante Masculino,Lubrificantes,44.93,2,0.0,Boleto,Entregue,Site
91,2023-02-16,36,Josué Souza,M,18-25,Sul,Vibrador Duplo Prazer,Vibradores,159.81,1,0.0,Cartão Crédito,Cancelado,Site
799,2024-07-31,314,Maya Porto,F,36-45,Sul,Lubrificante Base Silicone,Lubrificantes,63.96,1,30.0,Pix,Entregue,App
5390,2024-03-18,489,Sra. Ana Clara Câmara,F,26-35,Centro-Oeste,Conjunto Lingerie Boudoir,Lingerie,59.91,3,5.0,Cartão Crédito,Cancelado,Site
3063,2024-12-01,245,Dr. Lorenzo da Cruz,M,18-25,Sul,Meia-Calça Rendada,Lingerie,104.15,2,15.0,Cartão Crédito,Entregue,Site
3740,2024-07-06,232,Marcos Vinicius Gonçalves,M,36-45,Sul,Kit Iniciante BDSM 5 Peças,Acessórios BDSM,173.76,1,0.0,Boleto,Entregue,Site
27,2023-01-03,62,Sra. Eloah da Luz,F,26-35,Sudeste,Dado do Prazer,Jogos Adultos,44.04,1,10.0,Cartão Débito,Cancelado,App
3510,2024-02-29,18,Maria Cecília Oliveira,F,26-35,Centro-Oeste,Vibrador Clássico Silicone,Vibradores,309.1,1,0.0,Boleto,Entregue,Site
550,2024-02-09,381,Cauê da Costa,M,26-35,Sudeste,Lubrificante Base Silicone,Lubrificantes,62.09,1,30.0,Boleto,Entregue,Site
3207,2024-03-30,482,Benicio Rocha,M,36-45,Nordeste,Vibrador Rabbit Premium,Vibradores,307.34,2,0.0,Cartão Crédito,Entregue,App
4961,2023-07-02,213,Amanda Barros,F,18-25,Sul,Gel Excitante Masculino,Lubrificantes,87.16,1,5.0,Pix,Cancelado,Site
182,2024-04-29,34,Dr. Miguel Ramos,M,18-25,Nordeste,Spray Prolongador,Cosméticos Íntimos,53.14,2,25.0,Cartão Crédito,Entregue,App
3876,2023-11-01,149,Luiz Fernando Ramos,M,36-45,Nordeste,Lubrificante Sabores Morango,Lubrificantes,85.01,2,0.0,Pix,Entregue,App
264,2023-10-12,198,Srta. Hadassa Azevedo,F,26-35,Nordeste,Fantasia Enfermeira,Lingerie,180.0,1,0.0,Pix,Entregue,Site
4419,2023-08-11,113,Hadassa Montenegro,F,36-45,Sul,Meia-Calça Rendada,Lingerie,138.53,1,0.0,Cartão Crédito,Entregue,App
2851,2023-05-26,284,Henry Gabriel Vasconcelos,M,36-45,Sudeste,Lubrificante Sabores Morango,Lubrificantes,46.05,1,0.0,Pix,Entregue,App
3036,2023-03-01,90,Rafaela Cunha,Não informado,36-45,Sudeste,Lubrificante Sabores Morango,Lubrificantes,59.21,2,0.0,Boleto,Entregue,App
4732,2023-04-08,20,Sr. João Vitor Barros,M,18-25,Sudeste,Colar e Guia BDSM,Acessórios BDSM,201.44,3,10.0,Boleto,Entregue,App
5063,2023-10-26,190,Milena da Luz,Não informado,36-45,Nordeste,Lubrificante Sabores Morango,Lubrificantes,61.07,1,0.0,Cartão Crédito,Entregue,Marketplace
2971,2024-04-26,132,Srta. Ísis Andrade,F,18-25,Sudeste,Cartas Posições Kamasutra,Jogos Adultos,121.25,2,0.0,Pix,Cancelado,Site
1540,2023-05-30,202,Antônio Teixeira,M,36-45,Sul,Gel Excitante Masculino,Lubrificantes,78.6,1,0.0,Pix,Entregue,Site
3155,2024-03-30,160,Sr. Luiz Otávio Lopes,M,36-45,Nordeste,Fantasia Enfermeira,Lingerie,72.84,3,0.0,Pix,Entregue,Site
3935,2024-07-13,102,Nathan Campos,M,18-25,Sudeste,Cartas Posições Kamasutra,Jogos Adultos,46.61,1,10.0,Pix,Entregue,Site
5035,2024-04-26,51,Thiago Caldeira,Não informado,36-45,Sul,Body Coelhinha Plus Size,Lingerie,180.03,2,10.0,Boleto,Devolvido,App
3104,2023-11-05,156,Bruna Gomes,F,26-35,Nordeste,Conjunto Lingerie Boudoir,Lingerie,163.32,1,0.0,Cartão Débito,Entregue,Site
4779,2024-07-11,77,Maria Luísa Correia,F,46+,Sudeste,Gel Térmico Sensação Quente,Cosméticos Íntimos,133.02,3,0.0,Cartão Crédito,Entregue,Site
3071,2024-02-03,322,Théo Abreu,M,18-25,Sudeste,Vibrador Ponto G Flex,Vibradores,354.57,1,0.0,Boleto,Entregue,App
1426,2023-02-16,686,Dra. Lavínia Ramos,F,26-35,Sul,Body Coelhinha Plus Size,Lingerie,171.32,1,25.0,Boleto,Entregue,Marketplace
2655,2024-03-15,376,Ísis Castro,F,46+,Nordeste,Mordaça Silicone,Acessórios BDSM,201.25,4,0.0,Pix,Entregue,Site
1766,2024-12-27,108,Sra. Isabella da Luz,Não informado,36-45,Centro-Oeste,Vibrador Clássico Silicone,Vibradores,231.5,2,0.0,Pix,Entregue,App
3684,2023-10-09,75,Caroline Silveira,F,36-45,Sudeste,Jogo de Cartas Sexo Quiz,Jogos Adultos,87.8,1,0.0,Cartão Crédito,Entregue,App
5158,2023-01-31,366,Luan Vieira,M,36-45,Sul,Perfume Íntimo Floral,Cosméticos Íntimos,79.25,1,0.0,Pix,Entregue,Marketplace
4575,2023-02-28,369,Vinícius Jesus,M,36-45,Nordeste,Lubrificante Sabores Baunilha,Lubrificantes,42.47,3,25.0,Cartão Crédito,Entregue,App
2553,2023-09-12,419,Dr. Henrique Macedo,M,26-35,Nordeste,Lubrificante Íntimo Aquoso 100ml,Lubrificantes,30.92,1,0.0,Pix,Entregue,Marketplace
4094,2023-09-13,600,Vinicius Nogueira,M,26-35,Sul,Cartas Posições Kamasutra,Jogos Adultos,61.8,5,0.0,Pix,Entregue,Marketplace
1963,2024-06-25,457,Jade Freitas,F,46+,Sudeste,Corda de Shibari 5m,Acessórios BDSM,195.94,1,0.0,Cartão Crédito,Entregue,Marketplace
1871,2024-06-16,430,Alexandre da Mota,M,26-35,Sul,Meia-Calça Rendada,Lingerie,63.29,1,0.0,Pix,Entregue,App
2918,2024-07-18,468,Marcela Novais,F,26-35,Nordeste,Lubrificante Íntimo Aquoso 250ml,Lubrificantes,34.56,1,0.0,Pix,Entregue,Site
4692,2023-03-18,122,Daniela da Mata,F,26-35,Sul,Perfume Íntimo Floral,Cosméticos Íntimos,138.15,1,0.0,Pix,Devolvido,App
70,2024-02-24,752,Letícia Câmara,F,26-35,Sul,Dominó Erótico,Jogos Adultos,40.7,3,0.0,Cartão Crédito,Entregue,Site
1074,2024-10-04,6,Helena da Conceição,F,26-35,Sul,Camisola Sensual Preta,Lingerie,194.11,1,0.0,Cartão Crédito,Entregue,Site
2645,2023-05-29,14,Aylla Fogaça,F,36-45,Sudeste,Lubrificante Base Silicone,Lubrificantes,50.58,1,0.0,Boleto,Entregue,Marketplace
677,2024-12-16,34,Dr. Miguel Ramos,M,18-25,Nordeste,Vibrador Duplo Prazer,Vibradores,325.15,1,0.0,Pix,Entregue,Site
4498,2023-06-28,40,Thomas Monteiro,M,36-45,Sudeste,Corda de Shibari 5m,Acessórios BDSM,219.1,2,5.0,Cartão Crédito,Entregue,Marketplace
5450,2024-02-21,38,Dra. Mariane Pacheco,F,26-35,Sudeste,Lubrificante Íntimo Aquoso 100ml,Lubrificantes,78.27,3,0.0,Cartão Crédito,Cancelado,App
1865,2024-01-13,744,Olivia Sousa,F,18-25,Sudeste,Vibrador Rabbit Premium,Vibradores,497.2,1,0.0,Cartão Débito,Cancelado,Site
2877,2024-02-28,187,Dr. Pedro Miguel Pimenta,M,26-35,Sudeste,Dado do Prazer,Jogos Adultos,58.53,1,10.0,Pix,Cancelado,Marketplace
204,2023-07-15,543,Cecília Ferreira,F,26-35,Sudeste,Body Rendado Vermelho,Lingerie,167.66,1,0.0,Boleto,Entregue,App
3621,2023-09-10,296,Dr. Rafael Barbosa,M,18-25,Sul,Lubrificante Íntimo Aquoso 250ml,Lubrificantes,75.61,2,0.0,Pix,Entregue,Marketplace
1527,2024-12-06,93,Mirella da Paz,F,26-35,Sudeste,Dominó Erótico,Jogos Adultos,59.92,1,15.0,Cartão Débito,Entregue,Marketplace
340,2023-04-21,29,Dra. Hellena Rodrigues,F,26-35,Norte,Gel Excitante Feminino,Lubrificantes,67.6,1,0.0,Pix,Entregue,App
3823,2023-05-22,416,Eduardo Leão,M,18-25,Nordeste,Gel Excitante Masculino,Lubrificantes,64.23,2,30.0,Pix,Entregue,Site
5273,2023-10-24,98,Rhavi Montenegro,M,36-45,Sudeste,Vibrador Clássico Silicone,Vibradores,144.1,1,0.0,Pix,Entregue,App
5385,2024-04-19,278,Ana Júlia da Cunha,F,26-35,Sul,Wand Massager Pro,Vibradores,98.24,2,0.0,Boleto,Entregue,Site
480,2023-02-08,201,Gabrielly Leão,F,36-45,Sul,Vibrador Rabbit Premium,Vibradores,224.02,2,0.0,Pix,Entregue,Site
388,2024-04-24,55,Agatha Peixoto,F,46+,Nordeste,Jogo Tabuleiro Casais,Jogos Adultos,66.94,5,0.0,Pix,Entregue,Site
3399,2024-12-18,80,Nina Siqueira,F,26-35,Sul,Corda de Shibari 5m,Acessórios BDSM,64.21,1,0.0,Pix,Entregue,Site
2115,2024-02-23,282,Kevin Barros,M,36-45,Nordeste,Lubrificante Sabores Morango,Lubrificantes,80.98,1,0.0,Pix,Entregue,App
3419,2023-01-19,73,Sophie da Costa,F,36-45,Sudeste,Lubrificante Sabores Morango,Lubrificantes,81.93,1,30.0,Cartão Crédito,Entregue,Marketplace
2765,2023-02-22,41,Benicio Camargo,M,26-35,Nordeste,Spray Prolongador,Cosméticos Íntimos,41.67,2,0.0,Pix,Cancelado,App
2183,2023-08-16,10,Alana Teixeira,F,36-45,Sul,Óleo de Massagem Relaxante,Lubrificantes,87.04,1,0.0,Cartão Crédito,Entregue,Site
3631,2023-11-30,360,Dr. Vitor Hugo Andrade,M,36-45,Sudeste,Massageador Corporal Wave,Vibradores,336.47,1,0.0,Cartão Crédito,Entregue,Marketplace
2963,2023-10-16,113,Hadassa Montenegro,F,36-45,Sul,Vibrador Rabbit Premium,Vibradores,407.12,1,0.0,Pix,Entregue,Site
5269,2024-07-02,481,Eduarda Sá,F,36-45,Sul,Colar e Guia BDSM,Acessórios BDSM,116.41,1,0.0,Pix,Cancelado,Site
2722,2023-02-04,392,Caroline Borges,F,18-25,Nordeste,Cartas Posições Kamasutra,Jogos Adultos,100.38,2,0.0,Cartão Crédito,Cancelado,App
5070,2024-12-01,4,Dra. Aurora Pastor,F,26-35,Sul,Lubrificante Sabores Baunilha,Lubrificantes,71.63,1,15.0,Pix,Entregue,App
1335,2024-02-06,713,Murilo Aragão,M,26-35,Sudeste,Body Coelhinha Plus Size,Lingerie,191.34,1,0.0,Pix,Entregue,Marketplace
3009,2024-10-13,297,Srta. Julia Viana,F,26-35,Sul,Kit Roleplay Surpresa,Jogos Adultos,121.41,4,15.0,Pix,Entregue,App
4099,2023-04-28,83,Evelyn Correia,F,26-35,Nordeste,Mordaça Silicone,Acessórios BDSM,295.55,3,15.0,Pix,Entregue,App
3401,2023-02-01,20,Sr. João Vitor Barros,M,18-25,Sudeste,Vibrador Clássico Silicone,Vibradores,278.66,1,10.0,Cartão Crédito,Entregue,App
2604,2024-08-26,106,Vicente Dias,M,26-35,Sul,Conjunto Lingerie Boudoir,Lingerie,151.42,1,10.0,Cartão Crédito,Entregue,Site
222,2023-05-26,226,Danilo Nunes,M,36-45,Centro-Oeste,Conjunto Lingerie Boudoir,Lingerie,161.07,1,30.0,Cartão Crédito,Entregue,Site
1210,2024-12-22,789,Evelyn Cavalcanti,Não informado,26-35,Sudeste,Mini Vibrador Discreto,Vibradores,107.3,1,0.0,Cartão Crédito,Entregue,Site
678,2023-06-15,139,Srta. Isabela Castro,F,18-25,Sudeste,Body Coelhinha Plus Size,Lingerie,71.94,1,5.0,Pix,Entregue,Marketplace
1130,2024-03-12,84,Melissa Carvalho,F,26-35,Nordeste,Venda para Olhos Satin,Acessórios BDSM,241.52,3,0.0,Pix,Cancelado,Site
1778,2024-11-30,157,Gabriel da Cunha,M,18-25,Sudeste,Meia-Calça Rendada,Lingerie,79.6,1,0.0,Cartão Crédito,Entregue,App
1095,2024-10-13,73,Sophie da Costa,F,36-45,Sudeste,Gel Excitante Masculino,Lubrificantes,61.7,1,0.0,Pix,Entregue,Site
806,2024-06-19,347,Esther Sampaio,F,18-25,Nordeste,Vibrador Rabbit Premium,Vibradores,330.03,2,0.0,Cartão Crédito,Entregue,Site
62,2024-03-05,88,Sr. Caleb Sá,M,26-35,Sudeste,Mini Vibrador Discreto,Vibradores,330.95,2,5.0,Cartão Crédito,Entregue,Site
3183,2023-09-24,103,Isadora Pacheco,F,46+,Nordeste,Fantasia Enfermeira,Lingerie,159.51,3,0.0,Pix,Entregue,Site
4648,2024-08-09,81,Beatriz Araújo,F,26-35,Sul,Lubrificante Sabores Morango,Lubrificantes,69.76,1,0.0,Pix,Entregue,Site
4861,2024-09-19,262,Vitória Ferreira,F,26-35,Nordeste,Lubrificante Íntimo Aquoso 250ml,Lubrificantes,51.34,1,0.0,Cartão Crédito,Entregue,Site
2406,2023-06-19,249,Sabrina Duarte,F,46+,Nordeste,Body Rendado Vermelho,Lingerie,145.93,2,0.0,Pix,Entregue,Site
2917,2024-12-23,352,Sarah Pastor,F,46+,Sudeste,Lubrificante Sabores Baunilha,Lubrificantes,44.44,1,0.0,Pix,Cancelado,App
1631,2024-03-06,365,Kaique Alves,M,18-25,Sudeste,Cartas Posições Kamasutra,Jogos Adultos,97.71,2,0.0,Cartão Crédito,Entregue,App
5485,2023-05-05,311,Sra. Ana Cecília Teixeira,F,36-45,Sudeste,Dominó Erótico,Jogos Adultos,100.47,1,0.0,Pix,Entregue,Site
4051,2024-05-28,611,Catarina Azevedo,F,26-35,Centro-Oeste,Body Coelhinha Plus Size,Lingerie,125.76,1,20.0,Cartão Crédito,Entregue,Site
5034,2024-08-21,246,João Lucas Machado,M,26-35,Sudeste,Vibrador Ponto G Flex,Vibradores,116.62,2,10.0,Pix,Entregue,App
178,2024-05-18,134,Ana Cecília das Neves,F,26-35,Sudeste,Vibrador Clássico Silicone,Vibradores,487.48,1,15.0,Pix,Entregue,App
4454,2023-10-09,414,Mirella Freitas,F,18-25,Sul,Óleo de Massagem Relaxante,Lubrificantes,33.55,1,0.0,Pix,Entregue,App
3349,2024-12-17,104,Asafe Pinto,M,46+,Sudeste,Jogo Tabuleiro Casais,Jogos Adultos,115.02,1,0.0,Pix,Entregue,App
1730,2023-09-24,255,Samuel Novais,M,26-35,Sul,Meia-Calça Rendada,Lingerie,190.51,1,10.0,Pix,Entregue,App
2946,2024-02-03,31,Luara Guerra,F,36-45,Nordeste,Lubrificante Íntimo Aquoso 100ml,Lubrificantes,68.13,1,0.0,Pix,Entregue,App
5426,2024-04-05,231,Apollo das Neves,M,26-35,Nordeste,Massageador Corporal Wave,Vibradores,468.91,3,0.0,Pix,Entregue,App
4054,2023-11-19,219,José Barros,M,26-35,Sudeste,Meia-Calça Rendada,Lingerie,92.44,1,0.0,Cartão Crédito,Entregue,Site
2241,2024-03-11,404,Julia Pacheco,F,18-25,Sul,Óleo de Massagem Relaxante,Lubrificantes,81.67,1,0.0,Cartão Débito,Entregue,Marketplace
3471,2024-06-01,6,Helena da Conceição,F,26-35,Sul,Vibrador Duplo Prazer,Vibradores,470.72,1,0.0,Pix,Entregue,Marketplace
1072,2024-10-22,74,Raquel Cunha,F,46+,Sul,Mini Vibrador Discreto,Vibradores,298.88,4,0.0,Cartão Crédito,Entregue,App
734,2024-01-27,201,Gabrielly Leão,F,36-45,Sul,Lubrificante Sabores Baunilha,Lubrificantes,86.99,2,20.0,Pix,Devolvido,Site
606,2024-03-05,168,Agatha da Rosa,F,26-35,Sul,Camisola Sensual Preta,Lingerie,195.08,1,25.0,Pix,Entregue,App
3781,2024-10-19,140,Maria Sophia Alves,F,36-45,Sudeste,Lubrificante Sabores Morango,Lubrificantes,50.14,1,5.0,Cartão Crédito,Entregue,Marketplace
5351,2023-12-15,344,Zoe Mendes,F,26-35,Sudeste,Gel Excitante Feminino,Lubrificantes,60.8,2,0.0,Boleto,Entregue,Marketplace
3733,2023-02-01,162,Davi Silveira,M,36-45,Norte,Sabonete Íntimo pH Neutro,Cosméticos Íntimos,147.94,1,0.0,Pix,Entregue,App
2523,2024-04-14,98,Rhavi Montenegro,M,36-45,Sudeste,Spray Prolongador,Cosméticos Íntimos,44.95,1,10.0,Pix,Devolvido,Site
4646,2023-02-24,352,Sarah Pastor,F,46+,Sudeste,Kit Cuidados Íntimos,Cosméticos Íntimos,128.77,1,0.0,Pix,Entregue,Site
4291,2024-04-09,210,Dra. Maria Luiza Silveira,F,26-35,Nordeste,Óleo de Massagem Relaxante,Lubrificantes,44.88,3,0.0,Pix,Entregue,Site
3072,2024-11-27,252,Kamilly Novais,F,46+,Sul,Fantasia Policial,Lingerie,123.28,1,25.0,Cartão Crédito,Devolvido,Site
1741,2024-02-10,441,Augusto Siqueira,M,46+,Sudeste,Chicote de Couro Soft,Acessórios BDSM,76.41,1,0.0,Cartão Crédito,Entregue,Marketplace
528,2024-10-27,89,Enzo Jesus,M,36-45,Sul,Meia-Calça Rendada,Lingerie,111.33,1,0.0,Cartão Crédito,Entregue,App
2224,2023-12-02,77,Maria Luísa Correia,F,46+,Sudeste,Wand Massager Pro,Vibradores,184.52,2,0.0,Pix,Entregue,Marketplace
2656,2023-05-26,148,Dr. Bernardo Vargas,Não informado,26-35,Norte,Lubrificante Sabores Baunilha,Lubrificantes,81.87,1,0.0,Boleto,Cancelado,Marketplace
2641,2024-10-06,98,Rhavi Montenegro,M,36-45,Sudeste,Kit Algemas Veludo,Acessórios BDSM,298.65,1,15.0,Pix,Entregue,Site
1245,2024-02-09,370,Emilly Cavalcante,Não informado,36-45,Sudeste,Lubrificante Sabores Baunilha,Lubrificantes,88.45,2,0.0,Cartão Crédito,Entregue,App
682,2024-05-27,83,Evelyn Correia,F,26-35,Nordeste,Conjunto Lingerie Boudoir,Lingerie,141.49,4,30.0,Pix,Entregue,Site
1719,2023-08-01,741,Luara Leão,F,18-25,Sudeste,Lubrificante Sabores Baunilha,Lubrificantes,47.7,1,25.0,Pix,Entregue,Site
5178,2023-05-13,26,Srta. Yasmin Siqueira,F,46+,Sul,Massageador Corporal Wave,Vibradores,263.27,4,0.0,Cartão Débito,Entregue,App
1050,2023-04-05,6,Helena da Conceição,F,26-35,Sul,Gel Excitante Feminino,Lubrificantes,62.62,1,0.0,Boleto,Entregue,App
3571,2023-06-08,104,Asafe Pinto,M,46+,Sudeste,Lubrificante Sabores Baunilha,Lubrificantes,45.01,1,0.0,Pix,Entregue,Site
3434,2024-05-06,160,Sr. Luiz Otávio Lopes,M,36-45,Nordeste,Lubrificante Sabores Morango,Lubrificantes,52.84,1,0.0,Pix,Entregue,App
2659,2023-08-11,66,Dr. Pedro Lucas Moreira,M,26-35,Sudeste,Gel Excitante Feminino,Lubrificantes,44.22,5,25.0,Cartão Crédito,Entregue,Site
1789,2023-06-30,20,Sr. João Vitor Barros,M,18-25,Sudeste,Lubrificante Íntimo Aquoso 100ml,Lubrificantes,35.64,2,0.0,Pix,Entregue,App
804,2023-02-27,250,Raquel Cunha,F,26-35,Sudeste,Body Coelhinha Plus Size,Lingerie,95.75,2,0.0,Cartão Crédito,Entregue,App
2464,2023-10-07,227,Nina Sampaio,F,26-35,Sul,Gel Excitante Masculino,Lubrificantes,63.86,1,5.0,Cartão Crédito,Entregue,App
3519,2023-09-14,21,Carlos Eduardo Garcia,Não informado,36-45,Sul,Venda para Olhos Satin,Acessórios BDSM,186.66,2,0.0,Pix,Entregue,Site
3134,2023-06-08,212,Yasmin Alves,F,18-25,Sudeste,Wand Massager Pro,Vibradores,413.99,2,0.0,Cartão Crédito,Entregue,App
5109,2024-08-11,375,Anthony Martins,M,36-45,Sul,Creme Retardante Masculino,Cosméticos Íntimos,116.74,4,0.0,Cartão Crédito,Entregue,Site
3410,2023-03-07,12,Eduardo Cunha,Não informado,26-35,Sul,Dado do Prazer,Jogos Adultos,53.95,1,0.0,Pix,Entregue,Site
4229,2024-08-31,171,Melina Rocha,F,26-35,Nordeste,Gel Térmico Sensação Quente,Cosméticos Íntimos,99.54,1,0.0,Cartão Crédito,Entregue,App
4334,2023-07-29,275,Sr. Samuel Caldeira,M,36-45,Norte,Lubrificante Íntimo Aquoso 100ml,Lubrificantes,31.97,2,0.0,Boleto,Entregue,Marketplace
4766,2023-01-27,770,Alana Novaes,F,26-35,Sul,Wand Massager Pro,Vibradores,142.7,1,0.0,Pix,Entregue,Site
220,2023-02-09,469,Bruna Teixeira,F,18-25,Centro-Oeste,Lubrificante Íntimo Aquoso 100ml,Lubrificantes,82.57,1,0.0,Cartão Débito,Entregue,Site
1169,2023-01-07,2,Isabelly Câmara,F,36-45,Nordeste,Wand Massager Pro,Vibradores,300.74,2,20.0,Pix,Entregue,Site
583,2023-05-23,184,Dra. Nicole Aragão,F,36-45,Sul,Wand Massager Pro,Vibradores,316.02,4,0.0,Pix,Entregue,App
2729,2024-08-12,79,Maria Lima,F,18-25,Centro-Oeste,Fantasia Policial,Lingerie,92.68,2,0.0,Cartão Crédito,Entregue,Site
44,2023-06-27,562,Larissa Sá,Não informado,36-45,Sudeste,Fantasia Policial,Lingerie,187.86,1,,Cartão Crédito,Entregue,Site
2415,2023-08-17,191,João Guilherme Vargas,M,26-35,Nordeste,Body Rendado Vermelho,Lingerie,199.77,1,15.0,Cartão Crédito,Entregue,Site
3054,2024-04-16,94,Ryan Cassiano,M,36-45,Sudeste,Massageador Corporal Wave,Vibradores,212.16,2,5.0,Cartão Crédito,Devolvido,App
5241,2024-05-11,726,Sophie Carvalho,Não informado,26-35,Nordeste,Mini Vibrador Discreto,Vibradores,331.55,1,20.0,Boleto,Devolvido,App
4867,2024-06-08,121,Cauê Souza,M,26-35,Sul,Mordaça Silicone,Acessórios BDSM,58.04,3,0.0,Cartão Débito,Entregue,App
719,2023-12-01,37,Zoe da Luz,F,46+,Centro-Oeste,Óleo de Massagem Relaxante,Lubrificantes,67.74,1,30.0,Cartão Crédito,Cancelado,Site
3983,2023-04-13,71,Dra. Ana Liz da Conceição,F,36-45,Sul,Lubrificante Íntimo Aquoso 100ml,Lubrificantes,57.43,1,0.0,Boleto,Cancelado,Site
671,2024-04-14,53,Daniela Freitas,F,26-35,Sudeste,Spray Prolongador,Cosméticos Íntimos,92.47,3,0.0,Boleto,Entregue,App
3376,2024-02-03,387,Luiz Gustavo Câmara,M,18-25,Sudeste,Óleo de Massagem Relaxante,Lubrificantes,70.99,3,0.0,Cartão Débito,Entregue,Marketplace
2707,2024-10-13,36,Josué Souza,M,18-25,Sul,Lubrificante Base Silicone,Lubrificantes,56.44,4,0.0,Cartão Crédito,Entregue,Site
4747,2023-11-14,59,Bruno Barros,M,18-25,Sudeste,Massageador Corporal Wave,Vibradores,239.41,1,0.0,Pix,Entregue,Marketplace
3758,2023-10-04,115,Isabelly Freitas,F,18-25,Sudeste,Lingerie Cropped com Bojo,Lingerie,135.98,1,0.0,Pix,Entregue,Site
96,2024-09-19,185,Isadora Campos,F,36-45,Nordeste,Camisola Sensual Preta,Lingerie,130.68,1,0.0,Pix,Entregue,Site
400,2023-06-15,364,Dra. Beatriz Macedo,F,46+,Sudeste,Lubrificante Íntimo Aquoso 250ml,Lubrificantes,69.92,1,0.0,Cartão Crédito,Entregue,Site
843,2023-12-12,55,Agatha Peixoto,F,46+,Nordeste,Kit Roleplay Surpresa,Jogos Adultos,70.59,3,20.0,Cartão Crédito,Entregue,Site
1303,2023-08-28,15,Julia Aparecida,F,26-35,Sudeste,Kit Roleplay Surpresa,Jogos Adultos,102.78,1,0.0,Pix,Entregue,Site
3249,2023-10-05,499,Ana Vitória Dias,Não informado,46+,Sudeste,Body Rendado Vermelho,Lingerie,176.74,3,0.0,Boleto,Entregue,Site
5102,2024-12-05,232,Marcos Vinicius Gonçalves,M,36-45,Sul,Meia-Calça Rendada,Lingerie,192.05,2,20.0,Pix,Entregue,Site
2260,2023-05-15,156,Bruna Gomes,F,26-35,Nordeste,Creme Excitante Feminino,Cosméticos Íntimos,77.22,2,15.0,Cartão Crédito,Entregue,Marketplace
4901,2023-08-03,2,Isabelly Câmara,F,36-45,Nordeste,Lubrificante Íntimo Aquoso 250ml,Lubrificantes,33.26,3,0.0,Cartão Crédito,Entregue,Site
5230,2024-02-16,244,Ravi Lucca Lopes,M,26-35,Sul,Lubrificante Sabores Baunilha,Lubrificantes,59.19,2,0.0,Pix,Entregue,App
2927,2023-03-03,417,Sr. Samuel Pimenta,M,36-45,Sul,Lubrificante Sabores Baunilha,Lubrificantes,33.0,4,0.0,Cartão Crédito,Entregue,Site
323,2023-05-03,286,Letícia Pastor,Não informado,36-45,Sul,Body Rendado Vermelho,Lingerie,178.24,1,0.0,Pix,Cancelado,Site
3981,2023-09-29,447,Diogo Azevedo,M,26-35,Sul,Vibrador Rabbit Premium,Vibradores,278.27,1,30.0,Pix,Entregue,Site
1727,2023-10-12,193,Kamilly Macedo,F,26-35,Sul,Lingerie Cropped com Bojo,Lingerie,105.05,2,0.0,Cartão Crédito,Entregue,Marketplace
2719,2023-04-10,466,Sofia Cunha,F,36-45,Sul,Mini Vibrador Discreto,Vibradores,429.73,1,20.0,Pix,Entregue,Site
335,2024-06-16,14,Aylla Fogaça,F,36-45,Sudeste,Mordaça Silicone,Acessórios BDSM,121.97,2,0.0,Cartão Crédito,Entregue,Site
3541,2023-12-22,66,Dr. Pedro Lucas Moreira,M,26-35,Sudeste,Lingerie Cropped com Bojo,Lingerie,172.59,2,0.0,Pix,Entregue,Site
1783,2023-03-08,169,Giovanna Lopes,F,36-45,Sudeste,Lubrificante Sabores Baunilha,Lubrificantes,40.15,1,20.0,Cartão Crédito,Entregue,Site
834,2023-09-12,54,Ágatha Vasconcelos,F,18-25,Sul,Mini Vibrador Discreto,Vibradores,153.76,2,5.0,Cartão Crédito,Entregue,App
2188,2024-03-01,375,Anthony Martins,M,36-45,Sul,Óleo de Massagem Relaxante,Lubrificantes,70.3,1,0.0,Pix,Entregue,Marketplace
5433,2023-07-06,299,Ísis Câmara,F,26-35,Sul,Vibrador Duplo Prazer,Vibradores,301.74,4,25.0,Cartão Crédito,Entregue,Site
1004,2024-12-21,344,Zoe Mendes,F,26-35,Sudeste,Mordaça Silicone,Acessórios BDSM,144.32,2,0.0,Pix,Entregue,Site
1979,2023-12-23,502,Nathan Almeida,M,36-45,Sudeste,Camisola Sensual Preta,Lingerie,75.99,1,10.0,Pix,Entregue,Marketplace
732,2023-06-05,426,Isabelly Cardoso,F,26-35,Sul,Lingerie Cropped com Bojo,Lingerie,87.1,2,0.0,Pix,Entregue,Site
292,2023-06-11,11,Otávio Fernandes,M,36-45,Sul,Lubrificante Íntimo Aquoso 250ml,Lubrificantes,34.15,1,0.0,Cartão Crédito,Entregue,App
185,2024-05-26,83,Evelyn Correia,F,26-35,Nordeste,Body Rendado Vermelho,Lingerie,68.27,2,5.0,Pix,Entregue,Marketplace
4553,2024-02-05,47,João Felipe Vargas,M,18-25,Sul,Dado do Prazer,Jogos Adultos,72.47,1,0.0,Boleto,Entregue,App
1455,2024-01-19,9,Pietro Pastor,M,26-35,Sudeste,Gel Térmico Sensação Quente,Cosméticos Íntimos,51.2,2,0.0,Boleto,Entregue,Site
4787,2024-05-08,507,Maria Laura das Neves,F,36-45,Sudeste,Lubrificante Íntimo Aquoso 100ml,Lubrificantes,64.76,1,0.0,Boleto,Entregue,App
534,2024-12-12,219,José Barros,M,26-35,Sudeste,Kit Roleplay Surpresa,Jogos Adultos,94.46,1,0.0,Cartão Crédito,Entregue,Site
3579,2023-08-01,352,Sarah Pastor,F,46+,Sudeste,Lingerie Cropped com Bojo,Lingerie,71.98,2,0.0,Cartão Crédito,Devolvido,Marketplace
1118,2023-04-22,509,Ana Vitória Moraes,F,26-35,Sudeste,Colar e Guia BDSM,Acessórios BDSM,240.66,2,0.0,Pix,Entregue,Site
2460,2023-07-20,141,Lívia Viana,F,36-45,Sudeste,Óleo de Massagem Relaxante,Lubrificantes,64.75,3,0.0,Cartão Crédito,Entregue,App
3485,2024-06-23,235,Dr. Dante Vieira,M,18-25,Sudeste,Lubrificante Base Silicone,Lubrificantes,78.02,1,10.0,Boleto,Entregue,Marketplace
658,2024-12-31,124,Gustavo Rodrigues,M,26-35,Nordeste,Creme Excitante Feminino,Cosméticos Íntimos,84.59,3,0.0,Pix,Cancelado,Site
3796,2023-08-16,285,Maria Helena Machado,F,36-45,Centro-Oeste,Creme Excitante Feminino,Cosméticos Íntimos,59.09,1,0.0,Pix,Entregue,Site
2158,2023-02-24,118,Dra. Alexia Rios,F,46+,Sudeste,Massageador Corporal Wave,Vibradores,468.31,2,0.0,Pix,Entregue,Site
4473,2023-02-27,65,Maria Liz Rios,F,46+,Sul,Fantasia Enfermeira,Lingerie,154.97,1,25.0,Pix,Cancelado,Marketplace
3977,2024-11-19,129,Julia Castro,F,26-35,Sudeste,Creme Retardante Masculino,Cosméticos Íntimos,140.04,3,0.0,Pix,Entregue,App
899,2023-06-14,4,Dra. Aurora Pastor,F,26-35,Sul,Creme Retardante Masculino,Cosméticos Íntimos,47.71,1,0.0,Pix,Entregue,App
429,2024-02-21,119,Letícia Ribeiro,Não informado,18-25,Norte,Vibrador Duplo Prazer,Vibradores,185.73,3,0.0,Cartão Débito,Entregue,Site
3617,2024-03-25,220,Antony Souza,M,18-25,Sudeste,Kit Iniciante BDSM 5 Peças,Acessórios BDSM,190.04,1,0.0,Pix,Entregue,Site
4285,2024-03-23,217,Lunna Fernandes,F,26-35,Sudeste,Body Rendado Vermelho,Lingerie,64.9,3,0.0,Boleto,Entregue,Marketplace
3320,2023-02-27,381,Cauê da Costa,M,26-35,Sudeste,Creme Excitante Feminino,Cosméticos Íntimos,47.44,5,0.0,Cartão Crédito,Entregue,Marketplace
4916,2024-12-03,575,Ayla Câmara,F,46+,Nordeste,Vibrador Duplo Prazer,Vibradores,409.34,1,0.0,Cartão Crédito,Devolvido,Marketplace
1177,2023-05-10,389,Sr. Calebe Pires,M,18-25,Sudeste,Wand Massager Pro,Vibradores,354.41,2,0.0,Pix,Entregue,Marketplace
4270,2024-12-30,625,Anna Liz Lopes,F,36-45,Sudeste,Lubrificante Base Silicone,Lubrificantes,71.6,1,0.0,Pix,Entregue,App
1433,2024-05-10,183,Henry Cavalcanti,M,26-35,Nordeste,Fantasia Policial,Lingerie,148.8,3,20.0,Pix,Entregue,Site
4679,2024-10-16,300,Srta. Juliana Casa Grande,F,26-35,Sul,Camisola Sensual Preta,Lingerie,167.35,1,0.0,Cartão Crédito,Entregue,Site
3995,2023-03-12,184,Dra. Nicole Aragão,F,36-45,Sul,Perfume Íntimo Floral,Cosméticos Íntimos,59.71,3,0.0,Cartão Crédito,Entregue,Site
3484,2023-02-21,585,Alana Barros,F,26-35,Sudeste,Mordaça Silicone,Acessórios BDSM,253.11,1,0.0,Pix,Entregue,Site
2120,2024-02-18,517,Pietro Rodrigues,M,36-45,Nordeste,Jogo Tabuleiro Casais,Jogos Adultos,117.09,1,0.0,Pix,Cancelado,App
2078,2023-12-14,164,Dr. Luan Guerra,M,26-35,Sudeste,Massageador Corporal Wave,Vibradores,344.06,1,10.0,Cartão Crédito,Entregue,App
3986,2023-12-31,603,Mathias Freitas,M,18-25,Sul,Fantasia Enfermeira,Lingerie,94.36,2,0.0,Boleto,Entregue,App
3627,2023-10-20,1,Sr. Apollo Sousa,M,18-25,Sudeste,Corda de Shibari 5m,Acessórios BDSM,291.53,3,20.0,Cartão Crédito,Entregue,Site
2451,2024-07-26,87,Beatriz Aragão,F,46+,Centro-Oeste,Conjunto Lingerie Boudoir,Lingerie,143.58,2,5.0,Pix,Entregue,App
5200,2024-07-23,92,Alexandre Gomes,M,18-25,Sudeste,Sabonete Íntimo pH Neutro,Cosméticos Íntimos,81.3,1,0.0,Cartão Crédito,Entregue,App
3962,2024-09-20,137,Luiz Gustavo Vasconcelos,M,26-35,Nordeste,Wand Massager Pro,Vibradores,475.36,5,0.0,Pix,Entregue,Site
3968,2024-04-05,12,Eduardo Cunha,Não informado,26-35,Sul,Meia-Calça Rendada,Lingerie,99.11,1,0.0,Cartão Crédito,Entregue,Site
2747,2023-09-02,232,Marcos Vinicius Gonçalves,M,36-45,Sul,Vibrador Clássico Silicone,Vibradores,134.38,1,15.0,Cartão Crédito,Entregue,Site
3488,2023-07-09,15,Julia Aparecida,F,26-35,Sudeste,Óleo de Massagem Relaxante,Lubrificantes,37.77,1,0.0,Pix,Entregue,Site
4673,2023-04-06,338,Thomas Souza,M,26-35,Sudeste,Camisola Sensual Preta,Lingerie,126.22,1,15.0,Boleto,Entregue,App
1323,2024-05-30,501,Oliver da Rocha,M,46+,Sudeste,Fantasia Policial,Lingerie,136.93,1,0.0,Pix,Entregue,App
1324,2024-04-26,69,Heloísa Pastor,F,26-35,Sudeste,Lingerie Cropped com Bojo,Lingerie,137.74,1,0.0,Cartão Débito,Entregue,Site
3629,2023-12-09,402,Alice da Luz,F,26-35,Sudeste,Venda para Olhos Satin,Acessórios BDSM,155.25,1,10.0,Pix,Entregue,Site
71,2024-12-27,381,Cauê da Costa,M,26-35,Sudeste,Lubrificante Sabores Baunilha,Lubrificantes,81.0,1,0.0,Pix,Entregue,App
3668,2023-07-31,49,Eduarda Marques,F,26-35,Sul,Fantasia Policial,Lingerie,66.07,1,0.0,Cartão Débito,Entregue,App
3092,2023-12-25,666,Maria Luísa Oliveira,F,26-35,Nordeste,Gel Excitante Feminino,Lubrificantes,74.0,2,0.0,Pix,Entregue,Marketplace
2572,2023-12-04,556,Vinicius Andrade,M,36-45,Sul,Lubrificante Sabores Morango,Lubrificantes,70.45,1,0.0,Boleto,Cancelado,Marketplace
1254,2024-12-29,38,Dra. Mariane Pacheco,F,26-35,Sudeste,Body Coelhinha Plus Size,Lingerie,182.35,1,0.0,Cartão Débito,Entregue,App
1658,2023-07-01,101,Bernardo Rocha,M,26-35,Nordeste,Lubrificante Base Silicone,Lubrificantes,65.18,2,30.0,Cartão Crédito,Entregue,App
832,2024-03-06,164,Dr. Luan Guerra,M,26-35,Sudeste,Kit Roleplay Surpresa,Jogos Adultos,72.34,1,0.0,Cartão Débito,Entregue,Site
4931,2024-02-11,151,Lucas Alves,M,36-45,Sul,Creme Retardante Masculino,Cosméticos Íntimos,103.32,1,0.0,Cartão Crédito,Entregue,Site
1336,2024-02-07,279,Danilo Azevedo,M,26-35,Sul,Kit Algemas Veludo,Acessórios BDSM,145.69,2,5.0,Cartão Crédito,Entregue,Site
2804,2023-10-25,672,Davi Moreira,M,36-45,Sudeste,Sabonete Íntimo pH Neutro,Cosméticos Íntimos,59.64,3,0.0,Pix,Entregue,Site
239,2023-02-08,276,Larissa Melo,F,18-25,Sul,Jogo Tabuleiro Casais,Jogos Adultos,85.44,2,10.0,Pix,Cancelado,App
2504,2024-08-04,662,Léo Martins,M,18-25,Nordeste,Colar e Guia BDSM,Acessórios BDSM,67.88,3,0.0,Cartão Crédito,Devolvido,Site
5044,2023-07-31,291,Eduarda da Costa,F,36-45,Sudeste,Body Rendado Vermelho,Lingerie,171.41,2,25.0,Cartão Crédito,Entregue,Marketplace
2865,2023-02-25,157,Gabriel da Cunha,M,18-25,Sudeste,Lubrificante Sabores Baunilha,Lubrificantes,63.91,3,15.0,Pix,Entregue,Site
2381,2023-10-03,435,Antony Cavalcanti,M,36-45,Nordeste,Vibrador Ponto G Flex,Vibradores,162.99,1,0.0,Pix,Entregue,Site
4384,2023-09-20,225,Isaque Cardoso,Não informado,26-35,Sul,Gel Excitante Masculino,Lubrificantes,77.75,1,0.0,Cartão Crédito,Entregue,Site
2974,2024-03-05,346,Marcos Vinicius Marques,M,26-35,Sudeste,Dado do Prazer,Jogos Adultos,74.55,3,0.0,Cartão Crédito,Entregue,Marketplace
1002,2023-08-26,211,Ravi Lucca Cardoso,Não informado,26-35,Sudeste,Vibrador Duplo Prazer,Vibradores,271.99,1,25.0,Cartão Crédito,Entregue,App
1492,2024-05-22,128,Lívia Vargas,F,26-35,Sudeste,Body Rendado Vermelho,Lingerie,139.65,1,0.0,Boleto,Cancelado,App
4354,2023-05-28,666,Maria Luísa Oliveira,F,26-35,Nordeste,Gel Excitante Masculino,Lubrificantes,59.37,1,0.0,Pix,Cancelado,App
1889,2024-06-11,339,Bernardo da Mota,M,26-35,Sudeste,Wand Massager Pro,Vibradores,279.33,1,0.0,Cartão Crédito,Entregue,Site
1413,2023-01-13,87,Beatriz Aragão,F,46+,Centro-Oeste,Vibrador Rabbit Premium,Vibradores,94.13,1,0.0,Cartão Crédito,Entregue,Site
958,2024-01-17,14,Aylla Fogaça,F,36-45,Sudeste,Lubrificante Íntimo Aquoso 100ml,Lubrificantes,47.75,1,0.0,Pix,Entregue,Marketplace
5297,2024-10-07,172,Sophia Melo,F,36-45,Nordeste,Vibrador Rabbit Premium,Vibradores,360.71,1,30.0,Boleto,Entregue,Site
2813,2024-02-15,291,Eduarda da Costa,F,36-45,Sudeste,Vibrador Ponto G Flex,Vibradores,351.5,3,20.0,Boleto,Entregue,Site
3967,2023-06-07,101,Bernardo Rocha,M,26-35,Nordeste,Vibrador Clássico Silicone,Vibradores,372.88,2,0.0,Pix,Entregue,App
2621,2023-09-20,398,Maitê Camargo,F,18-25,Sudeste,Lingerie Cropped com Bojo,Lingerie,134.92,3,5.0,Boleto,Entregue,Site
5331,2023-02-03,83,Evelyn Correia,F,26-35,Nordeste,Mini Vibrador Discreto,Vibradores,341.89,1,0.0,Cartão Crédito,Entregue,App
4406,2023-05-09,304,Nathan da Mata,M,26-35,Centro-Oeste,Sabonete Íntimo pH Neutro,Cosméticos Íntimos,125.61,2,0.0,Cartão Débito,Entregue,Marketplace
2634,2024-09-14,51,Thiago Caldeira,Não informado,36-45,Sul,Vibrador Clássico Silicone,Vibradores,206.44,2,0.0,Cartão Crédito,Entregue,App
1559,2023-10-27,457,Jade Freitas,F,46+,Sudeste,Lubrificante Íntimo Aquoso 100ml,Lubrificantes,47.99,1,0.0,Boleto,Entregue,Site
1035,2023-11-10,23,Elisa Freitas,F,18-25,Sudeste,Lingerie Cropped com Bojo,Lingerie,118.42,4,15.0,Cartão Crédito,Entregue,Site
2620,2024-08-24,104,Asafe Pinto,M,46+,Sudeste,Creme Excitante Feminino,Cosméticos Íntimos,40.67,1,0.0,Cartão Crédito,Entregue,App
932,2023-08-11,451,Marina Brito,F,26-35,Norte,Lubrificante Base Silicone,Lubrificantes,46.15,1,0.0,Pix,Entregue,Marketplace
5068,2023-02-18,113,Hadassa Montenegro,F,36-45,Sul,Lubrificante Íntimo Aquoso 100ml,Lubrificantes,57.81,1,0.0,Cartão Débito,Entregue,Site
2880,2023-07-07,58,Ana Laura da Costa,F,26-35,Nordeste,Lubrificante Íntimo Aquoso 250ml,Lubrificantes,55.22,1,0.0,Pix,Entregue,Site
634,2024-06-24,206,Dra. Ísis Pereira,F,36-45,Sudeste,Conjunto Lingerie Boudoir,Lingerie,125.69,3,0.0,Pix,Entregue,Site
1514,2024-12-20,6,Helena da Conceição,F,26-35,Sul,Lingerie Cropped com Bojo,Lingerie,95.64,2,25.0,Cartão Crédito,Entregue,Site
499,2024-08-25,712,Sra. Maria Luiza Fonseca,F,18-25,Sul,Jogo de Cartas Sexo Quiz,Jogos Adultos,74.53,2,0.0,Pix,Entregue,Marketplace
1545,2024-01-15,680,Daniela Cavalcante,F,26-35,Nordeste,Fantasia Enfermeira,Lingerie,71.42,2,0.0,Pix,Entregue,Site
416,2024-02-09,163,Sofia das Neves,F,36-45,Sul,Lingerie Cropped com Bojo,Lingerie,199.41,2,30.0,Cartão Débito,Entregue,
3297,2024-02-28,278,Ana Júlia da Cunha,F,26-35,Sul,Lubrificante Base Silicone,Lubrificantes,60.23,2,25.0,Cartão Débito,Entregue,Site
3680,2023-12-29,137,Luiz Gustavo Vasconcelos,M,26-35,Nordeste,Lubrificante Íntimo Aquoso 250ml,Lubrificantes,63.65,1,0.0,Pix,Cancelado,Site
2278,2023-11-19,192,Raquel Pires,Não informado,26-35,Nordeste,Lubrificante Sabores Morango,Lubrificantes,71.56,2,15.0,Cartão Crédito,Entregue,App
1408,2024-09-20,416,Eduardo Leão,M,18-25,Nordeste,Jogo de Cartas Sexo Quiz,Jogos Adultos,80.8,1,15.0,Cartão Crédito,Entregue,Marketplace
758,2024-12-14,206,Dra. Ísis Pereira,F,36-45,Sudeste,Creme Retardante Masculino,Cosméticos Íntimos,48.27,1,10.0,Pix,Entregue,Site
1704,2024-12-11,192,Raquel Pires,Não informado,26-35,Nordeste,Lubrificante Íntimo Aquoso 250ml,Lubrificantes,62.42,1,0.0,Cartão Crédito,Entregue,Site
1042,2024-12-29,400,Miguel Novais,M,46+,Sudeste,Fantasia Policial,Lingerie,60.28,1,25.0,Pix,Entregue,App
2772,2024-12-25,89,Enzo Jesus,M,36-45,Sul,Vibrador Duplo Prazer,Vibradores,151.5,3,20.0,Cartão Crédito,Entregue,Site
2551,2023-08-04,118,Dra. Alexia Rios,F,46+,Sudeste,Lubrificante Íntimo Aquoso 250ml,Lubrificantes,81.43,1,30.0,Pix,Entregue,Site
2678,2024-02-23,17,Bruno Novaes,M,26-35,Sudeste,Fantasia Enfermeira,Lingerie,193.05,1,0.0,Cartão Crédito,Entregue,Marketplace
1744,2024-11-28,4,Dra. Aurora Pastor,F,26-35,Sul,Wand Massager Pro,Vibradores,307.05,3,20.0,Cartão Crédito,Entregue,App
597,2024-05-25,292,Ana Vitória Castro,F,36-45,Sul,Gel Excitante Masculino,Lubrificantes,39.59,1,0.0,Pix,Entregue,App
1894,2023-04-21,64,Gabriela Silva,F,26-35,Sudeste,Lingerie Cropped com Bojo,Lingerie,108.88,1,20.0,Pix,Entregue,App
5328,2024-01-17,47,João Felipe Vargas,M,18-25,Sul,Fantasia Enfermeira,Lingerie,174.4,4,0.0,Pix,Cancelado,App
3354,2024-02-28,192,Raquel Pires,Não informado,26-35,Nordeste,Vibrador Ponto G Flex,Vibradores,114.0,2,10.0,Pix,Entregue,Site
653,2024-10-16,237,Mariane Ribeiro,F,18-25,Nordeste,Óleo de Massagem Relaxante,Lubrificantes,89.14,3,0.0,Boleto,Entregue,Site
1903,2024-11-04,370,Emilly Cavalcante,Não informado,36-45,Sudeste,Lubrificante Base Silicone,Lubrificantes,48.52,1,0.0,Boleto,Cancelado,Marketplace
1412,2023-07-20,33,Luara Cunha,Não informado,26-35,Norte,Gel Excitante Masculino,Lubrificantes,56.47,3,0.0,Cartão Crédito,Entregue,App
4090,2024-08-11,13,Cauã Borges,M,36-45,Nordeste,Kit Iniciante BDSM 5 Peças,Acessórios BDSM,224.79,1,0.0,Cartão Crédito,Entregue,Site
2487,2023-09-27,180,Dr. Thales Guerra,M,36-45,Sudeste,Conjunto Lingerie Boudoir,Lingerie,62.03,1,0.0,Pix,Entregue,App
5012,2024-12-12,322,Théo Abreu,M,18-25,Sudeste,Fantasia Policial,Lingerie,70.52,3,0.0,Pix,Entregue,App
2459,2024-10-20,183,Henry Cavalcanti,M,26-35,Nordeste,Vibrador Clássico Silicone,Vibradores,363.46,1,0.0,Cartão Crédito,Entregue,App
76,2023-07-05,341,Juliana Abreu,F,26-35,Nordeste,Gel Excitante Masculino,Lubrificantes,73.41,2,30.0,Boleto,Entregue,Site
4306,2023-11-14,24,Giovanna Rios,F,26-35,Centro-Oeste,Conjunto Lingerie Boudoir,Lingerie,112.16,2,0.0,Boleto,Entregue,Site
3114,2023-06-24,27,Elisa Martins,F,26-35,Sul,Massageador Corporal Wave,Vibradores,168.33,1,0.0,Pix,Entregue,Site
4821,2024-11-24,93,Mirella da Paz,F,26-35,Sudeste,Cartas Posições Kamasutra,Jogos Adultos,54.98,1,5.0,Pix,Entregue,App
3373,2024-07-13,85,Emilly da Mota,F,26-35,Norte,Wand Massager Pro,Vibradores,181.22,1,0.0,Cartão Crédito,Cancelado,Marketplace
1845,2024-01-23,631,Sra. Marcela Machado,F,18-25,Nordeste,Lubrificante Sabores Morango,Lubrificantes,57.03,1,10.0,Cartão Crédito,Entregue,Site
2597,2024-04-26,88,Sr. Caleb Sá,M,26-35,Sudeste,Fantasia Policial,Lingerie,113.2,1,0.0,Pix,Entregue,App
1731,2024-03-12,101,Bernardo Rocha,M,26-35,Nordeste,Corda de Shibari 5m,Acessórios BDSM,129.47,1,0.0,Pix,Entregue,Site
2146,2024-05-20,434,Isaac Pastor,M,36-45,Nordeste,Gel Excitante Feminino,Lubrificantes,53.77,2,0.0,Pix,Entregue,Site
4314,2023-10-13,506,Murilo Moura,M,26-35,Sul,Lubrificante Íntimo Aquoso 250ml,Lubrificantes,85.5,2,0.0,Cartão Crédito,Entregue,Site
1011,2024-02-08,70,Alana Barbosa,F,26-35,Norte,Vibrador Rabbit Premium,Vibradores,436.98,1,0.0,Pix,Entregue,Site
1030,2023-03-26,443,Srta. Ana Liz Mendes,F,18-25,Nordeste,Vibrador Duplo Prazer,Vibradores,93.38,1,0.0,Pix,Devolvido,Marketplace
1722,2023-11-04,36,Josué Souza,M,18-25,Sul,Dominó Erótico,Jogos Adultos,54.45,1,0.0,Cartão Crédito,Entregue,Marketplace
829,2024-01-20,348,Maria Isis da Conceição,F,36-45,Sul,Dominó Erótico,Jogos Adultos,58.67,1,0.0,Pix,Entregue,App
3653,2023-10-01,441,Augusto Siqueira,M,46+,Sudeste,Fantasia Policial,Lingerie,191.11,1,0.0,Pix,Entregue,Site
97,2023-02-21,200,Nina Leão,F,18-25,Centro-Oeste,Lingerie Cropped com Bojo,Lingerie,116.36,1,0.0,Boleto,Entregue,Marketplace
4528,2024-01-28,569,Cecilia da Cunha,F,46+,Nordeste,Lubrificante Íntimo Aquoso 250ml,Lubrificantes,62.29,3,0.0,Cartão Débito,Entregue,Site
4481,2023-07-18,49,Eduarda Marques,F,26-35,Sul,Kit Iniciante BDSM 5 Peças,Acessórios BDSM,285.7,4,0.0,Pix,Entregue,Marketplace
2955,2023-10-16,584,Olivia Machado,F,26-35,Sul,Mordaça Silicone,Acessórios BDSM,259.85,1,0.0,Pix,Entregue,App
622,2023-03-20,66,Dr. Pedro Lucas Moreira,M,26-35,Sudeste,Lubrificante Sabores Morango,Lubrificantes,67.91,1,0.0,Pix,Cancelado,App
567,2024-02-23,137,Luiz Gustavo Vasconcelos,M,26-35,Nordeste,Lubrificante Íntimo Aquoso 100ml,Lubrificantes,67.46,1,0.0,Cartão Crédito,Entregue,Site
544,2023-05-20,295,Isabel da Paz,F,36-45,Centro-Oeste,Conjunto Lingerie Boudoir,Lingerie,116.67,2,,Pix,Entregue,App
1615,2023-07-24,112,Beatriz Barbosa,F,36-45,Nordeste,Wand Massager Pro,Vibradores,264.4,1,0.0,Pix,Devolvido,Marketplace
52,2024-12-04,384,Sra. Kamilly Albuquerque,F,18-25,Sul,Lubrificante Íntimo Aquoso 100ml,Lubrificantes,47.59,1,5.0,Pix,Cancelado,Site
2699,2023-05-20,383,Juan Almeida,M,26-35,Sudeste,Kit Cuidados Íntimos,Cosméticos Íntimos,46.88,1,0.0,Cartão Crédito,Entregue,Site
2928,2023-09-08,745,Srta. Cecilia Moreira,F,26-35,Sudeste,Spray Prolongador,Cosméticos Íntimos,50.82,2,0.0,Pix,Entregue,Marketplace
746,2023-07-02,545,Bryan das Neves,M,36-45,Norte,Wand Massager Pro,Vibradores,304.05,2,0.0,Cartão Crédito,Cancelado,App
3913,2023-02-26,2,Isabelly Câmara,F,36-45,Nordeste,Gel Excitante Masculino,Lubrificantes,89.4,2,0.0,Pix,Entregue,Site
1695,2023-02-14,126,Ana Júlia Borges,F,36-45,Sudeste,Fantasia Enfermeira,Lingerie,156.99,4,0.0,Pix,Entregue,App
1427,2023-04-25,2,Isabelly Câmara,F,36-45,Nordeste,Jogo Tabuleiro Casais,Jogos Adultos,53.71,2,0.0,Cartão Crédito,Entregue,App
196,2023-08-16,118,Dra. Alexia Rios,F,46+,Sudeste,Gel Excitante Masculino,Lubrificantes,85.05,1,0.0,Cartão Crédito,Entregue,Site
1225,2023-12-31,149,Luiz Fernando Ramos,M,36-45,Nordeste,Body Coelhinha Plus Size,Lingerie,139.85,1,0.0,Pix,Entregue,Site
4079,2023-07-23,377,Melina Ferreira,F,18-25,Nordeste,Mini Vibrador Discreto,Vibradores,122.35,1,0.0,Boleto,Entregue,Site
5341,2023-02-18,422,Dr. Bento Gonçalves,M,26-35,Nordeste,Lubrificante Sabores Baunilha,Lubrificantes,60.6,1,10.0,Cartão Débito,Entregue,App
803,2023-07-27,231,Apollo das Neves,M,26-35,Nordeste,Vibrador Duplo Prazer,Vibradores,130.42,1,0.0,Cartão Crédito,Entregue,App
3690,2024-12-23,6,Helena da Conceição,F,26-35,Sul,Lingerie Cropped com Bojo,Lingerie,110.37,1,0.0,Cartão Crédito,Entregue,App
3482,2024-02-01,229,Bruna Vasconcelos,F,26-35,Sul,Spray Prolongador,Cosméticos Íntimos,87.59,3,0.0,Pix,Entregue,App
2007,2023-10-27,163,Sofia das Neves,F,36-45,Sul,Dominó Erótico,Jogos Adultos,56.16,1,0.0,Cartão Débito,Entregue,App
4353,2023-07-06,147,Evelyn Guerra,F,36-45,Sul,Wand Massager Pro,Vibradores,142.94,1,0.0,Cartão Crédito,Entregue,Site
3136,2024-04-17,256,Renan Ramos,M,26-35,Nordeste,Massageador Corporal Wave,Vibradores,475.01,1,10.0,Pix,Entregue,App
3587,2024-11-30,165,Sra. Carolina Correia,F,18-25,Sudeste,Lubrificante Íntimo Aquoso 100ml,Lubrificantes,30.18,5,0.0,Cartão Crédito,Entregue,Marketplace
1298,2024-05-30,31,Luara Guerra,F,36-45,Nordeste,Lubrificante Base Silicone,Lubrificantes,48.98,1,30.0,Cartão Débito,Entregue,Marketplace
4282,2024-12-15,345,Lucas Gabriel Novaes,M,18-25,Sudeste,Colar e Guia BDSM,Acessórios BDSM,115.67,1,0.0,Cartão Crédito,Entregue,Site
645,2024-10-23,36,Josué Souza,M,18-25,Sul,Vibrador Clássico Silicone,Vibradores,111.69,1,0.0,Pix,Entregue,Site
1469,2024-06-08,499,Ana Vitória Dias,Não informado,46+,Sudeste,Conjunto Lingerie Boudoir,Lingerie,109.77,2,0.0,Pix,Entregue,Site
4166,2023-05-01,135,Ana Cecília Fogaça,F,46+,Nordeste,Lubrificante Sabores Baunilha,Lubrificantes,68.34,1,20.0,Pix,Entregue,Site
5374,2024-08-19,390,Sr. Leonardo Viana,M,18-25,Sudeste,Venda para Olhos Satin,Acessórios BDSM,239.26,1,0.0,Pix,Entregue,Marketplace
121,2024-02-22,418,Lara Andrade,F,26-35,Nordeste,Lingerie Cropped com Bojo,Lingerie,104.2,1,0.0,Pix,Entregue,Site
2517,2023-12-26,6,Helena da Conceição,F,26-35,Sul,Corda de Shibari 5m,Acessórios BDSM,115.86,1,0.0,Cartão Crédito,Entregue,Site
4359,2024-08-12,228,Maria Eduarda Cavalcante,F,18-25,Sudeste,Fantasia Policial,Lingerie,76.29,1,10.0,Cartão Crédito,Entregue,Marketplace
2338,2023-05-20,127,Sra. Kamilly Aparecida,F,36-45,Nordeste,Fantasia Policial,Lingerie,85.96,1,0.0,Pix,Entregue,Site
5163,2024-09-16,109,Caroline Rios,F,36-45,Sudeste,Body Rendado Vermelho,Lingerie,98.34,1,15.0,Boleto,Cancelado,App
2958,2023-06-24,486,Théo Camargo,Não informado,26-35,Sudeste,Meia-Calça Rendada,Lingerie,95.34,1,0.0,Pix,Entregue,Site
3880,2023-06-19,73,Sophie da Costa,F,36-45,Sudeste,Óleo de Massagem Relaxante,Lubrificantes,66.94,1,5.0,Cartão Crédito,Entregue,Site
2999,2023-07-11,95,Juan Cunha,M,26-35,Sul,Lubrificante Sabores Morango,Lubrificantes,35.14,3,20.0,Cartão Crédito,Entregue,Marketplace
4437,2024-06-26,119,Letícia Ribeiro,Não informado,18-25,Norte,Sabonete Íntimo pH Neutro,Cosméticos Íntimos,57.4,1,0.0,Cartão Crédito,Entregue,Marketplace
3716,2024-03-10,103,Isadora Pacheco,F,46+,Nordeste,Lingerie Cropped com Bojo,Lingerie,146.33,1,30.0,Cartão Crédito,Entregue,Marketplace
135,2023-08-26,630,Mariane Cavalcante,F,36-45,Sudeste,Lubrificante Íntimo Aquoso 100ml,Lubrificantes,70.02,1,20.0,Cartão Crédito,Entregue,Site
3014,2024-02-10,120,Catarina da Luz,F,18-25,Sul,Massageador Corporal Wave,Vibradores,234.1,1,0.0,Cartão Crédito,Cancelado,Marketplace
2452,2024-01-18,689,Ana Liz Castro,F,26-35,Sul,Lubrificante Íntimo Aquoso 250ml,Lubrificantes,64.44,2,25.0,Pix,Cancelado,Site
4837,2023-08-02,130,Sra. Mariane Novais,F,46+,Nordeste,Fantasia Policial,Lingerie,188.1,5,0.0,Pix,Entregue,App
1558,2024-01-08,145,Natália Ferreira,F,46+,Sul,Kit Cuidados Íntimos,Cosméticos Íntimos,109.51,2,10.0,Pix,Entregue,App
3198,2023-01-25,507,Maria Laura das Neves,F,36-45,Sudeste,Jogo Tabuleiro Casais,Jogos Adultos,112.54,4,0.0,Pix,Entregue,Site
512,2023-11-30,148,Dr. Bernardo Vargas,Não informado,26-35,Norte,Óleo de Massagem Relaxante,Lubrificantes,53.91,2,0.0,Pix,Cancelado,Marketplace
63,2024-02-25,443,Srta. Ana Liz Mendes,F,18-25,Nordeste,Meia-Calça Rendada,Lingerie,65.15,1,0.0,Cartão Crédito,Entregue,Site
3700,2024-12-17,86,Isadora Barbosa,Não informado,18-25,Sudeste,Gel Excitante Masculino,Lubrificantes,62.64,1,0.0,Cartão Crédito,Entregue,App
5090,2023-10-19,36,Josué Souza,M,18-25,Sul,Body Rendado Vermelho,Lingerie,170.35,1,10.0,Cartão Crédito,Entregue,App
2802,2023-01-13,559,Eloah Silveira,F,26-35,Sul,Dominó Erótico,Jogos Adultos,59.22,1,0.0,Pix,Entregue,App
3277,2023-02-22,461,Dr. Davi Lucca Novais,M,36-45,Sul,Sabonete Íntimo pH Neutro,Cosméticos Íntimos,98.66,1,0.0,Pix,Entregue,App
3609,2024-05-11,596,Lavínia Lima,F,36-45,Sudeste,Chicote de Couro Soft,Acessórios BDSM,101.86,1,0.0,Pix,Devolvido,Marketplace
123,2024-11-07,106,Vicente Dias,M,26-35,Sul,Vibrador Rabbit Premium,Vibradores,145.82,1,25.0,Pix,Entregue,Site
3275,2023-01-06,452,Sr. Yuri Silveira,M,36-45,Sudeste,Vibrador Duplo Prazer,Vibradores,422.79,3,5.0,Cartão Crédito,Entregue,Marketplace
3536,2024-04-30,39,Luiz Miguel Câmara,M,36-45,Sudeste,Lubrificante Sabores Baunilha,Lubrificantes,33.58,1,0.0,Cartão Crédito,Entregue,App
3539,2024-02-16,296,Dr. Rafael Barbosa,M,18-25,Sul,Vibrador Clássico Silicone,Vibradores,310.5,1,10.0,Pix,Entregue,Site
4188,2023-12-14,232,Marcos Vinicius Gonçalves,M,36-45,Sul,Gel Excitante Feminino,Lubrificantes,80.71,1,0.0,Boleto,Entregue,App
1211,2023-02-18,152,Joana Cavalcanti,F,26-35,Sul,Gel Excitante Masculino,Lubrificantes,59.42,1,0.0,Pix,Entregue,Site
568,2024-08-20,157,Gabriel da Cunha,M,18-25,Sudeste,Lingerie Cropped com Bojo,Lingerie,192.29,1,0.0,Cartão Crédito,Entregue,Site
4840,2023-05-26,89,Enzo Jesus,M,36-45,Sul,Vibrador Ponto G Flex,Vibradores,386.89,1,0.0,Cartão Débito,Entregue,Site
3915,2023-11-22,687,Rafaela da Cruz,F,46+,Sul,Mini Vibrador Discreto,Vibradores,399.94,1,15.0,Pix,Cancelado,Marketplace
865,2024-07-27,141,Lívia Viana,F,36-45,Sudeste,Camisola Sensual Preta,Lingerie,115.62,2,0.0,Pix,Entregue,Marketplace
4699,2023-03-09,42,Eduarda Vieira,F,18-25,Sudeste,Cartas Posições Kamasutra,Jogos Adultos,98.01,1,30.0,Cartão Crédito,Entregue,Site
3866,2023-10-30,121,Cauê Souza,M,26-35,Sul,Vibrador Rabbit Premium,Vibradores,373.72,2,0.0,Cartão Crédito,Entregue,Site
4344,2023-06-16,440,Rael Montenegro,M,18-25,Nordeste,Vibrador Rabbit Premium,Vibradores,193.3,3,0.0,Cartão Débito,Entregue,Site
1508,2023-09-08,206,Dra. Ísis Pereira,F,36-45,Sudeste,Creme Excitante Feminino,Cosméticos Íntimos,129.78,2,0.0,Cartão Crédito,Cancelado,Site
1372,2023-03-15,56,Rebeca Almeida,F,26-35,Sul,Mordaça Silicone,Acessórios BDSM,135.46,1,0.0,Cartão Débito,Entregue,App
721,2023-09-29,620,Maya Guerra,F,36-45,Centro-Oeste,Lubrificante Base Silicone,Lubrificantes,73.91,1,0.0,Boleto,Devolvido,Marketplace
4949,2024-10-11,415,Dra. Ágatha Leão,F,26-35,Sudeste,Lubrificante Íntimo Aquoso 250ml,Lubrificantes,30.69,1,0.0,Pix,Entregue,Marketplace
2488,2024-09-03,489,Sra. Ana Clara Câmara,F,26-35,Centro-Oeste,Óleo de Massagem Relaxante,Lubrificantes,48.61,4,0.0,Cartão Crédito,Entregue,Site
691,2024-06-17,108,Sra. Isabella da Luz,Não informado,36-45,Centro-Oeste,Body Coelhinha Plus Size,Lingerie,77.08,2,5.0,Cartão Débito,Entregue,App
603,2024-08-04,54,Ágatha Vasconcelos,F,18-25,Sul,Lingerie Cropped com Bojo,Lingerie,68.64,3,20.0,Pix,Entregue,Site
1439,2023-12-25,63,Otávio Cunha,M,26-35,Sudeste,Vibrador Duplo Prazer,Vibradores,96.72,2,30.0,Pix,Entregue,Marketplace
1733,2023-02-19,203,Maria Helena Mendes,F,36-45,Sudeste,Body Coelhinha Plus Size,Lingerie,64.16,2,30.0,Pix,Entregue,App
4025,2023-02-13,296,Dr. Rafael Barbosa,M,18-25,Sul,Mordaça Silicone,Acessórios BDSM,62.21,1,0.0,Pix,Entregue,Marketplace
1581,2023-03-24,73,Sophie da Costa,F,36-45,Sudeste,Wand Massager Pro,Vibradores,106.03,1,0.0,Pix,Entregue,Site
2828,2023-11-04,28,Júlia Porto,F,26-35,Centro-Oeste,Fantasia Policial,Lingerie,70.34,2,0.0,Boleto,Entregue,Site
4175,2023-01-02,503,Eloá Pinto,F,36-45,Sudeste,Sabonete Íntimo pH Neutro,Cosméticos Íntimos,133.91,1,0.0,Pix,Cancelado,Site
319,2024-02-29,48,Sra. Brenda da Rocha,F,26-35,Centro-Oeste,Conjunto Lingerie Boudoir,Lingerie,80.01,1,25.0,Cartão Débito,Entregue,Marketplace
4442,2024-06-14,445,Rebeca Silva,F,26-35,Nordeste,Corda de Shibari 5m,Acessórios BDSM,137.22,2,0.0,Cartão Débito,Entregue,Marketplace
275,2024-03-27,194,João Pedro da Costa,M,26-35,Nordeste,Creme Excitante Feminino,Cosméticos Íntimos,105.08,1,0.0,Pix,Entregue,Site
5384,2023-09-30,3,Cauã Rocha,M,18-25,Sudeste,Cartas Posições Kamasutra,Jogos Adultos,82.03,2,0.0,Pix,Entregue,App
1398,2023-02-18,79,Maria Lima,F,18-25,Centro-Oeste,Kit Iniciante BDSM 5 Peças,Acessórios BDSM,285.98,1,0.0,Pix,Entregue,Marketplace
3808,2023-08-10,118,Dra. Alexia Rios,F,46+,Sudeste,Body Rendado Vermelho,Lingerie,131.83,2,20.0,Cartão Crédito,Entregue,App
1787,2023-02-07,270,Beatriz Correia,F,26-35,Sul,Massageador Corporal Wave,Vibradores,392.7,2,0.0,Cartão Débito,Entregue,Marketplace
3001,2024-11-16,296,Dr. Rafael Barbosa,M,18-25,Sul,Gel Térmico Sensação Quente,Cosméticos Íntimos,113.99,1,20.0,Cartão Crédito,Entregue,App
5220,2024-05-20,17,Bruno Novaes,M,26-35,Sudeste,Meia-Calça Rendada,Lingerie,137.84,1,20.0,Pix,Entregue,Site
4371,2023-11-18,63,Otávio Cunha,M,26-35,Sudeste,Conjunto Lingerie Boudoir,Lingerie,149.74,1,0.0,Pix,Entregue,Marketplace
5353,2023-02-02,94,Ryan Cassiano,M,36-45,Sudeste,Lubrificante Sabores Baunilha,Lubrificantes,55.06,1,0.0,Pix,Entregue,Site
296,2023-03-30,200,Nina Leão,F,18-25,Centro-Oeste,Body Coelhinha Plus Size,Lingerie,142.72,3,0.0,Cartão Crédito,Entregue,Site
4918,2023-03-05,128,Lívia Vargas,F,26-35,Sudeste,Meia-Calça Rendada,Lingerie,173.1,1,0.0,Pix,Entregue,Site
5358,2024-08-02,721,Fernanda Pereira,F,26-35,Sudeste,Gel Excitante Feminino,Lubrificantes,44.81,1,0.0,Cartão Crédito,Entregue,Site
299,2024-12-10,260,Leandro Ribeiro,M,26-35,Sudeste,Creme Excitante Feminino,Cosméticos Íntimos,76.12,1,5.0,Cartão Crédito,Entregue,App
69,2024-12-06,22,Rafael Porto,M,36-45,Nordeste,Vibrador Clássico Silicone,Vibradores,156.69,2,10.0,Cartão Crédito,Entregue,Site
737,2023-02-07,137,Luiz Gustavo Vasconcelos,M,26-35,Nordeste,Lingerie Cropped com Bojo,Lingerie,181.9,1,0.0,Cartão Crédito,Entregue,Site
4688,2024-12-19,4,Dra. Aurora Pastor,F,26-35,Sul,Óleo de Massagem Relaxante,Lubrificantes,89.18,2,15.0,Pix,Entregue,Site
1554,2024-07-16,520,Olivia Macedo,F,26-35,Nordeste,Lubrificante Íntimo Aquoso 100ml,Lubrificantes,30.78,2,0.0,Pix,Entregue,Site
3551,2024-11-26,414,Mirella Freitas,F,18-25,Sul,Conjunto Lingerie Boudoir,Lingerie,109.06,5,0.0,Cartão Crédito,Entregue,App
151,2024-03-25,560,Ana Clara Jesus,F,26-35,Sudeste,Cartas Posições Kamasutra,Jogos Adultos,65.64,1,0.0,Cartão Crédito,Entregue,Site
757,2024-12-06,259,Maria Luiza Sales,F,18-25,Norte,Vibrador Duplo Prazer,Vibradores,435.17,4,0.0,Cartão Crédito,Entregue,Site
4490,2023-09-30,224,Alícia Pinto,F,26-35,Nordeste,Vibrador Ponto G Flex,Vibradores,247.22,3,0.0,Pix,Entregue,Site
4402,2024-12-29,198,Srta. Hadassa Azevedo,F,26-35,Nordeste,Lubrificante Sabores Baunilha,Lubrificantes,56.98,1,0.0,Cartão Crédito,Entregue,Site
5330,2023-06-16,194,João Pedro da Costa,M,26-35,Nordeste,Kit Roleplay Surpresa,Jogos Adultos,83.19,1,0.0,Pix,Entregue,Site
3248,2024-03-01,146,Heloísa Câmara,F,26-35,Nordeste,Fantasia Policial,Lingerie,97.69,2,0.0,Pix,Entregue,App
2524,2023-01-31,122,Daniela da Mata,F,26-35,Sul,Vibrador Duplo Prazer,Vibradores,450.49,1,0.0,Boleto,Entregue,App
377,2024-03-16,463,Noah Fogaça,M,36-45,Sudeste,Cartas Posições Kamasutra,Jogos Adultos,114.56,4,0.0,Pix,Entregue,App
1895,2023-08-29,219,José Barros,M,26-35,Sudeste,Kit Algemas Veludo,Acessórios BDSM,54.27,2,0.0,Cartão Débito,Entregue,Marketplace
860,2024-06-19,19,Bernardo Aparecida,M,36-45,Sudeste,Lubrificante Sabores Baunilha,Lubrificantes,70.04,1,0.0,Pix,Cancelado,Site
2516,2024-02-25,595,Isaque Silva,M,36-45,Sudeste,Jogo de Cartas Sexo Quiz,Jogos Adultos,55.04,1,0.0,Boleto,Entregue,Marketplace
3490,2023-05-16,151,Lucas Alves,M,36-45,Sul,Meia-Calça Rendada,Lingerie,90.44,1,0.0,Pix,Entregue,App
1868,2023-02-25,50,João Montenegro,M,26-35,Sudeste,Corda de Shibari 5m,Acessórios BDSM,161.73,1,0.0,Cartão Crédito,Entregue,Site
379,2024-05-21,426,Isabelly Cardoso,F,26-35,Sul,Óleo de Massagem Relaxante,Lubrificantes,57.37,1,10.0,Pix,Entregue,Marketplace
1891,2024-05-01,30,Ana Laura da Conceição,F,18-25,Sudeste,Jogo de Cartas Sexo Quiz,Jogos Adultos,50.78,2,0.0,Pix,Entregue,Site
1295,2023-03-26,410,Danilo Carvalho,M,26-35,Centro-Oeste,Corda de Shibari 5m,Acessórios BDSM,67.58,1,0.0,Pix,Entregue,App
2856,2024-01-29,191,João Guilherme Vargas,M,26-35,Nordeste,Gel Excitante Feminino,Lubrificantes,33.57,3,0.0,Pix,Entregue,Site
4504,2024-05-27,2,Isabelly Câmara,F,36-45,Nordeste,Conjunto Lingerie Boudoir,Lingerie,181.28,1,0.0,Pix,Entregue,Site
4131,2023-12-10,88,Sr. Caleb Sá,M,26-35,Sudeste,Chicote de Couro Soft,Acessórios BDSM,238.53,1,0.0,Cartão Crédito,Entregue,App
5130,2024-12-31,473,Leonardo Fernandes,M,18-25,Norte,Perfume Íntimo Floral,Cosméticos Íntimos,123.45,1,0.0,Pix,Entregue,Site
3066,2024-02-02,86,Isadora Barbosa,Não informado,18-25,Sudeste,Gel Excitante Feminino,Lubrificantes,43.94,3,0.0,Cartão Crédito,Entregue,Site
842,2023-01-15,289,Srta. Giovanna Pires,F,36-45,Sudeste,Wand Massager Pro,Vibradores,187.41,1,0.0,Cartão Crédito,Cancelado,Site
2223,2024-02-07,29,Dra. Hellena Rodrigues,F,26-35,Norte,Mini Vibrador Discreto,Vibradores,309.3,2,0.0,Cartão Débito,Entregue,App
2510,2024-11-13,534,Sra. Maysa Moura,F,46+,Sudeste,Lubrificante Íntimo Aquoso 100ml,Lubrificantes,64.94,1,0.0,Pix,Entregue,Site
176,2024-02-09,54,Ágatha Vasconcelos,F,18-25,Sul,Lingerie Cropped com Bojo,Lingerie,175.88,1,0.0,Cartão Crédito,Entregue,App
1499,2024-09-22,131,Daniel Barbosa,M,36-45,Sudeste,Creme Excitante Feminino,Cosméticos Íntimos,51.48,1,5.0,Cartão Crédito,Entregue,Site
928,2024-05-20,211,Ravi Lucca Cardoso,Não informado,26-35,Sudeste,Lingerie Cropped com Bojo,Lingerie,71.09,2,5.0,Cartão Débito,Entregue,Site
2816,2023-12-10,380,Fernanda Gomes,F,36-45,Sudeste,Lubrificante Sabores Baunilha,Lubrificantes,57.78,1,0.0,Boleto,Entregue,App
46,2023-12-15,288,Ana Liz Pimenta,F,36-45,Centro-Oeste,Kit Roleplay Surpresa,Jogos Adultos,45.26,1,10.0,Cartão Crédito,Entregue,Marketplace
1261,2023-02-01,87,Beatriz Aragão,F,46+,Centro-Oeste,Kit Iniciante BDSM 5 Peças,Acessórios BDSM,144.78,1,0.0,Cartão Crédito,Entregue,App
1097,2024-06-22,69,Heloísa Pastor,F,26-35,Sudeste,Massageador Corporal Wave,Vibradores,418.72,4,15.0,Boleto,Entregue,App
4917,2023-12-28,110,Dr. Raul Dias,M,36-45,Nordeste,Vibrador Ponto G Flex,Vibradores,314.18,1,0.0,Pix,Entregue,Marketplace
1663,2024-05-22,581,Lívia Vieira,F,36-45,Sudeste,Cartas Posições Kamasutra,Jogos Adultos,82.21,1,0.0,Pix,Entregue,App
5215,2023-11-08,137,Luiz Gustavo Vasconcelos,M,26-35,Nordeste,Camisola Sensual Preta,Lingerie,129.37,1,0.0,Cartão Crédito,Entregue,Site
2583,2024-10-04,190,Milena da Luz,Não informado,36-45,Nordeste,Fantasia Policial,Lingerie,77.19,1,0.0,Cartão Crédito,Entregue,Marketplace
1031,2024-10-25,11,Otávio Fernandes,M,36-45,Sul,Vibrador Ponto G Flex,Vibradores,162.7,1,15.0,Cartão Crédito,Cancelado,App
5327,2024-12-11,24,Giovanna Rios,F,26-35,Centro-Oeste,Body Rendado Vermelho,Lingerie,127.36,1,0.0,Pix,Entregue,App
3853,2023-12-31,254,Isabella Silveira,F,36-45,Sul,Kit Algemas Veludo,Acessórios BDSM,125.86,1,0.0,Boleto,Entregue,App
2178,2024-06-01,274,Yuri da Rocha,M,36-45,Sudeste,Kit Algemas Veludo,Acessórios BDSM,77.23,1,0.0,Cartão Crédito,Entregue,Marketplace
284,2023-04-10,28,Júlia Porto,F,26-35,Centro-Oeste,Mini Vibrador Discreto,Vibradores,116.12,3,0.0,Cartão Crédito,Entregue,Site
2155,2023-06-10,30,Ana Laura da Conceição,F,18-25,Sudeste,Body Coelhinha Plus Size,Lingerie,97.73,1,0.0,Pix,Entregue,App
2143,2024-02-12,325,Theo Pires,M,46+,Sudeste,Lubrificante Base Silicone,Lubrificantes,69.41,2,0.0,Boleto,Entregue,Site
2852,2023-10-17,76,Renan da Cruz,M,26-35,Nordeste,Fantasia Policial,Lingerie,125.67,1,25.0,Pix,Entregue,Site
1966,2023-04-11,238,Bernardo Montenegro,M,46+,Sul,Kit Iniciante BDSM 5 Peças,Acessórios BDSM,169.36,1,10.0,Cartão Crédito,Entregue,App
5386,2024-12-16,194,João Pedro da Costa,M,26-35,Nordeste,Óleo de Massagem Relaxante,Lubrificantes,83.38,2,15.0,Cartão Crédito,Entregue,Site
5196,2023-12-28,408,Benício Porto,M,36-45,Sudeste,Gel Excitante Feminino,Lubrificantes,57.57,2,10.0,Cartão Crédito,Cancelado,Site
3985,2023-04-25,429,Igor Farias,M,36-45,Centro-Oeste,Vibrador Duplo Prazer,Vibradores,172.63,3,0.0,Cartão Crédito,Entregue,Site
3661,2023-02-15,193,Kamilly Macedo,F,26-35,Sul,Lubrificante Base Silicone,Lubrificantes,58.65,1,30.0,Cartão Crédito,Entregue,Site
3831,2023-09-18,132,Srta. Ísis Andrade,F,18-25,Sudeste,Body Rendado Vermelho,Lingerie,84.22,1,0.0,Cartão Crédito,Entregue,Site
2532,2024-12-17,443,Srta. Ana Liz Mendes,F,18-25,Nordeste,Creme Excitante Feminino,Cosméticos Íntimos,103.87,1,5.0,Boleto,Entregue,Site
4267,2023-11-04,278,Ana Júlia da Cunha,F,26-35,Sul,Fantasia Policial,Lingerie,101.96,3,0.0,Cartão Crédito,Devolvido,Site
1882,2024-02-17,503,Eloá Pinto,F,36-45,Sudeste,Gel Excitante Masculino,Lubrificantes,56.74,1,25.0,Pix,Entregue,Marketplace
2252,2023-01-05,563,Sra. Isabel Nascimento,Não informado,26-35,Nordeste,Fantasia Enfermeira,Lingerie,170.33,1,0.0,Pix,Entregue,Site
3299,2024-01-22,129,Julia Castro,F,26-35,Sudeste,Jogo Tabuleiro Casais,Jogos Adultos,89.03,1,0.0,Pix,Entregue,Site
3389,2024-04-07,12,Eduardo Cunha,Não informado,26-35,Sul,Lubrificante Base Silicone,Lubrificantes,67.7,1,0.0,Cartão Crédito,Entregue,Site
1438,2023-04-30,320,Luara da Cunha,F,26-35,Nordeste,Conjunto Lingerie Boudoir,Lingerie,109.23,2,0.0,Cartão Crédito,Entregue,App
3919,2023-07-10,294,Dra. Olivia da Rocha,F,26-35,Sudeste,Vibrador Rabbit Premium,Vibradores,489.51,3,5.0,Pix,Cancelado,App
5061,2023-04-20,608,Maria Nogueira,F,36-45,Centro-Oeste,Corda de Shibari 5m,Acessórios BDSM,117.69,3,15.0,Pix,Entregue,App
258,2024-12-13,313,Sra. Lara Cirino,F,46+,Nordeste,Lubrificante Base Silicone,Lubrificantes,57.16,1,20.0,Pix,Entregue,App
508,2023-02-12,435,Antony Cavalcanti,M,36-45,Nordeste,Body Rendado Vermelho,Lingerie,112.49,1,15.0,Cartão Débito,Entregue,Site
4438,2023-04-08,391,Ana Beatriz Pacheco,F,18-25,Sudeste,Venda para Olhos Satin,Acessórios BDSM,213.05,1,0.0,Cartão Crédito,Entregue,Site
100,2023-12-06,32,Ana Luiza Cunha,F,18-25,Sudeste,Meia-Calça Rendada,Lingerie,160.23,1,0.0,Pix,Entregue,Site
3619,2023-12-08,405,Marcelo Caldeira,M,26-35,Nordeste,Chicote de Couro Soft,Acessórios BDSM,245.34,1,30.0,Cartão Débito,Entregue,Site
1618,2023-02-02,288,Ana Liz Pimenta,F,36-45,Centro-Oeste,Fantasia Enfermeira,Lingerie,144.52,1,15.0,Boleto,Entregue,Site
5287,2023-02-14,741,Luara Leão,F,18-25,Sudeste,Fantasia Enfermeira,Lingerie,79.64,2,0.0,Cartão Crédito,Entregue,Site
3657,2023-03-18,115,Isabelly Freitas,F,18-25,Sudeste,Vibrador Rabbit Premium,Vibradores,221.88,1,0.0,Pix,Entregue,App
1502,2024-01-26,178,Brayan Marques,M,26-35,Sudeste,Lubrificante Base Silicone,Lubrificantes,62.67,1,0.0,Pix,Cancelado,App
5399,2023-12-08,138,Nicolas Pinto,M,36-45,Sudeste,Lubrificante Sabores Baunilha,Lubrificantes,61.48,3,10.0,Pix,Entregue,Site
1925,2023-09-02,403,Camila Marques,F,26-35,Sudeste,Mordaça Silicone,Acessórios BDSM,121.97,1,20.0,Boleto,Entregue,Marketplace
4878,2024-06-12,313,Sra. Lara Cirino,F,46+,Nordeste,Lingerie Cropped com Bojo,Lingerie,137.18,4,30.0,Cartão Débito,Cancelado,Marketplace
2145,2024-02-12,174,Lívia Borges,F,46+,Sudeste,Fantasia Policial,Lingerie,100.83,1,10.0,Pix,Entregue,Site
4546,2023-03-14,423,Esther Campos,F,18-25,Sudeste,Wand Massager Pro,Vibradores,173.88,1,0.0,Cartão Crédito,Entregue,Marketplace
367,2024-10-18,675,Manuella Moreira,F,36-45,Nordeste,Gel Excitante Masculino,Lubrificantes,48.72,1,0.0,Cartão Crédito,Devolvido,Marketplace
4900,2023-08-26,565,Evelyn Freitas,F,26-35,Sul,Creme Retardante Masculino,Cosméticos Íntimos,43.12,2,0.0,Pix,Entregue,Site
2846,2023-12-20,122,Daniela da Mata,F,26-35,Sul,Massageador Corporal Wave,Vibradores,492.79,2,0.0,Pix,Entregue,Site
4303,2023-03-05,364,Dra. Beatriz Macedo,F,46+,Sudeste,Wand Massager Pro,Vibradores,126.89,1,30.0,Cartão Crédito,Entregue,Site
3108,2023-11-13,3,Cauã Rocha,M,18-25,Sudeste,Lubrificante Íntimo Aquoso 100ml,Lubrificantes,67.75,2,0.0,Cartão Crédito,Entregue,Site
950,2024-06-06,244,Ravi Lucca Lopes,M,26-35,Sul,Lubrificante Sabores Baunilha,Lubrificantes,62.9,1,0.0,Pix,Entregue,Site
5132,2024-01-12,196,Anna Liz Carvalho,F,26-35,Sul,Fantasia Policial,Lingerie,65.02,1,0.0,Cartão Crédito,Devolvido,Site
20,2023-09-03,95,Juan Cunha,M,26-35,Sul,Vibrador Ponto G Flex,Vibradores,351.51,1,5.0,Cartão Débito,Cancelado,Site
1946,2023-08-09,197,Isabel Gomes,F,18-25,Nordeste,Lubrificante Íntimo Aquoso 100ml,Lubrificantes,48.41,1,30.0,Pix,Entregue,Site
669,2024-05-02,58,Ana Laura da Costa,F,26-35,Nordeste,Lubrificante Íntimo Aquoso 250ml,Lubrificantes,87.45,1,0.0,Pix,Entregue,Site
219,2023-02-12,279,Danilo Azevedo,M,26-35,Sul,Mordaça Silicone,Acessórios BDSM,128.12,2,25.0,Cartão Crédito,Entregue,App
4641,2023-02-13,637,Maysa Andrade,F,26-35,Sul,Jogo de Cartas Sexo Quiz,Jogos Adultos,114.08,1,0.0,Pix,Entregue,Site
2310,2023-02-27,117,Kevin Pimenta,M,26-35,Norte,Lubrificante Íntimo Aquoso 250ml,Lubrificantes,50.85,2,0.0,Pix,Entregue,App
2171,2024-12-16,306,Anna Liz Peixoto,F,36-45,Sul,Vibrador Duplo Prazer,Vibradores,425.21,2,20.0,Pix,Entregue,App
4041,2024-10-10,492,José Miguel da Rocha,M,26-35,Nordeste,Vibrador Duplo Prazer,Vibradores,270.23,3,0.0,Cartão Crédito,Entregue,Site
586,2023-11-03,76,Renan da Cruz,M,26-35,Nordeste,Meia-Calça Rendada,Lingerie,169.3,2,0.0,Pix,Cancelado,Site
4658,2023-06-12,215,Benicio da Luz,M,18-25,Nordeste,Vibrador Duplo Prazer,Vibradores,364.9,1,0.0,Pix,Entregue,Site
3713,2024-12-30,322,Théo Abreu,M,18-25,Sudeste,Wand Massager Pro,Vibradores,194.43,2,0.0,Pix,Entregue,Site
4246,2024-10-16,612,Sra. Ana Carolina da Rocha,Não informado,46+,Centro-Oeste,Corda de Shibari 5m,Acessórios BDSM,63.17,2,0.0,Cartão Crédito,Entregue,App
778,2023-07-03,335,Maria Vitória Mendes,F,46+,Sudeste,Óleo de Massagem Relaxante,Lubrificantes,49.38,2,0.0,Pix,Entregue,App
4415,2024-11-11,145,Natália Ferreira,F,46+,Sul,Fantasia Enfermeira,Lingerie,102.07,1,0.0,Pix,Entregue,Site
1019,2024-06-13,573,Enrico da Mata,Não informado,26-35,Nordeste,Jogo Tabuleiro Casais,Jogos Adultos,78.91,1,0.0,Cartão Crédito,Entregue,App
4003,2023-04-06,369,Vinícius Jesus,M,36-45,Nordeste,Jogo Tabuleiro Casais,Jogos Adultos,106.02,1,0.0,Cartão Débito,Entregue,App
4705,2023-02-26,147,Evelyn Guerra,F,36-45,Sul,Meia-Calça Rendada,Lingerie,63.52,3,0.0,Cartão Crédito,Entregue,App
1670,2024-05-22,429,Igor Farias,M,36-45,Centro-Oeste,Vibrador Ponto G Flex,Vibradores,496.04,1,0.0,Pix,Entregue,App
4059,2024-01-23,529,Olívia Montenegro,F,18-25,Sudeste,Body Coelhinha Plus Size,Lingerie,106.47,1,25.0,Boleto,Entregue,Site
2973,2024-02-01,395,Ágatha Fonseca,F,36-45,Sudeste,Gel Excitante Feminino,Lubrificantes,54.51,1,0.0,Pix,Entregue,Site
4510,2023-04-12,627,Luna Caldeira,F,26-35,Sudeste,Lubrificante Base Silicone,Lubrificantes,62.83,2,25.0,Cartão Crédito,Entregue,Marketplace
518,2023-11-15,422,Dr. Bento Gonçalves,M,26-35,Nordeste,Lingerie Cropped com Bojo,Lingerie,197.08,1,0.0,Cartão Crédito,Entregue,App
1838,2023-10-12,114,Caroline Ferreira,F,36-45,Sudeste,Jogo de Cartas Sexo Quiz,Jogos Adultos,114.97,2,0.0,Cartão Crédito,Entregue,Site
1958,2023-02-15,150,Maria Liz Rocha,F,36-45,Sul,Lubrificante Base Silicone,Lubrificantes,56.68,1,15.0,Pix,Entregue,Site
2358,2023-04-03,20,Sr. João Vitor Barros,M,18-25,Sudeste,Body Rendado Vermelho,Lingerie,110.54,3,0.0,Cartão Crédito,Entregue,App
218,2023-03-09,356,Srta. Ana Vitória Melo,F,36-45,Sul,Gel Térmico Sensação Quente,Cosméticos Íntimos,134.62,1,0.0,Cartão Crédito,Entregue,Site
1422,2023-01-09,192,Raquel Pires,Não informado,26-35,Nordeste,Fantasia Policial,Lingerie,96.6,1,0.0,Cartão Débito,Entregue,Marketplace
2847,2024-08-27,396,Sarah da Mata,F,46+,Nordeste,Mordaça Silicone,Acessórios BDSM,273.53,4,15.0,Cartão Crédito,Entregue,Marketplace
5076,2023-05-24,198,Srta. Hadassa Azevedo,F,26-35,Nordeste,Fantasia Enfermeira,Lingerie,89.29,2,0.0,Pix,Entregue,App
2888,2024-03-10,144,Ravy Câmara,M,18-25,Sudeste,Gel Excitante Masculino,Lubrificantes,58.71,1,0.0,Pix,Devolvido,Site
4588,2023-10-15,39,Luiz Miguel Câmara,M,36-45,Sudeste,Jogo de Cartas Sexo Quiz,Jogos Adultos,56.8,2,0.0,Cartão Crédito,Entregue,Site
1053,2024-04-13,622,Theo Sales,M,18-25,Sudeste,Body Coelhinha Plus Size,Lingerie,185.9,1,0.0,Cartão Crédito,Entregue,App
1685,2024-02-17,40,Thomas Monteiro,M,36-45,Sudeste,Kit Cuidados Íntimos,Cosméticos Íntimos,113.53,5,0.0,Pix,Entregue,Site
760,2023-07-02,398,Maitê Camargo,F,18-25,Sudeste,Lingerie Cropped com Bojo,Lingerie,91.53,1,10.0,Cartão Débito,Entregue,Site
3266,2023-02-25,20,Sr. João Vitor Barros,M,18-25,Sudeste,Conjunto Lingerie Boudoir,Lingerie,83.78,2,0.0,Cartão Crédito,Entregue,Site
2836,2023-06-18,581,Lívia Vieira,F,36-45,Sudeste,Vibrador Rabbit Premium,Vibradores,123.27,1,5.0,Pix,Devolvido,Site
215,2024-02-26,327,Caroline da Paz,F,26-35,Sudeste,Fantasia Enfermeira,Lingerie,81.17,1,0.0,Pix,Devolvido,App
1579,2023-07-03,250,Raquel Cunha,F,26-35,Sudeste,Dominó Erótico,Jogos Adultos,77.09,4,0.0,Cartão Crédito,Entregue,Marketplace
2365,2024-08-27,232,Marcos Vinicius Gonçalves,M,36-45,Sul,Vibrador Duplo Prazer,Vibradores,178.85,1,30.0,Boleto,Entregue,Site
4324,2024-09-04,179,Gael Silva,M,36-45,Sudeste,Jogo Tabuleiro Casais,Jogos Adultos,112.8,3,25.0,Cartão Débito,Devolvido,Site
2590,2024-12-05,328,Ryan Campos,M,18-25,Sul,Venda para Olhos Satin,Acessórios BDSM,141.14,2,0.0,Pix,Entregue,Site
4254,2024-04-22,191,João Guilherme Vargas,M,26-35,Nordeste,Massageador Corporal Wave,Vibradores,250.77,2,0.0,Cartão Crédito,Devolvido,App
2410,2024-05-31,165,Sra. Carolina Correia,F,18-25,Sudeste,Vibrador Duplo Prazer,Vibradores,373.44,1,0.0,Pix,Entregue,App
197,2023-06-09,338,Thomas Souza,M,26-35,Sudeste,Gel Excitante Feminino,Lubrificantes,43.88,3,0.0,Pix,Cancelado,App
1534,2023-09-22,88,Sr. Caleb Sá,M,26-35,Sudeste,Fantasia Enfermeira,Lingerie,151.61,3,20.0,Cartão Débito,Cancelado,Site
3918,2024-01-06,117,Kevin Pimenta,M,26-35,Norte,Massageador Corporal Wave,Vibradores,137.29,5,5.0,Cartão Crédito,Cancelado,App
2651,2024-02-14,65,Maria Liz Rios,F,46+,Sul,Lubrificante Sabores Baunilha,Lubrificantes,60.17,2,0.0,Cartão Crédito,Entregue,Marketplace
4111,2023-12-08,224,Alícia Pinto,F,26-35,Nordeste,Camisola Sensual Preta,Lingerie,100.42,1,0.0,Cartão Débito,Entregue,App
1057,2023-10-19,376,Ísis Castro,F,46+,Nordeste,Camisola Sensual Preta,Lingerie,190.3,2,15.0,Pix,Devolvido,App
1892,2023-07-23,141,Lívia Viana,F,36-45,Sudeste,Body Rendado Vermelho,Lingerie,121.86,1,0.0,Boleto,Entregue,Site
888,2024-06-04,76,Renan da Cruz,M,26-35,Nordeste,Body Coelhinha Plus Size,Lingerie,73.71,4,30.0,Pix,Entregue,Site
4591,2023-11-14,230,Luana Caldeira,F,26-35,Nordeste,Lubrificante Sabores Morango,Lubrificantes,44.76,1,0.0,Cartão Crédito,Entregue,Site
3674,2024-03-21,33,Luara Cunha,Não informado,26-35,Norte,Lubrificante Íntimo Aquoso 100ml,Lubrificantes,46.64,3,0.0,Boleto,Entregue,Site
3493,2023-11-01,515,Ana Vitória Cavalcanti,F,18-25,Sul,Fantasia Policial,Lingerie,141.67,2,15.0,Cartão Crédito,Entregue,App
569,2023-11-29,553,Cecilia Cassiano,F,18-25,Centro-Oeste,Lingerie Cropped com Bojo,Lingerie,81.69,1,15.0,Pix,Entregue,Site
3704,2024-01-27,468,Marcela Novais,F,26-35,Nordeste,Vibrador Rabbit Premium,Vibradores,211.94,5,15.0,Pix,Cancelado,Site
3138,2024-01-12,349,Augusto Dias,M,26-35,Sudeste,Lingerie Cropped com Bojo,Lingerie,170.14,1,0.0,Cartão Crédito,Entregue,Marketplace
1468,2024-03-21,143,Cauê Garcia,M,18-25,Nordeste,Fantasia Policial,Lingerie,85.32,1,0.0,Pix,Entregue,Marketplace
3280,2024-06-06,401,Caleb Vieira,M,26-35,Sul,Lubrificante Íntimo Aquoso 100ml,Lubrificantes,56.56,1,0.0,Pix,Entregue,Marketplace
140,2023-05-31,704,Antônio Borges,M,26-35,Nordeste,Lubrificante Base Silicone,Lubrificantes,60.9,1,30.0,Pix,Entregue,App
1607,2024-07-22,20,Sr. João Vitor Barros,M,18-25,Sudeste,Massageador Corporal Wave,Vibradores,93.44,1,0.0,Cartão Crédito,Entregue,App
2700,2024-01-16,382,Maria Alice Oliveira,F,26-35,Nordeste,Mordaça Silicone,Acessórios BDSM,220.0,2,0.0,Pix,Entregue,App
1150,2023-02-10,494,Pedro Cavalcanti,M,26-35,Sudeste,Fantasia Enfermeira,Lingerie,92.83,2,0.0,Cartão Crédito,Cancelado,Marketplace
2096,2023-11-18,402,Alice da Luz,F,26-35,Sudeste,Kit Iniciante BDSM 5 Peças,Acessórios BDSM,153.41,2,30.0,Pix,Devolvido,Site
4973,2024-01-30,202,Antônio Teixeira,M,36-45,Sul,Mini Vibrador Discreto,Vibradores,428.68,3,5.0,Boleto,Entregue,App
2768,2023-04-23,77,Maria Luísa Correia,F,46+,Sudeste,Gel Excitante Feminino,Lubrificantes,63.94,2,0.0,Cartão Crédito,Entregue,Site
464,2023-12-04,235,Dr. Dante Vieira,M,18-25,Sudeste,Fantasia Enfermeira,Lingerie,86.59,2,0.0,Boleto,Entregue,App
2859,2024-04-19,11,Otávio Fernandes,M,36-45,Sul,Kit Roleplay Surpresa,Jogos Adultos,108.77,1,0.0,Pix,Entregue,Marketplace
2671,2024-06-06,275,Sr. Samuel Caldeira,M,36-45,Norte,Mini Vibrador Discreto,Vibradores,133.38,5,0.0,Pix,Entregue,Site
4772,2024-10-30,142,Josué da Mata,M,26-35,Sudeste,Gel Excitante Feminino,Lubrificantes,39.68,4,5.0,Pix,Entregue,App
595,2023-05-15,540,Calebe Novais,M,26-35,Norte,Lubrificante Sabores Baunilha,Lubrificantes,32.3,2,0.0,Pix,Devolvido,App
2742,2024-02-15,71,Dra. Ana Liz da Conceição,F,36-45,Sul,Lubrificante Sabores Baunilha,Lubrificantes,32.71,1,0.0,Cartão Crédito,Cancelado,Marketplace
451,2024-03-08,386,Sra. Laura Vasconcelos,F,26-35,Sudeste,Sabonete Íntimo pH Neutro,Cosméticos Íntimos,139.38,2,0.0,Cartão Crédito,Entregue,Marketplace
2324,2024-09-25,102,Nathan Campos,M,18-25,Sudeste,Perfume Íntimo Floral,Cosméticos Íntimos,87.92,1,0.0,Pix,Entregue,Site
3743,2024-02-14,366,Luan Vieira,M,36-45,Sul,Fantasia Policial,Lingerie,81.62,5,15.0,Cartão Crédito,Cancelado,Site
4693,2024-05-03,116,Emanuel Macedo,M,46+,Sudeste,Lubrificante Íntimo Aquoso 250ml,Lubrificantes,85.62,1,0.0,Boleto,Entregue,Site
2978,2023-11-09,4,Dra. Aurora Pastor,F,26-35,Sul,Vibrador Duplo Prazer,Vibradores,201.31,2,0.0,Pix,Entregue,Marketplace
3909,2023-10-02,229,Bruna Vasconcelos,F,26-35,Sul,Mordaça Silicone,Acessórios BDSM,144.27,1,0.0,Pix,Entregue,Site
1753,2024-05-15,4,Dra. Aurora Pastor,F,26-35,Sul,Lubrificante Íntimo Aquoso 100ml,Lubrificantes,82.28,1,0.0,Pix,Entregue,App
1551,2023-02-27,650,Laura Sales,F,36-45,Centro-Oeste,Lubrificante Sabores Baunilha,Lubrificantes,36.25,1,0.0,Pix,Entregue,Marketplace
2285,2024-11-19,42,Eduarda Vieira,F,18-25,Sudeste,Venda para Olhos Satin,Acessórios BDSM,211.44,1,10.0,Cartão Crédito,Entregue,Site
1175,2023-10-18,268,Rafaela da Mota,F,26-35,Norte,Cartas Posições Kamasutra,Jogos Adultos,95.42,1,0.0,Cartão Crédito,Entregue,Marketplace
3892,2024-08-10,205,Otto Nascimento,M,26-35,Sul,Óleo de Massagem Relaxante,Lubrificantes,75.45,5,20.0,Boleto,Entregue,Site
452,2023-12-10,220,Antony Souza,M,18-25,Sudeste,Lubrificante Base Silicone,Lubrificantes,36.19,3,20.0,Pix,Entregue,Site
4670,2023-02-23,314,Maya Porto,F,36-45,Sul,Dado do Prazer,Jogos Adultos,87.17,2,20.0,Pix,Entregue,Site
3920,2023-12-20,416,Eduardo Leão,M,18-25,Nordeste,Lubrificante Íntimo Aquoso 100ml,Lubrificantes,81.25,1,0.0,Boleto,Entregue,App
3590,2024-11-22,61,Davi Lucas Cardoso,M,36-45,Norte,Massageador Corporal Wave,Vibradores,454.54,1,0.0,Pix,Entregue,App
3971,2024-02-29,710,Anthony Caldeira,M,36-45,Nordeste,Spray Prolongador,Cosméticos Íntimos,134.37,5,30.0,Cartão Crédito,Entregue,Site
2465,2024-05-28,259,Maria Luiza Sales,F,18-25,Norte,Mordaça Silicone,Acessórios BDSM,286.07,1,0.0,Cartão Crédito,Entregue,App
1264,2024-02-10,166,Mateus Rocha,M,26-35,Sudeste,Conjunto Lingerie Boudoir,Lingerie,177.86,1,0.0,Pix,Cancelado,Marketplace
5198,2023-02-18,19,Bernardo Aparecida,M,36-45,Sudeste,Massageador Corporal Wave,Vibradores,488.28,3,0.0,Cartão Débito,Entregue,App
1000,2024-09-23,161,Luísa Pinto,F,18-25,Sudeste,Mini Vibrador Discreto,Vibradores,393.49,5,0.0,Cartão Crédito,Entregue,Marketplace
3258,2024-11-04,64,Gabriela Silva,F,26-35,Sudeste,Venda para Olhos Satin,Acessórios BDSM,152.58,1,0.0,Cartão Débito,Entregue,Site
3718,2024-12-04,23,Elisa Freitas,F,18-25,Sudeste,Óleo de Massagem Relaxante,Lubrificantes,35.42,1,0.0,Pix,Entregue,Site
3391,2023-01-21,108,Sra. Isabella da Luz,Não informado,36-45,Centro-Oeste,Lubrificante Base Silicone,Lubrificantes,68.05,1,0.0,Cartão Crédito,Entregue,App
193,2024-11-21,546,Maria Flor Ramos,F,26-35,Sul,Conjunto Lingerie Boudoir,Lingerie,83.25,1,0.0,Pix,Entregue,Marketplace
4347,2023-01-04,410,Danilo Carvalho,M,26-35,Centro-Oeste,Body Rendado Vermelho,Lingerie,114.04,1,10.0,Pix,Entregue,Site
5002,2023-03-10,175,Leonardo Câmara,M,36-45,Sul,Gel Excitante Masculino,Lubrificantes,82.61,3,0.0,Pix,Entregue,Site
5415,2024-12-29,15,Julia Aparecida,F,26-35,Sudeste,Meia-Calça Rendada,Lingerie,138.72,4,0.0,Pix,Entregue,Site
1703,2024-12-31,103,Isadora Pacheco,F,46+,Nordeste,Óleo de Massagem Relaxante,Lubrificantes,53.66,4,0.0,Cartão Crédito,Entregue,Marketplace
4689,2023-10-14,212,Yasmin Alves,F,18-25,Sudeste,Jogo Tabuleiro Casais,Jogos Adultos,105.72,1,20.0,Cartão Crédito,Entregue,Site
4914,2023-12-15,61,Davi Lucas Cardoso,M,36-45,Norte,Conjunto Lingerie Boudoir,Lingerie,71.17,2,20.0,Cartão Débito,Entregue,Site
1339,2023-09-19,21,Carlos Eduardo Garcia,Não informado,36-45,Sul,Lubrificante Base Silicone,Lubrificantes,85.08,2,25.0,Cartão Crédito,Entregue,Site
3432,2024-04-01,765,Isaque da Cruz,M,26-35,Sudeste,Wand Massager Pro,Vibradores,437.51,2,0.0,Boleto,Entregue,Marketplace
3495,2023-09-16,285,Maria Helena Machado,F,36-45,Centro-Oeste,Meia-Calça Rendada,Lingerie,98.72,1,0.0,Pix,Entregue,App
2421,2024-08-21,49,Eduarda Marques,F,26-35,Sul,Fantasia Enfermeira,Lingerie,190.88,1,5.0,Pix,Entregue,Marketplace
4866,2023-05-03,269,Dra. Valentina Peixoto,F,18-25,Sul,Massageador Corporal Wave,Vibradores,191.64,4,0.0,Cartão Crédito,Entregue,Site
1294,2024-02-28,308,José Alves,M,36-45,Centro-Oeste,Mini Vibrador Discreto,Vibradores,415.04,1,0.0,Cartão Crédito,Entregue,Marketplace
4185,2024-06-05,40,Thomas Monteiro,M,36-45,Sudeste,Gel Excitante Feminino,Lubrificantes,31.32,1,20.0,Cartão Crédito,Entregue,App
4650,2024-05-27,52,Sra. Sofia Pereira,F,18-25,Sudeste,Fantasia Policial,Lingerie,92.97,1,10.0,Cartão Crédito,Entregue,Marketplace
1993,2023-12-11,252,Kamilly Novais,F,46+,Sul,Gel Excitante Masculino,Lubrificantes,36.08,1,0.0,Cartão Crédito,Entregue,Marketplace
2300,2024-10-18,114,Caroline Ferreira,F,36-45,Sudeste,Óleo de Massagem Relaxante,Lubrificantes,88.06,2,0.0,Pix,Entregue,App
3255,2023-04-10,113,Hadassa Montenegro,F,36-45,Sul,Lubrificante Íntimo Aquoso 100ml,Lubrificantes,86.74,2,0.0,Boleto,Entregue,Site
5439,2023-06-05,9,Pietro Pastor,M,26-35,Sudeste,Spray Prolongador,Cosméticos Íntimos,139.43,1,25.0,Pix,Entregue,Site
369,2023-07-23,61,Davi Lucas Cardoso,M,36-45,Norte,Lubrificante Sabores Baunilha,Lubrificantes,82.48,4,10.0,Pix,Entregue,App
2314,2024-02-05,318,Sabrina da Paz,Não informado,46+,Nordeste,Massageador Corporal Wave,Vibradores,331.07,1,0.0,Cartão Débito,Entregue,App
1152,2024-10-25,453,Marina Machado,F,36-45,Centro-Oeste,Kit Roleplay Surpresa,Jogos Adultos,116.05,2,0.0,Pix,Entregue,Site
3505,2024-10-10,541,Sra. Larissa da Cunha,F,36-45,Nordeste,Lingerie Cropped com Bojo,Lingerie,143.71,1,0.0,Pix,Entregue,Site
5459,2023-12-12,718,Dra. Bárbara Cardoso,F,18-25,Sudeste,Kit Iniciante BDSM 5 Peças,Acessórios BDSM,257.3,3,0.0,Pix,Entregue,App
3077,2024-08-08,639,Sra. Maria Cecília Gomes,F,18-25,Sudeste,Lubrificante Base Silicone,Lubrificantes,47.33,1,0.0,Boleto,Entregue,Site
5457,2024-01-31,126,Ana Júlia Borges,F,36-45,Sudeste,Meia-Calça Rendada,Lingerie,125.25,2,0.0,Pix,Entregue,Marketplace
192,2024-06-15,541,Sra. Larissa da Cunha,F,36-45,Nordeste,Lingerie Cropped com Bojo,Lingerie,86.42,1,0.0,Cartão Crédito,Entregue,App
4238,2024-06-26,375,Anthony Martins,M,36-45,Sul,Fantasia Policial,Lingerie,115.13,1,0.0,Cartão Crédito,Entregue,Site
109,2024-07-08,72,Ana Beatriz Farias,F,46+,Norte,Kit Algemas Veludo,Acessórios BDSM,203.93,2,0.0,Pix,Entregue,Site
4302,2024-05-25,623,Maria Eduarda Moreira,F,26-35,Sudeste,Gel Excitante Masculino,Lubrificantes,36.23,2,0.0,Pix,Entregue,Site
2903,2023-08-17,1,Sr. Apollo Sousa,M,18-25,Sudeste,Gel Excitante Feminino,Lubrificantes,89.12,1,0.0,Pix,Entregue,App
3322,2023-09-16,20,Sr. João Vitor Barros,M,18-25,Sudeste,Vibrador Clássico Silicone,Vibradores,479.59,1,0.0,Cartão Débito,Devolvido,Marketplace
1361,2023-12-29,568,Mariah Castro,F,26-35,Sul,Lubrificante Sabores Baunilha,Lubrificantes,35.13,1,0.0,Pix,Cancelado,App
1746,2023-05-02,179,Gael Silva,M,36-45,Sudeste,Body Rendado Vermelho,Lingerie,197.2,3,0.0,Cartão Crédito,Entregue,Site
4839,2024-09-23,12,Eduardo Cunha,Não informado,26-35,Sul,Body Coelhinha Plus Size,Lingerie,151.87,1,20.0,Cartão Crédito,Entregue,Site
5401,2024-08-17,78,Aylla Ribeiro,F,26-35,Nordeste,Conjunto Lingerie Boudoir,Lingerie,195.76,5,5.0,Pix,Entregue,App
2437,2024-11-11,134,Ana Cecília das Neves,F,26-35,Sudeste,Lubrificante Sabores Morango,Lubrificantes,67.71,1,0.0,Pix,Entregue,Marketplace
3722,2024-03-21,450,Laís Marques,Não informado,26-35,Sudeste,Body Coelhinha Plus Size,Lingerie,175.64,1,0.0,Boleto,Cancelado,Site
2751,2024-08-11,135,Ana Cecília Fogaça,F,46+,Nordeste,Cartas Posições Kamasutra,Jogos Adultos,79.26,1,0.0,Cartão Crédito,Entregue,Marketplace
3858,2024-08-02,216,Lunna Cunha,F,36-45,Sul,Creme Retardante Masculino,Cosméticos Íntimos,145.9,2,30.0,Cartão Débito,Entregue,App
477,2023-02-14,22,Rafael Porto,M,36-45,Nordeste,Kit Roleplay Surpresa,Jogos Adultos,119.33,1,0.0,Pix,Entregue,Marketplace
1587,2024-08-23,313,Sra. Lara Cirino,F,46+,Nordeste,Lubrificante Íntimo Aquoso 100ml,Lubrificantes,60.24,1,0.0,Pix,Entregue,Marketplace
5165,2024-07-17,45,Yuri Albuquerque,M,46+,Sudeste,Gel Excitante Feminino,Lubrificantes,88.27,2,20.0,Pix,Cancelado,Site
3869,2024-12-08,285,Maria Helena Machado,F,36-45,Centro-Oeste,Creme Retardante Masculino,Cosméticos Íntimos,146.85,2,0.0,Cartão Crédito,Entregue,Site
313,2023-11-05,8,Yago Leão,M,26-35,Sudeste,Vibrador Ponto G Flex,Vibradores,404.99,4,10.0,Pix,Entregue,Marketplace
509,2024-03-15,646,Francisco Monteiro,Não informado,46+,Sudeste,Fantasia Policial,Lingerie,199.82,3,30.0,Pix,Entregue,Marketplace
167,2024-02-26,107,Gabrielly Rios,F,46+,Nordeste,Cartas Posições Kamasutra,Jogos Adultos,57.81,2,0.0,Pix,Entregue,Site
4167,2024-12-23,76,Renan da Cruz,M,26-35,Nordeste,Massageador Corporal Wave,Vibradores,223.08,1,10.0,Pix,Cancelado,App
3586,2023-01-02,110,Dr. Raul Dias,M,36-45,Nordeste,Conjunto Lingerie Boudoir,Lingerie,77.78,1,15.0,Cartão Crédito,Entregue,App
4418,2023-12-10,7,Apollo Novais,M,18-25,Nordeste,Corda de Shibari 5m,Acessórios BDSM,101.9,1,20.0,Cartão Crédito,Entregue,Marketplace
1025,2023-09-09,633,Kamilly Porto,F,26-35,Sul,Vibrador Ponto G Flex,Vibradores,201.5,4,0.0,Cartão Débito,Devolvido,Site
1222,2023-04-19,46,Dra. Bruna Rodrigues,F,18-25,Nordeste,Vibrador Rabbit Premium,Vibradores,360.81,2,0.0,Cartão Crédito,Entregue,Marketplace
3185,2024-06-15,196,Anna Liz Carvalho,F,26-35,Sul,Conjunto Lingerie Boudoir,Lingerie,91.43,5,0.0,Cartão Débito,Entregue,Site
1120,2024-06-25,39,Luiz Miguel Câmara,M,36-45,Sudeste,Vibrador Rabbit Premium,Vibradores,354.41,2,0.0,Pix,Entregue,App
1938,2023-06-20,438,Srta. Olívia Machado,F,46+,Sul,Vibrador Ponto G Flex,Vibradores,424.92,1,0.0,Cartão Crédito,Cancelado,Marketplace
4999,2023-10-24,427,Gustavo Azevedo,M,36-45,Sudeste,Mini Vibrador Discreto,Vibradores,183.84,2,0.0,Boleto,Entregue,App
4804,2023-11-15,59,Bruno Barros,M,18-25,Sudeste,Mordaça Silicone,Acessórios BDSM,292.66,3,0.0,Boleto,Entregue,Marketplace
2760,2024-09-06,18,Maria Cecília Oliveira,F,26-35,Centro-Oeste,Dado do Prazer,Jogos Adultos,86.29,3,0.0,Boleto,Entregue,Site
3520,2023-08-04,66,Dr. Pedro Lucas Moreira,M,26-35,Sudeste,Lubrificante Íntimo Aquoso 100ml,Lubrificantes,87.25,2,0.0,Boleto,Entregue,Site
2342,2023-01-24,21,Carlos Eduardo Garcia,Não informado,36-45,Sul,Massageador Corporal Wave,Vibradores,107.02,2,0.0,Pix,Entregue,Site
2351,2023-10-30,269,Dra. Valentina Peixoto,F,18-25,Sul,Lubrificante Sabores Morango,Lubrificantes,66.6,1,0.0,Boleto,Entregue,App
4959,2023-09-21,58,Ana Laura da Costa,F,26-35,Nordeste,Kit Roleplay Surpresa,Jogos Adultos,69.22,2,0.0,Cartão Crédito,Entregue,App
1781,2024-12-05,11,Otávio Fernandes,M,36-45,Sul,Massageador Corporal Wave,Vibradores,206.92,1,0.0,Pix,Entregue,Site
1836,2024-01-30,284,Henry Gabriel Vasconcelos,M,36-45,Sudeste,Lubrificante Íntimo Aquoso 100ml,Lubrificantes,70.32,1,0.0,Cartão Crédito,Entregue,Site
1563,2023-04-24,389,Sr. Calebe Pires,M,18-25,Sudeste,Colar e Guia BDSM,Acessórios BDSM,276.8,1,0.0,Pix,Entregue,App
3882,2023-06-11,343,Rebeca Cassiano,F,36-45,Sudeste,Vibrador Rabbit Premium,Vibradores,403.94,3,0.0,Pix,Entregue,App
153,2024-07-16,44,Ravi Lucca Moura,M,26-35,Sudeste,Kit Iniciante BDSM 5 Peças,Acessórios BDSM,136.92,4,0.0,Cartão Crédito,Entregue,Marketplace
2232,2024-06-30,14,Aylla Fogaça,F,36-45,Sudeste,Jogo Tabuleiro Casais,Jogos Adultos,112.35,3,0.0,Boleto,Entregue,App
3102,2024-12-28,358,Sra. Anna Liz Farias,F,36-45,Sudeste,Body Rendado Vermelho,Lingerie,167.76,2,0.0,Pix,Cancelado,App
5206,2023-05-12,130,Sra. Mariane Novais,F,46+,Nordeste,Body Coelhinha Plus Size,Lingerie,114.18,1,0.0,Cartão Débito,Entregue,Marketplace
2458,2024-02-02,263,Luísa Fogaça,Não informado,26-35,Sul,Kit Algemas Veludo,Acessórios BDSM,157.23,1,0.0,Pix,Entregue,Site
726,2024-02-23,459,Antonella Borges,F,26-35,Sudeste,Chicote de Couro Soft,Acessórios BDSM,218.65,1,20.0,Pix,Cancelado,Site
1927,2023-08-13,238,Bernardo Montenegro,M,46+,Sul,Fantasia Enfermeira,Lingerie,113.21,1,0.0,Cartão Crédito,Entregue,Site
1504,2024-08-20,115,Isabelly Freitas,F,18-25,Sudeste,Óleo de Massagem Relaxante,Lubrificantes,66.19,1,0.0,Pix,Entregue,App
2211,2023-12-07,363,Srta. Maya Brito,F,36-45,Sudeste,Venda para Olhos Satin,Acessórios BDSM,130.43,1,0.0,Pix,Entregue,Site
3514,2023-07-04,429,Igor Farias,M,36-45,Centro-Oeste,Lingerie Cropped com Bojo,Lingerie,77.45,5,0.0,Pix,Entregue,Site
4592,2023-06-09,65,Maria Liz Rios,F,46+,Sul,Vibrador Duplo Prazer,Vibradores,312.79,2,0.0,Cartão Débito,Entregue,Site
5349,2024-05-09,163,Sofia das Neves,F,36-45,Sul,Vibrador Duplo Prazer,Vibradores,116.4,1,0.0,Pix,Entregue,Marketplace
4323,2024-02-12,295,Isabel da Paz,F,36-45,Centro-Oeste,Vibrador Duplo Prazer,Vibradores,444.87,1,0.0,Cartão Crédito,Entregue,App
3342,2024-10-29,233,Sr. Breno Pastor,M,46+,Sudeste,Lingerie Cropped com Bojo,Lingerie,176.91,1,0.0,Pix,Entregue,Site
32,2023-11-11,52,Sra. Sofia Pereira,F,18-25,Sudeste,Body Coelhinha Plus Size,Lingerie,118.67,4,10.0,Cartão Crédito,Entregue,Marketplace
1226,2023-01-27,271,Heloísa Fonseca,F,26-35,Sudeste,Vibrador Ponto G Flex,Vibradores,221.18,2,10.0,Boleto,Entregue,Site
938,2023-09-13,571,Bella Silva,F,36-45,Sudeste,Lubrificante Íntimo Aquoso 100ml,Lubrificantes,48.71,3,0.0,Pix,Entregue,App
2367,2023-03-29,37,Zoe da Luz,F,46+,Centro-Oeste,Conjunto Lingerie Boudoir,Lingerie,146.47,3,20.0,Pix,Entregue,Marketplace
753,2024-10-09,264,Sra. Júlia das Neves,F,46+,Sul,Vibrador Duplo Prazer,Vibradores,448.62,2,5.0,Pix,Entregue,App
4555,2023-03-15,167,Srta. Liz Guerra,F,18-25,Sul,Spray Prolongador,Cosméticos Íntimos,83.66,1,5.0,Pix,Entregue,App
310,2023-11-10,88,Sr. Caleb Sá,M,26-35,Sudeste,Óleo de Massagem Relaxante,Lubrificantes,52.21,1,10.0,Pix,Entregue,Site
4355,2024-08-17,211,Ravi Lucca Cardoso,Não informado,26-35,Sudeste,Lubrificante Íntimo Aquoso 100ml,Lubrificantes,30.83,2,0.0,Cartão Crédito,Entregue,App
2101,2023-11-23,573,Enrico da Mata,Não informado,26-35,Nordeste,Gel Excitante Masculino,Lubrificantes,52.55,1,0.0,Pix,Entregue,Site
3829,2024-01-25,458,Olívia Azevedo,F,26-35,Sudeste,Corda de Shibari 5m,Acessórios BDSM,136.96,1,0.0,Pix,Entregue,Marketplace
1913,2024-09-12,786,José Miguel Silva,M,26-35,Sudeste,Sabonete Íntimo pH Neutro,Cosméticos Íntimos,134.2,2,5.0,Pix,Entregue,Site
2581,2023-10-30,37,Zoe da Luz,F,46+,Centro-Oeste,Chicote de Couro Soft,Acessórios BDSM,204.43,1,20.0,Pix,Entregue,App
3015,2023-08-20,259,Maria Luiza Sales,F,18-25,Norte,Spray Prolongador,Cosméticos Íntimos,137.63,5,0.0,Cartão Crédito,Entregue,Marketplace
496,2024-05-07,120,Catarina da Luz,F,18-25,Sul,Gel Térmico Sensação Quente,Cosméticos Íntimos,78.34,1,0.0,Cartão Crédito,Entregue,Site
1406,2023-12-18,175,Leonardo Câmara,M,36-45,Sul,Chicote de Couro Soft,Acessórios BDSM,228.05,3,10.0,Cartão Débito,Entregue,App
4487,2023-03-25,8,Yago Leão,M,26-35,Sudeste,Lubrificante Base Silicone,Lubrificantes,56.32,5,0.0,Boleto,Entregue,App
206,2023-10-22,3,Cauã Rocha,M,18-25,Sudeste,Conjunto Lingerie Boudoir,Lingerie,102.62,1,0.0,Cartão Crédito,Entregue,App
1435,2024-09-15,42,Eduarda Vieira,F,18-25,Sudeste,Body Coelhinha Plus Size,Lingerie,108.81,1,30.0,Boleto,Entregue,Site
1136,2024-02-17,23,Elisa Freitas,F,18-25,Sudeste,Lubrificante Base Silicone,Lubrificantes,65.68,1,0.0,Pix,Cancelado,App
3272,2024-05-14,3,Cauã Rocha,M,18-25,Sudeste,Vibrador Clássico Silicone,Vibradores,343.62,1,15.0,Pix,Entregue,Marketplace
869,2024-02-01,486,Théo Camargo,Não informado,26-35,Sudeste,Fantasia Policial,Lingerie,172.38,1,0.0,Boleto,Cancelado,Site
702,2024-11-28,15,Julia Aparecida,F,26-35,Sudeste,Fantasia Enfermeira,Lingerie,79.93,1,15.0,Cartão Débito,Cancelado,Site
306,2023-03-09,716,Thiago Machado,M,36-45,Nordeste,Jogo de Cartas Sexo Quiz,Jogos Adultos,47.12,3,0.0,Cartão Débito,Entregue,Site
3613,2023-06-23,129,Julia Castro,F,26-35,Sudeste,Camisola Sensual Preta,Lingerie,174.97,5,0.0,Cartão Crédito,Entregue,Site
1193,2024-11-10,117,Kevin Pimenta,M,26-35,Norte,Óleo de Massagem Relaxante,Lubrificantes,46.53,3,0.0,Pix,Entregue,Marketplace
4380,2024-12-22,191,João Guilherme Vargas,M,26-35,Nordeste,Lubrificante Íntimo Aquoso 100ml,Lubrificantes,34.76,1,0.0,Pix,Entregue,App
4562,2023-12-30,94,Ryan Cassiano,M,36-45,Sudeste,Conjunto Lingerie Boudoir,Lingerie,196.47,2,0.0,Cartão Crédito,Entregue,Site
1535,2023-01-26,146,Heloísa Câmara,F,26-35,Nordeste,Vibrador Rabbit Premium,Vibradores,92.71,1,30.0,Cartão Débito,Devolvido,Site
1062,2023-05-10,743,Maria Sophia Montenegro,F,26-35,Sul,Kit Cuidados Íntimos,Cosméticos Íntimos,113.38,1,0.0,Cartão Crédito,Cancelado,App
844,2024-06-15,675,Manuella Moreira,F,36-45,Nordeste,Colar e Guia BDSM,Acessórios BDSM,210.47,4,0.0,Pix,Entregue,Site
3329,2023-02-25,42,Eduarda Vieira,F,18-25,Sudeste,Jogo Tabuleiro Casais,Jogos Adultos,124.78,1,0.0,Cartão Crédito,Entregue,Marketplace
2766,2024-08-06,666,Maria Luísa Oliveira,F,26-35,Nordeste,Mini Vibrador Discreto,Vibradores,440.32,1,0.0,Boleto,Entregue,Marketplace
1539,2024-09-30,56,Rebeca Almeida,F,26-35,Sul,Lubrificante Íntimo Aquoso 250ml,Lubrificantes,69.64,2,0.0,Pix,Entregue,Marketplace
212,2024-11-25,310,Alícia Teixeira,F,36-45,Sudeste,Body Coelhinha Plus Size,Lingerie,118.33,2,0.0,Pix,Entregue,Site
1341,2024-12-29,83,Evelyn Correia,F,26-35,Nordeste,Lingerie Cropped com Bojo,Lingerie,96.81,1,0.0,Pix,Entregue,Marketplace
1109,2024-02-03,313,Sra. Lara Cirino,F,46+,Nordeste,Kit Cuidados Íntimos,Cosméticos Íntimos,81.73,2,5.0,Pix,Entregue,Marketplace
5009,2024-03-08,56,Rebeca Almeida,F,26-35,Sul,Vibrador Clássico Silicone,Vibradores,298.04,1,5.0,Pix,Entregue,Marketplace
680,2024-03-25,491,Kevin Cunha,Não informado,26-35,Sul,Lubrificante Íntimo Aquoso 250ml,Lubrificantes,64.05,1,0.0,Pix,Entregue,Site
2756,2024-08-08,95,Juan Cunha,M,26-35,Sul,Lubrificante Sabores Morango,Lubrificantes,73.76,1,30.0,Pix,Entregue,Site
3593,2024-05-27,226,Danilo Nunes,M,36-45,Centro-Oeste,Vibrador Ponto G Flex,Vibradores,216.95,5,0.0,Pix,Entregue,Site
566,2023-02-22,239,Sra. Alice Leão,F,18-25,Sudeste,Gel Excitante Feminino,Lubrificantes,61.98,1,0.0,Cartão Crédito,Entregue,Site
4369,2023-08-17,50,João Montenegro,M,26-35,Sudeste,Chicote de Couro Soft,Acessórios BDSM,55.7,2,0.0,Pix,Entregue,Marketplace
1533,2023-12-26,330,Luana Novaes,F,36-45,Sudeste,Massageador Corporal Wave,Vibradores,477.97,2,0.0,Cartão Crédito,Entregue,Site
4255,2024-09-08,49,Eduarda Marques,F,26-35,Sul,Lubrificante Íntimo Aquoso 100ml,Lubrificantes,64.32,1,0.0,Pix,Entregue,Marketplace
681,2024-07-07,429,Igor Farias,M,36-45,Centro-Oeste,Gel Excitante Masculino,Lubrificantes,85.24,1,5.0,Boleto,Entregue,Site
181,2023-09-12,115,Isabelly Freitas,F,18-25,Sudeste,Creme Excitante Feminino,Cosméticos Íntimos,119.73,1,0.0,Cartão Crédito,Entregue,Marketplace
3254,2024-05-18,35,Diego da Luz,M,26-35,Sudeste,Lubrificante Íntimo Aquoso 250ml,Lubrificantes,74.22,1,5.0,Cartão Crédito,Entregue,App
1780,2023-06-02,458,Olívia Azevedo,F,26-35,Sudeste,Vibrador Duplo Prazer,Vibradores,410.38,1,0.0,Cartão Crédito,Entregue,Site
2842,2024-03-20,364,Dra. Beatriz Macedo,F,46+,Sudeste,Lubrificante Íntimo Aquoso 250ml,Lubrificantes,32.32,2,0.0,Cartão Crédito,Entregue,Site
5321,2024-01-09,92,Alexandre Gomes,M,18-25,Sudeste,Body Coelhinha Plus Size,Lingerie,74.02,1,15.0,Boleto,Entregue,Site
279,2023-12-15,318,Sabrina da Paz,Não informado,46+,Nordeste,Gel Excitante Masculino,Lubrificantes,68.77,1,0.0,Pix,Entregue,App
1877,2024-09-05,240,Bianca Lopes,F,26-35,Sudeste,Fantasia Policial,Lingerie,188.31,1,5.0,Pix,Entregue,Site
3845,2024-10-14,49,Eduarda Marques,F,26-35,Sul,Chicote de Couro Soft,Acessórios BDSM,294.21,2,5.0,Pix,Entregue,App
1205,2024-12-01,182,Srta. Bianca Vasconcelos,F,26-35,Nordeste,Vibrador Duplo Prazer,Vibradores,381.14,1,0.0,Pix,Entregue,Marketplace
1880,2023-03-04,224,Alícia Pinto,F,26-35,Nordeste,Lubrificante Íntimo Aquoso 250ml,Lubrificantes,50.81,1,0.0,Pix,Entregue,Site
433,2023-12-17,257,Sra. Melissa Vieira,F,46+,Sul,Sabonete Íntimo pH Neutro,Cosméticos Íntimos,86.96,1,15.0,Pix,Devolvido,Site
290,2023-10-11,240,Bianca Lopes,F,26-35,Sudeste,Vibrador Rabbit Premium,Vibradores,370.85,4,0.0,Pix,Entregue,Site
1028,2023-02-28,463,Noah Fogaça,M,36-45,Sudeste,Venda para Olhos Satin,Acessórios BDSM,153.46,5,0.0,Pix,Entregue,Site
536,2023-09-19,634,Ana Vitória Rios,F,26-35,Nordeste,Camisola Sensual Preta,Lingerie,115.91,1,0.0,Pix,Entregue,App
2587,2023-11-30,21,Carlos Eduardo Garcia,Não informado,36-45,Sul,Vibrador Ponto G Flex,Vibradores,475.37,3,0.0,Pix,Cancelado,App
994,2024-05-23,240,Bianca Lopes,F,26-35,Sudeste,Gel Excitante Masculino,Lubrificantes,85.85,1,0.0,Pix,Entregue,Site
1188,2023-12-01,20,Sr. João Vitor Barros,M,18-25,Sudeste,Perfume Íntimo Floral,Cosméticos Íntimos,62.85,1,5.0,Pix,Entregue,App
189,2023-04-24,204,Maria da Rosa,F,36-45,Sudeste,Body Rendado Vermelho,Lingerie,176.83,1,10.0,Pix,Entregue,Site
4743,2023-11-30,11,Otávio Fernandes,M,36-45,Sul,Lubrificante Sabores Morango,Lubrificantes,30.82,2,30.0,Pix,Entregue,Site
3632,2023-02-13,46,Dra. Bruna Rodrigues,F,18-25,Nordeste,Fantasia Enfermeira,Lingerie,101.8,1,0.0,Pix,Entregue,Site
2234,2024-10-06,473,Leonardo Fernandes,M,18-25,Norte,Lingerie Cropped com Bojo,Lingerie,130.92,3,5.0,Pix,Devolvido,Site
3768,2024-12-18,156,Bruna Gomes,F,26-35,Nordeste,Gel Excitante Feminino,Lubrificantes,63.78,1,20.0,Pix,Entregue,Marketplace
707,2024-09-11,107,Gabrielly Rios,F,46+,Nordeste,Venda para Olhos Satin,Acessórios BDSM,192.24,3,0.0,Cartão Crédito,Entregue,Site
1721,2023-01-17,43,Sra. Ana Luiza Gomes,F,46+,Centro-Oeste,Vibrador Duplo Prazer,Vibradores,274.58,2,10.0,Pix,Entregue,App
271,2024-07-14,420,Isaac Fonseca,M,26-35,Sul,Vibrador Clássico Silicone,Vibradores,94.8,1,0.0,Pix,Entregue,Site
5395,2024-06-23,331,Maria Luísa Borges,F,18-25,Sul,Vibrador Duplo Prazer,Vibradores,433.41,1,0.0,Cartão Crédito,Entregue,Site
4536,2023-06-15,238,Bernardo Montenegro,M,46+,Sul,Venda para Olhos Satin,Acessórios BDSM,83.18,3,0.0,Cartão Débito,Entregue,Site
2330,2023-09-05,15,Julia Aparecida,F,26-35,Sudeste,Vibrador Ponto G Flex,Vibradores,483.59,1,30.0,Cartão Crédito,Cancelado,Site
1244,2024-12-12,463,Noah Fogaça,M,36-45,Sudeste,Vibrador Ponto G Flex,Vibradores,122.13,2,0.0,Boleto,Entregue,App
2639,2023-04-08,649,Pietro Cunha,M,26-35,Norte,Massageador Corporal Wave,Vibradores,451.79,1,0.0,Boleto,Entregue,Site
5254,2023-04-02,25,Brayan Pereira,M,26-35,Sul,Lingerie Cropped com Bojo,Lingerie,76.33,3,0.0,Pix,Entregue,Site
4317,2023-12-21,335,Maria Vitória Mendes,F,46+,Sudeste,Corda de Shibari 5m,Acessórios BDSM,174.88,2,0.0,Cartão Crédito,Entregue,Site
112,2024-09-09,49,Eduarda Marques,F,26-35,Sul,Body Coelhinha Plus Size,Lingerie,101.08,1,0.0,Pix,Entregue,App
1171,2023-05-22,257,Sra. Melissa Vieira,F,46+,Sul,Lubrificante Sabores Morango,Lubrificantes,88.89,3,0.0,Cartão Crédito,Entregue,Site
1392,2024-09-16,22,Rafael Porto,M,36-45,Nordeste,Vibrador Duplo Prazer,Vibradores,237.7,1,0.0,Pix,Entregue,Site
4474,2023-05-03,121,Cauê Souza,M,26-35,Sul,Body Rendado Vermelho,Lingerie,124.5,2,0.0,Cartão Crédito,Cancelado,App
221,2023-07-14,284,Henry Gabriel Vasconcelos,M,36-45,Sudeste,Gel Excitante Masculino,Lubrificantes,76.32,1,0.0,Pix,Cancelado,App
3681,2024-02-13,360,Dr. Vitor Hugo Andrade,M,36-45,Sudeste,Lubrificante Base Silicone,Lubrificantes,37.41,1,0.0,Boleto,Entregue,Site
628,2024-04-05,357,Maitê Pinto,F,46+,Sul,Mini Vibrador Discreto,Vibradores,193.66,1,0.0,Boleto,Devolvido,App
3337,2024-04-28,560,Ana Clara Jesus,F,26-35,Sudeste,Conjunto Lingerie Boudoir,Lingerie,81.75,1,0.0,Cartão Crédito,Entregue,Site
2788,2023-05-27,61,Davi Lucas Cardoso,M,36-45,Norte,Camisola Sensual Preta,Lingerie,128.2,2,0.0,Boleto,Entregue,App
84,2024-02-18,19,Bernardo Aparecida,M,36-45,Sudeste,Lubrificante Base Silicone,Lubrificantes,42.57,1,0.0,Pix,Entregue,App
2969,2023-02-07,640,Arthur Gabriel Pereira,M,18-25,Sul,Body Rendado Vermelho,Lingerie,140.53,1,0.0,Cartão Crédito,Entregue,App
791,2024-02-25,47,João Felipe Vargas,M,18-25,Sul,Vibrador Rabbit Premium,Vibradores,146.71,2,25.0,Cartão Crédito,Entregue,Site
5199,2024-12-18,135,Ana Cecília Fogaça,F,46+,Nordeste,Gel Excitante Feminino,Lubrificantes,57.44,5,0.0,Cartão Crédito,Entregue,App
462,2024-03-12,278,Ana Júlia da Cunha,F,26-35,Sul,Lubrificante Sabores Morango,Lubrificantes,78.17,1,0.0,Pix,Entregue,App
5465,2023-04-05,86,Isadora Barbosa,Não informado,18-25,Sudeste,Dominó Erótico,Jogos Adultos,44.4,1,0.0,Pix,Entregue,App
552,2023-06-14,473,Leonardo Fernandes,M,18-25,Norte,Sabonete Íntimo pH Neutro,Cosméticos Íntimos,147.94,1,0.0,Cartão Crédito,Entregue,Site
5403,2024-06-05,667,Carolina Dias,F,26-35,Sudeste,Lubrificante Sabores Morango,Lubrificantes,78.99,1,0.0,Pix,Entregue,App
4503,2023-07-16,94,Ryan Cassiano,M,36-45,Sudeste,Wand Massager Pro,Vibradores,297.97,1,0.0,Cartão Crédito,Entregue,Site
3287,2023-05-07,135,Ana Cecília Fogaça,F,46+,Nordeste,Wand Massager Pro,Vibradores,211.7,1,0.0,Cartão Crédito,Entregue,App
199,2023-12-09,524,Ana Carolina Araújo,F,46+,Sul,Colar e Guia BDSM,Acessórios BDSM,282.46,1,30.0,Cartão Crédito,Entregue,Site
3169,2024-12-20,373,Cecília da Conceição,F,36-45,Sul,Jogo de Cartas Sexo Quiz,Jogos Adultos,62.77,1,0.0,Cartão Crédito,Entregue,App
3870,2024-09-18,21,Carlos Eduardo Garcia,Não informado,36-45,Sul,Gel Excitante Masculino,Lubrificantes,74.79,2,25.0,Pix,Entregue,Marketplace
403,2023-02-17,191,João Guilherme Vargas,M,26-35,Nordeste,Camisola Sensual Preta,Lingerie,179.38,3,0.0,Pix,Entregue,Marketplace
3755,2023-01-24,88,Sr. Caleb Sá,M,26-35,Sudeste,Lubrificante Sabores Baunilha,Lubrificantes,50.14,1,30.0,Cartão Crédito,Entregue,Site
5498,2023-10-19,527,Ana Cecília Machado,F,46+,Sul,Lubrificante Base Silicone,Lubrificantes,37.72,1,0.0,Cartão Crédito,Entregue,Site
5288,2023-11-24,15,Julia Aparecida,F,26-35,Sudeste,Perfume Íntimo Floral,Cosméticos Íntimos,100.05,1,0.0,Cartão Crédito,Devolvido,App
3003,2024-04-05,80,Nina Siqueira,F,26-35,Sul,Conjunto Lingerie Boudoir,Lingerie,197.13,1,0.0,Cartão Crédito,Entregue,App
4709,2023-06-20,433,Sr. Davi Lucca Albuquerque,M,26-35,Sudeste,Lubrificante Base Silicone,Lubrificantes,38.36,2,0.0,Cartão Débito,Devolvido,App
4956,2023-01-01,359,Dr. Liam Pires,M,36-45,Sul,Body Coelhinha Plus Size,Lingerie,81.06,1,0.0,Pix,Cancelado,Site
651,2023-12-28,26,Srta. Yasmin Siqueira,F,46+,Sul,Óleo de Massagem Relaxante,Lubrificantes,36.67,2,5.0,Pix,Entregue,Site
4447,2024-03-29,56,Rebeca Almeida,F,26-35,Sul,Lubrificante Sabores Baunilha,Lubrificantes,33.98,5,0.0,Cartão Débito,Entregue,Site
709,2024-04-09,82,Lucca Caldeira,M,26-35,Nordeste,Massageador Corporal Wave,Vibradores,403.76,2,0.0,Pix,Cancelado,Marketplace
3270,2024-09-29,308,José Alves,M,36-45,Centro-Oeste,Vibrador Ponto G Flex,Vibradores,458.49,2,0.0,Pix,Devolvido,Site
5010,2024-07-06,154,Maya Ferreira,F,18-25,Sudeste,Body Coelhinha Plus Size,Lingerie,126.09,1,0.0,Pix,Entregue,App
4902,2024-04-26,180,Dr. Thales Guerra,M,36-45,Sudeste,Lubrificante Íntimo Aquoso 100ml,Lubrificantes,60.57,1,0.0,Cartão Débito,Entregue,Site
4023,2023-08-22,295,Isabel da Paz,F,36-45,Centro-Oeste,Vibrador Duplo Prazer,Vibradores,187.63,3,30.0,Pix,Cancelado,Site
4101,2024-02-05,266,Sr. Levi Campos,M,26-35,Centro-Oeste,Fantasia Enfermeira,Lingerie,179.83,1,0.0,Cartão Crédito,Entregue,Site
1425,2023-05-13,751,Evelyn da Cruz,F,26-35,Sudeste,Conjunto Lingerie Boudoir,Lingerie,145.37,2,0.0,Pix,Entregue,Site
1217,2024-12-25,24,Giovanna Rios,F,26-35,Centro-Oeste,Lubrificante Íntimo Aquoso 100ml,Lubrificantes,48.8,2,15.0,Cartão Crédito,Entregue,App
3699,2023-08-18,609,Erick Vasconcelos,M,18-25,Centro-Oeste,Lubrificante Sabores Baunilha,Lubrificantes,72.43,2,0.0,Cartão Crédito,Entregue,Site
2315,2023-06-25,773,Laura Duarte,F,36-45,Sudeste,Massageador Corporal Wave,Vibradores,272.03,1,0.0,Cartão Crédito,Entregue,Site
315,2024-03-28,452,Sr. Yuri Silveira,M,36-45,Sudeste,Vibrador Ponto G Flex,Vibradores,458.97,1,0.0,Pix,Entregue,Marketplace
4564,2024-01-20,15,Julia Aparecida,F,26-35,Sudeste,Lubrificante Íntimo Aquoso 250ml,Lubrificantes,85.09,1,0.0,Pix,Entregue,App
2887,2024-11-08,192,Raquel Pires,Não informado,26-35,Nordeste,Lubrificante Íntimo Aquoso 250ml,Lubrificantes,72.51,1,25.0,Cartão Crédito,Entregue,App
1428,2024-06-23,651,Gabriela Campos,F,36-45,Sul,Vibrador Duplo Prazer,Vibradores,171.56,2,0.0,Pix,Entregue,Site
1757,2023-11-22,671,Marina Montenegro,F,46+,Centro-Oeste,Kit Roleplay Surpresa,Jogos Adultos,51.33,1,0.0,Cartão Crédito,Cancelado,Site
5041,2023-04-26,371,Anna Liz Pimenta,F,26-35,Sul,Vibrador Clássico Silicone,Vibradores,316.8,2,0.0,Boleto,Devolvido,Marketplace
114,2024-09-03,419,Dr. Henrique Macedo,M,26-35,Nordeste,Perfume Íntimo Floral,Cosméticos Íntimos,131.86,1,25.0,Pix,Entregue,Site
961,2024-02-27,25,Brayan Pereira,M,26-35,Sul,Vibrador Clássico Silicone,Vibradores,359.11,4,30.0,Pix,Entregue,Marketplace
3574,2023-06-08,761,Jade Souza,F,26-35,Nordeste,Venda para Olhos Satin,Acessórios BDSM,52.42,1,25.0,Pix,Entregue,App
2819,2023-06-02,3,Cauã Rocha,M,18-25,Sudeste,Dominó Erótico,Jogos Adultos,92.83,2,0.0,Cartão Crédito,Entregue,App
1115,2024-10-07,241,Natália Santos,F,46+,Nordeste,Venda para Olhos Satin,Acessórios BDSM,172.99,1,0.0,Cartão Crédito,Entregue,App
4084,2024-08-07,357,Maitê Pinto,F,46+,Sul,Body Rendado Vermelho,Lingerie,96.67,2,0.0,Cartão Débito,Entregue,Site
5192,2024-02-09,317,Sr. Enrico Farias,Não informado,36-45,Nordeste,Kit Iniciante BDSM 5 Peças,Acessórios BDSM,74.07,2,0.0,Cartão Crédito,Devolvido,App
3506,2023-11-20,260,Leandro Ribeiro,M,26-35,Sudeste,Gel Excitante Masculino,Lubrificantes,83.44,1,0.0,Cartão Crédito,Entregue,Site
3929,2024-05-12,307,Pedro Sousa,M,36-45,Sul,Vibrador Rabbit Premium,Vibradores,239.88,2,0.0,Cartão Crédito,Cancelado,Marketplace
5032,2023-05-30,206,Dra. Ísis Pereira,F,36-45,Sudeste,Colar e Guia BDSM,Acessórios BDSM,243.61,3,10.0,Pix,Entregue,Marketplace
4153,2024-03-10,326,Ana Júlia Costela,F,18-25,Centro-Oeste,Creme Retardante Masculino,Cosméticos Íntimos,121.91,3,0.0,Pix,Entregue,App
5029,2023-04-08,338,Thomas Souza,M,26-35,Sudeste,Vibrador Rabbit Premium,Vibradores,179.67,2,0.0,Boleto,Entregue,App
4052,2023-08-08,308,José Alves,M,36-45,Centro-Oeste,Vibrador Duplo Prazer,Vibradores,480.76,1,0.0,Cartão Crédito,Entregue,Site
3692,2024-02-04,201,Gabrielly Leão,F,36-45,Sul,Vibrador Clássico Silicone,Vibradores,499.47,1,0.0,Cartão Débito,Entregue,App
2288,2024-09-12,111,Anthony Marques,M,26-35,Nordeste,Meia-Calça Rendada,Lingerie,63.23,2,30.0,Pix,Entregue,Site
1635,2024-02-16,596,Lavínia Lima,F,36-45,Sudeste,Lubrificante Sabores Baunilha,Lubrificantes,53.35,1,0.0,Pix,Entregue,App
2868,2023-05-28,368,Marina Casa Grande,F,26-35,Sul,Body Rendado Vermelho,Lingerie,96.0,4,0.0,Boleto,Devolvido,Marketplace
2348,2024-05-31,124,Gustavo Rodrigues,M,26-35,Nordeste,Jogo Tabuleiro Casais,Jogos Adultos,52.84,1,0.0,Cartão Crédito,Entregue,Marketplace
2413,2024-08-14,181,Diogo Rezende,M,46+,Sudeste,Jogo de Cartas Sexo Quiz,Jogos Adultos,57.34,1,0.0,Pix,Entregue,Marketplace
1870,2024-12-17,338,Thomas Souza,M,26-35,Sudeste,Fantasia Enfermeira,Lingerie,187.4,5,20.0,Boleto,Entregue,Site
327,2024-12-30,218,Lara Sá,F,46+,Sul,Kit Algemas Veludo,Acessórios BDSM,154.24,3,0.0,Pix,Entregue,Site
605,2024-06-21,36,Josué Souza,M,18-25,Sul,Dado do Prazer,Jogos Adultos,114.65,1,15.0,Cartão Débito,Entregue,Site
5115,2024-12-30,93,Mirella da Paz,F,26-35,Sudeste,Kit Algemas Veludo,Acessórios BDSM,175.75,2,0.0,Pix,Entregue,App
4970,2024-07-09,152,Joana Cavalcanti,F,26-35,Sul,Óleo de Massagem Relaxante,Lubrificantes,61.25,4,0.0,Cartão Crédito,Entregue,Marketplace
2237,2024-08-13,533,Ana Cecília da Cruz,F,26-35,Sul,Vibrador Duplo Prazer,Vibradores,389.09,4,20.0,Pix,Entregue,Marketplace
3159,2023-11-21,438,Srta. Olívia Machado,F,46+,Sul,Vibrador Ponto G Flex,Vibradores,386.25,2,25.0,Boleto,Entregue,Site
4808,2024-11-26,660,Isaac Vieira,M,18-25,Sudeste,Massageador Corporal Wave,Vibradores,346.84,1,0.0,Cartão Crédito,Entregue,Marketplace
1742,2023-02-01,345,Lucas Gabriel Novaes,M,18-25,Sudeste,Lubrificante Sabores Baunilha,Lubrificantes,72.89,2,0.0,Pix,Entregue,Marketplace
2168,2024-11-26,38,Dra. Mariane Pacheco,F,26-35,Sudeste,Vibrador Rabbit Premium,Vibradores,263.37,1,0.0,Pix,Entregue,Site
1289,2024-01-18,10,Alana Teixeira,F,36-45,Sul,Wand Massager Pro,Vibradores,233.99,2,0.0,Cartão Débito,Entregue,App
4004,2024-06-07,47,João Felipe Vargas,M,18-25,Sul,Gel Excitante Masculino,Lubrificantes,48.38,3,0.0,Cartão Crédito,Entregue,Site
4115,2024-06-14,246,João Lucas Machado,M,26-35,Sudeste,Conjunto Lingerie Boudoir,Lingerie,88.13,1,0.0,Pix,Entregue,Site
2446,2024-08-19,100,Anna Liz Cirino,F,18-25,Centro-Oeste,Conjunto Lingerie Boudoir,Lingerie,119.54,1,0.0,Pix,Devolvido,Site
4869,2024-06-17,243,Dr. Vitor Gabriel Vasconcelos,M,26-35,Sudeste,Lubrificante Íntimo Aquoso 100ml,Lubrificantes,67.55,3,0.0,Pix,Cancelado,Site
2318,2023-11-26,138,Nicolas Pinto,M,36-45,Sudeste,Kit Algemas Veludo,Acessórios BDSM,110.59,3,0.0,Cartão Crédito,Entregue,Marketplace
4087,2023-02-18,39,Luiz Miguel Câmara,M,36-45,Sudeste,Lubrificante Íntimo Aquoso 100ml,Lubrificantes,64.96,5,0.0,Pix,Entregue,Site
2081,2024-07-31,8,Yago Leão,M,26-35,Sudeste,Vibrador Clássico Silicone,Vibradores,430.23,1,0.0,Boleto,Entregue,Marketplace
2835,2024-12-17,139,Srta. Isabela Castro,F,18-25,Sudeste,Lubrificante Íntimo Aquoso 100ml,Lubrificantes,55.38,3,0.0,Pix,Entregue,Site
2654,2023-12-29,15,Julia Aparecida,F,26-35,Sudeste,Conjunto Lingerie Boudoir,Lingerie,63.53,1,0.0,Pix,Entregue,Marketplace
790,2024-06-29,640,Arthur Gabriel Pereira,M,18-25,Sul,Jogo Tabuleiro Casais,Jogos Adultos,108.01,1,10.0,Cartão Débito,Entregue,Site
1627,2024-06-15,63,Otávio Cunha,M,26-35,Sudeste,Body Rendado Vermelho,Lingerie,191.27,1,0.0,Cartão Crédito,Entregue,Site
5028,2024-10-26,16,Sra. Zoe Campos,F,18-25,Sudeste,Jogo Tabuleiro Casais,Jogos Adultos,123.76,1,30.0,Cartão Crédito,Entregue,App
4047,2024-05-04,111,Anthony Marques,M,26-35,Nordeste,Jogo Tabuleiro Casais,Jogos Adultos,97.22,1,0.0,Pix,Cancelado,App
2119,2024-01-27,25,Brayan Pereira,M,26-35,Sul,Vibrador Ponto G Flex,Vibradores,193.78,3,30.0,Cartão Crédito,Entregue,Site
322,2024-04-28,329,Isaque Santos,M,36-45,Centro-Oeste,Fantasia Enfermeira,Lingerie,118.3,1,0.0,Pix,Entregue,Site
872,2023-02-24,88,Sr. Caleb Sá,M,26-35,Sudeste,Lubrificante Sabores Baunilha,Lubrificantes,33.78,5,0.0,Pix,Entregue,Marketplace
170,2024-12-18,240,Bianca Lopes,F,26-35,Sudeste,Vibrador Ponto G Flex,Vibradores,132.13,1,25.0,Pix,Entregue,App
4012,2024-09-10,137,Luiz Gustavo Vasconcelos,M,26-35,Nordeste,Lubrificante Íntimo Aquoso 100ml,Lubrificantes,35.74,1,0.0,Cartão Crédito,Entregue,App
2496,2024-05-30,184,Dra. Nicole Aragão,F,36-45,Sul,Creme Excitante Feminino,Cosméticos Íntimos,90.19,2,10.0,Pix,Entregue,Site
1942,2024-03-01,112,Beatriz Barbosa,F,36-45,Nordeste,Gel Excitante Masculino,Lubrificantes,53.02,5,0.0,Pix,Entregue,Site
3873,2023-07-05,48,Sra. Brenda da Rocha,F,26-35,Centro-Oeste,Vibrador Ponto G Flex,Vibradores,265.96,3,0.0,Pix,Cancelado,Site
4358,2023-12-22,262,Vitória Ferreira,F,26-35,Nordeste,Lubrificante Sabores Morango,Lubrificantes,38.81,1,0.0,Boleto,Entregue,App
5050,2023-12-23,199,Maria Luísa Farias,F,46+,Nordeste,Mordaça Silicone,Acessórios BDSM,275.15,1,0.0,Cartão Crédito,Entregue,Site
74,2024-02-18,427,Gustavo Azevedo,M,36-45,Sudeste,Body Rendado Vermelho,Lingerie,151.66,5,0.0,Pix,Entregue,Site
421,2024-09-12,401,Caleb Vieira,M,26-35,Sul,Vibrador Duplo Prazer,Vibradores,278.88,1,0.0,Boleto,Entregue,App
4411,2024-12-28,23,Elisa Freitas,F,18-25,Sudeste,Lubrificante Sabores Baunilha,Lubrificantes,48.77,1,0.0,Cartão Crédito,Entregue,App
4760,2023-08-12,759,João Vitor Aparecida,Não informado,46+,Sudeste,Vibrador Duplo Prazer,Vibradores,286.97,1,0.0,Cartão Crédito,Entregue,App
4519,2024-06-07,61,Davi Lucas Cardoso,M,36-45,Norte,Mini Vibrador Discreto,Vibradores,189.39,1,0.0,Cartão Crédito,Entregue,Site
93,2024-12-13,370,Emilly Cavalcante,Não informado,36-45,Sudeste,Kit Cuidados Íntimos,Cosméticos Íntimos,53.23,1,0.0,Boleto,Entregue,Site
5077,2024-02-16,255,Samuel Novais,M,26-35,Sul,Chicote de Couro Soft,Acessórios BDSM,297.6,1,0.0,Cartão Crédito,Entregue,Site
1624,2023-02-03,666,Maria Luísa Oliveira,F,26-35,Nordeste,Lubrificante Íntimo Aquoso 250ml,Lubrificantes,45.61,1,0.0,Boleto,Entregue,App
1823,2024-09-11,255,Samuel Novais,M,26-35,Sul,Body Coelhinha Plus Size,Lingerie,197.26,1,0.0,Cartão Débito,Entregue,Site
4388,2024-02-16,14,Aylla Fogaça,F,36-45,Sudeste,Fantasia Enfermeira,Lingerie,150.1,1,10.0,Pix,Devolvido,Site
2755,2024-09-27,577,Benjamim Gonçalves,M,18-25,Sul,Camisola Sensual Preta,Lingerie,177.04,1,20.0,Pix,Cancelado,Site
3542,2023-04-17,420,Isaac Fonseca,M,26-35,Sul,Corda de Shibari 5m,Acessórios BDSM,296.45,1,0.0,Boleto,Entregue,Site
2299,2023-12-16,32,Ana Luiza Cunha,F,18-25,Sudeste,Lubrificante Sabores Baunilha,Lubrificantes,31.9,1,25.0,Cartão Crédito,Entregue,Site
4939,2024-11-22,371,Anna Liz Pimenta,F,26-35,Sul,Meia-Calça Rendada,Lingerie,65.09,3,0.0,Pix,Entregue,Site
2053,2024-03-22,51,Thiago Caldeira,Não informado,36-45,Sul,Body Coelhinha Plus Size,Lingerie,64.84,3,0.0,Boleto,Entregue,Site
495,2023-11-15,170,Luna Martins,F,18-25,Sudeste,Vibrador Ponto G Flex,Vibradores,162.24,1,0.0,Pix,Entregue,Site
1376,2024-05-10,499,Ana Vitória Dias,Não informado,46+,Sudeste,Corda de Shibari 5m,Acessórios BDSM,96.24,1,0.0,Cartão Crédito,Entregue,Site
3847,2023-09-27,702,Sara Moraes,F,36-45,Centro-Oeste,Massageador Corporal Wave,Vibradores,217.01,3,25.0,Pix,Entregue,Site
4399,2024-06-09,52,Sra. Sofia Pereira,F,18-25,Sudeste,Mini Vibrador Discreto,Vibradores,153.84,5,15.0,Pix,Entregue,Marketplace
1962,2024-04-12,145,Natália Ferreira,F,46+,Sul,Lubrificante Sabores Morango,Lubrificantes,82.18,1,0.0,Cartão Crédito,Entregue,Site
1165,2023-02-08,49,Eduarda Marques,F,26-35,Sul,Lubrificante Sabores Baunilha,Lubrificantes,48.35,1,0.0,Pix,Entregue,Site
3712,2023-01-08,330,Luana Novaes,F,36-45,Sudeste,Lubrificante Sabores Baunilha,Lubrificantes,72.06,3,0.0,Cartão Débito,Entregue,Site
1271,2023-04-30,313,Sra. Lara Cirino,F,46+,Nordeste,Lubrificante Íntimo Aquoso 100ml,Lubrificantes,30.88,2,0.0,Pix,Entregue,Marketplace
2292,2024-10-30,91,Bento Cavalcante,M,26-35,Sul,Camisola Sensual Preta,Lingerie,123.46,1,0.0,Cartão Crédito,Entregue,App
3600,2024-02-04,287,Lorena Nunes,F,36-45,Centro-Oeste,Body Coelhinha Plus Size,Lingerie,160.05,1,0.0,Cartão Crédito,Entregue,App
4938,2023-11-01,227,Nina Sampaio,F,26-35,Sul,Lubrificante Sabores Baunilha,Lubrificantes,81.41,2,0.0,Cartão Débito,Entregue,App
4007,2023-12-11,123,Giovanna Silva,F,36-45,Sudeste,Lingerie Cropped com Bojo,Lingerie,119.78,1,0.0,Cartão Crédito,Entregue,App
619,2024-01-02,417,Sr. Samuel Pimenta,M,36-45,Sul,Body Coelhinha Plus Size,Lingerie,101.47,1,0.0,Cartão Crédito,Entregue,App
4759,2023-09-20,168,Agatha da Rosa,F,26-35,Sul,Lubrificante Íntimo Aquoso 100ml,Lubrificantes,56.22,1,20.0,Cartão Débito,Entregue,Marketplace
3128,2024-10-30,24,Giovanna Rios,F,26-35,Centro-Oeste,Wand Massager Pro,Vibradores,480.18,2,0.0,Pix,Cancelado,Site
125,2023-03-29,72,Ana Beatriz Farias,F,46+,Norte,Fantasia Policial,Lingerie,89.54,3,10.0,Pix,Entregue,Marketplace
1861,2024-12-14,385,Benicio Pereira,M,26-35,Sul,Lubrificante Íntimo Aquoso 250ml,Lubrificantes,42.33,1,0.0,Cartão Crédito,Entregue,Site
2440,2024-12-29,47,João Felipe Vargas,M,18-25,Sul,Body Rendado Vermelho,Lingerie,152.19,1,0.0,Cartão Débito,Entregue,Site
2724,2024-10-01,167,Srta. Liz Guerra,F,18-25,Sul,Fantasia Policial,Lingerie,90.23,1,0.0,Pix,Entregue,Marketplace
2555,2023-05-01,21,Carlos Eduardo Garcia,Não informado,36-45,Sul,Gel Excitante Feminino,Lubrificantes,50.51,1,0.0,Cartão Crédito,Entregue,App
3800,2024-01-25,226,Danilo Nunes,M,36-45,Centro-Oeste,Mini Vibrador Discreto,Vibradores,441.39,2,0.0,Cartão Débito,Entregue,Site
4942,2023-10-26,156,Bruna Gomes,F,26-35,Nordeste,Vibrador Duplo Prazer,Vibradores,180.18,1,0.0,Pix,Entregue,Site
4349,2023-09-28,440,Rael Montenegro,M,18-25,Nordeste,Conjunto Lingerie Boudoir,Lingerie,164.04,2,0.0,Pix,Entregue,App
4383,2023-01-20,230,Luana Caldeira,F,26-35,Nordeste,Dado do Prazer,Jogos Adultos,112.3,1,0.0,Pix,Entregue,Site
870,2024-01-01,638,Ana Lívia da Costa,F,18-25,Sudeste,Fantasia Policial,Lingerie,180.29,5,0.0,Cartão Crédito,Entregue,Marketplace
3334,2023-08-23,61,Davi Lucas Cardoso,M,36-45,Norte,Gel Térmico Sensação Quente,Cosméticos Íntimos,75.18,1,0.0,Cartão Crédito,Entregue,Marketplace
1043,2024-06-01,106,Vicente Dias,M,26-35,Sul,Gel Excitante Feminino,Lubrificantes,56.0,4,20.0,Cartão Débito,Entregue,Site
2165,2023-02-23,174,Lívia Borges,F,46+,Sudeste,Gel Excitante Feminino,Lubrificantes,37.4,2,0.0,Cartão Crédito,Entregue,App
3640,2023-06-26,65,Maria Liz Rios,F,46+,Sul,Vibrador Duplo Prazer,Vibradores,241.18,3,0.0,Pix,Entregue,App
357,2023-06-13,8,Yago Leão,M,26-35,Sudeste,Wand Massager Pro,Vibradores,419.35,2,0.0,Boleto,Devolvido,Site
1163,2023-11-29,113,Hadassa Montenegro,F,36-45,Sul,Óleo de Massagem Relaxante,Lubrificantes,76.28,1,0.0,Pix,Entregue,App
3899,2024-11-28,210,Dra. Maria Luiza Silveira,F,26-35,Nordeste,Body Coelhinha Plus Size,Lingerie,171.39,2,10.0,Pix,Entregue,Site
3394,2024-02-04,109,Caroline Rios,F,36-45,Sudeste,Lubrificante Sabores Morango,Lubrificantes,80.6,2,0.0,Cartão Crédito,Entregue,Site
5320,2024-11-06,233,Sr. Breno Pastor,M,46+,Sudeste,Body Coelhinha Plus Size,Lingerie,157.09,1,0.0,Pix,Cancelado,Site
1860,2023-03-27,340,Manuela Viana,F,18-25,Nordeste,Kit Iniciante BDSM 5 Peças,Acessórios BDSM,127.79,1,0.0,Cartão Crédito,Entregue,Site
2647,2024-08-13,664,Benício das Neves,M,18-25,Sul,Gel Excitante Feminino,Lubrificantes,88.11,2,20.0,Cartão Crédito,Entregue,Site
4790,2023-09-02,111,Anthony Marques,M,26-35,Nordeste,Venda para Olhos Satin,Acessórios BDSM,144.72,1,0.0,Pix,Entregue,App
5143,2023-02-28,234,Dra. Isabelly Caldeira,F,36-45,Centro-Oeste,Lubrificante Base Silicone,Lubrificantes,48.36,2,15.0,Pix,Entregue,Site
2764,2023-04-10,162,Davi Silveira,M,36-45,Norte,Lubrificante Sabores Baunilha,Lubrificantes,36.25,3,0.0,Pix,Entregue,App
580,2023-10-13,83,Evelyn Correia,F,26-35,Nordeste,Lubrificante Base Silicone,Lubrificantes,40.81,1,0.0,Pix,Entregue,Site
4289,2023-02-25,117,Kevin Pimenta,M,26-35,Norte,Fantasia Enfermeira,Lingerie,95.76,1,0.0,Pix,Entregue,App
2750,2023-12-03,269,Dra. Valentina Peixoto,F,18-25,Sul,Lubrificante Sabores Baunilha,Lubrificantes,84.73,1,30.0,,Entregue,App
4292,2024-02-16,23,Elisa Freitas,F,18-25,Sudeste,Óleo de Massagem Relaxante,Lubrificantes,34.88,1,0.0,Cartão Crédito,Entregue,Marketplace
1859,2023-12-31,460,Aylla Souza,Não informado,26-35,Sudeste,Vibrador Rabbit Premium,Vibradores,245.11,2,30.0,Cartão Crédito,Entregue,Marketplace
1692,2023-05-27,190,Milena da Luz,Não informado,36-45,Nordeste,Massageador Corporal Wave,Vibradores,228.88,2,20.0,Cartão Crédito,Entregue,App
2277,2024-09-10,354,Valentina Marques,F,46+,Sudeste,Spray Prolongador,Cosméticos Íntimos,113.34,1,0.0,Pix,Devolvido,Site
3472,2023-06-20,388,Srta. Isis Rocha,F,36-45,Sul,Lingerie Cropped com Bojo,Lingerie,65.15,1,0.0,Pix,Entregue,Marketplace
3498,2024-10-04,523,Luana Martins,F,36-45,Nordeste,Óleo de Massagem Relaxante,Lubrificantes,80.15,4,20.0,Cartão Crédito,Entregue,App
333,2024-07-04,5,Ana Beatriz Alves,F,18-25,Sul,Body Coelhinha Plus Size,Lingerie,188.77,3,0.0,Cartão Crédito,Entregue,App
4791,2023-11-08,32,Ana Luiza Cunha,F,18-25,Sudeste,Conjunto Lingerie Boudoir,Lingerie,165.51,3,0.0,Cartão Crédito,Entregue,Site
4904,2023-12-13,102,Nathan Campos,M,18-25,Sudeste,Óleo de Massagem Relaxante,Lubrificantes,53.43,1,0.0,Boleto,Entregue,Site
1745,2023-12-15,147,Evelyn Guerra,F,36-45,Sul,Lubrificante Íntimo Aquoso 100ml,Lubrificantes,85.91,4,0.0,Cartão Crédito,Entregue,App
3359,2023-11-29,435,Antony Cavalcanti,M,36-45,Nordeste,Corda de Shibari 5m,Acessórios BDSM,231.54,1,0.0,Cartão Crédito,Cancelado,Site
3765,2023-07-09,185,Isadora Campos,F,36-45,Nordeste,Óleo de Massagem Relaxante,Lubrificantes,60.03,3,0.0,Boleto,Entregue,Marketplace
1259,2023-12-13,19,Bernardo Aparecida,M,36-45,Sudeste,Jogo de Cartas Sexo Quiz,Jogos Adultos,49.93,4,0.0,Cartão Crédito,Entregue,App
4304,2023-03-23,237,Mariane Ribeiro,F,18-25,Nordeste,Venda para Olhos Satin,Acessórios BDSM,258.57,2,0.0,Pix,Entregue,App
1452,2023-10-29,257,Sra. Melissa Vieira,F,46+,Sul,Meia-Calça Rendada,Lingerie,187.86,3,0.0,Cartão Crédito,Entregue,Marketplace
2379,2024-03-25,162,Davi Silveira,M,36-45,Norte,Lubrificante Sabores Baunilha,Lubrificantes,83.82,1,0.0,Cartão Crédito,Entregue,Site
1117,2023-08-06,27,Elisa Martins,F,26-35,Sul,Vibrador Rabbit Premium,Vibradores,194.05,1,0.0,Pix,Entregue,Site
1542,2024-02-14,32,Ana Luiza Cunha,F,18-25,Sudeste,Gel Excitante Masculino,Lubrificantes,68.47,1,0.0,Cartão Crédito,Entregue,App
2370,2024-10-30,341,Juliana Abreu,F,26-35,Nordeste,Lubrificante Sabores Baunilha,Lubrificantes,75.25,1,0.0,Boleto,Entregue,Marketplace
4237,2023-10-28,17,Bruno Novaes,M,26-35,Sudeste,Vibrador Duplo Prazer,Vibradores,490.47,2,30.0,Pix,Entregue,Site
2005,2023-02-22,88,Sr. Caleb Sá,M,26-35,Sudeste,Óleo de Massagem Relaxante,Lubrificantes,84.39,1,10.0,Cartão Crédito,Entregue,Marketplace
4809,2023-01-11,79,Maria Lima,F,18-25,Centro-Oeste,Kit Algemas Veludo,Acessórios BDSM,71.78,2,0.0,Cartão Crédito,Entregue,Site
4210,2023-11-22,17,Bruno Novaes,M,26-35,Sudeste,Gel Excitante Masculino,Lubrificantes,35.95,1,0.0,Pix,Entregue,Site
4014,2024-06-14,60,Sra. Ana Lívia Teixeira,F,26-35,Sul,Vibrador Clássico Silicone,Vibradores,461.76,5,0.0,Pix,Entregue,Site
5486,2023-12-30,754,Rebeca Dias,F,46+,Sudeste,Conjunto Lingerie Boudoir,Lingerie,162.68,3,0.0,Cartão Crédito,Entregue,Marketplace
4691,2023-06-27,127,Sra. Kamilly Aparecida,F,36-45,Nordeste,Wand Massager Pro,Vibradores,427.66,2,20.0,Cartão Crédito,Entregue,App
446,2024-03-28,640,Arthur Gabriel Pereira,M,18-25,Sul,Lingerie Cropped com Bojo,Lingerie,69.11,2,0.0,Pix,Entregue,Site
4884,2024-02-13,56,Rebeca Almeida,F,26-35,Sul,Vibrador Rabbit Premium,Vibradores,297.97,1,0.0,Pix,Entregue,App
4148,2024-06-29,141,Lívia Viana,F,36-45,Sudeste,Fantasia Enfermeira,Lingerie,89.65,1,0.0,Pix,Entregue,App
4574,2024-10-13,367,Juan Fogaça,M,26-35,Sudeste,Gel Excitante Masculino,Lubrificantes,87.21,1,5.0,Pix,Entregue,Site
1414,2023-11-17,17,Bruno Novaes,M,26-35,Sudeste,Meia-Calça Rendada,Lingerie,95.93,2,0.0,Pix,Entregue,Site
453,2023-08-07,151,Lucas Alves,M,36-45,Sul,Fantasia Policial,Lingerie,172.92,1,0.0,Boleto,Entregue,Site
5274,2023-05-17,389,Sr. Calebe Pires,M,18-25,Sudeste,Jogo Tabuleiro Casais,Jogos Adultos,48.01,2,0.0,Pix,Entregue,Site
4864,2024-04-12,112,Beatriz Barbosa,F,36-45,Nordeste,Gel Excitante Feminino,Lubrificantes,53.31,1,0.0,Pix,Entregue,Marketplace
4967,2024-02-01,691,Gabrielly Fernandes,F,36-45,Centro-Oeste,Lubrificante Íntimo Aquoso 250ml,Lubrificantes,84.67,1,0.0,Pix,Entregue,App
2858,2023-06-12,12,Eduardo Cunha,Não informado,26-35,Sul,Mini Vibrador Discreto,Vibradores,188.42,1,30.0,Cartão Débito,Entregue,Site
4952,2024-05-24,15,Julia Aparecida,F,26-35,Sudeste,Perfume Íntimo Floral,Cosméticos Íntimos,73.07,2,15.0,Pix,Devolvido,Site
15,2023-01-02,56,Rebeca Almeida,F,26-35,Sul,Mini Vibrador Discreto,Vibradores,182.64,2,0.0,Cartão Crédito,Entregue,Marketplace
4741,2024-12-13,332,Bruna Martins,F,46+,Sudeste,Body Coelhinha Plus Size,Lingerie,79.98,1,0.0,Cartão Crédito,Entregue,App
3211,2023-10-27,49,Eduarda Marques,F,26-35,Sul,Fantasia Enfermeira,Lingerie,111.07,4,0.0,Boleto,Entregue,App
946,2024-06-07,4,Dra. Aurora Pastor,F,26-35,Sul,Camisola Sensual Preta,Lingerie,129.43,4,0.0,Pix,Entregue,App
5299,2023-12-05,153,João Andrade,M,26-35,Sul,Lubrificante Sabores Morango,Lubrificantes,61.56,1,0.0,Boleto,Entregue,Site
4441,2023-10-31,504,Maria Cecília Borges,F,26-35,Sul,Gel Excitante Masculino,Lubrificantes,67.88,1,20.0,Cartão Débito,Entregue,App
248,2023-12-23,690,Maria Vitória Mendes,F,18-25,Norte,Vibrador Clássico Silicone,Vibradores,256.23,2,0.0,Cartão Crédito,Entregue,Site
3959,2024-01-22,15,Julia Aparecida,F,26-35,Sudeste,Fantasia Policial,Lingerie,170.0,3,0.0,Cartão Crédito,Entregue,Site
361,2024-03-26,135,Ana Cecília Fogaça,F,46+,Nordeste,Jogo de Cartas Sexo Quiz,Jogos Adultos,84.03,1,15.0,Cartão Crédito,Entregue,Site
2823,2024-04-09,268,Rafaela da Mota,F,26-35,Norte,Venda para Olhos Satin,Acessórios BDSM,168.23,1,10.0,Boleto,Cancelado,Marketplace
5169,2024-10-05,63,Otávio Cunha,M,26-35,Sudeste,Mini Vibrador Discreto,Vibradores,199.17,3,0.0,Cartão Crédito,Entregue,Site
1777,2023-02-16,307,Pedro Sousa,M,36-45,Sul,Cartas Posições Kamasutra,Jogos Adultos,69.0,5,15.0,Pix,Entregue,Marketplace
4391,2024-01-02,57,Maria Cecília das Neves,F,18-25,Centro-Oeste,Lubrificante Íntimo Aquoso 250ml,Lubrificantes,57.57,2,0.0,Boleto,Entregue,App
4154,2023-11-21,121,Cauê Souza,M,26-35,Sul,Sabonete Íntimo pH Neutro,Cosméticos Íntimos,46.84,1,25.0,Pix,Entregue,App
3269,2024-10-26,264,Sra. Júlia das Neves,F,46+,Sul,Vibrador Duplo Prazer,Vibradores,253.17,1,0.0,Boleto,Cancelado,App
4155,2024-11-21,82,Lucca Caldeira,M,26-35,Nordeste,Camisola Sensual Preta,Lingerie,195.74,2,20.0,Pix,Cancelado,Site
4352,2023-02-22,245,Dr. Lorenzo da Cruz,M,18-25,Sul,Body Rendado Vermelho,Lingerie,131.12,1,0.0,Cartão Crédito,Entregue,App
5223,2024-02-23,52,Sra. Sofia Pereira,F,18-25,Sudeste,Lubrificante Sabores Morango,Lubrificantes,55.09,2,0.0,Cartão Débito,Cancelado,Site
1593,2023-08-25,39,Luiz Miguel Câmara,M,36-45,Sudeste,Corda de Shibari 5m,Acessórios BDSM,117.27,1,0.0,Cartão Crédito,Entregue,Site
1724,2023-10-05,30,Ana Laura da Conceição,F,18-25,Sudeste,Chicote de Couro Soft,Acessórios BDSM,178.73,2,0.0,Cartão Crédito,Entregue,Site
4530,2024-12-03,56,Rebeca Almeida,F,26-35,Sul,Gel Excitante Feminino,Lubrificantes,81.62,1,0.0,Cartão Crédito,Entregue,App
4348,2023-08-26,218,Lara Sá,F,46+,Sul,Lubrificante Sabores Morango,Lubrificantes,49.06,1,0.0,Cartão Crédito,Entregue,Site
3717,2023-07-04,115,Isabelly Freitas,F,18-25,Sudeste,Camisola Sensual Preta,Lingerie,77.53,1,0.0,Boleto,Entregue,Site
5421,2024-10-27,60,Sra. Ana Lívia Teixeira,F,26-35,Sul,Vibrador Clássico Silicone,Vibradores,141.83,1,10.0,Cartão Crédito,Entregue,Site
3122,2024-12-04,79,Maria Lima,F,18-25,Centro-Oeste,Lubrificante Sabores Baunilha,Lubrificantes,83.75,2,0.0,Pix,Entregue,Site
4547,2024-10-12,4,Dra. Aurora Pastor,F,26-35,Sul,Venda para Olhos Satin,Acessórios BDSM,66.57,4,0.0,Boleto,Entregue,Site
491,2023-07-26,166,Mateus Rocha,M,26-35,Sudeste,Vibrador Clássico Silicone,Vibradores,187.51,2,20.0,Cartão Crédito,Entregue,Site
4161,2023-05-01,196,Anna Liz Carvalho,F,26-35,Sul,Wand Massager Pro,Vibradores,233.52,1,0.0,Cartão Crédito,Entregue,Site
863,2023-04-02,201,Gabrielly Leão,F,36-45,Sul,Body Coelhinha Plus Size,Lingerie,104.21,1,5.0,Cartão Crédito,Entregue,Site
1007,2024-01-09,310,Alícia Teixeira,F,36-45,Sudeste,Lubrificante Base Silicone,Lubrificantes,35.44,2,0.0,Pix,Cancelado,Site
2716,2023-04-28,99,Emanuel Araújo,M,26-35,Sudeste,Lubrificante Íntimo Aquoso 100ml,Lubrificantes,41.76,1,25.0,Cartão Crédito,Entregue,Site
1384,2023-12-10,83,Evelyn Correia,F,26-35,Nordeste,Gel Excitante Masculino,Lubrificantes,54.74,1,0.0,Pix,Entregue,Marketplace
2385,2023-01-28,106,Vicente Dias,M,26-35,Sul,Dominó Erótico,Jogos Adultos,64.44,2,0.0,Pix,Entregue,App
4074,2024-09-18,248,Mateus Fernandes,M,26-35,Nordeste,Jogo Tabuleiro Casais,Jogos Adultos,102.34,1,0.0,Pix,Entregue,Site
2997,2023-10-01,48,Sra. Brenda da Rocha,F,26-35,Centro-Oeste,Vibrador Rabbit Premium,Vibradores,230.81,2,0.0,Boleto,Entregue,App
2216,2023-12-17,101,Bernardo Rocha,M,26-35,Nordeste,Mini Vibrador Discreto,Vibradores,494.01,1,0.0,Boleto,Entregue,Site
1363,2023-06-09,261,Léo Melo,M,26-35,Nordeste,Gel Excitante Feminino,Lubrificantes,83.48,2,0.0,Cartão Débito,Entregue,Marketplace
3936,2023-06-12,214,Sra. Catarina Martins,F,46+,Sul,Wand Massager Pro,Vibradores,284.48,1,5.0,Pix,Entregue,Marketplace
507,2023-05-08,565,Evelyn Freitas,F,26-35,Sul,Gel Excitante Feminino,Lubrificantes,58.57,2,,Pix,Entregue,Site
1418,2024-03-22,37,Zoe da Luz,F,46+,Centro-Oeste,Camisola Sensual Preta,Lingerie,150.31,1,0.0,Pix,Entregue,Site
4851,2023-09-19,733,Srta. Maria Vitória Pacheco,F,36-45,Norte,Meia-Calça Rendada,Lingerie,116.46,1,0.0,Pix,Entregue,App
26,2024-06-20,394,Emanuella Costa,F,36-45,Nordeste,Conjunto Lingerie Boudoir,Lingerie,129.36,1,0.0,Boleto,Entregue,Site
4417,2024-02-17,147,Evelyn Guerra,F,36-45,Sul,Conjunto Lingerie Boudoir,Lingerie,191.76,1,15.0,Pix,Entregue,Marketplace
2433,2023-07-23,742,Maria Sophia Sales,F,26-35,Sudeste,Vibrador Ponto G Flex,Vibradores,178.95,1,5.0,Pix,Entregue,Marketplace
1223,2023-03-27,155,Sra. Maya Pereira,F,26-35,Sul,Meia-Calça Rendada,Lingerie,186.02,3,0.0,Pix,Entregue,Marketplace
2448,2023-02-13,60,Sra. Ana Lívia Teixeira,F,26-35,Sul,Lubrificante Sabores Morango,Lubrificantes,61.17,1,0.0,Pix,Entregue,App
1114,2023-04-05,208,Maya Mendonça,F,18-25,Sudeste,Vibrador Duplo Prazer,Vibradores,441.38,1,0.0,Pix,Entregue,Marketplace
2949,2024-01-19,127,Sra. Kamilly Aparecida,F,36-45,Nordeste,Lubrificante Íntimo Aquoso 100ml,Lubrificantes,89.33,2,20.0,Pix,Entregue,App
1553,2024-05-11,431,Caroline Nogueira,F,26-35,Norte,Óleo de Massagem Relaxante,Lubrificantes,82.6,2,0.0,Boleto,Entregue,Site
4752,2024-06-13,160,Sr. Luiz Otávio Lopes,M,36-45,Nordeste,Gel Excitante Masculino,Lubrificantes,67.84,2,20.0,Boleto,Entregue,Marketplace
4156,2024-02-26,4,Dra. Aurora Pastor,F,26-35,Sul,Vibrador Duplo Prazer,Vibradores,199.35,1,0.0,Boleto,Entregue,Site
3695,2023-03-14,117,Kevin Pimenta,M,26-35,Norte,Fantasia Enfermeira,Lingerie,108.49,2,0.0,Pix,Entregue,App
2319,2024-06-28,150,Maria Liz Rocha,F,36-45,Sul,Venda para Olhos Satin,Acessórios BDSM,86.85,3,0.0,Pix,Devolvido,Site
5188,2024-12-30,124,Gustavo Rodrigues,M,26-35,Nordeste,Vibrador Rabbit Premium,Vibradores,267.72,2,0.0,Cartão Crédito,Cancelado,Site
4656,2023-10-09,52,Sra. Sofia Pereira,F,18-25,Sudeste,Óleo de Massagem Relaxante,Lubrificantes,77.19,3,0.0,Cartão Crédito,Entregue,Site
434,2024-12-09,30,Ana Laura da Conceição,F,18-25,Sudeste,Cartas Posições Kamasutra,Jogos Adultos,82.79,3,0.0,Pix,Cancelado,App
2526,2023-09-11,91,Bento Cavalcante,M,26-35,Sul,Dado do Prazer,Jogos Adultos,121.21,1,25.0,Cartão Crédito,Entregue,App
3879,2023-12-12,220,Antony Souza,M,18-25,Sudeste,Lubrificante Íntimo Aquoso 100ml,Lubrificantes,48.68,1,15.0,Pix,Entregue,Site
2423,2023-01-13,365,Kaique Alves,M,18-25,Sudeste,Vibrador Clássico Silicone,Vibradores,332.8,3,0.0,Pix,Cancelado,App
5309,2024-12-24,525,Laura Barbosa,F,36-45,Sudeste,Conjunto Lingerie Boudoir,Lingerie,70.83,1,0.0,Cartão Crédito,Entregue,App
3479,2023-11-19,182,Srta. Bianca Vasconcelos,F,26-35,Nordeste,Fantasia Enfermeira,Lingerie,76.11,2,0.0,Pix,Entregue,Site
4401,2023-10-25,37,Zoe da Luz,F,46+,Centro-Oeste,Meia-Calça Rendada,Lingerie,140.41,1,15.0,Cartão Débito,Entregue,App
2672,2024-04-03,138,Nicolas Pinto,M,36-45,Sudeste,Fantasia Enfermeira,Lingerie,64.25,1,0.0,Boleto,Cancelado,Site
2834,2024-02-03,94,Ryan Cassiano,M,36-45,Sudeste,Wand Massager Pro,Vibradores,444.52,2,0.0,Pix,Entregue,Site
3898,2024-06-08,448,Kamilly Pinto,F,36-45,Sul,Lubrificante Íntimo Aquoso 250ml,Lubrificantes,44.46,1,0.0,,Entregue,Site
2608,2023-06-02,90,Rafaela Cunha,Não informado,36-45,Sudeste,Jogo de Cartas Sexo Quiz,Jogos Adultos,127.28,1,0.0,Cartão Débito,Entregue,Marketplace
4499,2023-09-25,84,Melissa Carvalho,F,26-35,Nordeste,Wand Massager Pro,Vibradores,244.03,1,0.0,Cartão Débito,Cancelado,Site
4828,2024-07-02,51,Thiago Caldeira,Não informado,36-45,Sul,Mini Vibrador Discreto,Vibradores,432.3,2,25.0,Pix,Entregue,Site
1103,2024-04-26,519,Clarice Macedo,F,36-45,Sudeste,Gel Excitante Masculino,Lubrificantes,81.69,1,25.0,Cartão Crédito,Cancelado,App
2099,2023-03-11,407,Lunna Pimenta,F,18-25,Sul,Lingerie Cropped com Bojo,Lingerie,119.98,2,0.0,Pix,Entregue,Site
412,2023-09-22,647,Mathias Novais,M,18-25,Sudeste,Mordaça Silicone,Acessórios BDSM,155.59,1,15.0,Pix,Entregue,Site
2616,2024-08-26,30,Ana Laura da Conceição,F,18-25,Sudeste,Conjunto Lingerie Boudoir,Lingerie,123.19,2,0.0,Pix,Entregue,Site
4408,2023-02-17,43,Sra. Ana Luiza Gomes,F,46+,Centro-Oeste,Lubrificante Sabores Baunilha,Lubrificantes,83.81,1,0.0,Pix,Entregue,App
157,2023-09-12,295,Isabel da Paz,F,36-45,Centro-Oeste,Lubrificante Sabores Morango,Lubrificantes,34.46,4,0.0,Pix,Cancelado,Site
3660,2024-10-20,564,Luana Viana,F,46+,Nordeste,Fantasia Enfermeira,Lingerie,162.52,1,0.0,Boleto,Entregue,Marketplace
195,2024-04-08,114,Caroline Ferreira,F,36-45,Sudeste,Lubrificante Íntimo Aquoso 100ml,Lubrificantes,88.88,2,0.0,Cartão Débito,Entregue,Site
616,2024-02-05,584,Olivia Machado,F,26-35,Sul,Body Rendado Vermelho,Lingerie,172.09,2,0.0,Cartão Crédito,Devolvido,Site
644,2023-10-07,110,Dr. Raul Dias,M,36-45,Nordeste,Vibrador Ponto G Flex,Vibradores,390.02,1,0.0,Pix,Entregue,App
3810,2023-09-02,16,Sra. Zoe Campos,F,18-25,Sudeste,Wand Massager Pro,Vibradores,148.58,5,0.0,Pix,Entregue,Marketplace
2228,2024-10-01,245,Dr. Lorenzo da Cruz,M,18-25,Sul,Lingerie Cropped com Bojo,Lingerie,126.83,1,5.0,Pix,Entregue,App
1069,2024-03-23,121,Cauê Souza,M,26-35,Sul,Vibrador Ponto G Flex,Vibradores,154.93,2,30.0,Cartão Crédito,Entregue,Site
2108,2024-06-12,556,Vinicius Andrade,M,36-45,Sul,Massageador Corporal Wave,Vibradores,132.12,1,0.0,Pix,Cancelado,App
5272,2024-06-03,39,Luiz Miguel Câmara,M,36-45,Sudeste,Gel Excitante Feminino,Lubrificantes,39.59,1,10.0,Cartão Crédito,Entregue,Site
4208,2024-10-01,211,Ravi Lucca Cardoso,Não informado,26-35,Sudeste,Lubrificante Sabores Baunilha,Lubrificantes,55.31,3,10.0,Boleto,Entregue,App
3817,2024-12-24,123,Giovanna Silva,F,36-45,Sudeste,Vibrador Rabbit Premium,Vibradores,131.68,1,0.0,Pix,Entregue,Site
4701,2023-01-27,80,Nina Siqueira,F,26-35,Sul,Dado do Prazer,Jogos Adultos,101.05,1,0.0,Pix,Entregue,Site
2003,2024-04-11,556,Vinicius Andrade,M,36-45,Sul,Gel Excitante Masculino,Lubrificantes,74.27,2,0.0,Pix,Devolvido,Site
331,2023-07-24,121,Cauê Souza,M,26-35,Sul,Lubrificante Íntimo Aquoso 250ml,Lubrificantes,38.63,2,0.0,Cartão Crédito,Entregue,Marketplace
2104,2023-03-24,313,Sra. Lara Cirino,F,46+,Nordeste,Camisola Sensual Preta,Lingerie,63.81,1,0.0,Pix,Entregue,Site
3236,2024-01-30,74,Raquel Cunha,F,46+,Sul,Body Coelhinha Plus Size,Lingerie,102.81,1,5.0,Cartão Crédito,Entregue,Marketplace
2789,2024-11-29,650,Laura Sales,F,36-45,Centro-Oeste,Wand Massager Pro,Vibradores,365.41,1,0.0,Boleto,Devolvido,Site
623,2023-02-02,127,Sra. Kamilly Aparecida,F,36-45,Nordeste,Lubrificante Sabores Morango,Lubrificantes,58.93,2,0.0,Pix,Entregue,Marketplace
3024,2023-09-21,112,Beatriz Barbosa,F,36-45,Nordeste,Camisola Sensual Preta,Lingerie,165.06,2,0.0,Cartão Crédito,Entregue,Site
1671,2023-02-16,132,Srta. Ísis Andrade,F,18-25,Sudeste,Lubrificante Íntimo Aquoso 250ml,Lubrificantes,65.35,1,0.0,Cartão Crédito,Entregue,App
4605,2024-10-10,361,Ana Lívia da Costa,F,26-35,Sudeste,Corda de Shibari 5m,Acessórios BDSM,80.44,1,0.0,Pix,Entregue,Marketplace
484,2023-01-15,264,Sra. Júlia das Neves,F,46+,Sul,Vibrador Duplo Prazer,Vibradores,115.8,4,0.0,Boleto,Entregue,App
3564,2023-09-13,149,Luiz Fernando Ramos,M,36-45,Nordeste,Lubrificante Íntimo Aquoso 100ml,Lubrificantes,59.62,2,0.0,Cartão Crédito,Entregue,App
2706,2023-01-17,418,Lara Andrade,F,26-35,Nordeste,Sabonete Íntimo pH Neutro,Cosméticos Íntimos,134.89,1,10.0,Pix,Entregue,Site
3504,2024-06-03,9,Pietro Pastor,M,26-35,Sudeste,Vibrador Clássico Silicone,Vibradores,413.74,2,15.0,Pix,Entregue,Site
2019,2023-09-03,7,Apollo Novais,M,18-25,Nordeste,Óleo de Massagem Relaxante,Lubrificantes,46.78,1,0.0,Cartão Débito,Entregue,Site
3324,2023-07-17,236,Ana Cecília Ferreira,F,36-45,Sul,Dominó Erótico,Jogos Adultos,116.38,1,5.0,Pix,Entregue,App
4603,2023-05-27,562,Larissa Sá,Não informado,36-45,Sudeste,Conjunto Lingerie Boudoir,Lingerie,130.51,2,0.0,Cartão Crédito,Entregue,App
4855,2023-10-27,264,Sra. Júlia das Neves,F,46+,Sul,Lubrificante Sabores Baunilha,Lubrificantes,79.47,2,0.0,Cartão Crédito,Entregue,App
756,2024-11-11,403,Camila Marques,F,26-35,Sudeste,Mordaça Silicone,Acessórios BDSM,65.27,1,10.0,Cartão Crédito,Entregue,Site
519,2023-04-20,753,João Pedro Santos,M,18-25,Sudeste,Meia-Calça Rendada,Lingerie,104.13,3,0.0,Pix,Entregue,Site
4910,2023-08-20,214,Sra. Catarina Martins,F,46+,Sul,Meia-Calça Rendada,Lingerie,62.99,3,20.0,Cartão Crédito,Entregue,Site
33,2024-06-16,19,Bernardo Aparecida,M,36-45,Sudeste,Jogo Tabuleiro Casais,Jogos Adultos,127.61,1,0.0,Pix,Entregue,Site
3605,2023-08-03,69,Heloísa Pastor,F,26-35,Sudeste,Body Coelhinha Plus Size,Lingerie,108.7,3,0.0,Cartão Crédito,Entregue,Marketplace
4375,2023-06-22,194,João Pedro da Costa,M,26-35,Nordeste,Lubrificante Íntimo Aquoso 100ml,Lubrificantes,75.64,3,0.0,Pix,Entregue,Site
3620,2024-12-29,54,Ágatha Vasconcelos,F,18-25,Sul,Vibrador Rabbit Premium,Vibradores,208.58,1,0.0,Pix,Entregue,Site
3099,2024-11-29,3,Cauã Rocha,M,18-25,Sudeste,Fantasia Enfermeira,Lingerie,144.88,1,0.0,Pix,Entregue,App
1158,2024-06-20,514,Erick Pereira,M,36-45,Sudeste,Body Coelhinha Plus Size,Lingerie,79.55,3,0.0,Pix,Entregue,Marketplace
1445,2023-12-18,495,Maria Helena Nascimento,F,36-45,Sudeste,Conjunto Lingerie Boudoir,Lingerie,199.51,1,0.0,Pix,Entregue,Site
2073,2024-05-22,64,Gabriela Silva,F,26-35,Sudeste,Body Coelhinha Plus Size,Lingerie,115.21,2,25.0,Cartão Crédito,Entregue,App
745,2023-11-10,74,Raquel Cunha,F,46+,Sul,Chicote de Couro Soft,Acessórios BDSM,190.18,2,0.0,Cartão Crédito,Entregue,Site
5113,2024-05-10,246,João Lucas Machado,M,26-35,Sudeste,Vibrador Ponto G Flex,Vibradores,320.89,1,10.0,Pix,Devolvido,Site
175,2024-05-03,276,Larissa Melo,F,18-25,Sul,Corda de Shibari 5m,Acessórios BDSM,123.13,1,0.0,Pix,Entregue,App
5412,2023-02-16,89,Enzo Jesus,M,36-45,Sul,Vibrador Ponto G Flex,Vibradores,345.76,2,0.0,Cartão Débito,Cancelado,Marketplace
1706,2023-05-17,32,Ana Luiza Cunha,F,18-25,Sudeste,Gel Térmico Sensação Quente,Cosméticos Íntimos,68.15,1,10.0,Pix,Entregue,Marketplace
4105,2023-07-31,97,Sra. Ana Laura Aragão,F,26-35,Sudeste,Conjunto Lingerie Boudoir,Lingerie,148.09,1,15.0,Pix,Entregue,Marketplace
2264,2023-03-04,160,Sr. Luiz Otávio Lopes,M,36-45,Nordeste,Fantasia Enfermeira,Lingerie,124.09,2,0.0,Cartão Crédito,Entregue,Marketplace
1819,2023-03-23,262,Vitória Ferreira,F,26-35,Nordeste,Fantasia Enfermeira,Lingerie,145.95,1,5.0,Cartão Crédito,Devolvido,Site
2944,2023-11-10,328,Ryan Campos,M,18-25,Sul,Kit Iniciante BDSM 5 Peças,Acessórios BDSM,208.82,1,20.0,Pix,Cancelado,Site
2236,2023-02-27,241,Natália Santos,F,46+,Nordeste,Dominó Erótico,Jogos Adultos,119.89,2,0.0,Cartão Débito,Entregue,Marketplace
104,2023-05-12,193,Kamilly Macedo,F,26-35,Sul,Fantasia Policial,Lingerie,130.48,1,30.0,Cartão Crédito,Entregue,Marketplace
1898,2023-12-09,58,Ana Laura da Costa,F,26-35,Nordeste,Conjunto Lingerie Boudoir,Lingerie,71.47,4,0.0,Cartão Crédito,Entregue,Site
2863,2023-05-27,648,João Vasconcelos,M,36-45,Norte,Vibrador Rabbit Premium,Vibradores,418.02,1,0.0,Pix,Entregue,App
784,2023-08-15,117,Kevin Pimenta,M,26-35,Norte,Body Coelhinha Plus Size,Lingerie,68.82,1,20.0,Cartão Crédito,Entregue,Site
4479,2023-08-29,242,Maya Cavalcanti,F,46+,Norte,Massageador Corporal Wave,Vibradores,493.4,2,0.0,Cartão Crédito,Entregue,Marketplace
4613,2023-05-27,181,Diogo Rezende,M,46+,Sudeste,Massageador Corporal Wave,Vibradores,381.83,2,0.0,Pix,Entregue,Marketplace
2373,2024-12-03,311,Sra. Ana Cecília Teixeira,F,36-45,Sudeste,Dado do Prazer,Jogos Adultos,128.71,1,0.0,Pix,Entregue,App
3559,2023-07-30,24,Giovanna Rios,F,26-35,Centro-Oeste,Dado do Prazer,Jogos Adultos,70.29,1,0.0,Cartão Débito,Entregue,Site
230,2023-11-27,266,Sr. Levi Campos,M,26-35,Centro-Oeste,Lubrificante Íntimo Aquoso 250ml,Lubrificantes,75.41,3,0.0,Cartão Crédito,Entregue,Marketplace
858,2024-12-26,174,Lívia Borges,F,46+,Sudeste,Lingerie Cropped com Bojo,Lingerie,144.83,3,0.0,Pix,Entregue,Marketplace
1212,2024-03-21,164,Dr. Luan Guerra,M,26-35,Sudeste,Fantasia Policial,Lingerie,122.45,2,0.0,Cartão Crédito,Entregue,App
1402,2023-06-24,51,Thiago Caldeira,Não informado,36-45,Sul,Vibrador Duplo Prazer,Vibradores,466.24,2,0.0,Cartão Crédito,Entregue,Marketplace
2895,2023-12-27,46,Dra. Bruna Rodrigues,F,18-25,Nordeste,Venda para Olhos Satin,Acessórios BDSM,176.94,5,30.0,Cartão Débito,Entregue,Site
409,2023-10-30,555,Sofia Vargas,F,18-25,Sul,Dominó Erótico,Jogos Adultos,89.72,1,15.0,Pix,Entregue,App
171,2023-03-27,299,Ísis Câmara,F,26-35,Sul,Conjunto Lingerie Boudoir,Lingerie,151.58,3,0.0,Pix,Entregue,App
541,2024-02-17,657,Dra. Emanuella Vieira,F,26-35,Sudeste,Vibrador Clássico Silicone,Vibradores,371.43,2,0.0,Pix,Entregue,Site
4083,2023-08-29,262,Vitória Ferreira,F,26-35,Nordeste,Fantasia Enfermeira,Lingerie,67.8,1,0.0,Pix,Entregue,Site
4526,2023-12-14,154,Maya Ferreira,F,18-25,Sudeste,Body Coelhinha Plus Size,Lingerie,103.59,2,15.0,Cartão Crédito,Entregue,Marketplace
2827,2023-05-31,341,Juliana Abreu,F,26-35,Nordeste,Massageador Corporal Wave,Vibradores,198.61,2,0.0,Cartão Crédito,Entregue,Site
1804,2024-03-28,97,Sra. Ana Laura Aragão,F,26-35,Sudeste,Gel Excitante Masculino,Lubrificantes,80.2,2,30.0,Pix,Entregue,Site
3144,2024-01-28,209,Maria Julia Fernandes,F,36-45,Sudeste,Conjunto Lingerie Boudoir,Lingerie,198.46,2,0.0,Pix,Entregue,Site
614,2024-04-20,24,Giovanna Rios,F,26-35,Centro-Oeste,Mordaça Silicone,Acessórios BDSM,246.06,1,10.0,Cartão Crédito,Entregue,App
4862,2024-04-15,419,Dr. Henrique Macedo,M,26-35,Nordeste,Mini Vibrador Discreto,Vibradores,213.13,1,0.0,Cartão Crédito,Entregue,Marketplace
2345,2024-03-17,627,Luna Caldeira,F,26-35,Sudeste,Lubrificante Base Silicone,Lubrificantes,72.6,2,0.0,Cartão Crédito,Entregue,App
3204,2024-07-05,482,Benicio Rocha,M,36-45,Nordeste,Body Rendado Vermelho,Lingerie,139.83,3,15.0,Cartão Débito,Entregue,App
675,2024-05-02,145,Natália Ferreira,F,46+,Sul,Gel Excitante Feminino,Lubrificantes,36.23,3,20.0,Cartão Crédito,Entregue,Site
1162,2024-05-31,39,Luiz Miguel Câmara,M,36-45,Sudeste,Fantasia Policial,Lingerie,111.11,4,0.0,Pix,Entregue,Marketplace
2519,2023-09-17,307,Pedro Sousa,M,36-45,Sul,Óleo de Massagem Relaxante,Lubrificantes,59.61,2,0.0,Cartão Crédito,Entregue,App
2898,2023-12-18,92,Alexandre Gomes,M,18-25,Sudeste,Vibrador Duplo Prazer,Vibradores,482.11,3,25.0,Boleto,Entregue,App
1873,2024-02-09,191,João Guilherme Vargas,M,26-35,Nordeste,Camisola Sensual Preta,Lingerie,178.72,2,20.0,Pix,Entregue,Marketplace
3786,2024-12-04,31,Luara Guerra,F,36-45,Nordeste,Óleo de Massagem Relaxante,Lubrificantes,55.06,2,0.0,Pix,Entregue,Site
1816,2024-12-23,693,Sra. Manuella Guerra,F,18-25,Sudeste,Body Rendado Vermelho,Lingerie,199.39,1,0.0,Boleto,Entregue,Marketplace
3469,2024-03-01,454,Maria Sophia Fernandes,F,18-25,Nordeste,Body Coelhinha Plus Size,Lingerie,126.49,3,0.0,Cartão Crédito,Cancelado,App
1701,2023-12-01,687,Rafaela da Cruz,F,46+,Sul,Body Rendado Vermelho,Lingerie,159.25,4,15.0,Pix,Entregue,Site
1984,2024-02-20,180,Dr. Thales Guerra,M,36-45,Sudeste,Mini Vibrador Discreto,Vibradores,251.92,2,0.0,Pix,Entregue,App
3897,2024-04-25,44,Ravi Lucca Moura,M,26-35,Sudeste,Gel Excitante Masculino,Lubrificantes,82.75,2,30.0,,Entregue,Site
1610,2024-03-30,210,Dra. Maria Luiza Silveira,F,26-35,Nordeste,Lubrificante Íntimo Aquoso 100ml,Lubrificantes,45.64,3,0.0,Boleto,Devolvido,Site
2102,2023-03-20,206,Dra. Ísis Pereira,F,36-45,Sudeste,Wand Massager Pro,Vibradores,371.79,2,30.0,Pix,Entregue,Marketplace
5240,2024-05-30,126,Ana Júlia Borges,F,36-45,Sudeste,Chicote de Couro Soft,Acessórios BDSM,64.89,1,0.0,Boleto,Entregue,Site
2697,2023-05-05,299,Ísis Câmara,F,26-35,Sul,Kit Algemas Veludo,Acessórios BDSM,166.85,3,0.0,Cartão Débito,Entregue,App
565,2024-06-21,119,Letícia Ribeiro,Não informado,18-25,Norte,Kit Roleplay Surpresa,Jogos Adultos,103.64,2,0.0,Pix,Entregue,Site
4685,2024-12-03,384,Sra. Kamilly Albuquerque,F,18-25,Sul,Lubrificante Sabores Baunilha,Lubrificantes,46.68,3,0.0,Pix,Entregue,App
4248,2024-01-19,36,Josué Souza,M,18-25,Sul,Fantasia Policial,Lingerie,160.46,2,10.0,Boleto,Entregue,App
4710,2024-02-16,278,Ana Júlia da Cunha,F,26-35,Sul,Camisola Sensual Preta,Lingerie,163.61,3,0.0,Pix,Entregue,Marketplace
2334,2023-01-30,306,Anna Liz Peixoto,F,36-45,Sul,Dominó Erótico,Jogos Adultos,86.9,1,0.0,Pix,Entregue,App
3787,2024-08-10,231,Apollo das Neves,M,26-35,Nordeste,Vibrador Clássico Silicone,Vibradores,391.15,1,25.0,Pix,Entregue,Site
1549,2024-02-02,13,Cauã Borges,M,36-45,Nordeste,Massageador Corporal Wave,Vibradores,370.23,2,5.0,Cartão Crédito,Entregue,App
2032,2024-11-29,224,Alícia Pinto,F,26-35,Nordeste,Jogo Tabuleiro Casais,Jogos Adultos,67.81,3,0.0,Pix,Entregue,Marketplace
2060,2023-12-06,213,Amanda Barros,F,18-25,Sul,Camisola Sensual Preta,Lingerie,111.36,2,0.0,Cartão Crédito,Cancelado,Site
5470,2023-09-11,123,Giovanna Silva,F,36-45,Sudeste,Camisola Sensual Preta,Lingerie,184.72,1,5.0,Pix,Entregue,Site
2701,2024-06-27,200,Nina Leão,F,18-25,Centro-Oeste,Lubrificante Base Silicone,Lubrificantes,57.5,2,0.0,Cartão Débito,Entregue,App
356,2023-04-27,274,Yuri da Rocha,M,36-45,Sudeste,Wand Massager Pro,Vibradores,429.06,1,0.0,Pix,Entregue,Site
5014,2024-06-08,269,Dra. Valentina Peixoto,F,18-25,Sul,Meia-Calça Rendada,Lingerie,149.8,1,15.0,Pix,Cancelado,Site
2595,2024-02-20,43,Sra. Ana Luiza Gomes,F,46+,Centro-Oeste,Óleo de Massagem Relaxante,Lubrificantes,85.64,1,0.0,Pix,Entregue,Marketplace
2933,2024-09-17,23,Elisa Freitas,F,18-25,Sudeste,Fantasia Enfermeira,Lingerie,72.54,2,30.0,Pix,Entregue,App
3044,2023-02-06,142,Josué da Mata,M,26-35,Sudeste,Lubrificante Sabores Baunilha,Lubrificantes,53.48,2,0.0,Cartão Crédito,Entregue,Site
3820,2024-05-05,177,Isabelly Melo,F,18-25,Sudeste,Conjunto Lingerie Boudoir,Lingerie,89.61,3,0.0,Cartão Crédito,Entregue,App
1173,2023-02-13,266,Sr. Levi Campos,M,26-35,Centro-Oeste,Gel Excitante Feminino,Lubrificantes,65.08,3,0.0,Pix,Entregue,Marketplace
5481,2023-10-17,423,Esther Campos,F,18-25,Sudeste,Vibrador Clássico Silicone,Vibradores,220.17,2,0.0,Pix,Devolvido,Site
326,2023-06-16,349,Augusto Dias,M,26-35,Sudeste,Vibrador Rabbit Premium,Vibradores,430.85,2,0.0,Cartão Crédito,Devolvido,Marketplace
1052,2024-03-18,204,Maria da Rosa,F,36-45,Sudeste,Lingerie Cropped com Bojo,Lingerie,89.63,1,0.0,Cartão Crédito,Entregue,Site
3615,2023-01-05,126,Ana Júlia Borges,F,36-45,Sudeste,Camisola Sensual Preta,Lingerie,126.16,3,0.0,Pix,Entregue,Site
4048,2023-10-11,224,Alícia Pinto,F,26-35,Nordeste,Mini Vibrador Discreto,Vibradores,495.97,1,0.0,Cartão Crédito,Entregue,App
3076,2024-08-26,492,José Miguel da Rocha,M,26-35,Nordeste,Lubrificante Íntimo Aquoso 250ml,Lubrificantes,56.19,1,0.0,Pix,Entregue,App
3545,2023-05-10,490,Benjamin Abreu,M,46+,Sudeste,Vibrador Clássico Silicone,Vibradores,377.87,1,0.0,Cartão Crédito,Entregue,Marketplace
3130,2023-02-03,455,Murilo Leão,M,26-35,Nordeste,Cartas Posições Kamasutra,Jogos Adultos,120.0,1,0.0,Pix,Entregue,Marketplace
1752,2024-07-13,68,Benício Fernandes,M,36-45,Sudeste,Dominó Erótico,Jogos Adultos,110.92,1,0.0,Cartão Crédito,Entregue,App
2478,2024-10-12,400,Miguel Novais,M,46+,Sudeste,Kit Iniciante BDSM 5 Peças,Acessórios BDSM,240.41,1,5.0,Cartão Crédito,Entregue,Site
2128,2024-04-12,51,Thiago Caldeira,Não informado,36-45,Sul,Lubrificante Íntimo Aquoso 100ml,Lubrificantes,75.31,1,0.0,Boleto,Entregue,Site
1773,2024-03-07,532,Thiago Ramos,M,26-35,Sudeste,Body Rendado Vermelho,Lingerie,73.03,3,0.0,Pix,Entregue,Site
1197,2023-09-12,709,Dra. Olivia da Paz,F,46+,Sudeste,Body Coelhinha Plus Size,Lingerie,65.08,2,0.0,Pix,Entregue,App
1879,2024-12-26,98,Rhavi Montenegro,M,36-45,Sudeste,Body Rendado Vermelho,Lingerie,90.24,1,0.0,Cartão Crédito,Entregue,Site
621,2023-04-20,57,Maria Cecília das Neves,F,18-25,Centro-Oeste,Lubrificante Base Silicone,Lubrificantes,35.47,1,0.0,Boleto,Entregue,Site
2322,2024-01-31,328,Ryan Campos,M,18-25,Sul,Vibrador Rabbit Premium,Vibradores,473.44,4,0.0,Cartão Crédito,Entregue,Site
2006,2024-04-03,368,Marina Casa Grande,F,26-35,Sul,Lubrificante Sabores Morango,Lubrificantes,55.03,2,0.0,Pix,Entregue,App
4563,2024-12-18,513,Diogo da Cunha,M,26-35,Sudeste,Óleo de Massagem Relaxante,Lubrificantes,56.86,1,0.0,Pix,Entregue,App
4980,2024-06-05,12,Eduardo Cunha,Não informado,26-35,Sul,Camisola Sensual Preta,Lingerie,60.93,4,15.0,Cartão Crédito,Entregue,Marketplace
1483,2024-06-27,212,Yasmin Alves,F,18-25,Sudeste,Lubrificante Sabores Baunilha,Lubrificantes,38.29,1,0.0,Pix,Entregue,Site
1190,2024-03-24,323,Dra. Nicole Jesus,F,46+,Sul,Vibrador Duplo Prazer,Vibradores,385.94,3,0.0,Pix,Entregue,App
329,2023-11-11,149,Luiz Fernando Ramos,M,36-45,Nordeste,Vibrador Clássico Silicone,Vibradores,264.07,2,0.0,Pix,Entregue,Site
649,2024-04-28,398,Maitê Camargo,F,18-25,Sudeste,Kit Iniciante BDSM 5 Peças,Acessórios BDSM,219.91,1,0.0,Cartão Crédito,Entregue,App
2134,2024-06-28,203,Maria Helena Mendes,F,36-45,Sudeste,Creme Excitante Feminino,Cosméticos Íntimos,47.16,4,0.0,Cartão Crédito,Entregue,Site
898,2023-03-07,539,Dra. Lívia Azevedo,F,36-45,Sul,Fantasia Policial,Lingerie,152.02,1,5.0,Boleto,Entregue,Site
31,2023-09-09,250,Raquel Cunha,F,26-35,Sudeste,Creme Retardante Masculino,Cosméticos Íntimos,61.69,1,5.0,Cartão Débito,Entregue,App
1124,2023-04-16,420,Isaac Fonseca,M,26-35,Sul,Chicote de Couro Soft,Acessórios BDSM,192.27,2,10.0,Boleto,Entregue,Marketplace
4798,2024-05-26,392,Caroline Borges,F,18-25,Nordeste,Colar e Guia BDSM,Acessórios BDSM,154.34,5,0.0,Pix,Entregue,App
5154,2023-07-29,369,Vinícius Jesus,M,36-45,Nordeste,Venda para Olhos Satin,Acessórios BDSM,202.25,1,0.0,Pix,Cancelado,Site
2352,2024-12-05,569,Cecilia da Cunha,F,46+,Nordeste,Vibrador Duplo Prazer,Vibradores,348.83,1,0.0,Pix,Cancelado,Marketplace
2125,2023-12-26,743,Maria Sophia Montenegro,F,26-35,Sul,Óleo de Massagem Relaxante,Lubrificantes,39.0,1,0.0,Pix,Entregue,Marketplace
2025,2024-05-29,149,Luiz Fernando Ramos,M,36-45,Nordeste,Kit Cuidados Íntimos,Cosméticos Íntimos,141.75,1,0.0,Cartão Crédito,Entregue,Site
4394,2023-02-22,14,Aylla Fogaça,F,36-45,Sudeste,Dominó Erótico,Jogos Adultos,59.95,1,30.0,Pix,Entregue,Site
3591,2023-12-19,650,Laura Sales,F,36-45,Centro-Oeste,Wand Massager Pro,Vibradores,428.61,5,10.0,Cartão Débito,Entregue,Site
4654,2024-12-13,469,Bruna Teixeira,F,18-25,Centro-Oeste,Conjunto Lingerie Boudoir,Lingerie,89.63,1,15.0,Pix,Entregue,Site
4236,2024-03-06,105,Mariah Ribeiro,F,18-25,Nordeste,Fantasia Enfermeira,Lingerie,190.87,1,0.0,Pix,Entregue,Site
4623,2023-04-05,45,Yuri Albuquerque,M,46+,Sudeste,Wand Massager Pro,Vibradores,273.32,2,30.0,Pix,Entregue,Site
2952,2024-11-27,314,Maya Porto,F,36-45,Sul,Vibrador Ponto G Flex,Vibradores,447.81,1,0.0,Boleto,Entregue,Site
3164,2023-08-28,190,Milena da Luz,Não informado,36-45,Nordeste,Gel Excitante Masculino,Lubrificantes,64.73,1,0.0,Cartão Crédito,Entregue,Site
5238,2024-08-13,287,Lorena Nunes,F,36-45,Centro-Oeste,Meia-Calça Rendada,Lingerie,76.24,1,0.0,Pix,Entregue,Marketplace
1520,2023-05-05,596,Lavínia Lima,F,36-45,Sudeste,Lubrificante Íntimo Aquoso 100ml,Lubrificantes,31.29,4,20.0,Cartão Crédito,Entregue,Site
2882,2024-06-20,477,Dra. Helena Garcia,F,18-25,Nordeste,Lubrificante Sabores Baunilha,Lubrificantes,30.17,2,0.0,Pix,Entregue,Site
1379,2023-12-24,123,Giovanna Silva,F,36-45,Sudeste,Gel Excitante Masculino,Lubrificantes,63.68,1,20.0,Pix,Entregue,Site
4113,2023-11-10,21,Carlos Eduardo Garcia,Não informado,36-45,Sul,Gel Térmico Sensação Quente,Cosméticos Íntimos,114.15,1,0.0,Pix,Entregue,App
1024,2023-12-05,702,Sara Moraes,F,36-45,Centro-Oeste,Lubrificante Base Silicone,Lubrificantes,69.97,3,0.0,Cartão Crédito,Entregue,App
4921,2023-05-13,652,Ana Sophia Machado,F,36-45,Sudeste,Vibrador Clássico Silicone,Vibradores,267.22,1,25.0,Cartão Crédito,Entregue,App
4327,2023-11-04,7,Apollo Novais,M,18-25,Nordeste,Venda para Olhos Satin,Acessórios BDSM,289.48,3,15.0,Pix,Entregue,App
2482,2023-07-10,509,Ana Vitória Moraes,F,26-35,Sudeste,Lubrificante Sabores Morango,Lubrificantes,36.91,3,30.0,Cartão Crédito,Entregue,Site
3834,2023-05-11,133,Clara Lopes,F,26-35,Sul,Lubrificante Íntimo Aquoso 100ml,Lubrificantes,54.96,2,10.0,Boleto,Entregue,Site
4039,2023-02-21,286,Letícia Pastor,Não informado,36-45,Sul,Kit Iniciante BDSM 5 Peças,Acessórios BDSM,280.56,1,5.0,Boleto,Entregue,Marketplace
913,2024-03-31,261,Léo Melo,M,26-35,Nordeste,Vibrador Ponto G Flex,Vibradores,283.75,1,25.0,Cartão Crédito,Entregue,Marketplace
810,2024-05-22,34,Dr. Miguel Ramos,M,18-25,Nordeste,Vibrador Ponto G Flex,Vibradores,365.82,1,15.0,Cartão Crédito,Entregue,Site
5311,2024-02-11,113,Hadassa Montenegro,F,36-45,Sul,Lingerie Cropped com Bojo,Lingerie,118.87,1,0.0,Cartão Crédito,Devolvido,Marketplace
1676,2023-04-08,101,Bernardo Rocha,M,26-35,Nordeste,Chicote de Couro Soft,Acessórios BDSM,117.71,3,0.0,Pix,Entregue,Site
1747,2024-03-14,6,Helena da Conceição,F,26-35,Sul,Óleo de Massagem Relaxante,Lubrificantes,33.24,3,0.0,Cartão Crédito,Entregue,Site
3380,2024-09-16,316,Maria Luísa Farias,F,46+,Sudeste,Spray Prolongador,Cosméticos Íntimos,134.24,4,0.0,Pix,Entregue,Site
1737,2023-12-11,163,Sofia das Neves,F,36-45,Sul,Body Rendado Vermelho,Lingerie,79.55,5,0.0,Cartão Crédito,Entregue,Site
1630,2024-10-22,163,Sofia das Neves,F,36-45,Sul,Wand Massager Pro,Vibradores,255.77,2,5.0,Cartão Crédito,Entregue,App
3296,2024-05-26,20,Sr. João Vitor Barros,M,18-25,Sudeste,Fantasia Policial,Lingerie,73.8,2,0.0,Pix,Entregue,App
431,2024-09-27,43,Sra. Ana Luiza Gomes,F,46+,Centro-Oeste,Creme Retardante Masculino,Cosméticos Íntimos,41.82,4,0.0,Pix,Entregue,Marketplace
1809,2023-03-25,54,Ágatha Vasconcelos,F,18-25,Sul,Gel Excitante Masculino,Lubrificantes,42.83,3,0.0,Cartão Crédito,Entregue,Marketplace
3051,2024-02-03,64,Gabriela Silva,F,26-35,Sudeste,Óleo de Massagem Relaxante,Lubrificantes,82.11,4,30.0,Pix,Entregue,Marketplace
2064,2024-05-15,168,Agatha da Rosa,F,26-35,Sul,Fantasia Enfermeira,Lingerie,72.08,2,15.0,Cartão Débito,Entregue,Marketplace
2945,2024-06-07,368,Marina Casa Grande,F,26-35,Sul,Lubrificante Íntimo Aquoso 100ml,Lubrificantes,52.86,5,0.0,Pix,Entregue,Site
3011,2024-12-07,215,Benicio da Luz,M,18-25,Nordeste,Camisola Sensual Preta,Lingerie,114.33,3,0.0,Pix,Entregue,Marketplace
2987,2024-12-05,15,Julia Aparecida,F,26-35,Sudeste,Conjunto Lingerie Boudoir,Lingerie,128.09,2,0.0,Pix,Cancelado,Marketplace
4480,2023-08-18,231,Apollo das Neves,M,26-35,Nordeste,Jogo Tabuleiro Casais,Jogos Adultos,112.38,1,0.0,Pix,Entregue,Marketplace
2790,2023-04-18,780,Bianca Farias,F,36-45,Sul,Massageador Corporal Wave,Vibradores,335.69,2,0.0,Pix,Entregue,App
4955,2024-03-25,163,Sofia das Neves,F,36-45,Sul,Lubrificante Sabores Morango,Lubrificantes,84.46,1,5.0,Cartão Crédito,Entregue,Site
3502,2024-04-08,413,Zoe Carvalho,F,26-35,Sudeste,Lubrificante Sabores Baunilha,Lubrificantes,47.72,4,15.0,Cartão Débito,Entregue,Site
4933,2023-11-07,676,Bruno da Cunha,M,26-35,Norte,Creme Retardante Masculino,Cosméticos Íntimos,142.04,5,20.0,Pix,Entregue,Marketplace
1996,2023-09-05,284,Henry Gabriel Vasconcelos,M,36-45,Sudeste,Lingerie Cropped com Bojo,Lingerie,141.53,4,0.0,Pix,Entregue,Site
2743,2023-11-15,61,Davi Lucas Cardoso,M,36-45,Norte,Lubrificante Base Silicone,Lubrificantes,34.14,1,0.0,Cartão Crédito,Entregue,App
1107,2024-07-11,138,Nicolas Pinto,M,36-45,Sudeste,Creme Excitante Feminino,Cosméticos Íntimos,103.13,2,0.0,Pix,Entregue,Site
819,2024-03-24,16,Sra. Zoe Campos,F,18-25,Sudeste,Fantasia Enfermeira,Lingerie,137.83,3,0.0,Pix,Entregue,Marketplace
3546,2023-05-12,47,João Felipe Vargas,M,18-25,Sul,Vibrador Ponto G Flex,Vibradores,288.34,3,0.0,Pix,Entregue,Site
3987,2023-06-15,28,Júlia Porto,F,26-35,Centro-Oeste,Óleo de Massagem Relaxante,Lubrificantes,84.65,2,0.0,Pix,Cancelado,Site
1698,2023-02-01,41,Benicio Camargo,M,26-35,Nordeste,Lubrificante Base Silicone,Lubrificantes,75.37,3,0.0,Pix,Entregue,Marketplace
4635,2023-04-06,42,Eduarda Vieira,F,18-25,Sudeste,Meia-Calça Rendada,Lingerie,167.6,2,0.0,Cartão Débito,Devolvido,Marketplace
137,2023-12-20,198,Srta. Hadassa Azevedo,F,26-35,Nordeste,Lubrificante Íntimo Aquoso 100ml,Lubrificantes,60.01,1,0.0,Pix,Entregue,Site
5059,2024-10-17,220,Antony Souza,M,18-25,Sudeste,Body Rendado Vermelho,Lingerie,72.59,1,0.0,Cartão Crédito,Entregue,Site
2522,2023-05-04,41,Benicio Camargo,M,26-35,Nordeste,Fantasia Enfermeira,Lingerie,196.54,1,0.0,Pix,Entregue,Site
4927,2023-10-01,171,Melina Rocha,F,26-35,Nordeste,Vibrador Rabbit Premium,Vibradores,344.36,1,0.0,Pix,Entregue,Site
1181,2024-04-09,680,Daniela Cavalcante,F,26-35,Nordeste,Body Coelhinha Plus Size,Lingerie,162.04,1,0.0,Pix,Entregue,Site
4403,2024-03-31,78,Aylla Ribeiro,F,26-35,Nordeste,Lubrificante Base Silicone,Lubrificantes,42.39,1,10.0,Pix,Entregue,Site
889,2023-01-16,30,Ana Laura da Conceição,F,18-25,Sudeste,Lubrificante Íntimo Aquoso 250ml,Lubrificantes,85.36,1,0.0,Boleto,Entregue,Marketplace
4258,2023-06-26,164,Dr. Luan Guerra,M,26-35,Sudeste,Body Rendado Vermelho,Lingerie,142.34,1,0.0,Pix,Entregue,App
2499,2023-12-15,732,Maria Eduarda Farias,F,26-35,Nordeste,Conjunto Lingerie Boudoir,Lingerie,75.65,1,0.0,Boleto,Entregue,Site
818,2024-04-28,140,Maria Sophia Alves,F,36-45,Sudeste,Fantasia Policial,Lingerie,196.71,2,10.0,Cartão Crédito,Entregue,App
4668,2024-07-21,456,Srta. Luara Lima,F,46+,Sudeste,Conjunto Lingerie Boudoir,Lingerie,189.29,1,30.0,Pix,Cancelado,App
4102,2024-05-23,152,Joana Cavalcanti,F,26-35,Sul,Lubrificante Sabores Morango,Lubrificantes,67.0,1,0.0,Pix,Cancelado,App
3729,2024-04-02,50,João Montenegro,M,26-35,Sudeste,Wand Massager Pro,Vibradores,414.47,1,0.0,Cartão Crédito,Entregue,Site
1265,2023-09-25,4,Dra. Aurora Pastor,F,26-35,Sul,Mini Vibrador Discreto,Vibradores,176.11,1,0.0,Pix,Entregue,Site
991,2024-11-29,409,Kevin Rezende,M,26-35,Nordeste,Camisola Sensual Preta,Lingerie,125.61,1,0.0,Pix,Entregue,App
2793,2024-08-22,227,Nina Sampaio,F,26-35,Sul,Wand Massager Pro,Vibradores,413.79,1,25.0,Cartão Débito,Entregue,Marketplace
1740,2024-12-04,147,Evelyn Guerra,F,36-45,Sul,Vibrador Clássico Silicone,Vibradores,295.25,2,0.0,Cartão Crédito,Entregue,App
3253,2023-10-07,249,Sabrina Duarte,F,46+,Nordeste,Gel Excitante Masculino,Lubrificantes,75.33,1,30.0,Cartão Crédito,Entregue,App
354,2024-04-23,50,João Montenegro,M,26-35,Sudeste,Lingerie Cropped com Bojo,Lingerie,190.75,2,0.0,Pix,Entregue,Site
4239,2024-08-04,318,Sabrina da Paz,Não informado,46+,Nordeste,Lubrificante Base Silicone,Lubrificantes,80.75,2,0.0,Pix,Entregue,Site
4644,2023-07-16,40,Thomas Monteiro,M,36-45,Sudeste,Camisola Sensual Preta,Lingerie,155.57,1,0.0,Cartão Crédito,Entregue,Site
4181,2023-12-05,141,Lívia Viana,F,36-45,Sudeste,Mordaça Silicone,Acessórios BDSM,221.67,2,0.0,Cartão Débito,Entregue,Site
1490,2023-02-08,163,Sofia das Neves,F,36-45,Sul,Body Rendado Vermelho,Lingerie,78.85,5,0.0,Pix,Entregue,Site
3404,2024-05-31,109,Caroline Rios,F,36-45,Sudeste,Gel Excitante Masculino,Lubrificantes,71.81,1,0.0,Cartão Crédito,Devolvido,Site
1229,2024-10-12,742,Maria Sophia Sales,F,26-35,Sudeste,Massageador Corporal Wave,Vibradores,183.93,1,5.0,Cartão Crédito,Entregue,Site
2593,2023-11-20,217,Lunna Fernandes,F,26-35,Sudeste,Body Coelhinha Plus Size,Lingerie,99.72,2,10.0,Cartão Débito,Entregue,Site
5261,2023-10-16,64,Gabriela Silva,F,26-35,Sudeste,Lubrificante Sabores Morango,Lubrificantes,74.35,1,0.0,Pix,Entregue,Marketplace
53,2023-04-06,622,Theo Sales,M,18-25,Sudeste,Gel Térmico Sensação Quente,Cosméticos Íntimos,115.92,1,0.0,Cartão Crédito,Entregue,Site
2695,2024-03-21,681,Dr. Asafe Alves,M,36-45,Sudeste,Camisola Sensual Preta,Lingerie,114.52,1,0.0,Cartão Crédito,Entregue,Marketplace
3544,2023-03-22,116,Emanuel Macedo,M,46+,Sudeste,Kit Iniciante BDSM 5 Peças,Acessórios BDSM,55.07,1,5.0,Pix,Entregue,Marketplace
5472,2024-03-05,104,Asafe Pinto,M,46+,Sudeste,Body Rendado Vermelho,Lingerie,125.71,3,0.0,Pix,Entregue,Site
4332,2024-03-19,40,Thomas Monteiro,M,36-45,Sudeste,Fantasia Policial,Lingerie,90.15,3,0.0,Cartão Crédito,Entregue,Site
1590,2023-02-05,331,Maria Luísa Borges,F,18-25,Sul,Vibrador Rabbit Premium,Vibradores,232.78,1,0.0,Pix,Entregue,Site
1480,2024-11-15,156,Bruna Gomes,F,26-35,Nordeste,Vibrador Ponto G Flex,Vibradores,98.09,2,0.0,Pix,Entregue,Site
1470,2024-05-05,391,Ana Beatriz Pacheco,F,18-25,Sudeste,Lubrificante Base Silicone,Lubrificantes,65.45,1,15.0,Pix,Entregue,Site
2930,2023-05-29,137,Luiz Gustavo Vasconcelos,M,26-35,Nordeste,Lubrificante Sabores Baunilha,Lubrificantes,76.27,2,0.0,Boleto,Entregue,Marketplace
2079,2024-05-02,746,Lunna Ribeiro,F,26-35,Sudeste,Lubrificante Sabores Morango,Lubrificantes,52.65,1,20.0,Pix,Entregue,App
2982,2023-11-27,75,Caroline Silveira,F,36-45,Sudeste,Camisola Sensual Preta,Lingerie,109.54,2,0.0,Pix,Entregue,Site
5466,2023-10-19,191,João Guilherme Vargas,M,26-35,Nordeste,Vibrador Rabbit Premium,Vibradores,254.82,2,0.0,Cartão Crédito,Cancelado,App
3997,2024-09-23,112,Beatriz Barbosa,F,36-45,Nordeste,Meia-Calça Rendada,Lingerie,138.07,1,0.0,Cartão Crédito,Entregue,Site
437,2023-08-15,22,Rafael Porto,M,36-45,Nordeste,Lubrificante Sabores Morango,Lubrificantes,32.11,1,25.0,Pix,Entregue,Marketplace
5359,2023-08-13,475,Murilo Azevedo,Não informado,26-35,Sudeste,Lingerie Cropped com Bojo,Lingerie,95.99,1,0.0,Cartão Crédito,Entregue,App
1589,2023-06-19,153,João Andrade,M,26-35,Sul,Massageador Corporal Wave,Vibradores,408.32,4,10.0,Cartão Crédito,Entregue,App
4093,2023-03-24,177,Isabelly Melo,F,18-25,Sudeste,Kit Iniciante BDSM 5 Peças,Acessórios BDSM,62.2,1,0.0,Cartão Crédito,Entregue,Site
1591,2023-02-11,311,Sra. Ana Cecília Teixeira,F,36-45,Sudeste,Lubrificante Sabores Morango,Lubrificantes,50.54,5,0.0,Boleto,Entregue,Site
2808,2024-05-28,49,Eduarda Marques,F,26-35,Sul,Lingerie Cropped com Bojo,Lingerie,189.97,1,0.0,Cartão Crédito,Entregue,Site
974,2024-12-02,67,Bárbara da Cruz,Não informado,36-45,Norte,Vibrador Clássico Silicone,Vibradores,484.63,2,0.0,Pix,Entregue,Site
1239,2024-03-15,694,Léo Moraes,M,26-35,Sudeste,Vibrador Rabbit Premium,Vibradores,375.68,1,20.0,Pix,Entregue,App
2136,2023-05-16,529,Olívia Montenegro,F,18-25,Sudeste,Colar e Guia BDSM,Acessórios BDSM,189.18,5,0.0,Cartão Crédito,Devolvido,App
4138,2023-12-11,108,Sra. Isabella da Luz,Não informado,36-45,Centro-Oeste,Lubrificante Íntimo Aquoso 250ml,Lubrificantes,79.98,1,0.0,Pix,Entregue,Marketplace
2389,2023-02-03,321,Danilo Vargas,M,26-35,Nordeste,Vibrador Ponto G Flex,Vibradores,419.35,2,5.0,Pix,Entregue,App
1498,2024-12-22,170,Luna Martins,F,18-25,Sudeste,Camisola Sensual Preta,Lingerie,97.8,5,0.0,Cartão Crédito,Entregue,App
450,2023-05-31,25,Brayan Pereira,M,26-35,Sul,Fantasia Enfermeira,Lingerie,111.54,1,0.0,Cartão Crédito,Entregue,App
4606,2023-11-14,540,Calebe Novais,M,26-35,Norte,Lubrificante Base Silicone,Lubrificantes,79.98,1,0.0,Boleto,Entregue,App
4990,2023-01-21,378,Letícia Porto,F,26-35,Sudeste,Creme Retardante Masculino,Cosméticos Íntimos,96.01,2,0.0,Pix,Entregue,App
2586,2023-02-14,262,Vitória Ferreira,F,26-35,Nordeste,Vibrador Clássico Silicone,Vibradores,460.67,4,0.0,Pix,Entregue,Site
1552,2023-06-08,247,Nicole Nunes,F,26-35,Nordeste,Mini Vibrador Discreto,Vibradores,450.34,2,15.0,Cartão Crédito,Entregue,App
4929,2024-07-12,354,Valentina Marques,F,46+,Sudeste,Venda para Olhos Satin,Acessórios BDSM,57.23,1,0.0,Cartão Crédito,Entregue,Site
1147,2024-05-23,407,Lunna Pimenta,F,18-25,Sul,Lubrificante Base Silicone,Lubrificantes,81.51,1,20.0,Cartão Crédito,Entregue,Marketplace
4351,2024-05-02,393,Lunna Souza,F,26-35,Nordeste,Camisola Sensual Preta,Lingerie,120.05,1,30.0,Cartão Débito,Entregue,Site
2093,2024-02-16,64,Gabriela Silva,F,26-35,Sudeste,Gel Excitante Feminino,Lubrificantes,77.34,1,0.0,Boleto,Entregue,App
1314,2023-12-09,429,Igor Farias,M,36-45,Centro-Oeste,Vibrador Duplo Prazer,Vibradores,232.55,1,0.0,Cartão Débito,Entregue,Site
2016,2024-03-07,145,Natália Ferreira,F,46+,Sul,Body Rendado Vermelho,Lingerie,122.69,1,0.0,Pix,Entregue,Site
5237,2023-03-03,310,Alícia Teixeira,F,36-45,Sudeste,Gel Excitante Masculino,Lubrificantes,49.86,3,0.0,Pix,Entregue,App
2771,2023-09-15,23,Elisa Freitas,F,18-25,Sudeste,Wand Massager Pro,Vibradores,320.91,2,0.0,Pix,Entregue,App
4717,2023-01-27,243,Dr. Vitor Gabriel Vasconcelos,M,26-35,Sudeste,Vibrador Duplo Prazer,Vibradores,418.81,2,,Cartão Crédito,Entregue,Marketplace
3705,2023-06-17,640,Arthur Gabriel Pereira,M,18-25,Sul,Lubrificante Sabores Baunilha,Lubrificantes,87.75,1,0.0,Cartão Crédito,Entregue,Site
2806,2023-02-11,721,Fernanda Pereira,F,26-35,Sudeste,Óleo de Massagem Relaxante,Lubrificantes,71.05,4,0.0,Cartão Crédito,Entregue,Marketplace
414,2023-08-28,229,Bruna Vasconcelos,F,26-35,Sul,Lubrificante Base Silicone,Lubrificantes,72.76,1,0.0,Pix,Entregue,Marketplace
942,2023-01-12,218,Lara Sá,F,46+,Sul,Massageador Corporal Wave,Vibradores,100.27,2,5.0,Pix,Entregue,Marketplace
802,2024-06-21,46,Dra. Bruna Rodrigues,F,18-25,Nordeste,Lubrificante Sabores Baunilha,Lubrificantes,30.75,4,0.0,Pix,Entregue,Site
2844,2024-03-05,649,Pietro Cunha,M,26-35,Norte,Óleo de Massagem Relaxante,Lubrificantes,84.33,1,15.0,Boleto,Entregue,Site
257,2023-05-18,615,Sophie Gonçalves,F,26-35,Centro-Oeste,Camisola Sensual Preta,Lingerie,160.89,1,0.0,Cartão Débito,Entregue,App
5444,2024-12-18,655,Ágatha da Rocha,F,26-35,Nordeste,Gel Excitante Masculino,Lubrificantes,40.94,1,0.0,Pix,Entregue,Site
648,2023-06-24,300,Srta. Juliana Casa Grande,F,26-35,Sul,Vibrador Rabbit Premium,Vibradores,226.08,1,30.0,Cartão Crédito,Entregue,Site
1768,2023-04-12,176,Diogo Alves,M,46+,Sudeste,Corda de Shibari 5m,Acessórios BDSM,118.26,1,0.0,Pix,Entregue,Marketplace
3572,2024-01-30,209,Maria Julia Fernandes,F,36-45,Sudeste,Vibrador Ponto G Flex,Vibradores,107.84,1,0.0,Cartão Crédito,Entregue,Marketplace
2154,2024-06-15,440,Rael Montenegro,M,18-25,Nordeste,Lingerie Cropped com Bojo,Lingerie,110.57,1,30.0,Boleto,Entregue,App
2575,2023-07-01,71,Dra. Ana Liz da Conceição,F,36-45,Sul,Lubrificante Íntimo Aquoso 250ml,Lubrificantes,88.74,1,0.0,Cartão Crédito,Entregue,Site
2269,2024-08-05,75,Caroline Silveira,F,36-45,Sudeste,Vibrador Rabbit Premium,Vibradores,293.44,1,0.0,Cartão Crédito,Entregue,App
25,2023-09-23,166,Mateus Rocha,M,26-35,Sudeste,Wand Massager Pro,Vibradores,448.02,2,0.0,Boleto,Entregue,Site
1089,2023-12-14,767,Srta. Ana Júlia Brito,F,26-35,Sul,Massageador Corporal Wave,Vibradores,226.05,1,0.0,Pix,Cancelado,Site
3427,2023-09-18,223,Sr. Arthur da Cruz,M,26-35,Sul,Lubrificante Base Silicone,Lubrificantes,65.51,1,0.0,Pix,Entregue,Site
2272,2023-09-23,133,Clara Lopes,F,26-35,Sul,Body Coelhinha Plus Size,Lingerie,188.83,1,30.0,Cartão Crédito,Entregue,Site
113,2024-01-22,601,Sofia Novaes,F,36-45,Sudeste,Gel Excitante Masculino,Lubrificantes,37.7,2,0.0,Pix,Entregue,Site
4996,2023-04-28,541,Sra. Larissa da Cunha,F,36-45,Nordeste,Mini Vibrador Discreto,Vibradores,489.39,3,0.0,Pix,Entregue,Site
57,2023-09-29,26,Srta. Yasmin Siqueira,F,46+,Sul,Camisola Sensual Preta,Lingerie,111.84,1,0.0,Pix,Entregue,Site
1310,2024-01-03,426,Isabelly Cardoso,F,26-35,Sul,Chicote de Couro Soft,Acessórios BDSM,221.41,1,0.0,Pix,Entregue,Site
696,2023-09-01,252,Kamilly Novais,F,46+,Sul,Wand Massager Pro,Vibradores,369.77,1,25.0,Pix,Entregue,Site
1228,2024-11-17,89,Enzo Jesus,M,36-45,Sul,Dado do Prazer,Jogos Adultos,81.6,2,0.0,Cartão Débito,Cancelado,Site
4671,2023-05-24,124,Gustavo Rodrigues,M,26-35,Nordeste,Body Rendado Vermelho,Lingerie,82.3,1,0.0,Cartão Crédito,Entregue,App
277,2024-11-11,408,Benício Porto,M,36-45,Sudeste,Massageador Corporal Wave,Vibradores,460.79,2,0.0,Cartão Débito,Entregue,Site
4793,2024-07-10,18,Maria Cecília Oliveira,F,26-35,Centro-Oeste,Fantasia Enfermeira,Lingerie,155.91,1,20.0,Pix,Entregue,App
1834,2023-09-06,358,Sra. Anna Liz Farias,F,36-45,Sudeste,Camisola Sensual Preta,Lingerie,170.03,1,30.0,Pix,Entregue,Site
683,2023-03-02,52,Sra. Sofia Pereira,F,18-25,Sudeste,Fantasia Policial,Lingerie,189.28,2,10.0,Cartão Crédito,Entregue,App
2708,2023-08-04,86,Isadora Barbosa,Não informado,18-25,Sudeste,Gel Excitante Feminino,Lubrificantes,79.1,5,0.0,Cartão Crédito,Entregue,Site
5040,2023-12-22,587,Yan Siqueira,M,36-45,Sul,Jogo Tabuleiro Casais,Jogos Adultos,48.14,2,25.0,Cartão Crédito,Entregue,Site
1138,2023-08-26,186,Davi Luiz Martins,M,18-25,Norte,Massageador Corporal Wave,Vibradores,236.63,4,0.0,Boleto,Entregue,Site
3078,2024-09-16,32,Ana Luiza Cunha,F,18-25,Sudeste,Creme Retardante Masculino,Cosméticos Íntimos,124.0,2,0.0,Pix,Cancelado,Site
2599,2023-07-13,93,Mirella da Paz,F,26-35,Sudeste,Meia-Calça Rendada,Lingerie,142.34,5,0.0,Cartão Crédito,Entregue,App
2961,2023-05-19,61,Davi Lucas Cardoso,M,36-45,Norte,Lubrificante Íntimo Aquoso 100ml,Lubrificantes,75.95,3,15.0,Pix,Entregue,Site
1347,2023-12-16,117,Kevin Pimenta,M,26-35,Norte,Lubrificante Base Silicone,Lubrificantes,49.29,4,0.0,Pix,Entregue,Site
2544,2024-06-13,254,Isabella Silveira,F,36-45,Sul,Kit Roleplay Surpresa,Jogos Adultos,87.45,1,0.0,Cartão Crédito,Cancelado,Site
2417,2024-07-25,133,Clara Lopes,F,26-35,Sul,Kit Iniciante BDSM 5 Peças,Acessórios BDSM,198.29,1,15.0,Boleto,Cancelado,Site
4256,2024-03-11,285,Maria Helena Machado,F,36-45,Centro-Oeste,Fantasia Policial,Lingerie,130.19,1,0.0,Cartão Crédito,Entregue,Site
3686,2024-03-24,225,Isaque Cardoso,Não informado,26-35,Sul,Colar e Guia BDSM,Acessórios BDSM,200.61,1,5.0,Cartão Crédito,Entregue,Site
2883,2023-12-28,65,Maria Liz Rios,F,46+,Sul,Gel Excitante Masculino,Lubrificantes,39.87,2,0.0,Pix,Entregue,Marketplace
2253,2023-11-03,293,Maria Luísa Machado,F,46+,Sudeste,Kit Cuidados Íntimos,Cosméticos Íntimos,114.63,1,0.0,Pix,Entregue,Site
4315,2023-02-23,702,Sara Moraes,F,36-45,Centro-Oeste,Fantasia Policial,Lingerie,96.51,1,15.0,Pix,Devolvido,Marketplace
4684,2023-05-28,98,Rhavi Montenegro,M,36-45,Sudeste,Vibrador Rabbit Premium,Vibradores,212.03,1,25.0,Cartão Crédito,Entregue,Site
2374,2023-03-09,154,Maya Ferreira,F,18-25,Sudeste,Vibrador Ponto G Flex,Vibradores,171.04,1,0.0,Boleto,Entregue,Site
4625,2023-10-20,635,Dr. Luiz Otávio Moraes,M,18-25,Sul,Gel Excitante Masculino,Lubrificantes,72.71,2,5.0,Cartão Débito,Cancelado,App
5263,2024-06-06,220,Antony Souza,M,18-25,Sudeste,Body Rendado Vermelho,Lingerie,71.36,1,5.0,Boleto,Entregue,Site
82,2023-12-19,261,Léo Melo,M,26-35,Nordeste,Mini Vibrador Discreto,Vibradores,331.25,1,15.0,Cartão Débito,Entregue,App
1973,2023-10-15,88,Sr. Caleb Sá,M,26-35,Sudeste,Body Rendado Vermelho,Lingerie,72.15,1,0.0,Cartão Crédito,Cancelado,App
1715,2024-03-14,17,Bruno Novaes,M,26-35,Sudeste,Mini Vibrador Discreto,Vibradores,469.56,3,0.0,Pix,Entregue,Site
2407,2024-04-15,125,Dr. Thiago Mendonça,M,36-45,Sudeste,Lubrificante Base Silicone,Lubrificantes,88.41,2,0.0,Pix,Entregue,App
3133,2023-07-20,608,Maria Nogueira,F,36-45,Centro-Oeste,Meia-Calça Rendada,Lingerie,71.49,1,0.0,Pix,Entregue,App
1947,2024-02-15,159,Zoe Rodrigues,F,46+,Sul,Vibrador Duplo Prazer,Vibradores,149.25,1,5.0,Pix,Entregue,Site
2869,2024-06-22,92,Alexandre Gomes,M,18-25,Sudeste,Fantasia Policial,Lingerie,95.69,3,25.0,Cartão Crédito,Entregue,App
5182,2024-06-09,444,Paulo Rodrigues,M,36-45,Sudeste,Vibrador Duplo Prazer,Vibradores,261.68,1,25.0,Cartão Crédito,Entregue,Site
1611,2023-07-18,513,Diogo da Cunha,M,26-35,Sudeste,Gel Excitante Masculino,Lubrificantes,68.72,1,0.0,Pix,Entregue,Site
3561,2023-05-13,101,Bernardo Rocha,M,26-35,Nordeste,Colar e Guia BDSM,Acessórios BDSM,178.91,1,20.0,Cartão Crédito,Entregue,Site
3259,2023-03-06,137,Luiz Gustavo Vasconcelos,M,26-35,Nordeste,Conjunto Lingerie Boudoir,Lingerie,101.17,3,20.0,Cartão Débito,Entregue,Site
2803,2024-01-29,632,Luiz Gustavo Pimenta,M,26-35,Sul,Wand Massager Pro,Vibradores,107.5,1,0.0,Pix,Entregue,Site
5423,2023-09-30,714,Evelyn Fonseca,F,26-35,Sul,Lubrificante Íntimo Aquoso 250ml,Lubrificantes,84.48,1,5.0,Cartão Débito,Entregue,Site
4287,2023-08-19,501,Oliver da Rocha,M,46+,Sudeste,Lubrificante Sabores Morango,Lubrificantes,67.9,2,0.0,Pix,Entregue,Site
666,2023-04-28,47,João Felipe Vargas,M,18-25,Sul,Vibrador Clássico Silicone,Vibradores,303.03,1,0.0,Pix,Entregue,Site
2195,2023-04-15,33,Luara Cunha,Não informado,26-35,Norte,Massageador Corporal Wave,Vibradores,302.55,2,5.0,Cartão Débito,Cancelado,Site
3228,2024-12-09,120,Catarina da Luz,F,18-25,Sul,Vibrador Ponto G Flex,Vibradores,337.19,1,0.0,Pix,Entregue,Marketplace
4729,2024-11-14,353,Beatriz Macedo,F,26-35,Nordeste,Body Coelhinha Plus Size,Lingerie,150.66,1,20.0,Pix,Entregue,Site
1018,2024-06-05,226,Danilo Nunes,M,36-45,Centro-Oeste,Body Rendado Vermelho,Lingerie,122.67,1,0.0,Pix,Entregue,Site
558,2024-03-04,9,Pietro Pastor,M,26-35,Sudeste,Dado do Prazer,Jogos Adultos,43.58,1,10.0,Pix,Entregue,App
4436,2024-12-29,91,Bento Cavalcante,M,26-35,Sul,Lubrificante Íntimo Aquoso 100ml,Lubrificantes,35.78,1,0.0,Cartão Débito,Cancelado,App
3837,2024-10-09,607,Lucas Gabriel Carvalho,M,18-25,Sul,Lingerie Cropped com Bojo,Lingerie,156.53,1,0.0,Boleto,Cancelado,App
1208,2024-06-10,161,Luísa Pinto,F,18-25,Sudeste,Wand Massager Pro,Vibradores,463.6,2,0.0,Pix,Entregue,App
3589,2024-06-28,38,Dra. Mariane Pacheco,F,26-35,Sudeste,Lubrificante Íntimo Aquoso 100ml,Lubrificantes,86.58,1,5.0,Pix,Entregue,Site
2612,2023-05-08,2,Isabelly Câmara,F,36-45,Nordeste,Vibrador Clássico Silicone,Vibradores,435.26,2,0.0,Pix,Entregue,App
1511,2023-11-20,424,Ayla Ribeiro,F,26-35,Sul,Jogo Tabuleiro Casais,Jogos Adultos,76.71,2,0.0,Pix,Entregue,Marketplace
3525,2024-11-27,51,Thiago Caldeira,Não informado,36-45,Sul,Lubrificante Íntimo Aquoso 100ml,Lubrificantes,79.85,2,0.0,Pix,Entregue,App
3529,2023-06-21,693,Sra. Manuella Guerra,F,18-25,Sudeste,Gel Excitante Masculino,Lubrificantes,79.38,2,0.0,Cartão Crédito,Entregue,App
267,2023-04-29,314,Maya Porto,F,36-45,Sul,Óleo de Massagem Relaxante,Lubrificantes,47.98,2,25.0,Pix,Entregue,Site
3097,2024-03-23,720,Luiz Otávio Sá,M,26-35,Nordeste,Body Rendado Vermelho,Lingerie,158.55,1,0.0,Pix,Entregue,Marketplace
4651,2024-11-10,16,Sra. Zoe Campos,F,18-25,Sudeste,Fantasia Enfermeira,Lingerie,145.62,4,0.0,Cartão Crédito,Entregue,Site
2112,2023-09-10,63,Otávio Cunha,M,26-35,Sudeste,Lubrificante Sabores Baunilha,Lubrificantes,73.62,2,0.0,Pix,Entregue,Site
4568,2024-12-28,69,Heloísa Pastor,F,26-35,Sudeste,Lingerie Cropped com Bojo,Lingerie,75.92,1,0.0,Pix,Entregue,Marketplace
1910,2024-10-20,45,Yuri Albuquerque,M,46+,Sudeste,Kit Algemas Veludo,Acessórios BDSM,84.98,1,0.0,Cartão Crédito,Entregue,Marketplace
2679,2024-05-24,33,Luara Cunha,Não informado,26-35,Norte,Lubrificante Sabores Baunilha,Lubrificantes,58.1,1,0.0,Pix,Entregue,App
3384,2023-12-14,83,Evelyn Correia,F,26-35,Nordeste,Conjunto Lingerie Boudoir,Lingerie,154.01,1,10.0,Cartão Crédito,Entregue,Site
3782,2023-04-17,109,Caroline Rios,F,36-45,Sudeste,Massageador Corporal Wave,Vibradores,330.88,1,0.0,Cartão Crédito,Entregue,Site
3886,2023-12-22,611,Catarina Azevedo,F,26-35,Centro-Oeste,Lubrificante Sabores Morango,Lubrificantes,38.49,2,0.0,Cartão Crédito,Entregue,Marketplace
2776,2024-10-15,155,Sra. Maya Pereira,F,26-35,Sul,Massageador Corporal Wave,Vibradores,426.12,1,30.0,Pix,Cancelado,
1785,2023-03-15,286,Letícia Pastor,Não informado,36-45,Sul,Gel Excitante Feminino,Lubrificantes,30.63,1,0.0,Pix,Devolvido,Site
1238,2024-02-15,175,Leonardo Câmara,M,36-45,Sul,Kit Algemas Veludo,Acessórios BDSM,277.4,1,15.0,Cartão Crédito,Entregue,App
4802,2023-04-13,21,Carlos Eduardo Garcia,Não informado,36-45,Sul,Vibrador Duplo Prazer,Vibradores,238.94,3,10.0,Cartão Crédito,Entregue,App
5475,2023-04-23,3,Cauã Rocha,M,18-25,Sudeste,Kit Algemas Veludo,Acessórios BDSM,124.88,1,0.0,Cartão Débito,Entregue,Marketplace
2187,2024-12-21,500,Paulo Oliveira,M,26-35,Nordeste,Kit Algemas Veludo,Acessórios BDSM,219.15,1,0.0,Cartão Crédito,Entregue,App
2981,2024-09-05,157,Gabriel da Cunha,M,18-25,Sudeste,Jogo de Cartas Sexo Quiz,Jogos Adultos,111.63,2,0.0,Cartão Crédito,Entregue,Site
909,2023-07-22,83,Evelyn Correia,F,26-35,Nordeste,Gel Excitante Feminino,Lubrificantes,81.98,1,15.0,Cartão Crédito,Entregue,App
1304,2024-08-02,211,Ravi Lucca Cardoso,Não informado,26-35,Sudeste,Creme Retardante Masculino,Cosméticos Íntimos,53.06,1,5.0,Pix,Entregue,Site
5319,2023-01-04,43,Sra. Ana Luiza Gomes,F,46+,Centro-Oeste,Vibrador Rabbit Premium,Vibradores,155.61,1,0.0,Cartão Crédito,Entregue,App
1628,2024-06-13,208,Maya Mendonça,F,18-25,Sudeste,Vibrador Ponto G Flex,Vibradores,356.32,3,0.0,Pix,Entregue,Site
1523,2024-02-02,119,Letícia Ribeiro,Não informado,18-25,Norte,Mini Vibrador Discreto,Vibradores,424.43,5,0.0,Cartão Crédito,Entregue,Site
836,2023-11-10,149,Luiz Fernando Ramos,M,36-45,Nordeste,Gel Excitante Masculino,Lubrificantes,67.21,1,0.0,Pix,Entregue,App
359,2023-05-24,624,Antonella Siqueira,F,36-45,Norte,Conjunto Lingerie Boudoir,Lingerie,132.97,3,25.0,Pix,Cancelado,Site
139,2024-08-27,124,Gustavo Rodrigues,M,26-35,Nordeste,Kit Algemas Veludo,Acessórios BDSM,110.82,1,0.0,Pix,Entregue,Marketplace
300,2024-12-21,25,Brayan Pereira,M,26-35,Sul,Chicote de Couro Soft,Acessórios BDSM,206.6,2,0.0,Cartão Crédito,Entregue,App
1557,2023-04-02,253,Stella Correia,F,26-35,Sudeste,Lingerie Cropped com Bojo,Lingerie,185.15,3,0.0,Pix,Cancelado,Site
1004,2024-12-21,344,Zoe Mendes,F,26-35,Sudeste,Mordaça Silicone,Acessórios BDSM,144.32,2,0.0,Pix,Entregue,Site
383,2024-08-05,265,Igor Campos,M,36-45,Sudeste,Dominó Erótico,Jogos Adultos,65.37,2,25.0,Cartão Débito,Entregue,Site
3347,2023-06-25,88,Sr. Caleb Sá,M,26-35,Sudeste,Lubrificante Sabores Morango,Lubrificantes,83.17,3,0.0,Cartão Crédito,Cancelado,Site
762,2024-01-30,103,Isadora Pacheco,F,46+,Nordeste,Lingerie Cropped com Bojo,Lingerie,108.47,3,10.0,Pix,Devolvido,App
4524,2024-02-19,244,Ravi Lucca Lopes,M,26-35,Sul,Mini Vibrador Discreto,Vibradores,482.53,3,0.0,Pix,Entregue,Site
4740,2023-07-31,259,Maria Luiza Sales,F,18-25,Norte,Óleo de Massagem Relaxante,Lubrificantes,56.83,1,0.0,Cartão Crédito,Entregue,App
3436,2024-06-10,135,Ana Cecília Fogaça,F,46+,Nordeste,Mini Vibrador Discreto,Vibradores,231.08,1,15.0,Pix,Entregue,Site
5036,2024-04-18,131,Daniel Barbosa,M,36-45,Sudeste,Vibrador Duplo Prazer,Vibradores,223.62,1,0.0,Pix,Entregue,Marketplace
1403,2023-01-17,11,Otávio Fernandes,M,36-45,Sul,Camisola Sensual Preta,Lingerie,152.57,1,0.0,Pix,Entregue,Marketplace
3455,2023-01-08,627,Luna Caldeira,F,26-35,Sudeste,Vibrador Rabbit Premium,Vibradores,91.25,3,0.0,Cartão Crédito,Entregue,Site
4773,2024-02-04,74,Raquel Cunha,F,46+,Sul,Body Rendado Vermelho,Lingerie,82.4,1,0.0,Cartão Crédito,Entregue,Marketplace
1933,2024-08-03,222,Ana Lívia Vasconcelos,F,36-45,Sul,Gel Excitante Feminino,Lubrificantes,84.78,1,0.0,Cartão Débito,Entregue,App
5338,2023-10-15,228,Maria Eduarda Cavalcante,F,18-25,Sudeste,Mordaça Silicone,Acessórios BDSM,143.82,2,0.0,Cartão Crédito,Entregue,Site
4429,2024-11-10,55,Agatha Peixoto,F,46+,Nordeste,Gel Excitante Masculino,Lubrificantes,64.72,1,0.0,Boleto,Entregue,Site
4751,2024-09-28,115,Isabelly Freitas,F,18-25,Sudeste,Colar e Guia BDSM,Acessórios BDSM,184.44,1,0.0,Cartão Crédito,Entregue,Site
5214,2024-03-06,365,Kaique Alves,M,18-25,Sudeste,Gel Excitante Feminino,Lubrificantes,71.21,3,0.0,Boleto,Devolvido,App
5256,2024-07-21,178,Brayan Marques,M,26-35,Sudeste,Kit Algemas Veludo,Acessórios BDSM,201.43,1,0.0,Pix,Entregue,App
59,2023-03-22,13,Cauã Borges,M,36-45,Nordeste,Jogo de Cartas Sexo Quiz,Jogos Adultos,85.09,3,30.0,Cartão Débito,Entregue,Marketplace
77,2023-11-11,380,Fernanda Gomes,F,36-45,Sudeste,Kit Roleplay Surpresa,Jogos Adultos,63.35,1,20.0,Pix,Entregue,App
797,2023-12-14,607,Lucas Gabriel Carvalho,M,18-25,Sul,Óleo de Massagem Relaxante,Lubrificantes,42.51,1,0.0,Pix,Cancelado,Site
2578,2024-12-27,248,Mateus Fernandes,M,26-35,Nordeste,Jogo Tabuleiro Casais,Jogos Adultos,120.81,1,10.0,Boleto,Entregue,App
4010,2024-02-02,17,Bruno Novaes,M,26-35,Sudeste,Vibrador Clássico Silicone,Vibradores,316.29,2,0.0,Cartão Crédito,Entregue,App
786,2024-12-15,560,Ana Clara Jesus,F,26-35,Sudeste,Lubrificante Sabores Baunilha,Lubrificantes,31.84,3,30.0,Cartão Crédito,Devolvido,Site
5301,2023-10-14,392,Caroline Borges,F,18-25,Nordeste,Kit Iniciante BDSM 5 Peças,Acessórios BDSM,159.23,1,20.0,Pix,Entregue,App
2576,2023-02-21,272,Kevin Albuquerque,M,26-35,Sudeste,Mini Vibrador Discreto,Vibradores,127.9,5,0.0,Cartão Débito,Entregue,Site
2218,2024-09-20,92,Alexandre Gomes,M,18-25,Sudeste,Venda para Olhos Satin,Acessórios BDSM,75.84,1,15.0,Cartão Crédito,Entregue,Site
2922,2024-02-19,327,Caroline da Paz,F,26-35,Sudeste,Colar e Guia BDSM,Acessórios BDSM,286.91,2,0.0,Cartão Crédito,Entregue,Site
2562,2024-07-19,322,Théo Abreu,M,18-25,Sudeste,Vibrador Clássico Silicone,Vibradores,241.36,1,0.0,Pix,Entregue,App
4827,2023-03-07,310,Alícia Teixeira,F,36-45,Sudeste,Camisola Sensual Preta,Lingerie,148.58,1,0.0,Pix,Entregue,Site
4445,2024-08-13,144,Ravy Câmara,M,18-25,Sudeste,Perfume Íntimo Floral,Cosméticos Íntimos,69.63,1,20.0,Cartão Crédito,Entregue,Site
5191,2023-03-20,111,Anthony Marques,M,26-35,Nordeste,Gel Excitante Feminino,Lubrificantes,75.2,3,0.0,Boleto,Devolvido,Marketplace
911,2023-08-07,240,Bianca Lopes,F,26-35,Sudeste,Mini Vibrador Discreto,Vibradores,462.69,2,20.0,Pix,Entregue,Site
2173,2023-12-24,54,Ágatha Vasconcelos,F,18-25,Sul,Gel Excitante Masculino,Lubrificantes,66.57,1,5.0,Cartão Crédito,Cancelado,Site
4245,2024-12-30,146,Heloísa Câmara,F,26-35,Nordeste,Meia-Calça Rendada,Lingerie,147.19,1,20.0,Cartão Crédito,Entregue,App
5201,2024-03-15,100,Anna Liz Cirino,F,18-25,Centro-Oeste,Meia-Calça Rendada,Lingerie,132.47,1,0.0,Pix,Entregue,Site
1258,2023-09-17,184,Dra. Nicole Aragão,F,36-45,Sul,Chicote de Couro Soft,Acessórios BDSM,61.69,2,0.0,Pix,Entregue,App
4191,2024-05-02,363,Srta. Maya Brito,F,36-45,Sudeste,Vibrador Ponto G Flex,Vibradores,439.64,1,0.0,Cartão Crédito,Entregue,Marketplace
3091,2024-03-09,163,Sofia das Neves,F,36-45,Sul,Vibrador Ponto G Flex,Vibradores,264.38,2,0.0,Pix,Entregue,Marketplace
1179,2024-12-24,370,Emilly Cavalcante,Não informado,36-45,Sudeste,Lubrificante Base Silicone,Lubrificantes,83.89,1,0.0,Cartão Crédito,Entregue,App
4924,2023-05-19,514,Erick Pereira,M,36-45,Sudeste,Conjunto Lingerie Boudoir,Lingerie,187.31,4,0.0,Cartão Débito,Devolvido,Site
4539,2023-04-30,24,Giovanna Rios,F,26-35,Centro-Oeste,Óleo de Massagem Relaxante,Lubrificantes,62.76,3,0.0,Cartão Débito,Devolvido,Site
443,2023-09-13,129,Julia Castro,F,26-35,Sudeste,Lubrificante Íntimo Aquoso 250ml,Lubrificantes,67.46,1,0.0,Boleto,Entregue,App
3651,2023-08-01,378,Letícia Porto,F,26-35,Sudeste,Spray Prolongador,Cosméticos Íntimos,41.41,1,0.0,Pix,Entregue,Marketplace
2624,2023-11-25,563,Sra. Isabel Nascimento,Não informado,26-35,Nordeste,Lubrificante Íntimo Aquoso 250ml,Lubrificantes,35.94,1,0.0,Boleto,Entregue,Site
2848,2023-12-28,80,Nina Siqueira,F,26-35,Sul,Fantasia Policial,Lingerie,70.55,1,0.0,Boleto,Entregue,Site
5295,2024-01-05,383,Juan Almeida,M,26-35,Sudeste,Perfume Íntimo Floral,Cosméticos Íntimos,91.81,4,0.0,Pix,Entregue,App
1055,2023-12-15,792,Calebe Cirino,M,26-35,Sudeste,Corda de Shibari 5m,Acessórios BDSM,258.71,1,0.0,Boleto,Entregue,Marketplace
2304,2023-10-20,96,Vitor Hugo Araújo,M,36-45,Sudeste,Lubrificante Sabores Baunilha,Lubrificantes,88.4,2,25.0,Pix,Entregue,App
4263,2023-08-02,147,Evelyn Guerra,F,36-45,Sul,Perfume Íntimo Floral,Cosméticos Íntimos,142.04,3,10.0,Pix,Entregue,Marketplace
2628,2023-09-23,306,Anna Liz Peixoto,F,36-45,Sul,Vibrador Duplo Prazer,Vibradores,110.66,1,25.0,Cartão Crédito,Devolvido,Site
4032,2024-02-12,88,Sr. Caleb Sá,M,26-35,Sudeste,Cartas Posições Kamasutra,Jogos Adultos,127.3,5,0.0,Pix,Entregue,Site
3785,2023-01-25,411,Ana Carolina da Rosa,F,36-45,Sul,Vibrador Clássico Silicone,Vibradores,91.35,1,0.0,Pix,Entregue,Site
3425,2024-04-25,453,Marina Machado,F,36-45,Centro-Oeste,Jogo Tabuleiro Casais,Jogos Adultos,124.29,1,0.0,Pix,Entregue,Site
2400,2023-12-16,270,Beatriz Correia,F,26-35,Sul,Vibrador Duplo Prazer,Vibradores,388.77,1,0.0,Cartão Débito,Entregue,Site
3735,2023-12-19,79,Maria Lima,F,18-25,Centro-Oeste,Lubrificante Base Silicone,Lubrificantes,64.58,2,0.0,Cartão Crédito,Entregue,Site
1503,2023-02-02,8,Yago Leão,M,26-35,Sudeste,Venda para Olhos Satin,Acessórios BDSM,147.63,3,5.0,Cartão Crédito,Entregue,Marketplace
2688,2024-07-27,146,Heloísa Câmara,F,26-35,Nordeste,Wand Massager Pro,Vibradores,263.91,1,0.0,Cartão Débito,Entregue,App
3332,2023-09-23,353,Beatriz Macedo,F,26-35,Nordeste,Vibrador Rabbit Premium,Vibradores,263.61,1,20.0,Cartão Débito,Entregue,Marketplace
2012,2023-05-25,19,Bernardo Aparecida,M,36-45,Sudeste,Fantasia Policial,Lingerie,71.67,3,0.0,Pix,Entregue,Marketplace
4214,2024-06-12,74,Raquel Cunha,F,46+,Sul,Vibrador Clássico Silicone,Vibradores,425.74,1,10.0,Cartão Crédito,Cancelado,Marketplace
2956,2024-06-21,312,Olivia Moreira,F,26-35,Norte,Lubrificante Íntimo Aquoso 100ml,Lubrificantes,61.26,2,15.0,Cartão Crédito,Entregue,Marketplace
4482,2023-09-13,174,Lívia Borges,F,46+,Sudeste,Lubrificante Base Silicone,Lubrificantes,85.8,2,5.0,Cartão Crédito,Entregue,Marketplace
4201,2023-01-22,470,Henry Gabriel Lima,M,18-25,Sul,Lubrificante Sabores Baunilha,Lubrificantes,63.93,1,0.0,Pix,Entregue,Site
7,2024-06-29,17,Bruno Novaes,M,26-35,Sudeste,Fantasia Policial,Lingerie,196.96,1,0.0,Cartão Débito,Entregue,Marketplace
679,2023-03-15,698,Calebe Aragão,Não informado,36-45,Sul,Meia-Calça Rendada,Lingerie,86.52,1,25.0,Pix,Entregue,App
1944,2023-09-04,323,Dra. Nicole Jesus,F,46+,Sul,Kit Iniciante BDSM 5 Peças,Acessórios BDSM,199.33,4,0.0,Cartão Crédito,Entregue,Site
4723,2023-08-13,64,Gabriela Silva,F,26-35,Sudeste,Gel Excitante Masculino,Lubrificantes,36.44,3,0.0,Cartão Débito,Cancelado,Site
5114,2024-07-11,317,Sr. Enrico Farias,Não informado,36-45,Nordeste,Mini Vibrador Discreto,Vibradores,351.01,1,0.0,Cartão Crédito,Entregue,Site
4789,2024-08-25,185,Isadora Campos,F,36-45,Nordeste,Lubrificante Base Silicone,Lubrificantes,55.9,1,20.0,Pix,Entregue,App
5285,2023-10-21,168,Agatha da Rosa,F,26-35,Sul,Mini Vibrador Discreto,Vibradores,167.04,1,10.0,Pix,Entregue,Site
3083,2024-09-18,63,Otávio Cunha,M,26-35,Sudeste,Vibrador Rabbit Premium,Vibradores,255.85,1,0.0,Pix,Entregue,Site
5111,2024-10-30,699,Maria Isis Pimenta,F,36-45,Sudeste,Gel Excitante Masculino,Lubrificantes,61.0,2,0.0,Pix,Entregue,App
1065,2024-08-13,150,Maria Liz Rocha,F,36-45,Sul,Conjunto Lingerie Boudoir,Lingerie,195.3,1,10.0,Cartão Débito,Entregue,App
3316,2024-02-27,287,Lorena Nunes,F,36-45,Centro-Oeste,Dominó Erótico,Jogos Adultos,114.42,2,0.0,Pix,Entregue,App
2243,2024-06-07,235,Dr. Dante Vieira,M,18-25,Sudeste,Kit Cuidados Íntimos,Cosméticos Íntimos,134.32,2,0.0,Cartão Crédito,Entregue,App
1475,2024-06-14,109,Caroline Rios,F,36-45,Sudeste,Kit Algemas Veludo,Acessórios BDSM,94.69,1,20.0,Cartão Crédito,Entregue,Marketplace
4123,2024-01-14,315,Caleb Melo,M,36-45,Sudeste,Fantasia Policial,Lingerie,173.21,2,0.0,Pix,Entregue,Marketplace
1890,2023-11-21,769,Carlos Eduardo Rodrigues,M,18-25,Norte,Lubrificante Íntimo Aquoso 100ml,Lubrificantes,39.78,1,0.0,Cartão Débito,Entregue,Marketplace
2985,2023-06-01,214,Sra. Catarina Martins,F,46+,Sul,Gel Térmico Sensação Quente,Cosméticos Íntimos,47.61,1,0.0,Cartão Débito,Entregue,Site
2022,2023-12-08,221,Ana Júlia Ferreira,F,26-35,Norte,Gel Excitante Feminino,Lubrificantes,50.42,1,0.0,Cartão Crédito,Cancelado,Site
4374,2024-08-23,139,Srta. Isabela Castro,F,18-25,Sudeste,Conjunto Lingerie Boudoir,Lingerie,144.3,2,0.0,Cartão Débito,Cancelado,Site
3760,2023-03-28,446,Ana Sophia Barros,F,26-35,Sudeste,Gel Excitante Masculino,Lubrificantes,65.48,2,10.0,Cartão Crédito,Entregue,App
4601,2023-08-19,62,Sra. Eloah da Luz,F,26-35,Sudeste,Lingerie Cropped com Bojo,Lingerie,156.28,1,0.0,Pix,Entregue,App
1131,2024-02-13,336,Isabelly Marques,F,18-25,Sudeste,Gel Excitante Masculino,Lubrificantes,80.89,1,5.0,Boleto,Entregue,App
1462,2023-11-17,280,Rebeca Barbosa,F,26-35,Norte,Mini Vibrador Discreto,Vibradores,224.25,1,0.0,Pix,Entregue,Site
3257,2024-02-19,310,Alícia Teixeira,F,36-45,Sudeste,Body Rendado Vermelho,Lingerie,157.9,3,0.0,Boleto,Entregue,App
5030,2023-04-30,36,Josué Souza,M,18-25,Sul,Jogo Tabuleiro Casais,Jogos Adultos,112.22,2,0.0,Boleto,Entregue,Site
2860,2023-08-02,54,Ágatha Vasconcelos,F,18-25,Sul,Creme Retardante Masculino,Cosméticos Íntimos,105.44,3,0.0,Pix,Entregue,App
4072,2024-03-31,298,Dra. Fernanda Lima,F,26-35,Nordeste,Vibrador Rabbit Premium,Vibradores,375.93,1,30.0,Cartão Crédito,Entregue,Site
223,2023-01-26,28,Júlia Porto,F,26-35,Centro-Oeste,Body Coelhinha Plus Size,Lingerie,183.46,1,0.0,Cartão Crédito,Entregue,Site
5151,2024-03-10,102,Nathan Campos,M,18-25,Sudeste,Massageador Corporal Wave,Vibradores,135.21,1,0.0,Pix,Entregue,App
49,2024-08-04,214,Sra. Catarina Martins,F,46+,Sul,Body Coelhinha Plus Size,Lingerie,149.45,1,0.0,Pix,Entregue,Site
574,2024-07-10,260,Leandro Ribeiro,M,26-35,Sudeste,Kit Algemas Veludo,Acessórios BDSM,186.06,1,20.0,Pix,Cancelado,Site
1237,2023-04-21,490,Benjamin Abreu,M,46+,Sudeste,Lubrificante Sabores Baunilha,Lubrificantes,83.57,1,5.0,Boleto,Entregue,App
4230,2023-10-13,59,Bruno Barros,M,18-25,Sudeste,Óleo de Massagem Relaxante,Lubrificantes,31.05,2,0.0,Cartão Crédito,Entregue,Marketplace
5382,2024-11-26,191,João Guilherme Vargas,M,26-35,Nordeste,Lingerie Cropped com Bojo,Lingerie,73.06,1,0.0,Cartão Crédito,Cancelado,App
5140,2023-04-09,607,Lucas Gabriel Carvalho,M,18-25,Sul,Conjunto Lingerie Boudoir,Lingerie,63.51,2,30.0,Cartão Crédito,Entregue,Marketplace
2283,2023-01-28,174,Lívia Borges,F,46+,Sudeste,Lubrificante Sabores Baunilha,Lubrificantes,63.35,1,0.0,Cartão Débito,Entregue,Site
268,2023-09-26,319,Sra. Ana Carolina Marques,F,36-45,Sudeste,Jogo de Cartas Sexo Quiz,Jogos Adultos,65.89,2,0.0,Pix,Entregue,Marketplace
1105,2024-12-05,781,Mirella Ramos,F,26-35,Sudeste,Lubrificante Íntimo Aquoso 100ml,Lubrificantes,89.49,1,0.0,Pix,Devolvido,Marketplace
2306,2023-04-19,139,Srta. Isabela Castro,F,18-25,Sudeste,Body Rendado Vermelho,Lingerie,161.61,1,0.0,Pix,Entregue,Site
1936,2023-08-03,415,Dra. Ágatha Leão,F,26-35,Sudeste,Dado do Prazer,Jogos Adultos,121.7,2,30.0,Cartão Crédito,Entregue,Site
387,2023-04-06,92,Alexandre Gomes,M,18-25,Sudeste,Óleo de Massagem Relaxante,Lubrificantes,70.49,2,20.0,Cartão Crédito,Entregue,Site
4066,2024-09-12,31,Luara Guerra,F,36-45,Nordeste,Lingerie Cropped com Bojo,Lingerie,165.5,1,0.0,Pix,Entregue,Marketplace
4560,2023-10-28,788,Juan Nunes,M,36-45,Sudeste,Vibrador Rabbit Premium,Vibradores,292.55,1,0.0,Pix,Entregue,Site
2761,2023-05-24,45,Yuri Albuquerque,M,46+,Sudeste,Wand Massager Pro,Vibradores,172.81,1,0.0,Cartão Crédito,Entregue,App
4863,2024-04-19,20,Sr. João Vitor Barros,M,18-25,Sudeste,Body Coelhinha Plus Size,Lingerie,100.33,2,0.0,Pix,Entregue,App
1564,2024-06-02,89,Enzo Jesus,M,36-45,Sul,Lubrificante Base Silicone,Lubrificantes,52.48,4,0.0,Cartão Crédito,Entregue,Site
3096,2023-04-30,295,Isabel da Paz,F,36-45,Centro-Oeste,Vibrador Duplo Prazer,Vibradores,138.64,2,5.0,Pix,Entregue,Site
210,2024-06-26,49,Eduarda Marques,F,26-35,Sul,Lubrificante Base Silicone,Lubrificantes,31.0,2,0.0,Pix,Devolvido,Marketplace
910,2024-11-23,131,Daniel Barbosa,M,36-45,Sudeste,Vibrador Clássico Silicone,Vibradores,93.45,3,0.0,Boleto,Entregue,Marketplace
1290,2024-11-03,23,Elisa Freitas,F,18-25,Sudeste,Vibrador Clássico Silicone,Vibradores,396.39,1,0.0,Cartão Débito,Cancelado,Site
4360,2023-02-16,57,Maria Cecília das Neves,F,18-25,Centro-Oeste,Meia-Calça Rendada,Lingerie,195.24,1,0.0,Pix,Entregue,Site
3340,2024-11-15,282,Kevin Barros,M,36-45,Nordeste,Lubrificante Base Silicone,Lubrificantes,85.8,2,10.0,Pix,Entregue,Site
1843,2023-06-28,158,Maya Abreu,F,26-35,Sudeste,Body Rendado Vermelho,Lingerie,98.25,1,0.0,Pix,Entregue,Site
4873,2023-05-07,61,Davi Lucas Cardoso,M,36-45,Norte,Lubrificante Íntimo Aquoso 100ml,Lubrificantes,67.58,3,15.0,Pix,Entregue,Site
3146,2023-10-30,126,Ana Júlia Borges,F,36-45,Sudeste,Kit Roleplay Surpresa,Jogos Adultos,44.06,2,0.0,Cartão Crédito,Entregue,App
959,2023-07-29,51,Thiago Caldeira,Não informado,36-45,Sul,Body Rendado Vermelho,Lingerie,183.14,4,0.0,Pix,Entregue,Site
1794,2023-08-26,301,Bento Cavalcante,Não informado,26-35,Norte,Kit Algemas Veludo,Acessórios BDSM,133.55,1,0.0,Cartão Débito,Entregue,Site
2089,2024-12-11,435,Antony Cavalcanti,M,36-45,Nordeste,Lubrificante Sabores Morango,Lubrificantes,72.72,2,25.0,Cartão Crédito,Entregue,Site
332,2024-09-19,367,Juan Fogaça,M,26-35,Sudeste,Conjunto Lingerie Boudoir,Lingerie,174.64,2,0.0,Cartão Crédito,Devolvido,Site
2886,2024-07-07,625,Anna Liz Lopes,F,36-45,Sudeste,Corda de Shibari 5m,Acessórios BDSM,255.97,2,0.0,Cartão Crédito,Devolvido,Marketplace
4865,2024-08-29,104,Asafe Pinto,M,46+,Sudeste,Fantasia Policial,Lingerie,186.98,1,0.0,Boleto,Entregue,Site
3874,2024-03-03,441,Augusto Siqueira,M,46+,Sudeste,Dado do Prazer,Jogos Adultos,67.16,2,25.0,Pix,Entregue,Site
1775,2023-09-10,396,Sarah da Mata,F,46+,Nordeste,Vibrador Rabbit Premium,Vibradores,117.16,2,30.0,Boleto,Entregue,App
5329,2023-03-17,158,Maya Abreu,F,26-35,Sudeste,Óleo de Massagem Relaxante,Lubrificantes,86.67,2,10.0,Cartão Crédito,Cancelado,Site
4295,2023-11-08,139,Srta. Isabela Castro,F,18-25,Sudeste,Body Coelhinha Plus Size,Lingerie,63.03,1,0.0,Pix,Entregue,Site
4512,2023-06-22,174,Lívia Borges,F,46+,Sudeste,Dominó Erótico,Jogos Adultos,110.01,3,30.0,Pix,Entregue,Site
2477,2024-09-11,39,Luiz Miguel Câmara,M,36-45,Sudeste,Mini Vibrador Discreto,Vibradores,200.96,1,30.0,Pix,Entregue,Marketplace
5179,2024-11-30,209,Maria Julia Fernandes,F,36-45,Sudeste,Lubrificante Sabores Baunilha,Lubrificantes,50.12,1,0.0,Pix,Entregue,Marketplace
3251,2024-10-04,206,Dra. Ísis Pereira,F,36-45,Sudeste,Venda para Olhos Satin,Acessórios BDSM,170.38,2,0.0,Boleto,Cancelado,App
1711,2023-03-13,46,Dra. Bruna Rodrigues,F,18-25,Nordeste,Creme Retardante Masculino,Cosméticos Íntimos,38.29,2,0.0,Pix,Entregue,App
4247,2024-09-20,80,Nina Siqueira,F,26-35,Sul,Wand Massager Pro,Vibradores,371.86,1,10.0,Pix,Entregue,
1367,2023-07-08,330,Luana Novaes,F,36-45,Sudeste,Gel Térmico Sensação Quente,Cosméticos Íntimos,41.47,1,15.0,Pix,Entregue,Marketplace
174,2024-03-28,72,Ana Beatriz Farias,F,46+,Norte,Lubrificante Base Silicone,Lubrificantes,48.11,1,10.0,Pix,Entregue,Site
4311,2024-10-11,90,Rafaela Cunha,Não informado,36-45,Sudeste,Chicote de Couro Soft,Acessórios BDSM,163.89,3,0.0,Cartão Crédito,Entregue,Marketplace
4095,2023-01-14,111,Anthony Marques,M,26-35,Nordeste,Gel Excitante Feminino,Lubrificantes,74.17,1,0.0,Cartão Crédito,Entregue,Site
2500,2023-09-25,144,Ravy Câmara,M,18-25,Sudeste,Vibrador Ponto G Flex,Vibradores,397.14,1,0.0,Cartão Crédito,Entregue,Site
4845,2024-08-29,55,Agatha Peixoto,F,46+,Nordeste,Fantasia Policial,Lingerie,164.21,1,5.0,Pix,Entregue,Site
1953,2024-03-29,245,Dr. Lorenzo da Cruz,M,18-25,Sul,Óleo de Massagem Relaxante,Lubrificantes,36.73,1,0.0,Cartão Crédito,Entregue,Site
2904,2024-12-14,148,Dr. Bernardo Vargas,Não informado,26-35,Norte,Lubrificante Sabores Morango,Lubrificantes,59.32,1,10.0,Cartão Crédito,Entregue,Site
2037,2023-02-12,34,Dr. Miguel Ramos,M,18-25,Nordeste,Perfume Íntimo Floral,Cosméticos Íntimos,42.38,1,0.0,Pix,Entregue,Marketplace
3362,2024-06-24,88,Sr. Caleb Sá,M,26-35,Sudeste,Jogo Tabuleiro Casais,Jogos Adultos,53.3,1,30.0,Pix,Entregue,Site
4055,2024-11-04,388,Srta. Isis Rocha,F,36-45,Sul,Lubrificante Íntimo Aquoso 100ml,Lubrificantes,41.99,2,25.0,Pix,Devolvido,Site
3652,2023-03-18,139,Srta. Isabela Castro,F,18-25,Sudeste,Lubrificante Íntimo Aquoso 100ml,Lubrificantes,42.92,1,0.0,Cartão Crédito,Entregue,Site
1,2024-08-27,129,Julia Castro,F,26-35,Sudeste,Vibrador Clássico Silicone,Vibradores,187.71,1,0.0,Pix,Entregue,App
2175,2024-10-27,72,Ana Beatriz Farias,F,46+,Norte,Gel Excitante Feminino,Lubrificantes,30.95,2,0.0,Pix,Entregue,Site
1357,2023-03-09,547,Carolina Rios,F,26-35,Sudeste,Gel Excitante Feminino,Lubrificantes,37.09,1,0.0,Cartão Débito,Entregue,Site
4822,2024-06-15,94,Ryan Cassiano,M,36-45,Sudeste,Vibrador Ponto G Flex,Vibradores,471.12,1,30.0,Pix,Entregue,Site
2992,2024-03-18,410,Danilo Carvalho,M,26-35,Centro-Oeste,Lubrificante Sabores Morango,Lubrificantes,47.09,1,0.0,Cartão Crédito,Entregue,App
2727,2024-08-26,19,Bernardo Aparecida,M,36-45,Sudeste,Wand Massager Pro,Vibradores,408.65,4,0.0,Cartão Débito,Entregue,Marketplace
397,2024-05-14,481,Eduarda Sá,F,36-45,Sul,Vibrador Clássico Silicone,Vibradores,262.92,1,0.0,Boleto,Entregue,Site
4180,2023-03-14,101,Bernardo Rocha,M,26-35,Nordeste,Vibrador Ponto G Flex,Vibradores,177.05,3,0.0,Boleto,Cancelado,App
2893,2024-09-29,380,Fernanda Gomes,F,36-45,Sudeste,Conjunto Lingerie Boudoir,Lingerie,129.97,1,25.0,Pix,Entregue,Site
1813,2023-09-10,85,Emilly da Mota,F,26-35,Norte,Wand Massager Pro,Vibradores,405.48,1,15.0,Pix,Entregue,Site
3124,2024-06-30,168,Agatha da Rosa,F,26-35,Sul,Vibrador Duplo Prazer,Vibradores,220.65,5,30.0,Pix,Entregue,Site
3836,2023-02-23,100,Anna Liz Cirino,F,18-25,Centro-Oeste,Camisola Sensual Preta,Lingerie,145.7,1,5.0,Cartão Crédito,Cancelado,App
817,2024-12-24,240,Bianca Lopes,F,26-35,Sudeste,Lubrificante Sabores Baunilha,Lubrificantes,33.46,1,0.0,Cartão Crédito,Entregue,Site
1573,2024-04-30,348,Maria Isis da Conceição,F,36-45,Sul,Lubrificante Íntimo Aquoso 250ml,Lubrificantes,87.32,1,20.0,Cartão Débito,Entregue,Site
4339,2024-08-07,133,Clara Lopes,F,26-35,Sul,Lubrificante Íntimo Aquoso 250ml,Lubrificantes,70.82,2,0.0,Cartão Crédito,Entregue,Site
1801,2024-10-16,663,Caroline Pimenta,F,26-35,Sudeste,Conjunto Lingerie Boudoir,Lingerie,118.04,1,0.0,Cartão Débito,Entregue,Site
2281,2023-11-13,82,Lucca Caldeira,M,26-35,Nordeste,Spray Prolongador,Cosméticos Íntimos,99.71,2,5.0,Cartão Crédito,Entregue,App
4397,2024-01-23,97,Sra. Ana Laura Aragão,F,26-35,Sudeste,Massageador Corporal Wave,Vibradores,151.45,2,20.0,Pix,Devolvido,Site
4205,2024-02-07,32,Ana Luiza Cunha,F,18-25,Sudeste,Gel Excitante Masculino,Lubrificantes,45.16,1,0.0,Pix,Cancelado,Site
2837,2024-10-16,775,Igor Nascimento,M,18-25,Norte,Jogo de Cartas Sexo Quiz,Jogos Adultos,89.78,3,0.0,Cartão Crédito,Entregue,Site
4795,2023-12-10,98,Rhavi Montenegro,M,36-45,Sudeste,Wand Massager Pro,Vibradores,141.56,2,0.0,Cartão Crédito,Cancelado,Site
4767,2024-05-10,480,Sra. Antonella Aragão,F,26-35,Nordeste,Lubrificante Sabores Baunilha,Lubrificantes,89.83,3,10.0,Cartão Crédito,Entregue,Site
4312,2024-04-05,626,Fernando Nogueira,M,36-45,Sudeste,Perfume Íntimo Floral,Cosméticos Íntimos,139.39,1,0.0,Pix,Entregue,Marketplace
4558,2023-02-12,300,Srta. Juliana Casa Grande,F,26-35,Sul,Mordaça Silicone,Acessórios BDSM,54.83,2,20.0,Cartão Crédito,Entregue,Site
3859,2024-10-29,142,Josué da Mata,M,26-35,Sudeste,Mordaça Silicone,Acessórios BDSM,60.52,2,20.0,Pix,Entregue,Site
4725,2023-02-19,69,Heloísa Pastor,F,26-35,Sudeste,Body Coelhinha Plus Size,Lingerie,158.99,1,0.0,Pix,Devolvido,Site
555,2024-06-07,508,Sra. Hellena Farias,F,36-45,Sul,Lubrificante Íntimo Aquoso 250ml,Lubrificantes,81.75,5,0.0,Boleto,Entregue,App
1160,2023-12-15,9,Pietro Pastor,M,26-35,Sudeste,Lubrificante Sabores Morango,Lubrificantes,41.1,2,20.0,Pix,Cancelado,Site
1214,2023-03-22,404,Julia Pacheco,F,18-25,Sul,Vibrador Rabbit Premium,Vibradores,430.48,2,0.0,Pix,Devolvido,Site
2703,2023-06-27,38,Dra. Mariane Pacheco,F,26-35,Sudeste,Vibrador Clássico Silicone,Vibradores,292.03,3,0.0,Boleto,Entregue,Site
1326,2024-06-05,113,Hadassa Montenegro,F,36-45,Sul,Spray Prolongador,Cosméticos Íntimos,134.52,2,10.0,Pix,Entregue,Site
3039,2024-03-09,20,Sr. João Vitor Barros,M,18-25,Sudeste,Fantasia Enfermeira,Lingerie,174.16,1,0.0,Cartão Débito,Entregue,Site
2900,2023-10-19,11,Otávio Fernandes,M,36-45,Sul,Body Rendado Vermelho,Lingerie,118.01,1,30.0,Pix,Entregue,App
701,2023-12-28,206,Dra. Ísis Pereira,F,36-45,Sudeste,Vibrador Rabbit Premium,Vibradores,233.29,1,0.0,Cartão Crédito,Entregue,Site
3881,2024-10-05,190,Milena da Luz,Não informado,36-45,Nordeste,Camisola Sensual Preta,Lingerie,130.53,1,0.0,Pix,Entregue,Site
5181,2023-10-09,135,Ana Cecília Fogaça,F,46+,Nordeste,Fantasia Enfermeira,Lingerie,185.75,2,0.0,Cartão Crédito,Entregue,App
4266,2023-05-03,159,Zoe Rodrigues,F,46+,Sul,Wand Massager Pro,Vibradores,404.93,1,0.0,Cartão Crédito,Entregue,Site
1456,2024-05-04,604,Antony Fogaça,M,26-35,Centro-Oeste,Kit Cuidados Íntimos,Cosméticos Íntimos,55.4,4,0.0,Cartão Crédito,Entregue,Site
4652,2023-07-20,331,Maria Luísa Borges,F,18-25,Sul,Wand Massager Pro,Vibradores,495.53,2,0.0,Cartão Crédito,Entregue,Marketplace
3850,2024-09-14,20,Sr. João Vitor Barros,M,18-25,Sudeste,Vibrador Duplo Prazer,Vibradores,90.09,1,15.0,Cartão Crédito,Devolvido,Site
4979,2024-04-25,1,Sr. Apollo Sousa,M,18-25,Sudeste,Lubrificante Base Silicone,Lubrificantes,41.47,1,0.0,Cartão Crédito,Entregue,Site
867,2023-03-26,47,João Felipe Vargas,M,18-25,Sul,Lubrificante Íntimo Aquoso 100ml,Lubrificantes,44.65,1,5.0,Cartão Crédito,Entregue,Marketplace
1645,2024-06-23,26,Srta. Yasmin Siqueira,F,46+,Sul,Sabonete Íntimo pH Neutro,Cosméticos Íntimos,132.73,1,0.0,Cartão Crédito,Devolvido,Marketplace
3904,2024-10-09,80,Nina Siqueira,F,26-35,Sul,Lubrificante Base Silicone,Lubrificantes,46.4,1,0.0,Pix,Entregue,App
5056,2024-07-28,285,Maria Helena Machado,F,36-45,Centro-Oeste,Perfume Íntimo Floral,Cosméticos Íntimos,148.87,1,0.0,Boleto,Entregue,Site
5396,2023-03-10,128,Lívia Vargas,F,26-35,Sudeste,Vibrador Rabbit Premium,Vibradores,496.39,3,25.0,Cartão Crédito,Entregue,Marketplace
1491,2024-11-23,75,Caroline Silveira,F,36-45,Sudeste,Wand Massager Pro,Vibradores,327.29,2,5.0,Cartão Crédito,Entregue,Site
2664,2023-05-13,299,Ísis Câmara,F,26-35,Sul,Lubrificante Íntimo Aquoso 250ml,Lubrificantes,82.15,3,0.0,Pix,Entregue,App
730,2024-05-11,50,João Montenegro,M,26-35,Sudeste,Lubrificante Íntimo Aquoso 100ml,Lubrificantes,43.7,2,0.0,Pix,Entregue,App
3333,2023-07-04,52,Sra. Sofia Pereira,F,18-25,Sudeste,Body Rendado Vermelho,Lingerie,107.83,1,0.0,Cartão Crédito,Entregue,Marketplace
3027,2023-09-16,634,Ana Vitória Rios,F,26-35,Nordeste,Body Rendado Vermelho,Lingerie,82.98,1,25.0,Boleto,Entregue,Site
1937,2023-12-05,87,Beatriz Aragão,F,46+,Centro-Oeste,Mordaça Silicone,Acessórios BDSM,276.31,1,0.0,Pix,Entregue,Marketplace
4636,2023-11-05,653,Melina Borges,F,26-35,Sul,Mini Vibrador Discreto,Vibradores,371.51,1,0.0,Pix,Entregue,Marketplace
1111,2024-11-27,428,Giovanna Pastor,F,36-45,Sudeste,Lubrificante Sabores Morango,Lubrificantes,37.94,1,0.0,Pix,Entregue,App
5449,2024-12-08,213,Amanda Barros,F,18-25,Sul,Dominó Erótico,Jogos Adultos,64.47,3,0.0,Pix,Cancelado,App
4965,2024-01-20,179,Gael Silva,M,36-45,Sudeste,Vibrador Duplo Prazer,Vibradores,229.45,1,0.0,Cartão Débito,Entregue,Marketplace
2395,2023-06-16,529,Olívia Montenegro,F,18-25,Sudeste,Cartas Posições Kamasutra,Jogos Adultos,94.44,2,0.0,Cartão Crédito,Entregue,Site
1186,2024-08-07,617,Esther da Paz,F,18-25,Sul,Cartas Posições Kamasutra,Jogos Adultos,112.87,2,0.0,Cartão Crédito,Entregue,Site
2008,2023-12-02,385,Benicio Pereira,M,26-35,Sul,Spray Prolongador,Cosméticos Íntimos,72.18,3,0.0,Cartão Crédito,Entregue,App
194,2024-02-27,267,Dra. Ester Correia,F,36-45,Sudeste,Lubrificante Sabores Morango,Lubrificantes,66.4,2,0.0,Cartão Crédito,Cancelado,Site
1516,2024-05-17,3,Cauã Rocha,M,18-25,Sudeste,Venda para Olhos Satin,Acessórios BDSM,71.34,1,0.0,Cartão Crédito,Entregue,App
579,2024-11-02,184,Dra. Nicole Aragão,F,36-45,Sul,Vibrador Ponto G Flex,Vibradores,385.65,2,0.0,Pix,Entregue,Marketplace
2124,2024-02-28,148,Dr. Bernardo Vargas,Não informado,26-35,Norte,Vibrador Clássico Silicone,Vibradores,288.39,5,0.0,Pix,Entregue,Site
1430,2023-04-09,495,Maria Helena Nascimento,F,36-45,Sudeste,Fantasia Policial,Lingerie,173.25,1,,Cartão Crédito,Entregue,Site
772,2023-05-22,465,Luana Fogaça,F,26-35,Nordeste,Massageador Corporal Wave,Vibradores,268.41,1,0.0,Pix,Entregue,Site
2396,2023-04-16,117,Kevin Pimenta,M,26-35,Norte,Fantasia Enfermeira,Lingerie,148.98,1,0.0,Pix,Entregue,Site
5495,2023-05-27,175,Leonardo Câmara,M,36-45,Sul,Lubrificante Sabores Morango,Lubrificantes,32.99,3,0.0,Cartão Crédito,Entregue,Site
1847,2023-10-14,36,Josué Souza,M,18-25,Sul,Kit Iniciante BDSM 5 Peças,Acessórios BDSM,158.67,1,25.0,Cartão Crédito,Entregue,Site
132,2024-07-18,70,Alana Barbosa,F,26-35,Norte,Cartas Posições Kamasutra,Jogos Adultos,82.39,2,0.0,Pix,Entregue,App
179,2023-08-27,616,Renan da Cunha,M,26-35,Sudeste,Vibrador Rabbit Premium,Vibradores,230.08,1,15.0,Cartão Crédito,Entregue,Site
4960,2023-06-05,359,Dr. Liam Pires,M,36-45,Sul,Corda de Shibari 5m,Acessórios BDSM,244.51,5,10.0,Pix,Entregue,App
4476,2023-06-04,180,Dr. Thales Guerra,M,36-45,Sudeste,Lubrificante Íntimo Aquoso 100ml,Lubrificantes,33.72,1,0.0,Pix,Entregue,Site
4765,2023-06-13,209,Maria Julia Fernandes,F,36-45,Sudeste,Vibrador Ponto G Flex,Vibradores,232.34,1,0.0,Boleto,Entregue,App
3210,2023-06-10,252,Kamilly Novais,F,46+,Sul,Vibrador Ponto G Flex,Vibradores,254.72,1,0.0,Cartão Débito,Entregue,App
2906,2024-10-31,16,Sra. Zoe Campos,F,18-25,Sudeste,Body Coelhinha Plus Size,Lingerie,160.52,1,0.0,Cartão Débito,Entregue,Site
3214,2024-01-29,312,Olivia Moreira,F,26-35,Norte,Kit Iniciante BDSM 5 Peças,Acessórios BDSM,113.67,1,25.0,Pix,Entregue,App
2074,2024-12-28,510,Srta. Vitória Moraes,F,26-35,Norte,Gel Térmico Sensação Quente,Cosméticos Íntimos,86.01,2,0.0,Boleto,Entregue,Site
659,2024-11-25,276,Larissa Melo,F,18-25,Sul,Lubrificante Íntimo Aquoso 250ml,Lubrificantes,83.48,4,0.0,Pix,Entregue,Marketplace
1897,2023-09-22,256,Renan Ramos,M,26-35,Nordeste,Body Rendado Vermelho,Lingerie,124.11,1,0.0,Cartão Crédito,Entregue,App
4077,2023-09-22,153,João Andrade,M,26-35,Sul,Lubrificante Sabores Baunilha,Lubrificantes,50.22,1,0.0,Pix,Devolvido,Marketplace
2222,2024-10-18,210,Dra. Maria Luiza Silveira,F,26-35,Nordeste,Kit Roleplay Surpresa,Jogos Adultos,81.53,1,5.0,Pix,Entregue,Site
2380,2023-04-01,408,Benício Porto,M,36-45,Sudeste,Lubrificante Íntimo Aquoso 250ml,Lubrificantes,57.34,1,0.0,Pix,Entregue,Site
3872,2024-09-03,56,Rebeca Almeida,F,26-35,Sul,Meia-Calça Rendada,Lingerie,105.64,1,10.0,Pix,Entregue,App
343,2023-05-02,53,Daniela Freitas,F,26-35,Sudeste,Lubrificante Sabores Baunilha,Lubrificantes,56.45,1,0.0,Cartão Crédito,Entregue,Marketplace
4357,2023-06-24,69,Heloísa Pastor,F,26-35,Sudeste,Meia-Calça Rendada,Lingerie,126.2,1,0.0,Cartão Crédito,Entregue,Site
728,2024-07-20,405,Marcelo Caldeira,M,26-35,Nordeste,Vibrador Rabbit Premium,Vibradores,238.36,1,0.0,Cartão Crédito,Cancelado,Site
4377,2023-11-30,133,Clara Lopes,F,26-35,Sul,Kit Algemas Veludo,Acessórios BDSM,184.98,1,15.0,Cartão Crédito,Entregue,Site
977,2024-12-15,243,Dr. Vitor Gabriel Vasconcelos,M,26-35,Sudeste,Vibrador Ponto G Flex,Vibradores,210.19,1,0.0,Pix,Entregue,Site
3095,2023-02-17,58,Ana Laura da Costa,F,26-35,Nordeste,Vibrador Clássico Silicone,Vibradores,96.63,1,0.0,Cartão Crédito,Entregue,Marketplace
3658,2023-02-05,194,João Pedro da Costa,M,26-35,Nordeste,Lubrificante Base Silicone,Lubrificantes,48.96,4,20.0,Pix,Entregue,Marketplace
1929,2024-02-06,274,Yuri da Rocha,M,36-45,Sudeste,Body Coelhinha Plus Size,Lingerie,81.5,3,20.0,Pix,Entregue,Marketplace
3197,2024-12-10,626,Fernando Nogueira,M,36-45,Sudeste,Gel Excitante Masculino,Lubrificantes,85.8,1,0.0,Cartão Crédito,Entregue,App
4849,2024-07-25,372,Isabella Monteiro,F,18-25,Nordeste,Conjunto Lingerie Boudoir,Lingerie,94.6,3,0.0,Pix,Entregue,App
1300,2023-06-13,322,Théo Abreu,M,18-25,Sudeste,Wand Massager Pro,Vibradores,93.89,1,15.0,Pix,Entregue,App
3675,2024-04-01,251,Joana Fernandes,F,46+,Sudeste,Kit Cuidados Íntimos,Cosméticos Íntimos,50.11,1,0.0,Cartão Crédito,Entregue,App
5103,2023-04-16,228,Maria Eduarda Cavalcante,F,18-25,Sudeste,Gel Excitante Feminino,Lubrificantes,73.8,3,0.0,Cartão Débito,Entregue,Site
661,2024-07-12,121,Cauê Souza,M,26-35,Sul,Corda de Shibari 5m,Acessórios BDSM,159.12,1,0.0,Pix,Cancelado,App
1791,2023-09-18,46,Dra. Bruna Rodrigues,F,18-25,Nordeste,Dominó Erótico,Jogos Adultos,65.4,1,0.0,Cartão Crédito,Entregue,Marketplace
3784,2024-03-17,440,Rael Montenegro,M,18-25,Nordeste,Jogo Tabuleiro Casais,Jogos Adultos,67.62,1,15.0,Pix,Entregue,App
5265,2024-06-01,705,Sofia Marques,F,26-35,Sudeste,Meia-Calça Rendada,Lingerie,79.6,1,0.0,Boleto,Entregue,Site
3655,2024-12-27,9,Pietro Pastor,M,26-35,Sudeste,Jogo Tabuleiro Casais,Jogos Adultos,116.05,1,25.0,Pix,Entregue,Site
2686,2023-06-08,6,Helena da Conceição,F,26-35,Sul,Massageador Corporal Wave,Vibradores,195.61,2,0.0,Boleto,Cancelado,App
3751,2023-06-09,538,Ana Júlia Vieira,F,36-45,Nordeste,Meia-Calça Rendada,Lingerie,68.47,3,0.0,Pix,Entregue,Site
2684,2024-08-31,131,Daniel Barbosa,M,36-45,Sudeste,Kit Algemas Veludo,Acessórios BDSM,55.29,1,20.0,Pix,Entregue,Site
3314,2023-03-30,3,Cauã Rocha,M,18-25,Sudeste,Lubrificante Sabores Morango,Lubrificantes,59.73,2,0.0,Boleto,Entregue,App
5116,2023-09-22,266,Sr. Levi Campos,M,26-35,Centro-Oeste,Lubrificante Sabores Morango,Lubrificantes,56.13,2,5.0,Cartão Crédito,Entregue,Site
1086,2024-04-08,172,Sophia Melo,F,36-45,Nordeste,Perfume Íntimo Floral,Cosméticos Íntimos,110.86,1,0.0,Pix,Entregue,Site
5292,2024-07-28,57,Maria Cecília das Neves,F,18-25,Centro-Oeste,Lubrificante Sabores Baunilha,Lubrificantes,44.79,1,0.0,Pix,Entregue,Site
1279,2024-11-29,43,Sra. Ana Luiza Gomes,F,46+,Centro-Oeste,Lubrificante Íntimo Aquoso 250ml,Lubrificantes,51.75,1,0.0,Pix,Entregue,Site
3947,2024-12-29,287,Lorena Nunes,F,36-45,Centro-Oeste,Vibrador Duplo Prazer,Vibradores,209.8,1,0.0,Cartão Débito,Entregue,Marketplace
1622,2023-02-12,18,Maria Cecília Oliveira,F,26-35,Centro-Oeste,Gel Excitante Feminino,Lubrificantes,60.84,2,0.0,Cartão Crédito,Devolvido,Site
3708,2024-12-26,90,Rafaela Cunha,Não informado,36-45,Sudeste,Body Rendado Vermelho,Lingerie,69.43,2,0.0,Pix,Entregue,App
3474,2024-02-25,316,Maria Luísa Farias,F,46+,Sudeste,Massageador Corporal Wave,Vibradores,90.95,3,0.0,Boleto,Devolvido,Site
68,2024-11-28,412,Danilo Brito,M,36-45,Sudeste,Óleo de Massagem Relaxante,Lubrificantes,40.56,3,0.0,Pix,Entregue,Marketplace
3160,2023-05-06,96,Vitor Hugo Araújo,M,36-45,Sudeste,Gel Excitante Masculino,Lubrificantes,75.64,1,30.0,Cartão Débito,Entregue,Site
2601,2024-04-23,265,Igor Campos,M,36-45,Sudeste,Lubrificante Sabores Baunilha,Lubrificantes,81.8,1,0.0,Pix,Entregue,App
2270,2023-11-17,195,Lucas Gabriel Dias,M,18-25,Centro-Oeste,Dominó Erótico,Jogos Adultos,62.64,2,0.0,Boleto,Entregue,Site
4281,2024-12-29,50,João Montenegro,M,26-35,Sudeste,Conjunto Lingerie Boudoir,Lingerie,98.83,2,0.0,Pix,Cancelado,Marketplace
4379,2023-09-09,44,Ravi Lucca Moura,M,26-35,Sudeste,Lubrificante Íntimo Aquoso 250ml,Lubrificantes,77.48,2,0.0,Cartão Crédito,Entregue,Site
821,2024-12-21,413,Zoe Carvalho,F,26-35,Sudeste,Body Rendado Vermelho,Lingerie,79.54,2,0.0,Boleto,Entregue,Marketplace
1227,2024-09-01,139,Srta. Isabela Castro,F,18-25,Sudeste,Mordaça Silicone,Acessórios BDSM,70.91,1,30.0,Boleto,Entregue,Site
4097,2024-07-11,4,Dra. Aurora Pastor,F,26-35,Sul,Lubrificante Sabores Morango,Lubrificantes,81.81,1,0.0,Pix,Entregue,App
4645,2023-08-08,321,Danilo Vargas,M,26-35,Nordeste,Massageador Corporal Wave,Vibradores,419.82,3,0.0,Cartão Crédito,Entregue,App
2368,2023-04-25,221,Ana Júlia Ferreira,F,26-35,Norte,Vibrador Rabbit Premium,Vibradores,99.3,3,0.0,Cartão Débito,Entregue,Site
3306,2023-11-24,119,Letícia Ribeiro,Não informado,18-25,Norte,Creme Retardante Masculino,Cosméticos Íntimos,61.92,2,0.0,Pix,Entregue,Marketplace
3367,2023-08-28,108,Sra. Isabella da Luz,Não informado,36-45,Centro-Oeste,Kit Algemas Veludo,Acessórios BDSM,192.37,1,15.0,Cartão Crédito,Entregue,Marketplace
2513,2024-11-25,162,Davi Silveira,M,36-45,Norte,Colar e Guia BDSM,Acessórios BDSM,218.88,1,30.0,Boleto,Entregue,Marketplace
4950,2024-07-28,463,Noah Fogaça,M,36-45,Sudeste,Gel Excitante Masculino,Lubrificantes,53.92,1,0.0,Pix,Cancelado,Site
4733,2023-08-06,337,Diogo Gomes,M,26-35,Sul,Kit Roleplay Surpresa,Jogos Adultos,74.31,1,30.0,Pix,Entregue,Site
4110,2023-02-26,231,Apollo das Neves,M,26-35,Nordeste,Body Coelhinha Plus Size,Lingerie,163.61,1,0.0,Pix,Entregue,Site
1144,2024-03-05,225,Isaque Cardoso,Não informado,26-35,Sul,Meia-Calça Rendada,Lingerie,169.72,2,0.0,Cartão Crédito,Cancelado,Site
398,2024-10-23,153,João Andrade,M,26-35,Sul,Body Rendado Vermelho,Lingerie,82.49,2,0.0,Pix,Entregue,App
4366,2024-03-20,291,Eduarda da Costa,F,36-45,Sudeste,Kit Algemas Veludo,Acessórios BDSM,295.76,2,0.0,Cartão Crédito,Entregue,Site
4768,2023-02-01,29,Dra. Hellena Rodrigues,F,26-35,Norte,Mordaça Silicone,Acessórios BDSM,189.85,1,0.0,Cartão Crédito,Cancelado,App
4212,2024-02-24,237,Mariane Ribeiro,F,18-25,Nordeste,Fantasia Policial,Lingerie,79.11,1,0.0,Pix,Entregue,Marketplace
1399,2023-06-13,257,Sra. Melissa Vieira,F,46+,Sul,Vibrador Rabbit Premium,Vibradores,345.58,1,0.0,Pix,Entregue,Marketplace
1660,2023-06-26,162,Davi Silveira,M,36-45,Norte,Kit Cuidados Íntimos,Cosméticos Íntimos,63.82,2,0.0,Pix,Entregue,App
2221,2024-08-13,320,Luara da Cunha,F,26-35,Nordeste,Wand Massager Pro,Vibradores,287.36,2,0.0,Pix,Entregue,Site
980,2024-03-24,244,Ravi Lucca Lopes,M,26-35,Sul,Colar e Guia BDSM,Acessórios BDSM,55.03,1,0.0,Cartão Crédito,Entregue,Site
2332,2024-10-02,18,Maria Cecília Oliveira,F,26-35,Centro-Oeste,Body Rendado Vermelho,Lingerie,128.72,3,0.0,Cartão Crédito,Entregue,Site
1299,2024-07-07,270,Beatriz Correia,F,26-35,Sul,Óleo de Massagem Relaxante,Lubrificantes,78.88,4,20.0,Pix,Entregue,Site
2781,2023-05-14,15,Julia Aparecida,F,26-35,Sudeste,Lubrificante Íntimo Aquoso 100ml,Lubrificantes,46.28,1,15.0,Pix,Entregue,Marketplace
83,2024-06-20,111,Anthony Marques,M,26-35,Nordeste,Dado do Prazer,Jogos Adultos,70.75,3,0.0,Pix,Cancelado,Marketplace
2674,2023-12-23,62,Sra. Eloah da Luz,F,26-35,Sudeste,Mordaça Silicone,Acessórios BDSM,129.8,1,5.0,Cartão Crédito,Cancelado,App
3012,2024-03-19,94,Ryan Cassiano,M,36-45,Sudeste,Spray Prolongador,Cosméticos Íntimos,91.88,3,0.0,Pix,Entregue,Marketplace
4343,2023-05-12,433,Sr. Davi Lucca Albuquerque,M,26-35,Sudeste,Lubrificante Base Silicone,Lubrificantes,78.67,1,0.0,Pix,Entregue,Site
4376,2023-10-12,180,Dr. Thales Guerra,M,36-45,Sudeste,Vibrador Ponto G Flex,Vibradores,273.34,1,0.0,Cartão Crédito,Entregue,Site
4128,2024-04-14,637,Maysa Andrade,F,26-35,Sul,Lubrificante Íntimo Aquoso 250ml,Lubrificantes,39.64,3,30.0,Boleto,Entregue,Marketplace
424,2023-01-20,185,Isadora Campos,F,36-45,Nordeste,Creme Excitante Feminino,Cosméticos Íntimos,145.57,1,0.0,Boleto,Entregue,App
4812,2023-09-27,475,Murilo Azevedo,Não informado,26-35,Sudeste,Lingerie Cropped com Bojo,Lingerie,189.59,3,25.0,Cartão Crédito,Entregue,Site
1905,2023-01-18,356,Srta. Ana Vitória Melo,F,36-45,Sul,Fantasia Policial,Lingerie,99.07,3,0.0,Pix,Devolvido,Site
5039,2023-01-04,340,Manuela Viana,F,18-25,Nordeste,Lubrificante Íntimo Aquoso 250ml,Lubrificantes,31.56,1,0.0,Cartão Crédito,Cancelado,Site
1531,2024-02-12,103,Isadora Pacheco,F,46+,Nordeste,Vibrador Ponto G Flex,Vibradores,336.56,1,0.0,Pix,Entregue,Site
3814,2024-02-09,255,Samuel Novais,M,26-35,Sul,Cartas Posições Kamasutra,Jogos Adultos,59.18,2,0.0,Cartão Crédito,Entregue,App
1566,2024-01-02,151,Lucas Alves,M,36-45,Sul,Vibrador Ponto G Flex,Vibradores,173.37,3,0.0,Pix,Entregue,App
4305,2023-05-31,443,Srta. Ana Liz Mendes,F,18-25,Nordeste,Óleo de Massagem Relaxante,Lubrificantes,72.54,4,0.0,Pix,Entregue,App
840,2024-09-21,267,Dra. Ester Correia,F,36-45,Sudeste,Lubrificante Base Silicone,Lubrificantes,73.7,1,20.0,Cartão Crédito,Entregue,App
501,2024-11-23,315,Caleb Melo,M,36-45,Sudeste,Camisola Sensual Preta,Lingerie,96.49,1,0.0,Pix,Entregue,Marketplace
142,2023-05-16,81,Beatriz Araújo,F,26-35,Sul,Wand Massager Pro,Vibradores,462.73,2,25.0,Pix,Entregue,App
1378,2023-12-03,196,Anna Liz Carvalho,F,26-35,Sul,Mini Vibrador Discreto,Vibradores,365.47,2,0.0,Pix,Entregue,Site
4319,2023-03-27,143,Cauê Garcia,M,18-25,Nordeste,Gel Excitante Masculino,Lubrificantes,47.52,1,15.0,Boleto,Entregue,App
5440,2023-02-13,462,Lucas Rios,M,18-25,Sudeste,Lingerie Cropped com Bojo,Lingerie,110.38,2,20.0,Pix,Entregue,Site
2267,2023-08-14,240,Bianca Lopes,F,26-35,Sudeste,Fantasia Policial,Lingerie,183.45,1,0.0,Cartão Crédito,Cancelado,Marketplace
2623,2024-09-29,156,Bruna Gomes,F,26-35,Nordeste,Lubrificante Base Silicone,Lubrificantes,36.78,4,0.0,Cartão Crédito,Entregue,App
1139,2023-03-23,178,Brayan Marques,M,26-35,Sudeste,Vibrador Rabbit Premium,Vibradores,367.89,1,0.0,Pix,Entregue,Site
2258,2024-12-22,154,Maya Ferreira,F,18-25,Sudeste,Lingerie Cropped com Bojo,Lingerie,65.55,1,0.0,Cartão Crédito,Entregue,Site
3115,2023-04-01,62,Sra. Eloah da Luz,F,26-35,Sudeste,Lubrificante Íntimo Aquoso 250ml,Lubrificantes,81.69,1,0.0,Pix,Entregue,Site
1788,2024-06-15,255,Samuel Novais,M,26-35,Sul,Vibrador Rabbit Premium,Vibradores,203.83,1,0.0,Boleto,Entregue,Site
3143,2023-11-16,236,Ana Cecília Ferreira,F,36-45,Sul,Mini Vibrador Discreto,Vibradores,367.54,5,15.0,Pix,Entregue,Site
551,2024-03-20,199,Maria Luísa Farias,F,46+,Nordeste,Dominó Erótico,Jogos Adultos,57.76,1,0.0,Pix,Entregue,Marketplace
4294,2023-04-13,560,Ana Clara Jesus,F,26-35,Sudeste,Camisola Sensual Preta,Lingerie,136.99,1,0.0,Pix,Entregue,App
2020,2023-03-24,289,Srta. Giovanna Pires,F,36-45,Sudeste,Gel Excitante Feminino,Lubrificantes,47.78,1,10.0,Cartão Crédito,Entregue,App
949,2023-02-13,504,Maria Cecília Borges,F,26-35,Sul,Lubrificante Base Silicone,Lubrificantes,87.17,1,0.0,Pix,Entregue,Site
2777,2023-03-08,13,Cauã Borges,M,36-45,Nordeste,Body Coelhinha Plus Size,Lingerie,106.51,1,0.0,Pix,Devolvido,Site
5405,2024-04-08,118,Dra. Alexia Rios,F,46+,Sudeste,Vibrador Ponto G Flex,Vibradores,201.81,3,0.0,Pix,Entregue,Marketplace
533,2024-07-11,787,Anthony Gabriel Sousa,M,18-25,Nordeste,Sabonete Íntimo pH Neutro,Cosméticos Íntimos,34.91,1,25.0,Boleto,Entregue,App
4948,2023-06-15,352,Sarah Pastor,F,46+,Sudeste,Spray Prolongador,Cosméticos Íntimos,120.33,1,0.0,Cartão Crédito,Entregue,Site
1830,2023-02-09,96,Vitor Hugo Araújo,M,36-45,Sudeste,Meia-Calça Rendada,Lingerie,144.65,1,0.0,Cartão Crédito,Entregue,Marketplace
5372,2023-08-19,117,Kevin Pimenta,M,26-35,Norte,Gel Excitante Masculino,Lubrificantes,58.89,3,0.0,Cartão Crédito,Cancelado,Site
4906,2023-02-24,49,Eduarda Marques,F,26-35,Sul,Lubrificante Íntimo Aquoso 250ml,Lubrificantes,48.14,1,10.0,Boleto,Entregue,Marketplace
4464,2023-05-28,41,Benicio Camargo,M,26-35,Nordeste,Gel Excitante Masculino,Lubrificantes,34.18,2,0.0,Pix,Entregue,App
3969,2023-08-24,238,Bernardo Montenegro,M,46+,Sul,Lingerie Cropped com Bojo,Lingerie,118.34,3,20.0,Pix,Entregue,App
1603,2024-03-17,72,Ana Beatriz Farias,F,46+,Norte,Gel Excitante Feminino,Lubrificantes,87.6,3,25.0,Cartão Crédito,Entregue,Site
2239,2024-08-07,23,Elisa Freitas,F,18-25,Sudeste,Colar e Guia BDSM,Acessórios BDSM,263.08,1,0.0,Cartão Crédito,Entregue,Site
640,2023-03-03,130,Sra. Mariane Novais,F,46+,Nordeste,Meia-Calça Rendada,Lingerie,174.49,1,0.0,Pix,Entregue,App
5362,2024-12-17,72,Ana Beatriz Farias,F,46+,Norte,Lubrificante Íntimo Aquoso 100ml,Lubrificantes,89.38,1,0.0,Boleto,Entregue,App
968,2024-12-01,98,Rhavi Montenegro,M,36-45,Sudeste,Lubrificante Íntimo Aquoso 250ml,Lubrificantes,49.43,3,0.0,Cartão Débito,Entregue,Marketplace
4697,2024-05-16,191,João Guilherme Vargas,M,26-35,Nordeste,Lubrificante Sabores Baunilha,Lubrificantes,53.04,3,0.0,Pix,Entregue,App
3212,2024-07-09,296,Dr. Rafael Barbosa,M,18-25,Sul,Conjunto Lingerie Boudoir,Lingerie,181.25,3,20.0,Cartão Crédito,Entregue,App
1684,2024-01-23,435,Antony Cavalcanti,M,36-45,Nordeste,Gel Excitante Masculino,Lubrificantes,63.11,2,0.0,Boleto,Entregue,App
2249,2023-02-09,245,Dr. Lorenzo da Cruz,M,18-25,Sul,Body Coelhinha Plus Size,Lingerie,60.29,3,0.0,Cartão Crédito,Cancelado,App
3691,2023-02-12,441,Augusto Siqueira,M,46+,Sudeste,Gel Excitante Masculino,Lubrificantes,67.46,1,0.0,Cartão Crédito,Entregue,App
4964,2024-03-29,358,Sra. Anna Liz Farias,F,36-45,Sudeste,Body Rendado Vermelho,Lingerie,122.67,1,0.0,Pix,Devolvido,Site
4723,2023-08-13,64,Gabriela Silva,F,26-35,Sudeste,Gel Excitante Masculino,Lubrificantes,36.44,3,0.0,Cartão Débito,Cancelado,Site
156,2024-05-08,77,Maria Luísa Correia,F,46+,Sudeste,Vibrador Duplo Prazer,Vibradores,413.25,1,15.0,Pix,Entregue,App
2296,2024-04-25,3,Cauã Rocha,M,18-25,Sudeste,Kit Roleplay Surpresa,Jogos Adultos,41.17,1,0.0,Cartão Crédito,Entregue,Site
3976,2024-10-11,553,Cecilia Cassiano,F,18-25,Centro-Oeste,Wand Massager Pro,Vibradores,490.79,3,0.0,Pix,Entregue,Marketplace
3483,2024-01-17,90,Rafaela Cunha,Não informado,36-45,Sudeste,Cartas Posições Kamasutra,Jogos Adultos,54.07,2,0.0,Cartão Crédito,Entregue,Site
1090,2024-10-01,73,Sophie da Costa,F,36-45,Sudeste,Lubrificante Íntimo Aquoso 250ml,Lubrificantes,74.16,1,0.0,Pix,Entregue,Site
3246,2024-03-31,53,Daniela Freitas,F,26-35,Sudeste,Wand Massager Pro,Vibradores,334.08,3,0.0,Pix,Cancelado,Site
2320,2023-05-18,145,Natália Ferreira,F,46+,Sul,Kit Roleplay Surpresa,Jogos Adultos,89.1,1,0.0,Boleto,Cancelado,Marketplace
4702,2024-02-12,22,Rafael Porto,M,36-45,Nordeste,Vibrador Ponto G Flex,Vibradores,235.39,1,0.0,Boleto,Entregue,App
289,2023-11-05,94,Ryan Cassiano,M,36-45,Sudeste,Vibrador Rabbit Premium,Vibradores,168.58,5,25.0,Pix,Entregue,App
931,2023-11-21,42,Eduarda Vieira,F,18-25,Sudeste,Dado do Prazer,Jogos Adultos,75.85,1,30.0,Boleto,Entregue,Marketplace
3103,2023-01-19,572,Davi da Paz,M,26-35,Nordeste,Sabonete Íntimo pH Neutro,Cosméticos Íntimos,98.17,2,20.0,Cartão Crédito,Entregue,Site
2923,2023-07-01,429,Igor Farias,M,36-45,Centro-Oeste,Fantasia Enfermeira,Lingerie,154.81,4,0.0,Pix,Cancelado,Site
2779,2024-02-26,161,Luísa Pinto,F,18-25,Sudeste,Mordaça Silicone,Acessórios BDSM,280.29,3,0.0,Pix,Entregue,Site
5043,2024-11-23,60,Sra. Ana Lívia Teixeira,F,26-35,Sul,Lubrificante Sabores Morango,Lubrificantes,78.77,1,0.0,Cartão Crédito,Entregue,App
4776,2023-11-09,441,Augusto Siqueira,M,46+,Sudeste,Vibrador Ponto G Flex,Vibradores,377.28,1,0.0,Cartão Crédito,Entregue,Marketplace
2901,2024-07-01,39,Luiz Miguel Câmara,M,36-45,Sudeste,Creme Excitante Feminino,Cosméticos Íntimos,34.98,1,10.0,Cartão Débito,Entregue,App
4045,2024-03-22,145,Natália Ferreira,F,46+,Sul,Corda de Shibari 5m,Acessórios BDSM,103.44,1,0.0,Pix,Entregue,Marketplace
943,2024-07-22,280,Rebeca Barbosa,F,26-35,Norte,Lubrificante Sabores Morango,Lubrificantes,36.36,1,0.0,Cartão Crédito,Entregue,Site
2355,2023-10-30,336,Isabelly Marques,F,18-25,Sudeste,Vibrador Rabbit Premium,Vibradores,106.45,3,0.0,Cartão Crédito,Entregue,Marketplace
4696,2023-02-11,513,Diogo da Cunha,M,26-35,Sudeste,Camisola Sensual Preta,Lingerie,139.63,1,10.0,Cartão Crédito,Cancelado,App
4796,2024-11-26,107,Gabrielly Rios,F,46+,Nordeste,Óleo de Massagem Relaxante,Lubrificantes,48.25,1,0.0,Cartão Crédito,Entregue,App
5177,2024-11-08,521,Sra. Kamilly Pastor,F,36-45,Sudeste,Meia-Calça Rendada,Lingerie,166.71,4,30.0,Pix,Entregue,Site
1699,2023-01-28,680,Daniela Cavalcante,F,26-35,Nordeste,Sabonete Íntimo pH Neutro,Cosméticos Íntimos,35.4,1,0.0,Cartão Crédito,Entregue,Site
4015,2024-05-15,273,Sr. João Guilherme Aparecida,M,18-25,Nordeste,Wand Massager Pro,Vibradores,341.76,3,25.0,Pix,Entregue,Site
4078,2023-11-13,90,Rafaela Cunha,Não informado,36-45,Sudeste,Mini Vibrador Discreto,Vibradores,418.6,2,0.0,Pix,Entregue,App
4398,2023-03-06,23,Elisa Freitas,F,18-25,Sudeste,Mini Vibrador Discreto,Vibradores,175.69,1,10.0,Pix,Entregue,App
4735,2024-11-17,154,Maya Ferreira,F,18-25,Sudeste,Vibrador Ponto G Flex,Vibradores,344.1,1,15.0,Cartão Débito,Entregue,App
3769,2024-05-26,50,João Montenegro,M,26-35,Sudeste,Fantasia Policial,Lingerie,148.8,1,0.0,Pix,Entregue,Marketplace
986,2024-06-06,186,Davi Luiz Martins,M,18-25,Norte,Colar e Guia BDSM,Acessórios BDSM,178.25,5,0.0,Pix,Entregue,Marketplace
3403,2024-05-14,796,Luísa da Rosa,F,36-45,Sudeste,Vibrador Rabbit Premium,Vibradores,161.15,3,20.0,Cartão Débito,Cancelado,Site
2681,2024-11-26,86,Isadora Barbosa,Não informado,18-25,Sudeste,Wand Massager Pro,Vibradores,113.29,2,0.0,Cartão Débito,Entregue,Site
2733,2023-02-22,17,Bruno Novaes,M,26-35,Sudeste,Conjunto Lingerie Boudoir,Lingerie,162.04,2,15.0,Pix,Entregue,Site
5302,2023-08-22,3,Cauã Rocha,M,18-25,Sudeste,Venda para Olhos Satin,Acessórios BDSM,197.07,2,0.0,Pix,Entregue,App
982,2023-05-21,380,Fernanda Gomes,F,36-45,Sudeste,Mini Vibrador Discreto,Vibradores,166.48,1,0.0,Cartão Crédito,Entregue,Site
5170,2024-07-02,378,Letícia Porto,F,26-35,Sudeste,Fantasia Policial,Lingerie,170.59,4,10.0,Cartão Crédito,Entregue,App
5055,2023-05-03,157,Gabriel da Cunha,M,18-25,Sudeste,Massageador Corporal Wave,Vibradores,468.27,2,25.0,Pix,Devolvido,Site
5325,2024-02-20,16,Sra. Zoe Campos,F,18-25,Sudeste,Gel Excitante Feminino,Lubrificantes,36.05,1,0.0,Pix,Entregue,App
3887,2023-03-06,575,Ayla Câmara,F,46+,Nordeste,Lubrificante Sabores Baunilha,Lubrificantes,44.23,1,0.0,Cartão Crédito,Entregue,Marketplace
4100,2024-08-31,8,Yago Leão,M,26-35,Sudeste,Vibrador Clássico Silicone,Vibradores,104.47,3,0.0,Pix,Entregue,Marketplace
4220,2024-02-29,81,Beatriz Araújo,F,26-35,Sul,Lingerie Cropped com Bojo,Lingerie,193.4,2,0.0,Pix,Cancelado,Site
5378,2023-02-27,115,Isabelly Freitas,F,18-25,Sudeste,Lubrificante Íntimo Aquoso 100ml,Lubrificantes,35.17,1,20.0,Pix,Entregue,App
4410,2023-01-09,218,Lara Sá,F,46+,Sul,Venda para Olhos Satin,Acessórios BDSM,126.78,1,0.0,Cartão Débito,Entregue,Marketplace
1458,2023-12-01,298,Dra. Fernanda Lima,F,26-35,Nordeste,Corda de Shibari 5m,Acessórios BDSM,107.84,1,0.0,Boleto,Devolvido,Site
1396,2023-10-15,443,Srta. Ana Liz Mendes,F,18-25,Nordeste,Body Rendado Vermelho,Lingerie,81.32,3,0.0,Cartão Crédito,Entregue,Marketplace
265,2024-04-02,509,Ana Vitória Moraes,F,26-35,Sudeste,Wand Massager Pro,Vibradores,377.22,1,5.0,Pix,Entregue,Site
3040,2024-04-20,198,Srta. Hadassa Azevedo,F,26-35,Nordeste,Lubrificante Base Silicone,Lubrificantes,69.05,3,0.0,Cartão Crédito,Entregue,Site
930,2023-06-24,83,Evelyn Correia,F,26-35,Nordeste,Óleo de Massagem Relaxante,Lubrificantes,82.7,1,20.0,Cartão Crédito,Cancelado,Site
3762,2024-09-24,346,Marcos Vinicius Marques,M,26-35,Sudeste,Dado do Prazer,Jogos Adultos,74.46,2,0.0,Pix,Entregue,Site
3878,2023-11-28,512,Dra. Clara da Costa,F,36-45,Sul,Lubrificante Íntimo Aquoso 100ml,Lubrificantes,49.19,2,5.0,Pix,Entregue,App
2401,2023-10-12,115,Isabelly Freitas,F,18-25,Sudeste,Body Rendado Vermelho,Lingerie,128.17,2,0.0,Pix,Entregue,Marketplace
2179,2023-08-01,312,Olivia Moreira,F,26-35,Norte,Colar e Guia BDSM,Acessórios BDSM,214.01,1,0.0,Cartão Crédito,Entregue,App
3298,2024-02-13,22,Rafael Porto,M,36-45,Nordeste,Conjunto Lingerie Boudoir,Lingerie,182.43,1,0.0,Pix,Cancelado,Site
247,2024-11-12,153,João Andrade,M,26-35,Sul,Kit Roleplay Surpresa,Jogos Adultos,80.7,1,0.0,Pix,Entregue,Site
1595,2023-03-19,337,Diogo Gomes,M,26-35,Sul,Lubrificante Sabores Morango,Lubrificantes,46.57,1,0.0,Pix,Entregue,Site
1759,2024-12-19,33,Luara Cunha,Não informado,26-35,Norte,Vibrador Rabbit Premium,Vibradores,490.79,2,10.0,Pix,Devolvido,Site
5398,2024-02-20,167,Srta. Liz Guerra,F,18-25,Sul,Corda de Shibari 5m,Acessórios BDSM,173.8,1,0.0,Pix,Entregue,App
3448,2024-11-21,329,Isaque Santos,M,36-45,Centro-Oeste,Vibrador Ponto G Flex,Vibradores,397.24,1,0.0,Pix,Devolvido,Site
924,2024-06-26,410,Danilo Carvalho,M,26-35,Centro-Oeste,Mordaça Silicone,Acessórios BDSM,296.88,2,0.0,Pix,Entregue,Marketplace
2874,2024-05-29,149,Luiz Fernando Ramos,M,36-45,Nordeste,Massageador Corporal Wave,Vibradores,368.72,1,25.0,Cartão Débito,Entregue,Site
269,2024-10-14,123,Giovanna Silva,F,36-45,Sudeste,Kit Iniciante BDSM 5 Peças,Acessórios BDSM,279.41,3,0.0,Pix,Entregue,App
670,2023-06-01,93,Mirella da Paz,F,26-35,Sudeste,Lubrificante Sabores Baunilha,Lubrificantes,30.56,1,0.0,Boleto,Entregue,Site
3358,2024-02-09,133,Clara Lopes,F,26-35,Sul,Gel Excitante Feminino,Lubrificantes,73.41,2,0.0,Cartão Débito,Entregue,Site
1911,2024-08-08,101,Bernardo Rocha,M,26-35,Nordeste,Gel Excitante Masculino,Lubrificantes,76.05,3,30.0,Pix,Devolvido,Marketplace
3669,2023-12-15,8,Yago Leão,M,26-35,Sudeste,Body Rendado Vermelho,Lingerie,150.7,1,30.0,Cartão Crédito,Entregue,Site
1153,2023-02-06,315,Caleb Melo,M,36-45,Sudeste,Lubrificante Sabores Morango,Lubrificantes,85.32,1,0.0,Pix,Entregue,App
5344,2023-07-16,49,Eduarda Marques,F,26-35,Sul,Vibrador Clássico Silicone,Vibradores,467.27,1,0.0,Pix,Entregue,Site
4173,2023-10-19,160,Sr. Luiz Otávio Lopes,M,36-45,Nordeste,Óleo de Massagem Relaxante,Lubrificantes,66.57,1,0.0,Pix,Entregue,Marketplace
2592,2024-02-10,414,Mirella Freitas,F,18-25,Sul,Lubrificante Sabores Morango,Lubrificantes,67.58,2,25.0,Pix,Entregue,Site
4703,2023-06-29,288,Ana Liz Pimenta,F,36-45,Centro-Oeste,Sabonete Íntimo pH Neutro,Cosméticos Íntimos,94.94,1,0.0,Pix,Entregue,Marketplace
1782,2024-05-29,549,Dra. Mariana Moraes,F,36-45,Sudeste,Vibrador Duplo Prazer,Vibradores,309.62,4,0.0,Pix,Entregue,Site
2414,2024-02-11,8,Yago Leão,M,26-35,Sudeste,Creme Retardante Masculino,Cosméticos Íntimos,59.82,3,0.0,Cartão Débito,Entregue,Site
2308,2024-04-29,257,Sra. Melissa Vieira,F,46+,Sul,Lubrificante Sabores Morango,Lubrificantes,68.3,3,0.0,Cartão Crédito,Entregue,Site
2657,2024-12-27,435,Antony Cavalcanti,M,36-45,Nordeste,Sabonete Íntimo pH Neutro,Cosméticos Íntimos,54.74,2,0.0,Pix,Entregue,Site
3665,2023-02-26,216,Lunna Cunha,F,36-45,Sul,Lingerie Cropped com Bojo,Lingerie,113.85,3,0.0,Pix,Entregue,Marketplace
1916,2024-12-08,335,Maria Vitória Mendes,F,46+,Sudeste,Body Coelhinha Plus Size,Lingerie,122.56,1,15.0,Pix,Entregue,App
613,2023-02-03,264,Sra. Júlia das Neves,F,46+,Sul,Dado do Prazer,Jogos Adultos,59.96,1,0.0,Pix,Entregue,Site
3283,2023-01-26,477,Dra. Helena Garcia,F,18-25,Nordeste,Massageador Corporal Wave,Vibradores,131.65,1,5.0,Cartão Crédito,Entregue,Site
2268,2024-06-08,319,Sra. Ana Carolina Marques,F,36-45,Sudeste,Fantasia Enfermeira,Lingerie,168.53,4,0.0,Cartão Crédito,Entregue,Marketplace
2534,2024-05-27,5,Ana Beatriz Alves,F,18-25,Sul,Lubrificante Íntimo Aquoso 100ml,Lubrificantes,59.26,1,0.0,Boleto,Entregue,App
40,2024-02-09,159,Zoe Rodrigues,F,46+,Sul,Lubrificante Sabores Baunilha,Lubrificantes,40.27,1,0.0,Pix,Cancelado,Site
1899,2023-06-05,121,Cauê Souza,M,26-35,Sul,Vibrador Clássico Silicone,Vibradores,145.07,1,0.0,Pix,Entregue,Site
1650,2024-09-02,324,Gabriel Moreira,M,26-35,Sudeste,Vibrador Rabbit Premium,Vibradores,482.2,1,0.0,Pix,Cancelado,App
3002,2023-03-20,406,Sr. Ravy Alves,M,36-45,Sudeste,Kit Cuidados Íntimos,Cosméticos Íntimos,140.23,2,0.0,Boleto,Entregue,App
259,2023-10-03,227,Nina Sampaio,F,26-35,Sul,Fantasia Policial,Lingerie,64.58,1,0.0,Pix,Entregue,Marketplace
4088,2023-04-10,249,Sabrina Duarte,F,46+,Nordeste,Dominó Erótico,Jogos Adultos,109.98,1,0.0,Pix,Entregue,Marketplace
848,2024-09-16,788,Juan Nunes,M,36-45,Sudeste,Vibrador Clássico Silicone,Vibradores,483.11,4,0.0,Boleto,Devolvido,Marketplace
4057,2024-10-17,431,Caroline Nogueira,F,26-35,Norte,Corda de Shibari 5m,Acessórios BDSM,100.67,1,25.0,Pix,Entregue,App
4714,2023-11-03,362,Dra. Laura da Conceição,F,26-35,Sudeste,Mini Vibrador Discreto,Vibradores,478.24,4,0.0,Pix,Entregue,App
3149,2024-12-22,396,Sarah da Mata,F,46+,Nordeste,Cartas Posições Kamasutra,Jogos Adultos,110.4,1,5.0,Pix,Entregue,Site
1234,2024-10-07,9,Pietro Pastor,M,26-35,Sudeste,Camisola Sensual Preta,Lingerie,59.95,4,10.0,Pix,Entregue,App
1128,2024-11-10,144,Ravy Câmara,M,18-25,Sudeste,Vibrador Duplo Prazer,Vibradores,322.07,1,0.0,Boleto,Entregue,Site
3788,2023-12-22,170,Luna Martins,F,18-25,Sudeste,Jogo Tabuleiro Casais,Jogos Adultos,121.84,1,15.0,Boleto,Entregue,Site
1968,2024-04-13,124,Gustavo Rodrigues,M,26-35,Nordeste,Massageador Corporal Wave,Vibradores,161.29,2,0.0,Pix,Entregue,App
559,2024-03-17,364,Dra. Beatriz Macedo,F,46+,Sudeste,Spray Prolongador,Cosméticos Íntimos,73.34,1,0.0,Cartão Crédito,Entregue,Site
905,2024-06-26,150,Maria Liz Rocha,F,36-45,Sul,Vibrador Rabbit Premium,Vibradores,322.94,4,25.0,Pix,Entregue,Marketplace
2615,2023-02-24,105,Mariah Ribeiro,F,18-25,Nordeste,Meia-Calça Rendada,Lingerie,95.4,1,0.0,Cartão Crédito,Entregue,Marketplace
485,2023-02-15,236,Ana Cecília Ferreira,F,36-45,Sul,Massageador Corporal Wave,Vibradores,222.2,2,0.0,Cartão Débito,Entregue,Site
2212,2024-06-17,415,Dra. Ágatha Leão,F,26-35,Sudeste,Lingerie Cropped com Bojo,Lingerie,168.39,2,25.0,Pix,Entregue,Site
1321,2024-03-31,79,Maria Lima,F,18-25,Centro-Oeste,Corda de Shibari 5m,Acessórios BDSM,90.43,2,0.0,Pix,Entregue,Marketplace
3075,2023-12-07,244,Ravi Lucca Lopes,M,26-35,Sul,Body Coelhinha Plus Size,Lingerie,77.66,1,0.0,Cartão Crédito,Entregue,Site
2556,2023-06-06,659,Guilherme Vieira,M,26-35,Nordeste,Lingerie Cropped com Bojo,Lingerie,110.36,3,15.0,Cartão Débito,Entregue,Site
8,2023-04-08,492,José Miguel da Rocha,M,26-35,Nordeste,Colar e Guia BDSM,Acessórios BDSM,279.59,5,10.0,Cartão Crédito,Entregue,Site
2316,2023-09-22,40,Thomas Monteiro,M,36-45,Sudeste,Lubrificante Base Silicone,Lubrificantes,88.34,2,0.0,Boleto,Entregue,Marketplace
4708,2024-11-15,61,Davi Lucas Cardoso,M,36-45,Norte,Vibrador Clássico Silicone,Vibradores,100.11,3,0.0,Pix,Entregue,Site
4031,2024-09-18,294,Dra. Olivia da Rocha,F,26-35,Sudeste,Lubrificante Base Silicone,Lubrificantes,77.9,2,0.0,Pix,Entregue,Marketplace
3922,2023-12-31,140,Maria Sophia Alves,F,36-45,Sudeste,Camisola Sensual Preta,Lingerie,195.61,4,0.0,Pix,Entregue,Marketplace
1451,2023-12-31,187,Dr. Pedro Miguel Pimenta,M,26-35,Sudeste,Massageador Corporal Wave,Vibradores,248.74,1,0.0,Cartão Crédito,Entregue,Marketplace
1202,2023-05-14,7,Apollo Novais,M,18-25,Nordeste,Vibrador Clássico Silicone,Vibradores,454.02,2,0.0,Cartão Débito,Cancelado,Site
2427,2023-01-24,35,Diego da Luz,M,26-35,Sudeste,Mini Vibrador Discreto,Vibradores,243.29,2,0.0,Cartão Débito,Entregue,App
2649,2023-08-29,155,Sra. Maya Pereira,F,26-35,Sul,Vibrador Ponto G Flex,Vibradores,369.39,2,0.0,Cartão Crédito,Entregue,Site
1815,2024-01-27,24,Giovanna Rios,F,26-35,Centro-Oeste,Óleo de Massagem Relaxante,Lubrificantes,35.83,2,0.0,Cartão Crédito,Entregue,Site
774,2024-02-19,139,Srta. Isabela Castro,F,18-25,Sudeste,Massageador Corporal Wave,Vibradores,142.68,1,0.0,Pix,Entregue,App
2275,2024-02-02,648,João Vasconcelos,M,36-45,Norte,Dominó Erótico,Jogos Adultos,117.29,1,0.0,Cartão Crédito,Entregue,App
1012,2024-04-10,755,Luiz Fernando Novais,M,36-45,Sudeste,Vibrador Rabbit Premium,Vibradores,156.36,2,0.0,Cartão Débito,Entregue,Site
3459,2024-04-10,314,Maya Porto,F,36-45,Sul,Vibrador Ponto G Flex,Vibradores,216.91,5,0.0,Pix,Entregue,Site
2998,2024-11-02,103,Isadora Pacheco,F,46+,Nordeste,Perfume Íntimo Floral,Cosméticos Íntimos,80.57,1,0.0,Pix,Entregue,Site
1992,2023-10-14,49,Eduarda Marques,F,26-35,Sul,Chicote de Couro Soft,Acessórios BDSM,51.73,2,0.0,Pix,Cancelado,Site
1278,2024-03-16,751,Evelyn da Cruz,F,26-35,Sudeste,Mini Vibrador Discreto,Vibradores,147.64,1,0.0,Cartão Crédito,Entregue,App
1784,2023-02-16,270,Beatriz Correia,F,26-35,Sul,Lubrificante Sabores Morango,Lubrificantes,55.29,1,5.0,Pix,Entregue,Marketplace
3818,2024-03-29,437,Sra. Valentina Camargo,F,26-35,Sudeste,Vibrador Duplo Prazer,Vibradores,362.59,1,,Pix,Entregue,Site
447,2024-02-25,749,Ísis Fogaça,F,18-25,Sudeste,Body Rendado Vermelho,Lingerie,123.38,1,0.0,Cartão Crédito,Entregue,App
881,2024-03-31,73,Sophie da Costa,F,36-45,Sudeste,Mini Vibrador Discreto,Vibradores,454.08,2,0.0,Cartão Débito,Cancelado,Site
4953,2023-02-08,141,Lívia Viana,F,36-45,Sudeste,Fantasia Enfermeira,Lingerie,84.44,2,0.0,Pix,Entregue,Site
782,2023-02-20,211,Ravi Lucca Cardoso,Não informado,26-35,Sudeste,Lubrificante Sabores Baunilha,Lubrificantes,46.39,2,0.0,Cartão Crédito,Entregue,Site
2652,2024-01-03,127,Sra. Kamilly Aparecida,F,36-45,Nordeste,Chicote de Couro Soft,Acessórios BDSM,188.01,2,0.0,Pix,Cancelado,App
5392,2024-01-21,227,Nina Sampaio,F,26-35,Sul,Fantasia Policial,Lingerie,94.88,2,25.0,Cartão Débito,Entregue,Site
1750,2024-10-04,41,Benicio Camargo,M,26-35,Nordeste,Gel Excitante Feminino,Lubrificantes,60.23,2,0.0,Pix,Entregue,Site
2127,2024-03-20,268,Rafaela da Mota,F,26-35,Norte,Camisola Sensual Preta,Lingerie,189.0,4,20.0,Pix,Entregue,Marketplace
4424,2023-12-26,340,Manuela Viana,F,18-25,Nordeste,Chicote de Couro Soft,Acessórios BDSM,198.09,1,0.0,Pix,Entregue,Site
2424,2024-07-07,167,Srta. Liz Guerra,F,18-25,Sul,Sabonete Íntimo pH Neutro,Cosméticos Íntimos,79.31,1,15.0,Pix,Entregue,Site
5417,2023-03-10,120,Catarina da Luz,F,18-25,Sul,Óleo de Massagem Relaxante,Lubrificantes,35.58,1,0.0,Cartão Crédito,Entregue,App
4792,2024-03-08,655,Ágatha da Rocha,F,26-35,Nordeste,Gel Térmico Sensação Quente,Cosméticos Íntimos,102.16,2,20.0,Boleto,Entregue,Site
884,2024-02-18,31,Luara Guerra,F,36-45,Nordeste,Vibrador Ponto G Flex,Vibradores,422.37,3,25.0,Pix,Entregue,App
3008,2024-10-11,4,Dra. Aurora Pastor,F,26-35,Sul,Vibrador Rabbit Premium,Vibradores,499.76,1,25.0,Pix,Entregue,Site
1092,2023-02-28,279,Danilo Azevedo,M,26-35,Sul,Body Rendado Vermelho,Lingerie,160.59,5,0.0,Cartão Crédito,Entregue,App
3961,2023-04-25,230,Luana Caldeira,F,26-35,Nordeste,Óleo de Massagem Relaxante,Lubrificantes,56.08,1,0.0,Pix,Entregue,Site
3606,2023-12-02,56,Rebeca Almeida,F,26-35,Sul,Vibrador Rabbit Premium,Vibradores,422.37,2,0.0,Cartão Crédito,Entregue,Site
532,2023-05-06,799,Sr. Ravi Lucca das Neves,M,36-45,Sul,Camisola Sensual Preta,Lingerie,72.19,1,5.0,Cartão Débito,Entregue,Site
3107,2023-04-21,336,Isabelly Marques,F,18-25,Sudeste,Óleo de Massagem Relaxante,Lubrificantes,53.58,2,0.0,Cartão Crédito,Cancelado,Site
2439,2023-04-21,211,Ravi Lucca Cardoso,Não informado,26-35,Sudeste,Óleo de Massagem Relaxante,Lubrificantes,78.78,2,0.0,Cartão Débito,Entregue,Site
4506,2023-01-27,93,Mirella da Paz,F,26-35,Sudeste,Vibrador Rabbit Premium,Vibradores,334.56,1,0.0,Pix,Devolvido,Site
4086,2023-02-22,18,Maria Cecília Oliveira,F,26-35,Centro-Oeste,Óleo de Massagem Relaxante,Lubrificantes,48.26,1,0.0,Pix,Entregue,Marketplace
3930,2023-02-21,36,Josué Souza,M,18-25,Sul,Cartas Posições Kamasutra,Jogos Adultos,128.93,3,0.0,Cartão Crédito,Entregue,Site
4550,2023-04-01,408,Benício Porto,M,36-45,Sudeste,Gel Térmico Sensação Quente,Cosméticos Íntimos,92.16,2,0.0,Pix,Cancelado,App
2291,2023-04-26,253,Stella Correia,F,26-35,Sudeste,Lubrificante Íntimo Aquoso 100ml,Lubrificantes,58.72,1,5.0,Boleto,Cancelado,Site
1728,2023-09-18,788,Juan Nunes,M,36-45,Sudeste,Lubrificante Íntimo Aquoso 100ml,Lubrificantes,33.04,1,0.0,Cartão Crédito,Entregue,App
611,2024-09-01,12,Eduardo Cunha,Não informado,26-35,Sul,Gel Excitante Masculino,Lubrificantes,80.61,2,0.0,Pix,Entregue,Marketplace
571,2024-02-08,196,Anna Liz Carvalho,F,26-35,Sul,Vibrador Rabbit Premium,Vibradores,119.44,1,20.0,Pix,Entregue,App
3335,2023-10-09,530,Bento Machado,M,26-35,Centro-Oeste,Dominó Erótico,Jogos Adultos,42.31,2,0.0,Cartão Crédito,Entregue,App
3723,2023-10-31,614,Asafe Dias,Não informado,26-35,Norte,Lubrificante Íntimo Aquoso 100ml,Lubrificantes,81.21,4,0.0,Cartão Crédito,Entregue,App
344,2023-06-18,156,Bruna Gomes,F,26-35,Nordeste,Vibrador Duplo Prazer,Vibradores,249.42,2,0.0,Cartão Crédito,Entregue,App
4629,2024-06-01,276,Larissa Melo,F,18-25,Sul,Vibrador Ponto G Flex,Vibradores,376.68,2,0.0,Boleto,Entregue,Marketplace
4049,2023-02-10,471,Amanda Pereira,F,18-25,Sudeste,Chicote de Couro Soft,Acessórios BDSM,155.81,4,15.0,Cartão Crédito,Entregue,App
435,2024-02-07,25,Brayan Pereira,M,26-35,Sul,Mordaça Silicone,Acessórios BDSM,212.72,1,30.0,Pix,Entregue,Marketplace
1904,2023-10-25,11,Otávio Fernandes,M,36-45,Sul,Mordaça Silicone,Acessórios BDSM,270.04,2,0.0,Cartão Crédito,Entregue,Site
98,2024-04-02,153,João Andrade,M,26-35,Sul,Sabonete Íntimo pH Neutro,Cosméticos Íntimos,110.04,1,0.0,Cartão Crédito,Entregue,Site
2925,2023-03-18,128,Lívia Vargas,F,26-35,Sudeste,Lubrificante Sabores Baunilha,Lubrificantes,59.57,1,0.0,Cartão Crédito,Entregue,Marketplace
2070,2023-02-04,111,Anthony Marques,M,26-35,Nordeste,Venda para Olhos Satin,Acessórios BDSM,277.4,2,0.0,Boleto,Cancelado,Site
1538,2023-05-14,302,João Pedro Macedo,M,26-35,Sul,Mini Vibrador Discreto,Vibradores,450.42,3,0.0,Cartão Crédito,Entregue,Marketplace
4782,2024-12-06,58,Ana Laura da Costa,F,26-35,Nordeste,Fantasia Enfermeira,Lingerie,74.79,1,0.0,Cartão Crédito,Devolvido,Marketplace
4516,2023-03-12,143,Cauê Garcia,M,18-25,Nordeste,Fantasia Policial,Lingerie,102.42,1,25.0,Pix,Cancelado,Site
2875,2024-04-24,389,Sr. Calebe Pires,M,18-25,Sudeste,Lubrificante Sabores Baunilha,Lubrificantes,70.54,1,0.0,Cartão Crédito,Entregue,Site
1518,2024-05-31,542,Dra. Clarice Farias,F,18-25,Sudeste,Lubrificante Sabores Baunilha,Lubrificantes,49.01,1,0.0,Boleto,Entregue,Marketplace
966,2023-12-18,121,Cauê Souza,M,26-35,Sul,Dominó Erótico,Jogos Adultos,52.95,1,0.0,Cartão Crédito,Cancelado,App
5404,2023-02-01,79,Maria Lima,F,18-25,Centro-Oeste,Massageador Corporal Wave,Vibradores,345.29,1,0.0,Boleto,Entregue,Site
529,2024-12-11,17,Bruno Novaes,M,26-35,Sudeste,Venda para Olhos Satin,Acessórios BDSM,145.89,5,15.0,Cartão Crédito,Entregue,Site
177,2024-12-02,309,Ian Rocha,M,26-35,Sul,Fantasia Enfermeira,Lingerie,117.71,3,0.0,Pix,Entregue,App
2471,2023-05-11,72,Ana Beatriz Farias,F,46+,Norte,Perfume Íntimo Floral,Cosméticos Íntimos,103.27,2,20.0,Cartão Crédito,Entregue,Site
5419,2024-02-17,184,Dra. Nicole Aragão,F,36-45,Sul,Lubrificante Íntimo Aquoso 250ml,Lubrificantes,77.63,1,25.0,Cartão Crédito,Entregue,Site
3113,2024-11-17,328,Ryan Campos,M,18-25,Sul,Meia-Calça Rendada,Lingerie,99.28,2,0.0,Pix,Entregue,Site
4763,2024-06-01,364,Dra. Beatriz Macedo,F,46+,Sudeste,Lubrificante Íntimo Aquoso 100ml,Lubrificantes,54.32,2,0.0,Cartão Crédito,Entregue,Site
573,2023-03-29,139,Srta. Isabela Castro,F,18-25,Sudeste,Óleo de Massagem Relaxante,Lubrificantes,78.83,1,0.0,Pix,Entregue,Site
3978,2024-10-13,216,Lunna Cunha,F,36-45,Sul,Vibrador Clássico Silicone,Vibradores,234.9,2,0.0,Pix,Entregue,Site
593,2023-06-03,56,Rebeca Almeida,F,26-35,Sul,Colar e Guia BDSM,Acessórios BDSM,196.49,3,0.0,Pix,Entregue,Marketplace
4611,2024-11-09,114,Caroline Ferreira,F,36-45,Sudeste,Lingerie Cropped com Bojo,Lingerie,99.46,2,0.0,Cartão Débito,Entregue,Site
3013,2024-06-08,101,Bernardo Rocha,M,26-35,Nordeste,Massageador Corporal Wave,Vibradores,491.69,2,15.0,Pix,Entregue,App
2375,2023-10-28,296,Dr. Rafael Barbosa,M,18-25,Sul,Body Coelhinha Plus Size,Lingerie,147.13,2,0.0,Pix,Entregue,Marketplace
5209,2023-10-16,497,Sra. Ana Sophia Gonçalves,F,18-25,Centro-Oeste,Dominó Erótico,Jogos Adultos,87.55,1,0.0,Cartão Crédito,Entregue,App
3951,2023-06-08,7,Apollo Novais,M,18-25,Nordeste,Vibrador Ponto G Flex,Vibradores,458.8,1,0.0,Pix,Entregue,Marketplace
3162,2024-10-21,7,Apollo Novais,M,18-25,Nordeste,Spray Prolongador,Cosméticos Íntimos,49.42,1,0.0,Cartão Débito,Entregue,Site
2209,2023-11-04,96,Vitor Hugo Araújo,M,36-45,Sudeste,Kit Algemas Veludo,Acessórios BDSM,105.94,1,15.0,Pix,Entregue,App
4984,2023-10-19,456,Srta. Luara Lima,F,46+,Sudeste,Chicote de Couro Soft,Acessórios BDSM,123.51,5,20.0,Cartão Débito,Entregue,Marketplace
2493,2024-04-06,371,Anna Liz Pimenta,F,26-35,Sul,Massageador Corporal Wave,Vibradores,389.95,3,25.0,Pix,Entregue,Site
3382,2024-04-29,155,Sra. Maya Pereira,F,26-35,Sul,Gel Excitante Masculino,Lubrificantes,80.92,1,0.0,Pix,Entregue,Site
384,2023-07-02,509,Ana Vitória Moraes,F,26-35,Sudeste,Colar e Guia BDSM,Acessórios BDSM,72.2,3,0.0,Cartão Crédito,Entregue,App
853,2024-04-27,66,Dr. Pedro Lucas Moreira,M,26-35,Sudeste,Lubrificante Íntimo Aquoso 250ml,Lubrificantes,62.38,2,0.0,Boleto,Entregue,App
1881,2023-04-16,308,José Alves,M,36-45,Centro-Oeste,Meia-Calça Rendada,Lingerie,103.34,1,0.0,Pix,Entregue,Site
371,2023-05-01,30,Ana Laura da Conceição,F,18-25,Sudeste,Meia-Calça Rendada,Lingerie,175.72,1,0.0,Pix,Cancelado,Marketplace
2911,2023-02-03,73,Sophie da Costa,F,36-45,Sudeste,Gel Excitante Feminino,Lubrificantes,36.34,1,20.0,Cartão Crédito,Entregue,Site
3774,2023-11-05,344,Zoe Mendes,F,26-35,Sudeste,Lubrificante Base Silicone,Lubrificantes,73.33,1,25.0,Cartão Crédito,Entregue,Site
4794,2023-12-26,98,Rhavi Montenegro,M,36-45,Sudeste,Lubrificante Sabores Baunilha,Lubrificantes,50.74,1,0.0,Pix,Entregue,Site
1106,2024-12-26,53,Daniela Freitas,F,26-35,Sudeste,Camisola Sensual Preta,Lingerie,172.73,1,20.0,Cartão Crédito,Entregue,App
3150,2023-06-22,165,Sra. Carolina Correia,F,18-25,Sudeste,Vibrador Rabbit Premium,Vibradores,240.1,1,0.0,Pix,Entregue,Site
2362,2024-04-17,150,Maria Liz Rocha,F,36-45,Sul,Lubrificante Base Silicone,Lubrificantes,59.51,1,0.0,Cartão Crédito,Entregue,App
4468,2023-11-06,48,Sra. Brenda da Rocha,F,26-35,Centro-Oeste,Vibrador Ponto G Flex,Vibradores,101.33,1,0.0,Cartão Crédito,Entregue,App
1337,2023-03-03,62,Sra. Eloah da Luz,F,26-35,Sudeste,Gel Excitante Masculino,Lubrificantes,47.93,1,20.0,Cartão Débito,Entregue,App
2190,2024-05-22,290,Julia Ribeiro,F,18-25,Sul,Óleo de Massagem Relaxante,Lubrificantes,38.01,1,0.0,Pix,Entregue,App
5097,2024-08-15,462,Lucas Rios,M,18-25,Sudeste,Lubrificante Sabores Baunilha,Lubrificantes,46.35,1,5.0,Cartão Crédito,Entregue,Site
5006,2024-08-01,26,Srta. Yasmin Siqueira,F,46+,Sul,Creme Excitante Feminino,Cosméticos Íntimos,103.25,1,0.0,Boleto,Entregue,Marketplace
3754,2024-07-31,310,Alícia Teixeira,F,36-45,Sudeste,Vibrador Duplo Prazer,Vibradores,436.48,1,0.0,Pix,Entregue,Marketplace
4089,2024-01-04,469,Bruna Teixeira,F,18-25,Centro-Oeste,Lubrificante Íntimo Aquoso 100ml,Lubrificantes,79.97,3,0.0,Cartão Crédito,Entregue,Site
4886,2023-04-02,519,Clarice Macedo,F,36-45,Sudeste,Body Rendado Vermelho,Lingerie,148.34,1,15.0,Cartão Crédito,Entregue,Site
5379,2024-04-10,421,Maria Eduarda Nogueira,F,18-25,Sudeste,Wand Massager Pro,Vibradores,318.09,5,0.0,Boleto,Entregue,Site
1172,2024-09-20,733,Srta. Maria Vitória Pacheco,F,36-45,Norte,Fantasia Enfermeira,Lingerie,194.02,3,30.0,Pix,Entregue,Site
3656,2023-11-30,64,Gabriela Silva,F,26-35,Sudeste,Óleo de Massagem Relaxante,Lubrificantes,41.11,1,0.0,Boleto,Entregue,Site
3300,2024-03-29,414,Mirella Freitas,F,18-25,Sul,Mini Vibrador Discreto,Vibradores,115.44,1,0.0,Pix,Entregue,Marketplace
1423,2024-11-20,12,Eduardo Cunha,Não informado,26-35,Sul,Venda para Olhos Satin,Acessórios BDSM,192.4,1,20.0,Cartão Crédito,Entregue,Marketplace
2687,2024-05-15,37,Zoe da Luz,F,46+,Centro-Oeste,Body Coelhinha Plus Size,Lingerie,67.29,1,10.0,Pix,Entregue,Site
5276,2023-12-10,72,Ana Beatriz Farias,F,46+,Norte,Jogo de Cartas Sexo Quiz,Jogos Adultos,102.17,1,0.0,Pix,Cancelado,Site
3241,2023-01-21,147,Evelyn Guerra,F,36-45,Sul,Body Rendado Vermelho,Lingerie,124.33,1,0.0,Cartão Crédito,Entregue,Site
4610,2023-08-07,130,Sra. Mariane Novais,F,46+,Nordeste,Lingerie Cropped com Bojo,Lingerie,97.82,2,0.0,Pix,Entregue,Marketplace
1465,2023-09-24,798,Dr. Isaac Araújo,M,26-35,Sul,Dado do Prazer,Jogos Adultos,43.2,1,0.0,Pix,Entregue,App
875,2024-08-24,8,Yago Leão,M,26-35,Sudeste,Perfume Íntimo Floral,Cosméticos Íntimos,42.22,1,0.0,Pix,Devolvido,App
2298,2024-06-08,11,Otávio Fernandes,M,36-45,Sul,Vibrador Ponto G Flex,Vibradores,371.58,1,0.0,Pix,Entregue,Site
2644,2024-12-05,275,Sr. Samuel Caldeira,M,36-45,Norte,Gel Excitante Feminino,Lubrificantes,71.84,3,0.0,Pix,Entregue,Marketplace
3476,2024-05-29,413,Zoe Carvalho,F,26-35,Sudeste,Mordaça Silicone,Acessórios BDSM,69.92,1,0.0,Pix,Entregue,Site
4813,2024-01-31,4,Dra. Aurora Pastor,F,26-35,Sul,Mini Vibrador Discreto,Vibradores,158.79,3,0.0,Cartão Crédito,Entregue,Site
1252,2024-04-30,179,Gael Silva,M,36-45,Sudeste,Massageador Corporal Wave,Vibradores,341.34,1,0.0,Pix,Entregue,Site
2878,2024-06-07,64,Gabriela Silva,F,26-35,Sudeste,Lubrificante Sabores Baunilha,Lubrificantes,33.94,1,30.0,Cartão Crédito,Cancelado,Site
841,2023-05-15,4,Dra. Aurora Pastor,F,26-35,Sul,Lubrificante Base Silicone,Lubrificantes,64.66,4,0.0,Boleto,Entregue,Site
3771,2023-08-06,214,Sra. Catarina Martins,F,46+,Sul,Jogo de Cartas Sexo Quiz,Jogos Adultos,78.72,1,30.0,Cartão Crédito,Entregue,Marketplace
582,2023-08-29,729,Sofia Moraes,F,46+,Sudeste,Wand Massager Pro,Vibradores,96.93,2,5.0,Pix,Entregue,Marketplace
205,2024-03-27,250,Raquel Cunha,F,26-35,Sudeste,Venda para Olhos Satin,Acessórios BDSM,221.24,1,5.0,Pix,Entregue,Marketplace
1642,2024-11-04,460,Aylla Souza,Não informado,26-35,Sudeste,Kit Iniciante BDSM 5 Peças,Acessórios BDSM,73.19,1,5.0,Pix,Entregue,App
2015,2024-09-04,206,Dra. Ísis Pereira,F,36-45,Sudeste,Body Coelhinha Plus Size,Lingerie,92.47,1,0.0,Pix,Entregue,Site
906,2024-02-23,533,Ana Cecília da Cruz,F,26-35,Sul,Lubrificante Sabores Baunilha,Lubrificantes,38.38,1,0.0,Pix,Entregue,App
632,2023-02-20,537,Maitê Rocha,F,18-25,Sul,Gel Excitante Masculino,Lubrificantes,55.17,1,0.0,Pix,Entregue,App
3801,2023-02-15,97,Sra. Ana Laura Aragão,F,26-35,Sudeste,Óleo de Massagem Relaxante,Lubrificantes,57.8,1,0.0,Pix,Cancelado,Site
1975,2023-05-19,98,Rhavi Montenegro,M,36-45,Sudeste,Massageador Corporal Wave,Vibradores,313.88,1,0.0,Pix,Entregue,Site
163,2024-01-17,268,Rafaela da Mota,F,26-35,Norte,Óleo de Massagem Relaxante,Lubrificantes,40.69,1,0.0,Pix,Entregue,Site
4082,2024-06-27,74,Raquel Cunha,F,46+,Sul,Lubrificante Base Silicone,Lubrificantes,62.61,3,25.0,Cartão Crédito,Entregue,App
3516,2023-11-21,619,João Gabriel Campos,M,26-35,Nordeste,Camisola Sensual Preta,Lingerie,153.68,1,0.0,Cartão Débito,Entregue,Site
4992,2024-07-24,229,Bruna Vasconcelos,F,26-35,Sul,Body Rendado Vermelho,Lingerie,177.56,1,0.0,Cartão Crédito,Entregue,App
4856,2024-05-01,60,Sra. Ana Lívia Teixeira,F,26-35,Sul,Dominó Erótico,Jogos Adultos,72.96,1,0.0,Pix,Entregue,App
618,2023-11-27,90,Rafaela Cunha,Não informado,36-45,Sudeste,Vibrador Ponto G Flex,Vibradores,94.63,2,0.0,Cartão Crédito,Entregue,Marketplace
876,2023-12-06,48,Sra. Brenda da Rocha,F,26-35,Centro-Oeste,Perfume Íntimo Floral,Cosméticos Íntimos,115.51,2,20.0,Cartão Crédito,Entregue,Site
1432,2023-08-21,197,Isabel Gomes,F,18-25,Nordeste,Body Coelhinha Plus Size,Lingerie,183.38,1,30.0,Cartão Crédito,Devolvido,Site
3932,2024-01-01,56,Rebeca Almeida,F,26-35,Sul,Lubrificante Íntimo Aquoso 100ml,Lubrificantes,85.77,3,0.0,Pix,Entregue,Site
548,2023-02-28,295,Isabel da Paz,F,36-45,Centro-Oeste,Fantasia Policial,Lingerie,101.67,1,0.0,Cartão Crédito,Entregue,Site
5364,2024-10-22,313,Sra. Lara Cirino,F,46+,Nordeste,Lingerie Cropped com Bojo,Lingerie,152.69,1,0.0,Pix,Entregue,Site
5048,2023-11-28,204,Maria da Rosa,F,36-45,Sudeste,Dominó Erótico,Jogos Adultos,62.91,1,0.0,Cartão Débito,Cancelado,Site
4681,2023-07-26,88,Sr. Caleb Sá,M,26-35,Sudeste,Gel Térmico Sensação Quente,Cosméticos Íntimos,47.81,1,0.0,Pix,Entregue,Marketplace
2926,2024-06-28,549,Dra. Mariana Moraes,F,36-45,Sudeste,Body Coelhinha Plus Size,Lingerie,130.46,1,0.0,Cartão Crédito,Entregue,Site
3260,2024-10-31,538,Ana Júlia Vieira,F,36-45,Nordeste,Lubrificante Íntimo Aquoso 250ml,Lubrificantes,84.0,1,0.0,Cartão Crédito,Entregue,Site
3035,2023-05-19,90,Rafaela Cunha,Não informado,36-45,Sudeste,Conjunto Lingerie Boudoir,Lingerie,63.15,1,10.0,Cartão Crédito,Entregue,Site
4532,2024-10-07,62,Sra. Eloah da Luz,F,26-35,Sudeste,Wand Massager Pro,Vibradores,251.36,1,0.0,Cartão Crédito,Entregue,App
1862,2024-09-19,283,Bárbara Novais,F,26-35,Nordeste,Kit Cuidados Íntimos,Cosméticos Íntimos,145.81,2,0.0,Cartão Crédito,Entregue,App
2660,2023-01-28,284,Henry Gabriel Vasconcelos,M,36-45,Sudeste,Jogo de Cartas Sexo Quiz,Jogos Adultos,85.75,1,15.0,Cartão Crédito,Entregue,Site
641,2024-11-02,6,Helena da Conceição,F,26-35,Sul,Camisola Sensual Preta,Lingerie,90.53,1,25.0,Cartão Crédito,Entregue,Site
3671,2023-05-10,75,Caroline Silveira,F,36-45,Sudeste,Lubrificante Sabores Baunilha,Lubrificantes,32.79,1,0.0,Cartão Crédito,Devolvido,App
5422,2024-05-29,102,Nathan Campos,M,18-25,Sudeste,Vibrador Duplo Prazer,Vibradores,373.01,1,25.0,Cartão Crédito,Entregue,Marketplace
638,2024-04-16,77,Maria Luísa Correia,F,46+,Sudeste,Lubrificante Base Silicone,Lubrificantes,75.08,3,20.0,Cartão Crédito,Entregue,App
4540,2023-08-20,26,Srta. Yasmin Siqueira,F,46+,Sul,Lubrificante Base Silicone,Lubrificantes,36.08,1,0.0,Pix,Entregue,App
4177,2023-06-03,235,Dr. Dante Vieira,M,18-25,Sudeste,Kit Iniciante BDSM 5 Peças,Acessórios BDSM,270.07,3,20.0,Cartão Crédito,Entregue,Site
2309,2023-11-13,34,Dr. Miguel Ramos,M,18-25,Nordeste,Chicote de Couro Soft,Acessórios BDSM,87.74,2,0.0,Cartão Crédito,Entregue,App
3670,2024-01-05,163,Sofia das Neves,F,36-45,Sul,Body Rendado Vermelho,Lingerie,109.11,5,0.0,Pix,Entregue,App
2097,2024-11-14,232,Marcos Vinicius Gonçalves,M,36-45,Sul,Vibrador Ponto G Flex,Vibradores,366.05,1,0.0,Cartão Crédito,Entregue,App
3261,2024-02-05,64,Gabriela Silva,F,26-35,Sudeste,Vibrador Clássico Silicone,Vibradores,218.18,1,0.0,Pix,Entregue,App
3803,2024-02-11,431,Caroline Nogueira,F,26-35,Norte,Fantasia Policial,Lingerie,182.03,1,0.0,Boleto,Entregue,Site
1373,2024-08-28,476,Ana Borges,F,36-45,Norte,Fantasia Policial,Lingerie,172.58,1,10.0,Pix,Entregue,Marketplace
3694,2024-12-23,74,Raquel Cunha,F,46+,Sul,Lubrificante Sabores Baunilha,Lubrificantes,86.53,1,0.0,Cartão Crédito,Entregue,Site
922,2024-09-24,182,Srta. Bianca Vasconcelos,F,26-35,Nordeste,Meia-Calça Rendada,Lingerie,148.24,1,0.0,Cartão Crédito,Entregue,Site
547,2023-05-01,34,Dr. Miguel Ramos,M,18-25,Nordeste,Gel Excitante Masculino,Lubrificantes,42.68,2,0.0,Pix,Entregue,Marketplace
1450,2023-01-14,303,Ravi Lucca Sales,M,36-45,Sudeste,Vibrador Duplo Prazer,Vibradores,231.31,1,0.0,Pix,Cancelado,App
2805,2023-01-08,200,Nina Leão,F,18-25,Centro-Oeste,Vibrador Rabbit Premium,Vibradores,297.85,3,20.0,Pix,Entregue,Site
2611,2023-10-16,456,Srta. Luara Lima,F,46+,Sudeste,Fantasia Policial,Lingerie,180.76,2,0.0,Cartão Crédito,Entregue,App
1901,2023-07-11,218,Lara Sá,F,46+,Sul,Meia-Calça Rendada,Lingerie,139.72,3,0.0,Cartão Débito,Entregue,Marketplace
2758,2024-01-28,529,Olívia Montenegro,F,18-25,Sudeste,Lubrificante Íntimo Aquoso 250ml,Lubrificantes,87.16,1,0.0,Cartão Crédito,Entregue,Marketplace
2029,2023-03-10,82,Lucca Caldeira,M,26-35,Nordeste,Gel Excitante Feminino,Lubrificantes,82.44,1,0.0,Pix,Entregue,Marketplace
2302,2024-09-10,228,Maria Eduarda Cavalcante,F,18-25,Sudeste,Fantasia Enfermeira,Lingerie,137.76,1,0.0,Cartão Crédito,Entregue,App
1886,2023-07-14,169,Giovanna Lopes,F,36-45,Sudeste,Conjunto Lingerie Boudoir,Lingerie,142.23,1,,Pix,Entregue,Site
1643,2023-06-09,199,Maria Luísa Farias,F,46+,Nordeste,Óleo de Massagem Relaxante,Lubrificantes,82.69,1,0.0,Cartão Crédito,Entregue,Marketplace
973,2023-02-02,344,Zoe Mendes,F,26-35,Sudeste,Gel Excitante Masculino,Lubrificantes,71.94,3,0.0,Cartão Crédito,Entregue,App
5336,2023-01-28,634,Ana Vitória Rios,F,26-35,Nordeste,Mini Vibrador Discreto,Vibradores,258.78,1,5.0,Cartão Crédito,Entregue,Marketplace
2098,2023-06-07,268,Rafaela da Mota,F,26-35,Norte,Vibrador Rabbit Premium,Vibradores,489.37,1,30.0,Pix,Cancelado,Site
4831,2024-03-13,406,Sr. Ravy Alves,M,36-45,Sudeste,Perfume Íntimo Floral,Cosméticos Íntimos,100.35,2,0.0,Cartão Débito,Entregue,App
4460,2023-06-20,215,Benicio da Luz,M,18-25,Nordeste,Lingerie Cropped com Bojo,Lingerie,62.85,1,10.0,Pix,Entregue,Site
4991,2024-04-25,715,Laura Barbosa,Não informado,26-35,Nordeste,Vibrador Rabbit Premium,Vibradores,279.38,3,0.0,Pix,Entregue,Site
3311,2024-09-16,335,Maria Vitória Mendes,F,46+,Sudeste,Meia-Calça Rendada,Lingerie,82.58,5,0.0,Cartão Crédito,Entregue,App
837,2023-02-17,572,Davi da Paz,M,26-35,Nordeste,Mordaça Silicone,Acessórios BDSM,181.2,1,0.0,Boleto,Entregue,Marketplace
602,2024-09-10,91,Bento Cavalcante,M,26-35,Sul,Meia-Calça Rendada,Lingerie,75.91,1,0.0,Cartão Débito,Entregue,Site
2185,2024-03-03,281,Ana Júlia Cassiano,F,36-45,Sul,Mini Vibrador Discreto,Vibradores,228.33,1,0.0,Pix,Entregue,Site
4420,2023-06-14,55,Agatha Peixoto,F,46+,Nordeste,Gel Excitante Feminino,Lubrificantes,63.69,3,0.0,Cartão Crédito,Entregue,Marketplace
3489,2023-02-23,9,Pietro Pastor,M,26-35,Sudeste,Óleo de Massagem Relaxante,Lubrificantes,57.23,4,25.0,Pix,Entregue,App
4775,2024-12-16,114,Caroline Ferreira,F,36-45,Sudeste,Lubrificante Íntimo Aquoso 250ml,Lubrificantes,74.32,1,0.0,Pix,Cancelado,Site
1583,2024-03-30,242,Maya Cavalcanti,F,46+,Norte,Lubrificante Íntimo Aquoso 100ml,Lubrificantes,62.3,4,0.0,Pix,Cancelado,Site
5012,2024-12-12,322,Théo Abreu,M,18-25,Sudeste,Fantasia Policial,Lingerie,70.52,3,0.0,Pix,Entregue,App
3101,2024-05-11,28,Júlia Porto,F,26-35,Centro-Oeste,Body Coelhinha Plus Size,Lingerie,108.83,2,30.0,Cartão Crédito,Entregue,App
5139,2023-12-14,303,Ravi Lucca Sales,M,36-45,Sudeste,Vibrador Duplo Prazer,Vibradores,197.55,5,0.0,Pix,Entregue,Site
1071,2024-04-05,97,Sra. Ana Laura Aragão,F,26-35,Sudeste,Jogo Tabuleiro Casais,Jogos Adultos,126.62,1,0.0,Pix,Entregue,App
1776,2023-12-09,105,Mariah Ribeiro,F,18-25,Nordeste,Mordaça Silicone,Acessórios BDSM,95.58,2,0.0,Boleto,Entregue,Site
2531,2024-02-24,299,Ísis Câmara,F,26-35,Sul,Kit Algemas Veludo,Acessórios BDSM,231.45,3,0.0,Pix,Entregue,Site
1284,2024-01-11,3,Cauã Rocha,M,18-25,Sudeste,Wand Massager Pro,Vibradores,316.86,2,0.0,Boleto,Entregue,Site
3750,2024-11-25,520,Olivia Macedo,F,26-35,Nordeste,Gel Excitante Feminino,Lubrificantes,71.88,1,0.0,Pix,Entregue,Site
4026,2024-05-13,438,Srta. Olívia Machado,F,46+,Sul,Lubrificante Íntimo Aquoso 250ml,Lubrificantes,31.91,2,25.0,Pix,Entregue,Marketplace
5460,2023-03-04,658,Thomas Câmara,M,36-45,Sudeste,Vibrador Rabbit Premium,Vibradores,426.68,1,20.0,Cartão Crédito,Entregue,App
1837,2024-03-31,39,Luiz Miguel Câmara,M,36-45,Sudeste,Dado do Prazer,Jogos Adultos,113.88,1,0.0,Pix,Entregue,Site
4704,2023-03-21,243,Dr. Vitor Gabriel Vasconcelos,M,26-35,Sudeste,Kit Iniciante BDSM 5 Peças,Acessórios BDSM,189.35,1,15.0,Pix,Entregue,Site
1020,2024-01-22,10,Alana Teixeira,F,36-45,Sul,Fantasia Enfermeira,Lingerie,80.05,2,0.0,Cartão Crédito,Entregue,Site
5496,2023-02-28,112,Beatriz Barbosa,F,36-45,Nordeste,Dado do Prazer,Jogos Adultos,77.28,1,0.0,Cartão Débito,Entregue,App
1327,2023-02-25,56,Rebeca Almeida,F,26-35,Sul,Massageador Corporal Wave,Vibradores,309.93,2,10.0,Pix,Cancelado,Site
5092,2024-11-26,16,Sra. Zoe Campos,F,18-25,Sudeste,Spray Prolongador,Cosméticos Íntimos,79.09,1,0.0,Pix,Entregue,Site
476,2023-06-29,773,Laura Duarte,F,36-45,Sudeste,Mini Vibrador Discreto,Vibradores,390.53,1,10.0,Cartão Crédito,Entregue,App
2811,2024-08-01,79,Maria Lima,F,18-25,Centro-Oeste,Kit Iniciante BDSM 5 Peças,Acessórios BDSM,276.84,1,0.0,Pix,Entregue,Marketplace
4168,2024-09-01,28,Júlia Porto,F,26-35,Centro-Oeste,Body Coelhinha Plus Size,Lingerie,159.58,2,0.0,Cartão Débito,Entregue,App
1652,2023-11-22,100,Anna Liz Cirino,F,18-25,Centro-Oeste,Mordaça Silicone,Acessórios BDSM,126.98,1,0.0,Cartão Crédito,Entregue,App
5157,2024-02-16,57,Maria Cecília das Neves,F,18-25,Centro-Oeste,Body Coelhinha Plus Size,Lingerie,184.59,2,0.0,Pix,Entregue,Site
4750,2023-02-04,412,Danilo Brito,M,36-45,Sudeste,Lubrificante Íntimo Aquoso 250ml,Lubrificantes,85.58,1,30.0,Cartão Crédito,Entregue,Marketplace
2529,2024-04-25,3,Cauã Rocha,M,18-25,Sudeste,Vibrador Rabbit Premium,Vibradores,443.75,1,0.0,Pix,Cancelado,Site
3194,2024-08-27,109,Caroline Rios,F,36-45,Sudeste,Body Rendado Vermelho,Lingerie,143.2,1,10.0,Pix,Entregue,Site
3034,2023-12-28,30,Ana Laura da Conceição,F,18-25,Sudeste,Perfume Íntimo Floral,Cosméticos Íntimos,135.85,2,0.0,Cartão Crédito,Entregue,App
3163,2023-12-13,99,Emanuel Araújo,M,26-35,Sudeste,Lubrificante Sabores Baunilha,Lubrificantes,53.35,1,20.0,Pix,Entregue,Site
1374,2024-11-13,184,Dra. Nicole Aragão,F,36-45,Sul,Meia-Calça Rendada,Lingerie,73.35,2,0.0,Pix,Cancelado,App
740,2024-05-13,130,Sra. Mariane Novais,F,46+,Nordeste,Jogo Tabuleiro Casais,Jogos Adultos,75.85,1,0.0,Pix,Cancelado,App
4274,2023-05-27,177,Isabelly Melo,F,18-25,Sudeste,Lubrificante Íntimo Aquoso 100ml,Lubrificantes,40.23,3,25.0,Cartão Crédito,Entregue,Marketplace
3120,2023-10-29,67,Bárbara da Cruz,Não informado,36-45,Norte,Mini Vibrador Discreto,Vibradores,208.61,2,0.0,Pix,Entregue,Site
868,2023-08-10,56,Rebeca Almeida,F,26-35,Sul,Lubrificante Íntimo Aquoso 100ml,Lubrificantes,81.35,1,0.0,Cartão Crédito,Devolvido,Site
1141,2024-08-29,438,Srta. Olívia Machado,F,46+,Sul,Kit Cuidados Íntimos,Cosméticos Íntimos,101.46,1,15.0,Cartão Crédito,Devolvido,Site
998,2024-08-03,41,Benicio Camargo,M,26-35,Nordeste,Mini Vibrador Discreto,Vibradores,384.92,1,0.0,Pix,Entregue,App
1338,2023-01-09,301,Bento Cavalcante,Não informado,26-35,Norte,Camisola Sensual Preta,Lingerie,123.41,1,0.0,Pix,Cancelado,Site
542,2024-11-25,250,Raquel Cunha,F,26-35,Sudeste,Camisola Sensual Preta,Lingerie,121.35,1,0.0,Pix,Devolvido,App
1100,2024-02-22,119,Letícia Ribeiro,Não informado,18-25,Norte,Vibrador Ponto G Flex,Vibradores,400.06,1,25.0,Pix,Entregue,Marketplace
1133,2024-02-01,24,Giovanna Rios,F,26-35,Centro-Oeste,Vibrador Duplo Prazer,Vibradores,169.17,2,5.0,Pix,Entregue,App
5383,2024-08-13,84,Melissa Carvalho,F,26-35,Nordeste,Jogo de Cartas Sexo Quiz,Jogos Adultos,124.04,3,0.0,Pix,Entregue,Marketplace
3413,2023-12-26,7,Apollo Novais,M,18-25,Nordeste,Spray Prolongador,Cosméticos Íntimos,38.03,4,20.0,Pix,Devolvido,Site
2259,2024-06-03,105,Mariah Ribeiro,F,18-25,Nordeste,Colar e Guia BDSM,Acessórios BDSM,79.33,1,0.0,Boleto,Entregue,Marketplace
5427,2023-09-03,740,Sr. Gabriel Almeida,M,36-45,Sudeste,Gel Térmico Sensação Quente,Cosméticos Íntimos,43.23,2,10.0,Cartão Crédito,Entregue,Site
60,2024-04-04,109,Caroline Rios,F,36-45,Sudeste,Creme Excitante Feminino,Cosméticos Íntimos,127.87,1,0.0,Cartão Débito,Entregue,Marketplace
3540,2024-07-11,18,Maria Cecília Oliveira,F,26-35,Centro-Oeste,Corda de Shibari 5m,Acessórios BDSM,57.97,1,0.0,Cartão Crédito,Entregue,Site
1939,2023-12-19,187,Dr. Pedro Miguel Pimenta,M,26-35,Sudeste,Massageador Corporal Wave,Vibradores,293.22,1,0.0,Cartão Crédito,Entregue,Site
3826,2024-11-29,25,Brayan Pereira,M,26-35,Sul,Kit Roleplay Surpresa,Jogos Adultos,79.84,1,0.0,Pix,Entregue,Marketplace
5478,2024-01-30,311,Sra. Ana Cecília Teixeira,F,36-45,Sudeste,Mordaça Silicone,Acessórios BDSM,171.62,3,30.0,Cartão Crédito,Entregue,Site
2938,2023-11-18,236,Ana Cecília Ferreira,F,36-45,Sul,Creme Excitante Feminino,Cosméticos Íntimos,69.18,1,0.0,Cartão Crédito,Cancelado,App
2814,2024-11-15,50,João Montenegro,M,26-35,Sudeste,Meia-Calça Rendada,Lingerie,139.24,3,0.0,Cartão Débito,Entregue,Site
4330,2023-03-31,426,Isabelly Cardoso,F,26-35,Sul,Gel Excitante Masculino,Lubrificantes,57.56,3,0.0,Cartão Crédito,Entregue,App
1079,2023-04-06,69,Heloísa Pastor,F,26-35,Sudeste,Lubrificante Íntimo Aquoso 250ml,Lubrificantes,35.51,1,0.0,Cartão Crédito,Cancelado,Site
4202,2024-09-15,61,Davi Lucas Cardoso,M,36-45,Norte,Lubrificante Íntimo Aquoso 100ml,Lubrificantes,33.57,1,0.0,Cartão Crédito,Entregue,Site
5343,2024-05-01,27,Elisa Martins,F,26-35,Sul,Colar e Guia BDSM,Acessórios BDSM,192.98,1,0.0,Boleto,Entregue,App
3843,2024-04-22,176,Diogo Alves,M,46+,Sudeste,Lingerie Cropped com Bojo,Lingerie,158.41,2,0.0,Pix,Entregue,Marketplace
4728,2024-08-15,462,Lucas Rios,M,18-25,Sudeste,Body Coelhinha Plus Size,Lingerie,66.18,1,0.0,Pix,Cancelado,Site
2631,2023-12-10,267,Dra. Ester Correia,F,36-45,Sudeste,Vibrador Duplo Prazer,Vibradores,170.69,1,5.0,Pix,Entregue,Marketplace
3048,2023-03-15,117,Kevin Pimenta,M,26-35,Norte,Gel Excitante Masculino,Lubrificantes,66.46,2,0.0,Cartão Crédito,Entregue,Site
941,2024-10-23,89,Enzo Jesus,M,36-45,Sul,Cartas Posições Kamasutra,Jogos Adultos,50.73,2,10.0,Cartão Crédito,Entregue,Site
1081,2024-08-12,395,Ágatha Fonseca,F,36-45,Sudeste,Lubrificante Sabores Morango,Lubrificantes,85.98,2,0.0,Pix,Entregue,Marketplace
188,2024-09-27,219,José Barros,M,26-35,Sudeste,Lingerie Cropped com Bojo,Lingerie,86.48,2,10.0,Cartão Crédito,Entregue,App
3222,2024-07-05,49,Eduarda Marques,F,26-35,Sul,Venda para Olhos Satin,Acessórios BDSM,142.45,5,0.0,Pix,Cancelado,Marketplace
2086,2024-01-17,187,Dr. Pedro Miguel Pimenta,M,26-35,Sudeste,Wand Massager Pro,Vibradores,366.3,2,15.0,Cartão Crédito,Entregue,Marketplace
2250,2024-08-11,34,Dr. Miguel Ramos,M,18-25,Nordeste,Lubrificante Base Silicone,Lubrificantes,80.87,2,5.0,Boleto,Entregue,Site
4450,2023-03-11,342,Letícia Pastor,F,18-25,Centro-Oeste,Vibrador Clássico Silicone,Vibradores,393.93,1,0.0,Cartão Crédito,Entregue,Site
5428,2024-12-14,77,Maria Luísa Correia,F,46+,Sudeste,Lubrificante Sabores Morango,Lubrificantes,52.93,5,0.0,Pix,Entregue,Site
2024,2023-03-22,15,Julia Aparecida,F,26-35,Sudeste,Fantasia Enfermeira,Lingerie,141.79,2,0.0,Pix,Entregue,App
3286,2024-09-09,22,Rafael Porto,M,36-45,Nordeste,Spray Prolongador,Cosméticos Íntimos,82.37,1,0.0,Pix,Entregue,Marketplace
1493,2023-12-26,72,Ana Beatriz Farias,F,46+,Norte,Fantasia Policial,Lingerie,135.17,3,0.0,Cartão Crédito,Entregue,Marketplace
4268,2023-08-04,18,Maria Cecília Oliveira,F,26-35,Centro-Oeste,Massageador Corporal Wave,Vibradores,154.4,3,0.0,Cartão Crédito,Entregue,Site
227,2023-09-01,708,Sabrina Peixoto,F,18-25,Sul,Meia-Calça Rendada,Lingerie,117.32,1,0.0,Pix,Entregue,App
4060,2024-01-04,770,Alana Novaes,F,26-35,Sul,Body Rendado Vermelho,Lingerie,112.67,1,25.0,Pix,Entregue,Marketplace
2584,2023-05-24,163,Sofia das Neves,F,36-45,Sul,Meia-Calça Rendada,Lingerie,100.15,3,0.0,Cartão Crédito,Entregue,Site
1930,2024-09-15,19,Bernardo Aparecida,M,36-45,Sudeste,Vibrador Duplo Prazer,Vibradores,257.39,3,0.0,Cartão Crédito,Entregue,Site
3756,2023-11-11,59,Bruno Barros,M,18-25,Sudeste,Gel Excitante Masculino,Lubrificantes,53.48,1,5.0,Cartão Crédito,Entregue,App
4986,2024-10-09,47,João Felipe Vargas,M,18-25,Sul,Vibrador Rabbit Premium,Vibradores,110.88,2,0.0,Cartão Crédito,Cancelado,Site
1405,2024-03-27,289,Srta. Giovanna Pires,F,36-45,Sudeste,Camisola Sensual Preta,Lingerie,107.43,3,0.0,Pix,Entregue,Marketplace
2180,2024-12-25,195,Lucas Gabriel Dias,M,18-25,Centro-Oeste,Lubrificante Sabores Morango,Lubrificantes,85.86,4,0.0,Pix,Entregue,App
698,2024-03-26,234,Dra. Isabelly Caldeira,F,36-45,Centro-Oeste,Massageador Corporal Wave,Vibradores,286.79,3,0.0,Pix,Cancelado,Site
1125,2023-08-17,283,Bárbara Novais,F,26-35,Nordeste,Vibrador Ponto G Flex,Vibradores,255.63,2,20.0,Cartão Crédito,Entregue,App
3794,2023-02-03,349,Augusto Dias,M,26-35,Sudeste,Mordaça Silicone,Acessórios BDSM,210.19,2,0.0,Cartão Débito,Cancelado,App
3584,2023-01-22,483,Júlia Macedo,F,36-45,Sul,Kit Roleplay Surpresa,Jogos Adultos,117.67,4,0.0,Cartão Débito,Entregue,App
1779,2023-08-28,82,Lucca Caldeira,M,26-35,Nordeste,Kit Roleplay Surpresa,Jogos Adultos,73.92,2,0.0,Cartão Crédito,Entregue,Marketplace
2635,2024-08-17,327,Caroline da Paz,F,26-35,Sudeste,Jogo Tabuleiro Casais,Jogos Adultos,68.83,1,0.0,Pix,Entregue,
4182,2023-02-16,295,Isabel da Paz,F,36-45,Centro-Oeste,Lubrificante Base Silicone,Lubrificantes,43.26,2,0.0,Pix,Entregue,Site
1038,2024-12-27,337,Diogo Gomes,M,26-35,Sul,Lubrificante Íntimo Aquoso 100ml,Lubrificantes,51.75,1,0.0,Pix,Entregue,Marketplace
4630,2024-08-15,194,João Pedro da Costa,M,26-35,Nordeste,Creme Retardante Masculino,Cosméticos Íntimos,120.28,1,0.0,Cartão Crédito,Cancelado,App
2257,2023-12-15,198,Srta. Hadassa Azevedo,F,26-35,Nordeste,Fantasia Policial,Lingerie,66.44,1,0.0,Pix,Entregue,Site
5483,2023-02-05,162,Davi Silveira,M,36-45,Norte,Gel Excitante Feminino,Lubrificantes,48.18,1,0.0,Cartão Crédito,Entregue,App
314,2023-12-06,679,Enzo Gabriel Pastor,M,18-25,Nordeste,Gel Excitante Masculino,Lubrificantes,88.08,2,30.0,Pix,Entregue,Marketplace
2650,2023-12-21,167,Srta. Liz Guerra,F,18-25,Sul,Lubrificante Íntimo Aquoso 100ml,Lubrificantes,59.64,1,25.0,Boleto,Cancelado,App
2282,2024-10-12,124,Gustavo Rodrigues,M,26-35,Nordeste,Body Rendado Vermelho,Lingerie,177.88,1,0.0,Pix,Cancelado,Site
3196,2023-02-22,191,João Guilherme Vargas,M,26-35,Nordeste,Lubrificante Sabores Morango,Lubrificantes,60.94,1,0.0,Pix,Entregue,Site
2548,2024-12-03,144,Ravy Câmara,M,18-25,Sudeste,Conjunto Lingerie Boudoir,Lingerie,107.02,1,0.0,Pix,Entregue,App
1417,2023-04-30,12,Eduardo Cunha,Não informado,26-35,Sul,Jogo Tabuleiro Casais,Jogos Adultos,59.55,1,0.0,Cartão Crédito,Entregue,Site
1037,2024-12-05,115,Isabelly Freitas,F,18-25,Sudeste,Óleo de Massagem Relaxante,Lubrificantes,56.02,1,0.0,Cartão Débito,Entregue,App
2160,2024-06-18,359,Dr. Liam Pires,M,36-45,Sul,Dado do Prazer,Jogos Adultos,59.47,1,0.0,Cartão Crédito,Entregue,Site
4618,2023-05-09,506,Murilo Moura,M,26-35,Sul,Wand Massager Pro,Vibradores,312.02,4,5.0,Cartão Crédito,Entregue,Marketplace
1755,2023-02-15,717,João Lucas Pinto,M,18-25,Sudeste,Lubrificante Sabores Baunilha,Lubrificantes,81.64,2,10.0,Pix,Entregue,Site
3828,2023-11-27,179,Gael Silva,M,36-45,Sudeste,Vibrador Duplo Prazer,Vibradores,264.76,1,0.0,Pix,Entregue,App
3451,2024-09-10,166,Mateus Rocha,M,26-35,Sudeste,Body Rendado Vermelho,Lingerie,77.34,1,0.0,Cartão Crédito,Devolvido,Site
3307,2024-11-15,128,Lívia Vargas,F,26-35,Sudeste,Spray Prolongador,Cosméticos Íntimos,90.15,2,15.0,Pix,Entregue,Site
2521,2023-02-03,311,Sra. Ana Cecília Teixeira,F,36-45,Sudeste,Lubrificante Íntimo Aquoso 100ml,Lubrificantes,52.38,1,0.0,Cartão Crédito,Cancelado,App
3946,2024-06-08,5,Ana Beatriz Alves,F,18-25,Sul,Fantasia Policial,Lingerie,184.84,5,0.0,Cartão Débito,Entregue,Site
4106,2023-01-05,289,Srta. Giovanna Pires,F,36-45,Sudeste,Meia-Calça Rendada,Lingerie,86.17,1,25.0,Cartão Crédito,Entregue,App
4163,2023-04-28,215,Benicio da Luz,M,18-25,Nordeste,Lubrificante Íntimo Aquoso 100ml,Lubrificantes,30.34,4,0.0,Cartão Débito,Entregue,Marketplace
1507,2024-02-22,233,Sr. Breno Pastor,M,46+,Sudeste,Creme Retardante Masculino,Cosméticos Íntimos,100.39,1,5.0,Cartão Crédito,Entregue,Site
1924,2023-02-12,121,Cauê Souza,M,26-35,Sul,Sabonete Íntimo pH Neutro,Cosméticos Íntimos,57.39,4,10.0,Boleto,Entregue,Site
449,2024-03-31,130,Sra. Mariane Novais,F,46+,Nordeste,Vibrador Clássico Silicone,Vibradores,114.7,1,0.0,Cartão Débito,Entregue,Site
3025,2024-07-25,17,Bruno Novaes,M,26-35,Sudeste,Vibrador Clássico Silicone,Vibradores,353.29,1,25.0,Cartão Crédito,Entregue,Site
4120,2024-06-07,329,Isaque Santos,M,36-45,Centro-Oeste,Body Coelhinha Plus Size,Lingerie,89.44,1,0.0,Boleto,Entregue,Marketplace
271,2024-07-14,420,Isaac Fonseca,M,26-35,Sul,Vibrador Clássico Silicone,Vibradores,94.8,1,0.0,Pix,Entregue,Site
5023,2023-05-11,654,Dr. Luiz Felipe Santos,M,26-35,Sudeste,Vibrador Ponto G Flex,Vibradores,137.78,1,0.0,Boleto,Devolvido,Marketplace
362,2023-05-29,274,Yuri da Rocha,M,36-45,Sudeste,Fantasia Enfermeira,Lingerie,62.85,4,0.0,Boleto,Entregue,Marketplace
2184,2023-09-19,100,Anna Liz Cirino,F,18-25,Centro-Oeste,Gel Excitante Feminino,Lubrificantes,54.6,3,0.0,Cartão Crédito,Entregue,Marketplace
1135,2024-10-04,304,Nathan da Mata,M,26-35,Centro-Oeste,Body Coelhinha Plus Size,Lingerie,149.15,1,20.0,Pix,Entregue,Site
4431,2023-09-22,299,Ísis Câmara,F,26-35,Sul,Meia-Calça Rendada,Lingerie,68.51,1,0.0,Pix,Entregue,Site
2156,2024-10-03,76,Renan da Cruz,M,26-35,Nordeste,Massageador Corporal Wave,Vibradores,93.79,1,0.0,Cartão Crédito,Entregue,Site
1831,2023-12-22,729,Sofia Moraes,F,46+,Sudeste,Corda de Shibari 5m,Acessórios BDSM,128.5,1,20.0,Cartão Débito,Entregue,App
1054,2024-04-19,408,Benício Porto,M,36-45,Sudeste,Kit Iniciante BDSM 5 Peças,Acessórios BDSM,180.03,2,0.0,Cartão Crédito,Entregue,App
2461,2024-11-09,777,Arthur Miguel Gonçalves,Não informado,26-35,Sudeste,Lubrificante Íntimo Aquoso 250ml,Lubrificantes,80.65,3,30.0,Pix,Entregue,Marketplace
23,2024-02-05,96,Vitor Hugo Araújo,M,36-45,Sudeste,Mordaça Silicone,Acessórios BDSM,220.16,1,0.0,Cartão Crédito,Entregue,Site
2067,2024-09-05,63,Otávio Cunha,M,26-35,Sudeste,Creme Retardante Masculino,Cosméticos Íntimos,139.95,1,15.0,Cartão Crédito,Entregue,Site
1654,2024-06-06,123,Giovanna Silva,F,36-45,Sudeste,Wand Massager Pro,Vibradores,383.81,1,0.0,Cartão Crédito,Entregue,App
3167,2024-06-23,596,Lavínia Lima,F,36-45,Sudeste,Vibrador Clássico Silicone,Vibradores,375.05,1,15.0,Cartão Crédito,Entregue,Marketplace
3950,2023-09-25,74,Raquel Cunha,F,46+,Sul,Mini Vibrador Discreto,Vibradores,460.13,2,15.0,Pix,Entregue,App
2744,2024-04-24,43,Sra. Ana Luiza Gomes,F,46+,Centro-Oeste,Camisola Sensual Preta,Lingerie,83.23,1,0.0,Cartão Crédito,Entregue,Site
3435,2023-11-10,323,Dra. Nicole Jesus,F,46+,Sul,Perfume Íntimo Floral,Cosméticos Íntimos,101.64,1,0.0,Pix,Entregue,Marketplace
4517,2023-12-07,200,Nina Leão,F,18-25,Centro-Oeste,Mordaça Silicone,Acessórios BDSM,180.55,2,0.0,Cartão Crédito,Entregue,Marketplace
2469,2024-05-22,176,Diogo Alves,M,46+,Sudeste,Gel Térmico Sensação Quente,Cosméticos Íntimos,49.1,5,0.0,Pix,Entregue,App
2326,2024-09-08,659,Guilherme Vieira,M,26-35,Nordeste,Fantasia Policial,Lingerie,152.79,1,0.0,Pix,Entregue,Site
461,2024-01-19,35,Diego da Luz,M,26-35,Sudeste,Wand Massager Pro,Vibradores,124.35,1,0.0,Cartão Crédito,Entregue,App
1068,2023-10-09,33,Luara Cunha,Não informado,26-35,Norte,Vibrador Duplo Prazer,Vibradores,149.73,1,0.0,Cartão Crédito,Cancelado,Site
88,2023-07-26,270,Beatriz Correia,F,26-35,Sul,Lubrificante Base Silicone,Lubrificantes,32.26,1,0.0,Cartão Débito,Entregue,Site
1431,2024-12-06,166,Mateus Rocha,M,26-35,Sudeste,Lubrificante Base Silicone,Lubrificantes,69.5,2,0.0,Pix,Entregue,App
4997,2024-09-27,36,Josué Souza,M,18-25,Sul,Conjunto Lingerie Boudoir,Lingerie,109.23,1,10.0,Pix,Entregue,Site
283,2023-05-25,129,Julia Castro,F,26-35,Sudeste,Mini Vibrador Discreto,Vibradores,108.68,2,0.0,Pix,Entregue,Site
2484,2024-06-29,45,Yuri Albuquerque,M,46+,Sudeste,Meia-Calça Rendada,Lingerie,101.79,2,20.0,Pix,Entregue,Site
463,2024-06-09,356,Srta. Ana Vitória Melo,F,36-45,Sul,Massageador Corporal Wave,Vibradores,469.81,1,0.0,Pix,Entregue,Site
213,2023-05-15,280,Rebeca Barbosa,F,26-35,Norte,Mini Vibrador Discreto,Vibradores,370.36,1,0.0,Cartão Crédito,Cancelado,Marketplace
2589,2024-08-15,77,Maria Luísa Correia,F,46+,Sudeste,Lubrificante Íntimo Aquoso 250ml,Lubrificantes,76.26,5,0.0,Cartão Crédito,Entregue,Site
5120,2024-10-24,92,Alexandre Gomes,M,18-25,Sudeste,Fantasia Enfermeira,Lingerie,196.04,1,0.0,Cartão Crédito,Entregue,Site
2908,2023-02-19,71,Dra. Ana Liz da Conceição,F,36-45,Sul,Body Rendado Vermelho,Lingerie,102.72,3,20.0,Pix,Entregue,
2582,2024-03-15,527,Ana Cecília Machado,F,46+,Sul,Massageador Corporal Wave,Vibradores,178.28,3,0.0,Pix,Entregue,Marketplace
1369,2023-11-19,55,Agatha Peixoto,F,46+,Nordeste,Fantasia Enfermeira,Lingerie,168.0,2,0.0,Pix,Entregue,Site
235,2023-12-16,61,Davi Lucas Cardoso,M,36-45,Norte,Body Rendado Vermelho,Lingerie,176.39,1,30.0,Cartão Crédito,Entregue,Site
3400,2023-06-30,231,Apollo das Neves,M,26-35,Nordeste,Mini Vibrador Discreto,Vibradores,247.06,1,0.0,Pix,Entregue,App
598,2024-02-15,53,Daniela Freitas,F,26-35,Sudeste,Camisola Sensual Preta,Lingerie,121.62,1,0.0,Pix,Entregue,Site
4909,2024-09-11,352,Sarah Pastor,F,46+,Sudeste,Wand Massager Pro,Vibradores,492.92,1,0.0,Cartão Crédito,Entregue,App
2251,2024-11-23,28,Júlia Porto,F,26-35,Centro-Oeste,Lubrificante Íntimo Aquoso 100ml,Lubrificantes,45.15,1,0.0,Cartão Débito,Entregue,Site
4514,2024-03-30,262,Vitória Ferreira,F,26-35,Nordeste,Vibrador Rabbit Premium,Vibradores,312.72,1,0.0,Cartão Crédito,Entregue,Site
2284,2023-12-15,14,Aylla Fogaça,F,36-45,Sudeste,Vibrador Ponto G Flex,Vibradores,176.92,1,0.0,Cartão Crédito,Entregue,App
663,2023-02-24,249,Sabrina Duarte,F,46+,Nordeste,Lubrificante Sabores Baunilha,Lubrificantes,70.1,1,25.0,Cartão Crédito,Entregue,Site
4711,2024-08-13,149,Luiz Fernando Ramos,M,36-45,Nordeste,Vibrador Rabbit Premium,Vibradores,323.27,1,0.0,Pix,Entregue,Site
2286,2024-02-25,90,Rafaela Cunha,Não informado,36-45,Sudeste,Body Coelhinha Plus Size,Lingerie,115.94,1,0.0,Boleto,Entregue,Marketplace
5236,2023-06-20,3,Cauã Rocha,M,18-25,Sudeste,Gel Excitante Feminino,Lubrificantes,74.68,2,20.0,Pix,Entregue,Marketplace
3928,2024-10-25,286,Letícia Pastor,Não informado,36-45,Sul,Meia-Calça Rendada,Lingerie,166.99,1,0.0,Cartão Crédito,Entregue,App
3188,2023-04-09,120,Catarina da Luz,F,18-25,Sul,Vibrador Clássico Silicone,Vibradores,365.07,2,0.0,Pix,Entregue,Site
3064,2023-04-22,261,Léo Melo,M,26-35,Nordeste,Cartas Posições Kamasutra,Jogos Adultos,119.97,3,0.0,Cartão Crédito,Devolvido,Site
2991,2023-09-01,55,Agatha Peixoto,F,46+,Nordeste,Meia-Calça Rendada,Lingerie,91.6,3,0.0,Cartão Crédito,Entregue,Marketplace
4941,2023-04-04,115,Isabelly Freitas,F,18-25,Sudeste,Vibrador Duplo Prazer,Vibradores,318.8,1,0.0,Pix,Entregue,Site
780,2023-02-11,273,Sr. João Guilherme Aparecida,M,18-25,Nordeste,Lubrificante Base Silicone,Lubrificantes,66.46,2,5.0,Pix,Devolvido,Site
2545,2023-12-21,26,Srta. Yasmin Siqueira,F,46+,Sul,Óleo de Massagem Relaxante,Lubrificantes,42.95,1,0.0,Boleto,Entregue,Marketplace
4129,2024-03-14,97,Sra. Ana Laura Aragão,F,26-35,Sudeste,Óleo de Massagem Relaxante,Lubrificantes,33.39,1,0.0,Pix,Entregue,Site
4158,2024-12-17,472,Dr. Arthur Cirino,M,26-35,Sudeste,Lingerie Cropped com Bojo,Lingerie,133.81,1,0.0,Cartão Crédito,Entregue,Marketplace
4040,2024-04-06,232,Marcos Vinicius Gonçalves,M,36-45,Sul,Gel Excitante Masculino,Lubrificantes,40.9,1,0.0,Pix,Entregue,Site
3934,2023-01-20,70,Alana Barbosa,F,26-35,Norte,Cartas Posições Kamasutra,Jogos Adultos,71.29,3,0.0,Cartão Crédito,Devolvido,Marketplace
4571,2024-02-29,188,Dra. Mariane Novaes,F,26-35,Sudeste,Fantasia Policial,Lingerie,166.07,1,10.0,Pix,Entregue,App
5365,2023-12-07,196,Anna Liz Carvalho,F,26-35,Sul,Conjunto Lingerie Boudoir,Lingerie,79.6,1,0.0,Boleto,Entregue,App
686,2023-02-26,219,José Barros,M,26-35,Sudeste,Venda para Olhos Satin,Acessórios BDSM,183.45,3,0.0,Cartão Crédito,Entregue,Site
3896,2023-01-20,438,Srta. Olívia Machado,F,46+,Sul,Fantasia Policial,Lingerie,173.9,2,0.0,Cartão Crédito,Cancelado,Site
3371,2024-02-23,69,Heloísa Pastor,F,26-35,Sudeste,Lubrificante Íntimo Aquoso 250ml,Lubrificantes,77.68,1,0.0,Cartão Crédito,Entregue,App
4297,2023-06-26,43,Sra. Ana Luiza Gomes,F,46+,Centro-Oeste,Corda de Shibari 5m,Acessórios BDSM,191.85,2,0.0,Pix,Entregue,App
2838,2023-02-07,13,Cauã Borges,M,36-45,Nordeste,Lingerie Cropped com Bojo,Lingerie,146.4,3,20.0,Cartão Crédito,Entregue,Site
3033,2023-02-22,360,Dr. Vitor Hugo Andrade,M,36-45,Sudeste,Gel Excitante Feminino,Lubrificantes,59.56,2,0.0,Cartão Crédito,Entregue,App
2172,2023-03-31,21,Carlos Eduardo Garcia,Não informado,36-45,Sul,Lubrificante Íntimo Aquoso 100ml,Lubrificantes,86.38,2,0.0,Pix,Entregue,Marketplace
3263,2024-01-12,149,Luiz Fernando Ramos,M,36-45,Nordeste,Lubrificante Sabores Baunilha,Lubrificantes,85.16,1,0.0,Pix,Entregue,Site
1851,2024-10-23,93,Mirella da Paz,F,26-35,Sudeste,Fantasia Policial,Lingerie,120.14,1,0.0,Pix,Entregue,App
488,2024-08-05,91,Bento Cavalcante,M,26-35,Sul,Perfume Íntimo Floral,Cosméticos Íntimos,72.2,2,0.0,Cartão Débito,Entregue,Site
1689,2024-01-29,250,Raquel Cunha,F,26-35,Sudeste,Body Rendado Vermelho,Lingerie,78.06,1,0.0,Pix,Entregue,Site
2231,2024-02-28,353,Beatriz Macedo,F,26-35,Nordeste,Lubrificante Íntimo Aquoso 100ml,Lubrificantes,80.1,1,30.0,Pix,Entregue,Site
4013,2024-06-16,314,Maya Porto,F,36-45,Sul,Lubrificante Sabores Morango,Lubrificantes,74.86,1,0.0,Cartão Crédito,Entregue,Site
2321,2024-09-16,559,Eloah Silveira,F,26-35,Sul,Wand Massager Pro,Vibradores,419.69,1,0.0,Cartão Crédito,Entregue,Site
783,2023-10-07,81,Beatriz Araújo,F,26-35,Sul,Wand Massager Pro,Vibradores,259.77,1,0.0,Cartão Crédito,Devolvido,Site
522,2024-02-06,132,Srta. Ísis Andrade,F,18-25,Sudeste,Corda de Shibari 5m,Acessórios BDSM,89.7,1,0.0,Pix,Entregue,Site
523,2024-02-05,699,Maria Isis Pimenta,F,36-45,Sudeste,Fantasia Enfermeira,Lingerie,99.43,4,25.0,Pix,Entregue,App
3481,2024-12-10,47,João Felipe Vargas,M,18-25,Sul,Lubrificante Sabores Morango,Lubrificantes,52.5,1,0.0,Cartão Crédito,Entregue,Site
2940,2024-11-11,13,Cauã Borges,M,36-45,Nordeste,Vibrador Ponto G Flex,Vibradores,172.87,1,0.0,Pix,Entregue,Site
4472,2023-11-21,768,Luísa Silva,F,36-45,Nordeste,Gel Excitante Feminino,Lubrificantes,49.84,1,0.0,Cartão Crédito,Entregue,Site
2399,2024-11-06,276,Larissa Melo,F,18-25,Sul,Jogo Tabuleiro Casais,Jogos Adultos,119.57,1,0.0,Cartão Débito,Entregue,Marketplace
2208,2023-08-24,481,Eduarda Sá,F,36-45,Sul,Vibrador Rabbit Premium,Vibradores,251.11,4,0.0,Pix,Entregue,Site
4807,2024-11-15,23,Elisa Freitas,F,18-25,Sudeste,Vibrador Duplo Prazer,Vibradores,226.01,1,0.0,Pix,Entregue,Site
781,2024-03-08,312,Olivia Moreira,F,26-35,Norte,Vibrador Duplo Prazer,Vibradores,195.21,2,20.0,Cartão Débito,Entregue,App
5204,2024-08-26,331,Maria Luísa Borges,F,18-25,Sul,Wand Massager Pro,Vibradores,278.45,1,0.0,Cartão Crédito,Entregue,Site
4484,2024-06-18,227,Nina Sampaio,F,26-35,Sul,Mordaça Silicone,Acessórios BDSM,193.66,1,0.0,Cartão Crédito,Entregue,Site
1512,2024-11-24,331,Maria Luísa Borges,F,18-25,Sul,Kit Cuidados Íntimos,Cosméticos Íntimos,114.48,2,0.0,Pix,Entregue,Site
1883,2023-02-08,270,Beatriz Correia,F,26-35,Sul,Lubrificante Íntimo Aquoso 250ml,Lubrificantes,54.19,2,0.0,Cartão Crédito,Entregue,App
652,2023-05-26,208,Maya Mendonça,F,18-25,Sudeste,Mini Vibrador Discreto,Vibradores,393.72,5,0.0,Cartão Crédito,Entregue,Marketplace
4727,2024-12-27,572,Davi da Paz,M,26-35,Nordeste,Dominó Erótico,Jogos Adultos,124.02,3,5.0,Boleto,Entregue,App
3797,2024-10-30,206,Dra. Ísis Pereira,F,36-45,Sudeste,Massageador Corporal Wave,Vibradores,315.51,2,0.0,Pix,Entregue,Site
370,2023-07-23,21,Carlos Eduardo Garcia,Não informado,36-45,Sul,Jogo de Cartas Sexo Quiz,Jogos Adultos,75.99,1,0.0,Pix,Entregue,Marketplace
4853,2023-10-06,384,Sra. Kamilly Albuquerque,F,18-25,Sul,Lubrificante Sabores Baunilha,Lubrificantes,78.63,1,0.0,Cartão Crédito,Entregue,App
4602,2024-04-06,392,Caroline Borges,F,18-25,Nordeste,Vibrador Clássico Silicone,Vibradores,307.98,5,0.0,Pix,Entregue,App
119,2024-10-03,533,Ana Cecília da Cruz,F,26-35,Sul,Body Coelhinha Plus Size,Lingerie,180.99,1,0.0,Cartão Crédito,Entregue,Marketplace
4081,2024-05-11,311,Sra. Ana Cecília Teixeira,F,36-45,Sudeste,Conjunto Lingerie Boudoir,Lingerie,68.84,3,30.0,Pix,Entregue,Site
3734,2023-10-08,189,Emanuel Souza,M,36-45,Sudeste,Lubrificante Íntimo Aquoso 100ml,Lubrificantes,84.84,1,0.0,Pix,Cancelado,Site
2217,2023-02-26,444,Paulo Rodrigues,M,36-45,Sudeste,Camisola Sensual Preta,Lingerie,113.76,1,0.0,Cartão Crédito,Entregue,Marketplace
4367,2023-12-18,24,Giovanna Rios,F,26-35,Centro-Oeste,Jogo de Cartas Sexo Quiz,Jogos Adultos,50.02,3,0.0,Cartão Crédito,Entregue,App
1614,2023-02-26,108,Sra. Isabella da Luz,Não informado,36-45,Centro-Oeste,Lubrificante Base Silicone,Lubrificantes,53.36,1,0.0,Cartão Débito,Entregue,App
2884,2024-12-27,21,Carlos Eduardo Garcia,Não informado,36-45,Sul,Dado do Prazer,Jogos Adultos,82.09,1,15.0,Cartão Crédito,Entregue,Site
3577,2023-12-26,61,Davi Lucas Cardoso,M,36-45,Norte,Vibrador Rabbit Premium,Vibradores,406.11,2,15.0,Pix,Entregue,Site
963,2023-02-18,78,Aylla Ribeiro,F,26-35,Nordeste,Massageador Corporal Wave,Vibradores,276.97,1,0.0,Cartão Crédito,Entregue,App
5001,2024-04-10,137,Luiz Gustavo Vasconcelos,M,26-35,Nordeste,Massageador Corporal Wave,Vibradores,267.53,1,0.0,Pix,Entregue,App
2511,2023-11-09,18,Maria Cecília Oliveira,F,26-35,Centro-Oeste,Massageador Corporal Wave,Vibradores,298.56,1,0.0,Cartão Débito,Cancelado,Marketplace
5211,2024-12-21,641,Rael Freitas,M,26-35,Sul,Gel Excitante Masculino,Lubrificantes,35.46,1,0.0,Pix,Cancelado,Site
4232,2024-06-23,219,José Barros,M,26-35,Sudeste,Lubrificante Sabores Morango,Lubrificantes,52.32,1,0.0,Pix,Entregue,Site
3464,2023-06-13,245,Dr. Lorenzo da Cruz,M,18-25,Sul,Vibrador Duplo Prazer,Vibradores,249.31,2,0.0,Cartão Crédito,Entregue,Site
360,2023-11-17,231,Apollo das Neves,M,26-35,Nordeste,Lingerie Cropped com Bojo,Lingerie,172.72,2,10.0,Pix,Entregue,Marketplace
3730,2023-04-07,243,Dr. Vitor Gabriel Vasconcelos,M,26-35,Sudeste,Mini Vibrador Discreto,Vibradores,151.82,2,0.0,Cartão Crédito,Entregue,App
2416,2023-12-10,683,Julia Rezende,F,36-45,Sudeste,Camisola Sensual Preta,Lingerie,150.52,1,0.0,Cartão Crédito,Entregue,Site
5166,2024-02-13,744,Olivia Sousa,F,18-25,Sudeste,Body Rendado Vermelho,Lingerie,198.87,2,0.0,Pix,Cancelado,Marketplace
4695,2024-08-29,159,Zoe Rodrigues,F,46+,Sul,Lubrificante Sabores Baunilha,Lubrificantes,76.44,4,0.0,Pix,Entregue,Site
2186,2023-05-31,620,Maya Guerra,F,36-45,Centro-Oeste,Massageador Corporal Wave,Vibradores,306.89,4,0.0,Cartão Crédito,Entregue,App
3955,2023-08-16,73,Sophie da Costa,F,36-45,Sudeste,Fantasia Enfermeira,Lingerie,65.47,4,0.0,Boleto,Cancelado,App
2568,2024-11-10,91,Bento Cavalcante,M,26-35,Sul,Spray Prolongador,Cosméticos Íntimos,79.06,2,25.0,Cartão Crédito,Entregue,Site
2038,2023-06-27,46,Dra. Bruna Rodrigues,F,18-25,Nordeste,Vibrador Duplo Prazer,Vibradores,339.29,1,0.0,Boleto,Devolvido,Marketplace
4725,2023-02-19,69,Heloísa Pastor,F,26-35,Sudeste,Body Coelhinha Plus Size,Lingerie,158.99,1,0.0,Pix,Devolvido,Site
773,2024-05-07,38,Dra. Mariane Pacheco,F,26-35,Sudeste,Gel Térmico Sensação Quente,Cosméticos Íntimos,55.54,1,0.0,Pix,Entregue,Site
1285,2024-06-01,109,Caroline Rios,F,36-45,Sudeste,Venda para Olhos Satin,Acessórios BDSM,81.48,3,0.0,Pix,Entregue,Marketplace
5107,2023-01-23,126,Ana Júlia Borges,F,36-45,Sudeste,Camisola Sensual Preta,Lingerie,104.86,1,0.0,Pix,Entregue,App
5258,2024-09-03,215,Benicio da Luz,M,18-25,Nordeste,Gel Excitante Masculino,Lubrificantes,31.43,2,0.0,Pix,Entregue,Marketplace
2588,2023-05-28,303,Ravi Lucca Sales,M,36-45,Sudeste,Lubrificante Íntimo Aquoso 100ml,Lubrificantes,30.36,4,30.0,Cartão Débito,Entregue,Site
5078,2024-04-02,75,Caroline Silveira,F,36-45,Sudeste,Óleo de Massagem Relaxante,Lubrificantes,65.63,1,30.0,Boleto,Entregue,Site
1415,2024-02-29,205,Otto Nascimento,M,26-35,Sul,Vibrador Ponto G Flex,Vibradores,284.31,2,0.0,Pix,Entregue,Site
1235,2024-03-22,280,Rebeca Barbosa,F,26-35,Norte,Óleo de Massagem Relaxante,Lubrificantes,38.98,5,0.0,Cartão Crédito,Entregue,Site
3308,2024-07-11,20,Sr. João Vitor Barros,M,18-25,Sudeste,Lubrificante Íntimo Aquoso 100ml,Lubrificantes,51.01,3,0.0,Pix,Entregue,Site
436,2023-05-08,317,Sr. Enrico Farias,Não informado,36-45,Nordeste,Gel Térmico Sensação Quente,Cosméticos Íntimos,35.98,2,30.0,Cartão Débito,Entregue,Site
1675,2023-03-22,399,Ana Vitória Casa Grande,F,36-45,Sul,Gel Excitante Masculino,Lubrificantes,32.12,3,0.0,Pix,Entregue,Site
366,2024-12-16,134,Ana Cecília das Neves,F,26-35,Sudeste,Vibrador Ponto G Flex,Vibradores,336.77,3,20.0,Cartão Crédito,Entregue,App
3456,2023-03-24,51,Thiago Caldeira,Não informado,36-45,Sul,Gel Excitante Masculino,Lubrificantes,64.74,2,0.0,Cartão Crédito,Entregue,Marketplace
232,2024-12-24,190,Milena da Luz,Não informado,36-45,Nordeste,Fantasia Policial,Lingerie,96.25,2,0.0,Cartão Débito,Entregue,Site
4731,2023-05-03,36,Josué Souza,M,18-25,Sul,Dominó Erótico,Jogos Adultos,124.92,1,0.0,Cartão Débito,Entregue,App
148,2024-02-12,190,Milena da Luz,Não informado,36-45,Nordeste,Dominó Erótico,Jogos Adultos,50.62,1,10.0,Pix,Entregue,App
4883,2023-02-06,411,Ana Carolina da Rosa,F,36-45,Sul,Kit Algemas Veludo,Acessórios BDSM,90.5,1,10.0,Pix,Entregue,Marketplace
3089,2023-04-25,235,Dr. Dante Vieira,M,18-25,Sudeste,Perfume Íntimo Floral,Cosméticos Íntimos,54.52,1,0.0,Cartão Crédito,Entregue,Marketplace
4033,2023-12-05,24,Giovanna Rios,F,26-35,Centro-Oeste,Lubrificante Íntimo Aquoso 100ml,Lubrificantes,82.59,3,0.0,Pix,Entregue,Site
408,2023-03-28,4,Dra. Aurora Pastor,F,26-35,Sul,Lubrificante Base Silicone,Lubrificantes,55.94,1,0.0,Cartão Débito,Entregue,App
2091,2023-02-10,384,Sra. Kamilly Albuquerque,F,18-25,Sul,Lubrificante Íntimo Aquoso 100ml,Lubrificantes,86.31,1,15.0,Cartão Crédito,Entregue,Site
87,2024-12-18,341,Juliana Abreu,F,26-35,Nordeste,Kit Algemas Veludo,Acessórios BDSM,177.8,2,0.0,Cartão Crédito,Entregue,App
845,2023-11-11,45,Yuri Albuquerque,M,46+,Sudeste,Conjunto Lingerie Boudoir,Lingerie,195.18,5,0.0,Boleto,Cancelado,App
1032,2023-02-11,243,Dr. Vitor Gabriel Vasconcelos,M,26-35,Sudeste,Lubrificante Íntimo Aquoso 250ml,Lubrificantes,32.24,2,25.0,Pix,Cancelado,App
3218,2024-09-07,1,Sr. Apollo Sousa,M,18-25,Sudeste,Lubrificante Sabores Baunilha,Lubrificantes,80.22,1,0.0,Cartão Crédito,Entregue,Site
3940,2023-09-19,148,Dr. Bernardo Vargas,Não informado,26-35,Norte,Lubrificante Sabores Baunilha,Lubrificantes,74.62,1,0.0,Cartão Crédito,Entregue,Site
3341,2023-02-23,527,Ana Cecília Machado,F,46+,Sul,Óleo de Massagem Relaxante,Lubrificantes,60.71,5,30.0,Pix,Entregue,App
2988,2024-03-24,191,João Guilherme Vargas,M,26-35,Nordeste,Fantasia Enfermeira,Lingerie,94.42,1,0.0,Cartão Débito,Entregue,Site
3974,2023-06-09,324,Gabriel Moreira,M,26-35,Sudeste,Venda para Olhos Satin,Acessórios BDSM,146.09,1,25.0,Pix,Cancelado,Site
2629,2024-01-02,185,Isadora Campos,F,36-45,Nordeste,Vibrador Rabbit Premium,Vibradores,120.47,2,30.0,Pix,Cancelado,Site
3726,2023-08-10,599,Sr. Vinicius Fonseca,M,18-25,Sul,Gel Excitante Feminino,Lubrificantes,77.04,3,0.0,Cartão Crédito,Entregue,Marketplace
856,2024-03-18,59,Bruno Barros,M,18-25,Sudeste,Fantasia Enfermeira,Lingerie,177.83,2,30.0,Cartão Crédito,Entregue,Marketplace
4346,2023-10-14,120,Catarina da Luz,F,18-25,Sul,Fantasia Enfermeira,Lingerie,96.04,1,0.0,Pix,Entregue,Site
79,2023-07-25,122,Daniela da Mata,F,26-35,Sul,Gel Térmico Sensação Quente,Cosméticos Íntimos,51.37,3,0.0,Pix,Entregue,Marketplace
2993,2024-10-29,217,Lunna Fernandes,F,26-35,Sudeste,Cartas Posições Kamasutra,Jogos Adultos,64.88,1,25.0,Cartão Crédito,Cancelado,Site
2248,2023-05-12,446,Ana Sophia Barros,F,26-35,Sudeste,Dado do Prazer,Jogos Adultos,102.01,1,0.0,Cartão Débito,Entregue,Site
3517,2023-12-26,25,Brayan Pereira,M,26-35,Sul,Mini Vibrador Discreto,Vibradores,99.36,2,0.0,Pix,Cancelado,App
5072,2023-03-27,351,Sr. Thales Andrade,M,36-45,Sul,Fantasia Policial,Lingerie,125.66,1,0.0,Pix,Devolvido,Site
5110,2023-02-16,689,Ana Liz Castro,F,26-35,Sul,Wand Massager Pro,Vibradores,127.75,3,25.0,Cartão Crédito,Entregue,Site
759,2024-04-16,535,Emanuel Fonseca,M,36-45,Sul,Body Coelhinha Plus Size,Lingerie,102.99,2,10.0,Cartão Crédito,Entregue,Site
3576,2024-12-12,128,Lívia Vargas,F,26-35,Sudeste,Venda para Olhos Satin,Acessórios BDSM,215.45,1,0.0,Cartão Crédito,Entregue,App
4529,2024-07-25,229,Bruna Vasconcelos,F,26-35,Sul,Lubrificante Íntimo Aquoso 250ml,Lubrificantes,55.24,2,0.0,Cartão Crédito,Entregue,Site
2280,2023-11-18,21,Carlos Eduardo Garcia,Não informado,36-45,Sul,Body Rendado Vermelho,Lingerie,187.75,1,0.0,Pix,Entregue,Site
3780,2024-10-10,543,Cecília Ferreira,F,26-35,Sudeste,Meia-Calça Rendada,Lingerie,149.05,1,0.0,Cartão Crédito,Entregue,Marketplace
3804,2023-08-29,741,Luara Leão,F,18-25,Sudeste,Vibrador Ponto G Flex,Vibradores,288.84,1,0.0,Boleto,Entregue,Site
4887,2024-02-19,116,Emanuel Macedo,M,46+,Sudeste,Óleo de Massagem Relaxante,Lubrificantes,50.23,1,0.0,Cartão Crédito,Cancelado,Site
4425,2023-08-06,105,Mariah Ribeiro,F,18-25,Nordeste,Lubrificante Sabores Morango,Lubrificantes,46.94,2,0.0,Cartão Crédito,Entregue,Marketplace
4160,2024-11-21,225,Isaque Cardoso,Não informado,26-35,Sul,Jogo de Cartas Sexo Quiz,Jogos Adultos,114.69,2,0.0,Pix,Entregue,Site
2177,2023-10-24,91,Bento Cavalcante,M,26-35,Sul,Lubrificante Sabores Baunilha,Lubrificantes,59.96,1,0.0,Cartão Crédito,Entregue,Site
425,2024-09-13,17,Bruno Novaes,M,26-35,Sudeste,Meia-Calça Rendada,Lingerie,180.58,1,0.0,Pix,Cancelado,Site
393,2024-09-23,128,Lívia Vargas,F,26-35,Sudeste,Lingerie Cropped com Bojo,Lingerie,172.55,1,0.0,Pix,Entregue,App
5246,2023-12-05,235,Dr. Dante Vieira,M,18-25,Sudeste,Mini Vibrador Discreto,Vibradores,242.05,1,0.0,Cartão Débito,Entregue,Site
2240,2024-04-07,76,Renan da Cruz,M,26-35,Nordeste,Vibrador Clássico Silicone,Vibradores,286.49,1,0.0,Cartão Débito,Entregue,App
105,2023-10-29,559,Eloah Silveira,F,26-35,Sul,Vibrador Ponto G Flex,Vibradores,336.94,3,0.0,Boleto,Entregue,Site
2673,2023-02-25,327,Caroline da Paz,F,26-35,Sudeste,Creme Retardante Masculino,Cosméticos Íntimos,123.19,1,0.0,Pix,Entregue,Marketplace
3649,2023-01-10,244,Ravi Lucca Lopes,M,26-35,Sul,Fantasia Enfermeira,Lingerie,191.84,1,20.0,Pix,Entregue,Site
3271,2023-12-22,81,Beatriz Araújo,F,26-35,Sul,Gel Excitante Feminino,Lubrificantes,53.05,5,0.0,Pix,Devolvido,Site
5174,2024-12-20,10,Alana Teixeira,F,36-45,Sul,Lubrificante Base Silicone,Lubrificantes,65.04,1,0.0,Pix,Entregue,App
5262,2024-05-15,440,Rael Montenegro,M,18-25,Nordeste,Lubrificante Sabores Baunilha,Lubrificantes,51.39,1,0.0,Pix,Entregue,Marketplace
1949,2023-09-12,110,Dr. Raul Dias,M,36-45,Nordeste,Body Coelhinha Plus Size,Lingerie,188.05,1,0.0,Cartão Crédito,Entregue,Marketplace
1460,2024-04-28,285,Maria Helena Machado,F,36-45,Centro-Oeste,Venda para Olhos Satin,Acessórios BDSM,208.23,1,0.0,Cartão Crédito,Entregue,App
4005,2024-05-28,45,Yuri Albuquerque,M,46+,Sudeste,Gel Excitante Feminino,Lubrificantes,75.37,3,0.0,Cartão Crédito,Cancelado,App
4957,2024-12-13,122,Daniela da Mata,F,26-35,Sul,Mini Vibrador Discreto,Vibradores,153.88,1,0.0,Pix,Entregue,Marketplace
3319,2023-11-19,415,Dra. Ágatha Leão,F,26-35,Sudeste,Fantasia Policial,Lingerie,153.03,1,0.0,Boleto,Entregue,Marketplace
5316,2023-07-26,165,Sra. Carolina Correia,F,18-25,Sudeste,Lingerie Cropped com Bojo,Lingerie,187.8,4,0.0,Pix,Entregue,Site
1588,2024-02-27,142,Josué da Mata,M,26-35,Sudeste,Vibrador Clássico Silicone,Vibradores,313.61,2,25.0,Cartão Débito,Entregue,App
5477,2023-05-20,110,Dr. Raul Dias,M,36-45,Nordeste,Dado do Prazer,Jogos Adultos,127.64,1,0.0,Pix,Entregue,App
1732,2023-07-18,261,Léo Melo,M,26-35,Nordeste,Fantasia Enfermeira,Lingerie,81.44,1,0.0,Pix,Entregue,App
5289,2023-02-22,29,Dra. Hellena Rodrigues,F,26-35,Norte,Conjunto Lingerie Boudoir,Lingerie,141.63,2,25.0,Pix,Entregue,Site
4329,2023-12-07,26,Srta. Yasmin Siqueira,F,46+,Sul,Gel Excitante Masculino,Lubrificantes,45.61,1,15.0,Boleto,Entregue,Marketplace
183,2023-07-23,591,Mariah Porto,F,36-45,Sudeste,Vibrador Duplo Prazer,Vibradores,179.19,1,0.0,Pix,Entregue,Site
1792,2024-09-16,348,Maria Isis da Conceição,F,36-45,Sul,Venda para Olhos Satin,Acessórios BDSM,115.83,1,0.0,Pix,Entregue,App
2356,2024-04-19,36,Josué Souza,M,18-25,Sul,Camisola Sensual Preta,Lingerie,101.93,1,15.0,Cartão Crédito,Entregue,App
1941,2023-11-08,17,Bruno Novaes,M,26-35,Sudeste,Gel Excitante Feminino,Lubrificantes,71.22,2,20.0,Pix,Entregue,Marketplace
703,2023-06-14,113,Hadassa Montenegro,F,36-45,Sul,Lubrificante Base Silicone,Lubrificantes,84.61,1,0.0,Boleto,Entregue,App
2443,2024-11-20,371,Anna Liz Pimenta,F,26-35,Sul,Lubrificante Base Silicone,Lubrificantes,45.81,1,10.0,Pix,Entregue,App
4488,2024-06-22,121,Cauê Souza,M,26-35,Sul,Gel Excitante Masculino,Lubrificantes,40.42,1,0.0,Cartão Crédito,Entregue,Marketplace
497,2024-05-08,235,Dr. Dante Vieira,M,18-25,Sudeste,Lubrificante Íntimo Aquoso 250ml,Lubrificantes,75.43,4,0.0,Pix,Entregue,Site
4320,2024-02-11,197,Isabel Gomes,F,18-25,Nordeste,Vibrador Ponto G Flex,Vibradores,399.24,1,0.0,Cartão Crédito,Entregue,Site
465,2023-09-25,678,Sra. Yasmin Borges,F,36-45,Centro-Oeste,Lubrificante Sabores Morango,Lubrificantes,76.89,1,0.0,Cartão Crédito,Entregue,Site
3672,2023-02-13,15,Julia Aparecida,F,26-35,Sudeste,Vibrador Clássico Silicone,Vibradores,402.45,1,15.0,Cartão Crédito,Entregue,Site
4806,2023-03-26,213,Amanda Barros,F,18-25,Sul,Wand Massager Pro,Vibradores,131.86,1,30.0,Pix,Entregue,Site
173,2024-07-06,195,Lucas Gabriel Dias,M,18-25,Centro-Oeste,Lingerie Cropped com Bojo,Lingerie,133.18,2,0.0,Pix,Entregue,Marketplace
4396,2023-08-14,460,Aylla Souza,Não informado,26-35,Sudeste,Óleo de Massagem Relaxante,Lubrificantes,50.27,2,15.0,Cartão Crédito,Cancelado,Site
5323,2023-06-25,142,Josué da Mata,M,26-35,Sudeste,Corda de Shibari 5m,Acessórios BDSM,209.91,1,5.0,Pix,Entregue,Site
2541,2024-02-16,285,Maria Helena Machado,F,36-45,Centro-Oeste,Mini Vibrador Discreto,Vibradores,427.13,1,0.0,Boleto,Entregue,Site
4011,2024-12-28,10,Alana Teixeira,F,36-45,Sul,Camisola Sensual Preta,Lingerie,126.65,2,0.0,Cartão Crédito,Entregue,Marketplace
3623,2023-12-04,69,Heloísa Pastor,F,26-35,Sudeste,Vibrador Duplo Prazer,Vibradores,333.69,1,0.0,Pix,Entregue,App
2261,2023-02-16,383,Juan Almeida,M,26-35,Sudeste,Kit Iniciante BDSM 5 Peças,Acessórios BDSM,151.59,1,0.0,Cartão Crédito,Cancelado,Site
3085,2024-03-28,318,Sabrina da Paz,Não informado,46+,Nordeste,Chicote de Couro Soft,Acessórios BDSM,188.3,2,0.0,Boleto,Entregue,App
2113,2023-04-26,57,Maria Cecília das Neves,F,18-25,Centro-Oeste,Body Rendado Vermelho,Lingerie,136.96,1,0.0,Pix,Entregue,Marketplace
901,2023-02-06,65,Maria Liz Rios,F,46+,Sul,Vibrador Duplo Prazer,Vibradores,427.74,1,0.0,Pix,Entregue,Site
1447,2023-02-10,311,Sra. Ana Cecília Teixeira,F,36-45,Sudeste,Lubrificante Íntimo Aquoso 100ml,Lubrificantes,30.98,1,0.0,Boleto,Entregue,Site
1912,2023-04-01,508,Sra. Hellena Farias,F,36-45,Sul,Gel Excitante Feminino,Lubrificantes,70.36,2,0.0,Cartão Crédito,Entregue,Site
2698,2023-02-14,103,Isadora Pacheco,F,46+,Nordeste,Gel Excitante Feminino,Lubrificantes,38.38,2,0.0,Pix,Entregue,Site
3478,2024-07-22,208,Maya Mendonça,F,18-25,Sudeste,Vibrador Duplo Prazer,Vibradores,293.02,2,0.0,Pix,Entregue,Marketplace
742,2024-06-15,99,Emanuel Araújo,M,26-35,Sudeste,Gel Excitante Feminino,Lubrificantes,86.07,4,10.0,Pix,Entregue,Site
2294,2023-10-26,197,Isabel Gomes,F,18-25,Nordeste,Fantasia Policial,Lingerie,130.36,1,15.0,Cartão Crédito,Entregue,App
2453,2024-03-24,220,Antony Souza,M,18-25,Sudeste,Óleo de Massagem Relaxante,Lubrificantes,34.51,1,0.0,Pix,Cancelado,App
3208,2024-01-29,358,Sra. Anna Liz Farias,F,36-45,Sudeste,Fantasia Policial,Lingerie,68.28,2,0.0,Pix,Entregue,Site
4538,2024-11-29,256,Renan Ramos,M,26-35,Nordeste,Gel Excitante Masculino,Lubrificantes,48.41,1,0.0,Cartão Débito,Cancelado,Site
1207,2023-09-15,304,Nathan da Mata,M,26-35,Centro-Oeste,Wand Massager Pro,Vibradores,422.04,1,0.0,Pix,Entregue,Site
510,2024-12-16,338,Thomas Souza,M,26-35,Sudeste,Venda para Olhos Satin,Acessórios BDSM,56.32,1,0.0,Cartão Débito,Entregue,Site
4609,2024-10-17,662,Léo Martins,M,18-25,Nordeste,Wand Massager Pro,Vibradores,447.38,1,0.0,Cartão Crédito,Entregue,Site
4587,2023-05-24,137,Luiz Gustavo Vasconcelos,M,26-35,Nordeste,Corda de Shibari 5m,Acessórios BDSM,220.6,2,0.0,Cartão Crédito,Entregue,App
3440,2024-08-29,600,Vinicius Nogueira,M,26-35,Sul,Conjunto Lingerie Boudoir,Lingerie,141.33,2,15.0,Pix,Entregue,Site
4073,2023-09-05,242,Maya Cavalcanti,F,46+,Norte,Vibrador Rabbit Premium,Vibradores,293.58,1,30.0,Pix,Entregue,Marketplace
1550,2024-10-13,267,Dra. Ester Correia,F,36-45,Sudeste,Fantasia Policial,Lingerie,188.88,2,0.0,Cartão Débito,Entregue,Site
3030,2024-10-22,267,Dra. Ester Correia,F,36-45,Sudeste,Gel Térmico Sensação Quente,Cosméticos Íntimos,120.71,1,0.0,Cartão Crédito,Entregue,Marketplace
4017,2023-12-12,523,Luana Martins,F,36-45,Nordeste,Vibrador Clássico Silicone,Vibradores,276.76,1,15.0,Cartão Crédito,Entregue,Site
2203,2023-11-16,150,Maria Liz Rocha,F,36-45,Sul,Creme Retardante Masculino,Cosméticos Íntimos,115.1,1,0.0,Pix,Cancelado,App
2567,2024-06-14,74,Raquel Cunha,F,46+,Sul,Meia-Calça Rendada,Lingerie,122.01,3,0.0,Cartão Crédito,Entregue,App
4537,2024-01-20,152,Joana Cavalcanti,F,26-35,Sul,Wand Massager Pro,Vibradores,412.39,1,0.0,Boleto,Entregue,App
2045,2023-04-06,484,Sra. Raquel Pereira,F,18-25,Sudeste,Dominó Erótico,Jogos Adultos,105.3,2,0.0,Pix,Entregue,Site
768,2024-04-14,508,Sra. Hellena Farias,F,36-45,Sul,Lubrificante Base Silicone,Lubrificantes,41.92,1,0.0,Pix,Cancelado,Site
5407,2023-02-26,690,Maria Vitória Mendes,F,18-25,Norte,Fantasia Enfermeira,Lingerie,192.85,1,0.0,Cartão Crédito,Entregue,Site
1509,2023-05-28,251,Joana Fernandes,F,46+,Sudeste,Lubrificante Base Silicone,Lubrificantes,50.44,1,0.0,Cartão Crédito,Entregue,App
3135,2024-05-19,62,Sra. Eloah da Luz,F,26-35,Sudeste,Mordaça Silicone,Acessórios BDSM,162.12,1,0.0,Cartão Crédito,Entregue,Site
422,2024-02-01,399,Ana Vitória Casa Grande,F,36-45,Sul,Lubrificante Íntimo Aquoso 100ml,Lubrificantes,87.38,3,30.0,Pix,Entregue,Site
124,2024-10-25,33,Luara Cunha,Não informado,26-35,Norte,Perfume Íntimo Floral,Cosméticos Íntimos,135.5,1,0.0,Cartão Crédito,Entregue,App
4617,2023-12-07,420,Isaac Fonseca,M,26-35,Sul,Mini Vibrador Discreto,Vibradores,274.61,1,0.0,Pix,Entregue,Site
3215,2024-05-30,73,Sophie da Costa,F,36-45,Sudeste,Vibrador Ponto G Flex,Vibradores,398.2,1,0.0,Cartão Crédito,Entregue,Marketplace
820,2024-12-17,113,Hadassa Montenegro,F,36-45,Sul,Lubrificante Sabores Morango,Lubrificantes,84.21,1,10.0,Pix,Entregue,Site
1404,2024-12-08,347,Esther Sampaio,F,18-25,Nordeste,Colar e Guia BDSM,Acessórios BDSM,76.37,2,0.0,Boleto,Cancelado,Site
1383,2023-07-30,698,Calebe Aragão,Não informado,36-45,Sul,Óleo de Massagem Relaxante,Lubrificantes,73.04,1,0.0,Pix,Entregue,Site
2149,2024-08-08,185,Isadora Campos,F,36-45,Nordeste,Mini Vibrador Discreto,Vibradores,153.34,2,0.0,Pix,Entregue,Marketplace
4677,2023-09-29,14,Aylla Fogaça,F,36-45,Sudeste,Kit Roleplay Surpresa,Jogos Adultos,81.6,1,0.0,Cartão Crédito,Entregue,Marketplace
1576,2024-02-17,28,Júlia Porto,F,26-35,Centro-Oeste,Vibrador Duplo Prazer,Vibradores,174.46,1,0.0,Cartão Débito,Entregue,Site
1639,2023-01-03,772,Rhavi Rezende,M,26-35,Centro-Oeste,Perfume Íntimo Floral,Cosméticos Íntimos,53.58,5,0.0,Boleto,Entregue,Site
1796,2024-03-02,25,Brayan Pereira,M,26-35,Sul,Lubrificante Sabores Morango,Lubrificantes,43.05,1,0.0,Pix,Entregue,Site
5342,2024-11-22,643,Davi Miguel Moura,M,36-45,Sudeste,Jogo de Cartas Sexo Quiz,Jogos Adultos,125.27,1,0.0,Cartão Débito,Entregue,Site
4944,2023-09-27,124,Gustavo Rodrigues,M,26-35,Nordeste,Gel Excitante Masculino,Lubrificantes,77.1,3,15.0,Pix,Entregue,Site
400,2023-06-15,364,Dra. Beatriz Macedo,F,46+,Sudeste,Lubrificante Íntimo Aquoso 250ml,Lubrificantes,69.92,1,0.0,Cartão Crédito,Entregue,Site
3152,2023-06-17,79,Maria Lima,F,18-25,Centro-Oeste,Mini Vibrador Discreto,Vibradores,280.38,3,0.0,Boleto,Cancelado,App
2311,2024-01-11,192,Raquel Pires,Não informado,26-35,Nordeste,Dado do Prazer,Jogos Adultos,61.35,4,10.0,Boleto,Entregue,App
883,2024-02-03,6,Helena da Conceição,F,26-35,Sul,Sabonete Íntimo pH Neutro,Cosméticos Íntimos,98.66,1,0.0,Pix,Entregue,Site
2757,2023-04-07,173,Srta. Antonella da Paz,F,18-25,Sudeste,Gel Excitante Feminino,Lubrificantes,67.83,1,0.0,Cartão Crédito,Entregue,Site
3560,2024-02-17,168,Agatha da Rosa,F,26-35,Sul,Wand Massager Pro,Vibradores,132.66,1,15.0,Pix,Devolvido,Site
1353,2023-09-23,158,Maya Abreu,F,26-35,Sudeste,Meia-Calça Rendada,Lingerie,66.71,1,0.0,Pix,Entregue,Marketplace
3366,2024-12-30,270,Beatriz Correia,F,26-35,Sul,Kit Iniciante BDSM 5 Peças,Acessórios BDSM,177.01,1,0.0,Pix,Entregue,Site
2508,2024-09-25,158,Maya Abreu,F,26-35,Sudeste,Mini Vibrador Discreto,Vibradores,337.42,1,25.0,Cartão Débito,Entregue,Marketplace
2131,2023-08-24,50,João Montenegro,M,26-35,Sudeste,Lubrificante Sabores Baunilha,Lubrificantes,78.76,3,20.0,Cartão Crédito,Devolvido,App
983,2024-11-03,32,Ana Luiza Cunha,F,18-25,Sudeste,Lubrificante Íntimo Aquoso 100ml,Lubrificantes,43.83,1,0.0,Cartão Crédito,Entregue,Site
457,2024-12-29,4,Dra. Aurora Pastor,F,26-35,Sul,Vibrador Rabbit Premium,Vibradores,415.81,1,0.0,Pix,Entregue,Marketplace
1487,2023-09-03,138,Nicolas Pinto,M,36-45,Sudeste,Vibrador Clássico Silicone,Vibradores,440.56,1,0.0,Cartão Crédito,Entregue,Site
1080,2024-07-08,647,Mathias Novais,M,18-25,Sudeste,Mordaça Silicone,Acessórios BDSM,51.49,3,10.0,Cartão Crédito,Cancelado,Site
1951,2023-05-10,26,Srta. Yasmin Siqueira,F,46+,Sul,Chicote de Couro Soft,Acessórios BDSM,252.12,3,0.0,Pix,Entregue,Site
4783,2024-04-10,219,José Barros,M,26-35,Sudeste,Kit Roleplay Surpresa,Jogos Adultos,96.89,2,0.0,Cartão Crédito,Entregue,Site
690,2023-10-01,58,Ana Laura da Costa,F,26-35,Nordeste,Conjunto Lingerie Boudoir,Lingerie,67.46,3,25.0,Cartão Crédito,Entregue,Marketplace
2430,2024-09-22,526,Sr. Thiago Gomes,M,36-45,Sul,Body Coelhinha Plus Size,Lingerie,133.78,1,0.0,Cartão Crédito,Entregue,Site
642,2023-10-12,107,Gabrielly Rios,F,46+,Nordeste,Conjunto Lingerie Boudoir,Lingerie,80.52,3,10.0,Pix,Entregue,Site
2393,2023-12-18,154,Maya Ferreira,F,18-25,Sudeste,Vibrador Clássico Silicone,Vibradores,135.92,4,30.0,Boleto,Entregue,Site
2826,2023-07-19,467,Rafaela Câmara,F,26-35,Sudeste,Massageador Corporal Wave,Vibradores,199.1,1,30.0,Boleto,Entregue,Site
1954,2024-10-20,347,Esther Sampaio,F,18-25,Nordeste,Dominó Erótico,Jogos Adultos,95.59,2,0.0,Pix,Entregue,Site
4109,2024-04-07,529,Olívia Montenegro,F,18-25,Sudeste,Lubrificante Sabores Baunilha,Lubrificantes,36.16,1,0.0,Pix,Entregue,Marketplace
3059,2024-07-13,22,Rafael Porto,M,36-45,Nordeste,Lubrificante Íntimo Aquoso 100ml,Lubrificantes,82.08,3,0.0,Cartão Crédito,Entregue,Site
3396,2024-02-22,785,Elisa Siqueira,F,26-35,Sul,Camisola Sensual Preta,Lingerie,142.23,2,0.0,Pix,Entregue,Site
4826,2024-08-19,49,Eduarda Marques,F,26-35,Sul,Lubrificante Base Silicone,Lubrificantes,70.17,1,0.0,Pix,Entregue,App
2711,2023-03-11,382,Maria Alice Oliveira,F,26-35,Nordeste,Gel Excitante Feminino,Lubrificantes,36.58,1,0.0,Cartão Crédito,Entregue,Site
1084,2024-03-18,512,Dra. Clara da Costa,F,36-45,Sul,Vibrador Rabbit Premium,Vibradores,284.13,1,0.0,Cartão Crédito,Entregue,Marketplace
4122,2023-12-06,202,Antônio Teixeira,M,36-45,Sul,Gel Excitante Feminino,Lubrificantes,51.3,1,0.0,Pix,Entregue,Marketplace
5291,2024-05-17,92,Alexandre Gomes,M,18-25,Sudeste,Wand Massager Pro,Vibradores,373.23,1,30.0,Pix,Entregue,Site
3939,2024-09-08,52,Sra. Sofia Pereira,F,18-25,Sudeste,Lubrificante Íntimo Aquoso 100ml,Lubrificantes,42.28,1,0.0,Cartão Crédito,Cancelado,Site
1885,2024-06-17,49,Eduarda Marques,F,26-35,Sul,Vibrador Ponto G Flex,Vibradores,116.83,3,5.0,Pix,Devolvido,Site
4183,2024-11-08,303,Ravi Lucca Sales,M,36-45,Sudeste,Mini Vibrador Discreto,Vibradores,496.32,1,0.0,Cartão Crédito,Entregue,Site
390,2023-12-30,417,Sr. Samuel Pimenta,M,36-45,Sul,Mini Vibrador Discreto,Vibradores,96.57,2,0.0,Cartão Crédito,Entregue,Site
2495,2024-02-16,194,João Pedro da Costa,M,26-35,Nordeste,Meia-Calça Rendada,Lingerie,112.77,2,0.0,Cartão Débito,Cancelado,Site
3833,2024-01-31,437,Sra. Valentina Camargo,F,26-35,Sudeste,Wand Massager Pro,Vibradores,94.35,1,0.0,Cartão Crédito,Entregue,App
3037,2024-03-31,155,Sra. Maya Pereira,F,26-35,Sul,Body Rendado Vermelho,Lingerie,152.83,1,30.0,Cartão Débito,Entregue,Site
3553,2023-12-19,234,Dra. Isabelly Caldeira,F,36-45,Centro-Oeste,Body Coelhinha Plus Size,Lingerie,92.11,2,5.0,Pix,Cancelado,Marketplace
846,2023-12-29,147,Evelyn Guerra,F,36-45,Sul,Kit Iniciante BDSM 5 Peças,Acessórios BDSM,264.88,1,15.0,Cartão Crédito,Entregue,Marketplace
543,2023-08-23,72,Ana Beatriz Farias,F,46+,Norte,Kit Roleplay Surpresa,Jogos Adultos,76.49,1,0.0,Pix,Entregue,Marketplace
92,2023-12-17,327,Caroline da Paz,F,26-35,Sudeste,Óleo de Massagem Relaxante,Lubrificantes,46.21,1,20.0,Cartão Crédito,Entregue,Site
5222,2024-09-15,175,Leonardo Câmara,M,36-45,Sul,Vibrador Clássico Silicone,Vibradores,416.8,5,0.0,Pix,Entregue,App
3385,2023-09-12,10,Alana Teixeira,F,36-45,Sul,Gel Térmico Sensação Quente,Cosméticos Íntimos,76.49,1,0.0,Cartão Crédito,Entregue,Site
1980,2023-03-20,459,Antonella Borges,F,26-35,Sudeste,Kit Roleplay Surpresa,Jogos Adultos,64.0,1,15.0,Cartão Crédito,Entregue,Site
3245,2024-12-10,318,Sabrina da Paz,Não informado,46+,Nordeste,Conjunto Lingerie Boudoir,Lingerie,186.63,1,0.0,Pix,Entregue,Site
4565,2024-10-27,73,Sophie da Costa,F,36-45,Sudeste,Wand Massager Pro,Vibradores,383.9,1,15.0,Cartão Crédito,Entregue,Marketplace
3151,2024-04-27,265,Igor Campos,M,36-45,Sudeste,Lubrificante Base Silicone,Lubrificantes,37.61,1,0.0,Cartão Débito,Entregue,Site
4541,2024-04-08,53,Daniela Freitas,F,26-35,Sudeste,Lubrificante Sabores Baunilha,Lubrificantes,46.71,2,0.0,Pix,Entregue,App
3566,2023-09-12,337,Diogo Gomes,M,26-35,Sul,Lubrificante Sabores Morango,Lubrificantes,48.58,1,0.0,Pix,Entregue,App
3990,2023-12-21,499,Ana Vitória Dias,Não informado,46+,Sudeste,Lingerie Cropped com Bojo,Lingerie,113.71,1,25.0,Pix,Entregue,Site
2965,2024-06-19,479,Léo das Neves,M,36-45,Sudeste,Gel Excitante Masculino,Lubrificantes,79.95,2,0.0,Pix,Entregue,Site
2530,2024-11-02,792,Calebe Cirino,M,26-35,Sudeste,Meia-Calça Rendada,Lingerie,133.83,1,0.0,Cartão Débito,Cancelado,App
3581,2023-04-09,180,Dr. Thales Guerra,M,36-45,Sudeste,Cartas Posições Kamasutra,Jogos Adultos,47.18,1,5.0,Cartão Crédito,Entregue,Site
1677,2024-02-12,24,Giovanna Rios,F,26-35,Centro-Oeste,Óleo de Massagem Relaxante,Lubrificantes,30.06,1,0.0,Boleto,Entregue,App
1049,2023-12-12,498,Srta. Maya Almeida,F,46+,Sudeste,Corda de Shibari 5m,Acessórios BDSM,183.55,1,0.0,Cartão Crédito,Entregue,Site
2950,2024-11-03,608,Maria Nogueira,F,36-45,Centro-Oeste,Wand Massager Pro,Vibradores,122.94,1,15.0,Pix,Entregue,Site
1961,2024-10-25,35,Diego da Luz,M,26-35,Sudeste,Lubrificante Íntimo Aquoso 100ml,Lubrificantes,32.46,1,0.0,Cartão Crédito,Entregue,Site
2531,2024-02-24,299,Ísis Câmara,F,26-35,Sul,Kit Algemas Veludo,Acessórios BDSM,231.45,3,0.0,Pix,Entregue,Site
5051,2024-03-06,61,Davi Lucas Cardoso,M,36-45,Norte,Body Rendado Vermelho,Lingerie,131.53,2,0.0,Pix,Cancelado,App
3415,2023-07-31,393,Lunna Souza,F,26-35,Nordeste,Mini Vibrador Discreto,Vibradores,252.18,1,25.0,Boleto,Entregue,Site
238,2023-10-06,7,Apollo Novais,M,18-25,Nordeste,Gel Excitante Feminino,Lubrificantes,52.2,3,0.0,Cartão Crédito,Entregue,Site
3642,2024-04-01,560,Ana Clara Jesus,F,26-35,Sudeste,Body Rendado Vermelho,Lingerie,169.93,4,5.0,Cartão Crédito,Entregue,Site
4195,2023-02-24,258,Ayla da Rocha,F,18-25,Sul,Lubrificante Base Silicone,Lubrificantes,41.38,2,0.0,Pix,Entregue,Marketplace
1134,2023-03-24,69,Heloísa Pastor,F,26-35,Sudeste,Fantasia Policial,Lingerie,67.51,1,0.0,Cartão Crédito,Entregue,App
2881,2023-01-11,111,Anthony Marques,M,26-35,Nordeste,Lubrificante Íntimo Aquoso 250ml,Lubrificantes,75.09,1,20.0,Pix,Devolvido,App
1806,2024-08-09,383,Juan Almeida,M,26-35,Sudeste,Kit Algemas Veludo,Acessórios BDSM,298.27,1,0.0,Cartão Crédito,Entregue,Site
4597,2023-04-22,355,Cecília Jesus,F,36-45,Sudeste,Camisola Sensual Preta,Lingerie,158.59,3,25.0,Boleto,Entregue,Site
164,2024-01-26,208,Maya Mendonça,F,18-25,Sudeste,Mordaça Silicone,Acessórios BDSM,87.29,3,0.0,Cartão Crédito,Devolvido,Marketplace
4197,2024-02-13,8,Yago Leão,M,26-35,Sudeste,Lubrificante Íntimo Aquoso 100ml,Lubrificantes,38.47,1,0.0,Pix,Entregue,App
5282,2024-09-14,181,Diogo Rezende,M,46+,Sudeste,Mini Vibrador Discreto,Vibradores,174.19,1,0.0,Cartão Crédito,Entregue,Site
5228,2024-12-03,520,Olivia Macedo,F,26-35,Nordeste,Fantasia Policial,Lingerie,157.01,1,0.0,Cartão Crédito,Entregue,Site
4104,2024-02-06,54,Ágatha Vasconcelos,F,18-25,Sul,Lubrificante Base Silicone,Lubrificantes,62.82,1,0.0,Pix,Cancelado,App
4713,2024-05-17,82,Lucca Caldeira,M,26-35,Nordeste,Sabonete Íntimo pH Neutro,Cosméticos Íntimos,118.42,2,0.0,Cartão Crédito,Cancelado,Site
4009,2024-05-23,301,Bento Cavalcante,Não informado,26-35,Norte,Vibrador Duplo Prazer,Vibradores,196.37,1,0.0,Cartão Crédito,Entregue,Site
266,2024-02-27,351,Sr. Thales Andrade,M,36-45,Sul,Óleo de Massagem Relaxante,Lubrificantes,73.46,1,0.0,Boleto,Entregue,Site
2002,2023-09-22,79,Maria Lima,F,18-25,Centro-Oeste,Kit Iniciante BDSM 5 Peças,Acessórios BDSM,100.25,1,0.0,Cartão Crédito,Entregue,App
1812,2023-02-09,373,Cecília da Conceição,F,36-45,Sul,Lingerie Cropped com Bojo,Lingerie,179.35,4,0.0,Cartão Crédito,Entregue,Marketplace
3278,2023-01-25,181,Diogo Rezende,M,46+,Sudeste,Gel Excitante Masculino,Lubrificantes,52.0,5,0.0,Cartão Débito,Entregue,Marketplace
2979,2023-05-06,320,Luara da Cunha,F,26-35,Nordeste,Lubrificante Íntimo Aquoso 100ml,Lubrificantes,56.57,5,0.0,Cartão Crédito,Entregue,Site
3825,2024-11-27,65,Maria Liz Rios,F,46+,Sul,Creme Retardante Masculino,Cosméticos Íntimos,128.06,2,10.0,Cartão Débito,Entregue,App
2907,2023-06-14,708,Sabrina Peixoto,F,18-25,Sul,Creme Excitante Feminino,Cosméticos Íntimos,146.18,3,0.0,Boleto,Entregue,Site
3871,2023-08-02,138,Nicolas Pinto,M,36-45,Sudeste,Conjunto Lingerie Boudoir,Lingerie,161.13,1,0.0,Cartão Crédito,Entregue,Marketplace
1429,2024-12-05,271,Heloísa Fonseca,F,26-35,Sudeste,Body Rendado Vermelho,Lingerie,60.65,4,25.0,Pix,Entregue,Site
399,2024-12-02,360,Dr. Vitor Hugo Andrade,M,36-45,Sudeste,Meia-Calça Rendada,Lingerie,78.26,1,20.0,Boleto,Entregue,App
5451,2023-06-09,95,Juan Cunha,M,26-35,Sul,Lubrificante Íntimo Aquoso 250ml,Lubrificantes,88.08,2,15.0,Cartão Crédito,Entregue,Marketplace
948,2024-04-04,546,Maria Flor Ramos,F,26-35,Sul,Corda de Shibari 5m,Acessórios BDSM,115.09,1,0.0,Cartão Crédito,Entregue,Marketplace
3079,2024-12-31,47,João Felipe Vargas,M,18-25,Sul,Spray Prolongador,Cosméticos Íntimos,142.16,3,0.0,Pix,Entregue,Marketplace
3139,2024-08-10,200,Nina Leão,F,18-25,Centro-Oeste,Kit Cuidados Íntimos,Cosméticos Íntimos,84.18,1,25.0,Pix,Entregue,Site
4954,2023-11-26,296,Dr. Rafael Barbosa,M,18-25,Sul,Wand Massager Pro,Vibradores,130.75,2,0.0,Pix,Entregue,App
5161,2023-03-13,256,Renan Ramos,M,26-35,Nordeste,Vibrador Ponto G Flex,Vibradores,293.67,1,0.0,Pix,Devolvido,App
4774,2024-09-12,431,Caroline Nogueira,F,26-35,Norte,Lubrificante Sabores Baunilha,Lubrificantes,81.52,2,30.0,Cartão Crédito,Entregue,App
3230,2024-08-18,70,Alana Barbosa,F,26-35,Norte,Dominó Erótico,Jogos Adultos,82.27,1,0.0,Pix,Entregue,App
3461,2024-07-07,89,Enzo Jesus,M,36-45,Sul,Body Coelhinha Plus Size,Lingerie,191.75,5,10.0,Cartão Débito,Entregue,App
1453,2023-02-05,496,Sr. Theodoro Novais,M,26-35,Nordeste,Body Coelhinha Plus Size,Lingerie,119.78,3,0.0,Pix,Cancelado,Site
594,2024-11-28,117,Kevin Pimenta,M,26-35,Norte,Venda para Olhos Satin,Acessórios BDSM,298.25,1,25.0,Cartão Crédito,Cancelado,Site
2726,2023-01-03,100,Anna Liz Cirino,F,18-25,Centro-Oeste,Gel Excitante Feminino,Lubrificantes,53.24,1,0.0,Pix,Entregue,App
42,2024-05-11,186,Davi Luiz Martins,M,18-25,Norte,Fantasia Policial,Lingerie,114.27,1,0.0,Pix,Cancelado,App
561,2023-04-12,320,Luara da Cunha,F,26-35,Nordeste,Fantasia Policial,Lingerie,102.11,1,25.0,Cartão Crédito,Entregue,Site
4477,2023-10-29,148,Dr. Bernardo Vargas,Não informado,26-35,Norte,Lubrificante Íntimo Aquoso 100ml,Lubrificantes,83.3,1,0.0,Pix,Entregue,App
3604,2024-03-28,91,Bento Cavalcante,M,26-35,Sul,Lubrificante Íntimo Aquoso 250ml,Lubrificantes,68.32,1,0.0,Pix,Entregue,Site
3741,2023-02-02,553,Cecilia Cassiano,F,18-25,Centro-Oeste,Dominó Erótico,Jogos Adultos,120.24,2,0.0,Cartão Crédito,Entregue,Marketplace
244,2023-06-25,127,Sra. Kamilly Aparecida,F,36-45,Nordeste,Fantasia Policial,Lingerie,135.58,1,0.0,Boleto,Entregue,Site
3173,2024-01-26,49,Eduarda Marques,F,26-35,Sul,Lubrificante Íntimo Aquoso 100ml,Lubrificantes,60.53,1,30.0,Pix,Entregue,Site
1340,2024-11-26,9,Pietro Pastor,M,26-35,Sudeste,Body Rendado Vermelho,Lingerie,134.63,1,30.0,Cartão Crédito,Entregue,Marketplace
3412,2023-06-10,39,Luiz Miguel Câmara,M,36-45,Sudeste,Fantasia Policial,Lingerie,66.7,2,5.0,Pix,Entregue,Site
3635,2023-08-28,28,Júlia Porto,F,26-35,Centro-Oeste,Fantasia Policial,Lingerie,170.19,1,25.0,Pix,Entregue,Site
406,2024-06-01,538,Ana Júlia Vieira,F,36-45,Nordeste,Lubrificante Sabores Baunilha,Lubrificantes,51.54,2,0.0,Cartão Crédito,Entregue,Site
1443,2024-05-11,295,Isabel da Paz,F,36-45,Centro-Oeste,Wand Massager Pro,Vibradores,333.97,1,0.0,Pix,Entregue,App
262,2024-03-07,763,João Gabriel Novais,M,26-35,Nordeste,Spray Prolongador,Cosméticos Íntimos,68.16,1,30.0,Pix,Entregue,Site
3393,2023-12-07,526,Sr. Thiago Gomes,M,36-45,Sul,Mini Vibrador Discreto,Vibradores,315.71,5,30.0,Pix,Entregue,Site
5065,2024-06-17,348,Maria Isis da Conceição,F,36-45,Sul,Lubrificante Base Silicone,Lubrificantes,83.2,2,15.0,Pix,Entregue,Site
1690,2024-02-15,374,José Miguel Marques,M,36-45,Norte,Jogo de Cartas Sexo Quiz,Jogos Adultos,75.3,1,0.0,Pix,Entregue,Site
1726,2023-05-25,18,Maria Cecília Oliveira,F,26-35,Centro-Oeste,Lubrificante Base Silicone,Lubrificantes,30.34,1,0.0,Pix,Entregue,App
1204,2024-08-27,108,Sra. Isabella da Luz,Não informado,36-45,Centro-Oeste,Lubrificante Base Silicone,Lubrificantes,81.5,1,5.0,Pix,Entregue,Marketplace
835,2023-10-28,187,Dr. Pedro Miguel Pimenta,M,26-35,Sudeste,Lubrificante Base Silicone,Lubrificantes,55.05,1,0.0,Pix,Entregue,App
1867,2023-05-04,13,Cauã Borges,M,36-45,Nordeste,Lubrificante Base Silicone,Lubrificantes,48.79,4,0.0,Cartão Débito,Entregue,Site
2497,2023-07-30,232,Marcos Vinicius Gonçalves,M,36-45,Sul,Massageador Corporal Wave,Vibradores,385.89,1,0.0,Boleto,Entregue,App
3017,2024-12-05,344,Zoe Mendes,F,26-35,Sudeste,Body Coelhinha Plus Size,Lingerie,103.62,4,0.0,Pix,Entregue,Marketplace
4184,2023-10-28,105,Mariah Ribeiro,F,18-25,Nordeste,Lingerie Cropped com Bojo,Lingerie,173.27,2,15.0,Pix,Entregue,Site
2011,2024-02-21,10,Alana Teixeira,F,36-45,Sul,Dominó Erótico,Jogos Adultos,74.58,1,0.0,Pix,Entregue,Site
3408,2024-06-29,791,Lunna Borges,F,26-35,Sudeste,Kit Algemas Veludo,Acessórios BDSM,153.53,1,0.0,Pix,Entregue,Site
341,2024-11-26,184,Dra. Nicole Aragão,F,36-45,Sul,Lubrificante Íntimo Aquoso 250ml,Lubrificantes,75.51,2,0.0,Cartão Crédito,Entregue,Site
5142,2024-05-09,38,Dra. Mariane Pacheco,F,26-35,Sudeste,Vibrador Rabbit Premium,Vibradores,355.32,3,0.0,Cartão Crédito,Entregue,App
1602,2024-11-22,108,Sra. Isabella da Luz,Não informado,36-45,Centro-Oeste,Kit Cuidados Íntimos,Cosméticos Íntimos,47.49,1,5.0,Pix,Entregue,Site
2797,2023-12-23,22,Rafael Porto,M,36-45,Nordeste,Dado do Prazer,Jogos Adultos,48.69,2,0.0,Pix,Cancelado,App
3693,2023-03-20,384,Sra. Kamilly Albuquerque,F,18-25,Sul,Creme Retardante Masculino,Cosméticos Íntimos,90.03,1,0.0,Cartão Débito,Entregue,App
5212,2023-10-16,69,Heloísa Pastor,F,26-35,Sudeste,Dominó Erótico,Jogos Adultos,66.66,1,0.0,Pix,Entregue,Site
481,2024-03-24,265,Igor Campos,M,36-45,Sudeste,Corda de Shibari 5m,Acessórios BDSM,90.24,3,0.0,Pix,Entregue,App
3927,2023-02-02,248,Mateus Fernandes,M,26-35,Nordeste,Conjunto Lingerie Boudoir,Lingerie,155.2,4,0.0,Pix,Entregue,Site
2786,2024-07-29,77,Maria Luísa Correia,F,46+,Sudeste,Jogo de Cartas Sexo Quiz,Jogos Adultos,101.1,2,0.0,Cartão Crédito,Entregue,Marketplace
1524,2023-11-22,30,Ana Laura da Conceição,F,18-25,Sudeste,Fantasia Policial,Lingerie,157.1,1,0.0,Cartão Crédito,Entregue,Site
4141,2023-12-16,116,Emanuel Macedo,M,46+,Sudeste,Body Coelhinha Plus Size,Lingerie,84.54,2,0.0,Pix,Entregue,Site
5187,2024-02-08,298,Dra. Fernanda Lima,F,26-35,Nordeste,Mini Vibrador Discreto,Vibradores,396.22,1,0.0,Pix,Entregue,App
5149,2024-09-24,261,Léo Melo,M,26-35,Nordeste,Jogo Tabuleiro Casais,Jogos Adultos,121.51,1,0.0,Pix,Entregue,Site
3746,2023-02-16,67,Bárbara da Cruz,Não informado,36-45,Norte,Vibrador Ponto G Flex,Vibradores,283.21,2,0.0,Pix,Entregue,App
800,2024-01-29,587,Yan Siqueira,M,36-45,Sul,Gel Excitante Feminino,Lubrificantes,64.89,1,0.0,Pix,Entregue,Marketplace
1767,2024-09-16,348,Maria Isis da Conceição,F,36-45,Sul,Vibrador Clássico Silicone,Vibradores,227.93,4,5.0,Cartão Crédito,Entregue,App
4968,2023-09-10,329,Isaque Santos,M,36-45,Centro-Oeste,Fantasia Policial,Lingerie,102.98,1,0.0,Pix,Entregue,Marketplace
3943,2023-02-10,25,Brayan Pereira,M,26-35,Sul,Wand Massager Pro,Vibradores,397.7,1,0.0,Cartão Débito,Entregue,Site
2454,2024-01-10,118,Dra. Alexia Rios,F,46+,Sudeste,Dominó Erótico,Jogos Adultos,49.03,1,0.0,Cartão Crédito,Entregue,Site
4573,2024-11-13,76,Renan da Cruz,M,26-35,Nordeste,Lubrificante Íntimo Aquoso 250ml,Lubrificantes,31.83,3,0.0,Pix,Entregue,Site
4392,2023-07-28,211,Ravi Lucca Cardoso,Não informado,26-35,Sudeste,Creme Retardante Masculino,Cosméticos Íntimos,56.74,2,0.0,Pix,Entregue,Marketplace
4501,2024-09-06,245,Dr. Lorenzo da Cruz,M,18-25,Sul,Conjunto Lingerie Boudoir,Lingerie,84.57,1,0.0,Pix,Entregue,Marketplace
5193,2023-05-30,374,José Miguel Marques,M,36-45,Norte,Óleo de Massagem Relaxante,Lubrificantes,43.92,2,0.0,Cartão Débito,Entregue,Site
364,2024-02-02,213,Amanda Barros,F,18-25,Sul,Spray Prolongador,Cosméticos Íntimos,69.5,4,15.0,Pix,Cancelado,Marketplace
1272,2024-11-23,484,Sra. Raquel Pereira,F,18-25,Sudeste,Lubrificante Íntimo Aquoso 100ml,Lubrificantes,62.76,3,0.0,Pix,Entregue,Site
3783,2023-05-11,4,Dra. Aurora Pastor,F,26-35,Sul,Lubrificante Sabores Morango,Lubrificantes,77.19,3,0.0,Boleto,Entregue,Site
4998,2024-04-23,110,Dr. Raul Dias,M,36-45,Nordeste,Jogo de Cartas Sexo Quiz,Jogos Adultos,74.46,1,0.0,Pix,Cancelado,App
3802,2023-01-11,620,Maya Guerra,F,36-45,Centro-Oeste,Lubrificante Base Silicone,Lubrificantes,44.16,1,0.0,Cartão Crédito,Entregue,Site
5205,2024-10-26,719,Maria Júlia Freitas,F,26-35,Sul,Jogo de Cartas Sexo Quiz,Jogos Adultos,105.03,3,0.0,Cartão Débito,Devolvido,Site
4596,2024-04-14,276,Larissa Melo,F,18-25,Sul,Lubrificante Íntimo Aquoso 250ml,Lubrificantes,41.92,1,20.0,Pix,Entregue,Site
348,2023-04-28,13,Cauã Borges,M,36-45,Nordeste,Massageador Corporal Wave,Vibradores,105.22,2,0.0,Cartão Crédito,Entregue,Site
3647,2024-03-30,182,Srta. Bianca Vasconcelos,F,26-35,Nordeste,Body Rendado Vermelho,Lingerie,120.78,2,0.0,Pix,Entregue,Site
4432,2023-03-30,214,Sra. Catarina Martins,F,46+,Sul,Vibrador Clássico Silicone,Vibradores,120.26,2,15.0,Cartão Débito,Entregue,Site
5131,2023-09-11,221,Ana Júlia Ferreira,F,26-35,Norte,Creme Retardante Masculino,Cosméticos Íntimos,41.02,1,0.0,Pix,Entregue,App
2563,2024-10-13,15,Julia Aparecida,F,26-35,Sudeste,Vibrador Duplo Prazer,Vibradores,497.56,1,0.0,Pix,Entregue,Marketplace
3028,2024-11-14,273,Sr. João Guilherme Aparecida,M,18-25,Nordeste,Gel Excitante Feminino,Lubrificantes,52.01,1,0.0,Pix,Entregue,Marketplace
5129,2024-10-20,116,Emanuel Macedo,M,46+,Sudeste,Massageador Corporal Wave,Vibradores,206.09,1,25.0,Boleto,Entregue,Site
1424,2024-06-17,45,Yuri Albuquerque,M,46+,Sudeste,Lingerie Cropped com Bojo,Lingerie,149.19,1,30.0,Pix,Entregue,App
657,2024-03-16,92,Alexandre Gomes,M,18-25,Sudeste,Kit Algemas Veludo,Acessórios BDSM,112.76,1,0.0,Boleto,Entregue,App
3941,2024-10-21,366,Luan Vieira,M,36-45,Sul,Wand Massager Pro,Vibradores,235.72,2,10.0,Pix,Entregue,App
5118,2024-08-20,179,Gael Silva,M,36-45,Sudeste,Lubrificante Base Silicone,Lubrificantes,40.92,1,0.0,Cartão Crédito,Entregue,App
2103,2023-05-28,48,Sra. Brenda da Rocha,F,26-35,Centro-Oeste,Conjunto Lingerie Boudoir,Lingerie,156.5,1,30.0,Pix,Entregue,Site
633,2023-10-19,194,João Pedro da Costa,M,26-35,Nordeste,Kit Iniciante BDSM 5 Peças,Acessórios BDSM,296.89,3,0.0,Boleto,Entregue,Marketplace
3650,2023-10-14,799,Sr. Ravi Lucca das Neves,M,36-45,Sul,Vibrador Clássico Silicone,Vibradores,359.64,2,0.0,Pix,Entregue,Site
2494,2024-04-15,134,Ana Cecília das Neves,F,26-35,Sudeste,Kit Roleplay Surpresa,Jogos Adultos,40.47,1,0.0,Pix,Devolvido,App
2666,2024-12-10,97,Sra. Ana Laura Aragão,F,26-35,Sudeste,Meia-Calça Rendada,Lingerie,112.79,2,25.0,Boleto,Entregue,App
3957,2024-10-14,595,Isaque Silva,M,36-45,Sudeste,Lubrificante Base Silicone,Lubrificantes,56.75,2,0.0,Pix,Entregue,Site
4824,2023-02-05,137,Luiz Gustavo Vasconcelos,M,26-35,Nordeste,Lubrificante Sabores Morango,Lubrificantes,38.85,1,25.0,Cartão Crédito,Entregue,Marketplace
4064,2024-08-05,81,Beatriz Araújo,F,26-35,Sul,Vibrador Rabbit Premium,Vibradores,373.68,1,0.0,Pix,Entregue,Site
3807,2023-06-15,154,Maya Ferreira,F,18-25,Sudeste,Lubrificante Sabores Morango,Lubrificantes,80.34,3,0.0,Boleto,Entregue,Site
3806,2024-09-13,698,Calebe Aragão,Não informado,36-45,Sul,Gel Excitante Masculino,Lubrificantes,34.14,1,20.0,Cartão Débito,Entregue,Site
4260,2024-11-16,140,Maria Sophia Alves,F,36-45,Sudeste,Gel Térmico Sensação Quente,Cosméticos Íntimos,35.8,2,20.0,Cartão Crédito,Entregue,App
2501,2024-12-28,441,Augusto Siqueira,M,46+,Sudeste,Lubrificante Sabores Baunilha,Lubrificantes,45.05,4,0.0,Cartão Crédito,Entregue,App
1466,2024-03-07,14,Aylla Fogaça,F,36-45,Sudeste,Mordaça Silicone,Acessórios BDSM,100.16,3,0.0,Cartão Crédito,Entregue,Marketplace
4557,2023-01-21,288,Ana Liz Pimenta,F,36-45,Centro-Oeste,Gel Excitante Feminino,Lubrificantes,32.05,2,0.0,Pix,Entregue,Marketplace
5022,2024-01-27,156,Bruna Gomes,F,26-35,Nordeste,Colar e Guia BDSM,Acessórios BDSM,246.1,1,0.0,Pix,Entregue,Site
116,2023-10-28,500,Paulo Oliveira,M,26-35,Nordeste,Kit Iniciante BDSM 5 Peças,Acessórios BDSM,168.61,2,30.0,Pix,Entregue,Site
1822,2023-01-03,36,Josué Souza,M,18-25,Sul,Óleo de Massagem Relaxante,Lubrificantes,73.14,1,25.0,Cartão Crédito,Entregue,Site
1495,2024-05-01,248,Mateus Fernandes,M,26-35,Nordeste,Kit Algemas Veludo,Acessórios BDSM,108.04,1,,Boleto,Cancelado,Site
2402,2023-09-21,21,Carlos Eduardo Garcia,Não informado,36-45,Sul,Conjunto Lingerie Boudoir,Lingerie,195.4,5,10.0,Pix,Entregue,Site
1233,2023-11-16,67,Bárbara da Cruz,Não informado,36-45,Norte,Lubrificante Base Silicone,Lubrificantes,63.55,1,0.0,Cartão Débito,Entregue,App
2662,2023-03-06,513,Diogo da Cunha,M,26-35,Sudeste,Meia-Calça Rendada,Lingerie,149.71,2,0.0,Pix,Entregue,App
2818,2023-02-11,4,Dra. Aurora Pastor,F,26-35,Sul,Vibrador Rabbit Premium,Vibradores,317.5,1,10.0,Pix,Entregue,Site
4164,2023-10-06,131,Daniel Barbosa,M,36-45,Sudeste,Lubrificante Íntimo Aquoso 250ml,Lubrificantes,41.35,3,0.0,Pix,Entregue,Site
5075,2023-05-10,706,Henrique Pacheco,M,36-45,Sul,Conjunto Lingerie Boudoir,Lingerie,168.34,2,0.0,Cartão Crédito,Entregue,App
1154,2024-11-03,301,Bento Cavalcante,Não informado,26-35,Norte,Gel Térmico Sensação Quente,Cosméticos Íntimos,66.51,2,5.0,Cartão Crédito,Entregue,Site
4413,2024-02-20,294,Dra. Olivia da Rocha,F,26-35,Sudeste,Meia-Calça Rendada,Lingerie,136.08,4,0.0,Pix,Entregue,App
4935,2024-10-14,183,Henry Cavalcanti,M,26-35,Nordeste,Kit Algemas Veludo,Acessórios BDSM,258.37,1,0.0,Pix,Entregue,App
58,2024-11-14,61,Davi Lucas Cardoso,M,36-45,Norte,Lingerie Cropped com Bojo,Lingerie,195.8,2,0.0,Boleto,Entregue,Site
4142,2023-06-15,41,Benicio Camargo,M,26-35,Nordeste,Vibrador Rabbit Premium,Vibradores,450.23,1,0.0,Cartão Débito,Entregue,Site
3942,2024-03-13,542,Dra. Clarice Farias,F,18-25,Sudeste,Spray Prolongador,Cosméticos Íntimos,68.13,1,0.0,Pix,Entregue,App
5159,2023-10-12,175,Leonardo Câmara,M,36-45,Sul,Meia-Calça Rendada,Lingerie,188.71,1,0.0,Cartão Débito,Entregue,App
5488,2023-04-18,288,Ana Liz Pimenta,F,36-45,Centro-Oeste,Jogo de Cartas Sexo Quiz,Jogos Adultos,59.98,1,0.0,Pix,Entregue,Marketplace
1736,2024-05-18,523,Luana Martins,F,36-45,Nordeste,Body Rendado Vermelho,Lingerie,140.13,1,0.0,Pix,Entregue,Site
5004,2024-09-23,115,Isabelly Freitas,F,18-25,Sudeste,Fantasia Policial,Lingerie,117.0,2,0.0,Boleto,Entregue,Site
2824,2024-02-04,70,Alana Barbosa,F,26-35,Norte,Vibrador Clássico Silicone,Vibradores,258.41,1,0.0,Pix,Entregue,Marketplace
2197,2024-07-20,168,Agatha da Rosa,F,26-35,Sul,Lubrificante Íntimo Aquoso 100ml,Lubrificantes,64.92,1,0.0,Pix,Entregue,Site
160,2024-05-17,340,Manuela Viana,F,18-25,Nordeste,Kit Iniciante BDSM 5 Peças,Acessórios BDSM,119.97,1,0.0,Pix,Entregue,Site
2476,2023-01-18,498,Srta. Maya Almeida,F,46+,Sudeste,Perfume Íntimo Floral,Cosméticos Íntimos,61.34,2,0.0,Pix,Entregue,Site
2565,2024-12-17,141,Lívia Viana,F,36-45,Sudeste,Lubrificante Sabores Baunilha,Lubrificantes,56.0,1,0.0,Boleto,Entregue,Marketplace
4378,2024-06-29,456,Srta. Luara Lima,F,46+,Sudeste,Mini Vibrador Discreto,Vibradores,239.27,3,0.0,Cartão Crédito,Entregue,Marketplace
3633,2024-11-22,167,Srta. Liz Guerra,F,18-25,Sul,Body Coelhinha Plus Size,Lingerie,140.44,1,30.0,Pix,Entregue,Marketplace
2609,2024-11-09,322,Théo Abreu,M,18-25,Sudeste,Lubrificante Base Silicone,Lubrificantes,51.0,1,0.0,Pix,Entregue,Marketplace
4296,2024-08-15,97,Sra. Ana Laura Aragão,F,26-35,Sudeste,Conjunto Lingerie Boudoir,Lingerie,152.2,1,0.0,Pix,Entregue,Site
708,2024-09-12,421,Maria Eduarda Nogueira,F,18-25,Sudeste,Lubrificante Sabores Morango,Lubrificantes,36.98,1,0.0,Pix,Entregue,Marketplace
3047,2024-11-08,150,Maria Liz Rocha,F,36-45,Sul,Body Coelhinha Plus Size,Lingerie,151.24,1,0.0,Pix,Cancelado,Site
4744,2024-06-30,779,Arthur Miguel Albuquerque,M,26-35,Sul,Vibrador Clássico Silicone,Vibradores,191.09,1,0.0,Boleto,Entregue,Site
1094,2023-02-13,195,Lucas Gabriel Dias,M,18-25,Centro-Oeste,Lubrificante Sabores Baunilha,Lubrificantes,57.94,1,0.0,Cartão Crédito,Cancelado,Site
4242,2023-02-26,138,Nicolas Pinto,M,36-45,Sudeste,Lingerie Cropped com Bojo,Lingerie,121.23,2,0.0,Boleto,Devolvido,Site
1377,2024-10-26,161,Luísa Pinto,F,18-25,Sudeste,Gel Excitante Feminino,Lubrificantes,86.34,2,30.0,Cartão Crédito,Entregue,App
5453,2024-01-12,67,Bárbara da Cruz,Não informado,36-45,Norte,Meia-Calça Rendada,Lingerie,105.99,3,0.0,Pix,Cancelado,App
73,2023-10-11,2,Isabelly Câmara,F,36-45,Nordeste,Fantasia Enfermeira,Lingerie,86.27,1,0.0,Pix,Cancelado,Marketplace
1923,2024-02-16,258,Ayla da Rocha,F,18-25,Sul,Camisola Sensual Preta,Lingerie,199.26,1,20.0,Cartão Crédito,Entregue,App
5137,2024-11-13,248,Mateus Fernandes,M,26-35,Nordeste,Óleo de Massagem Relaxante,Lubrificantes,54.63,4,0.0,Pix,Entregue,Marketplace
1765,2024-01-17,46,Dra. Bruna Rodrigues,F,18-25,Nordeste,Gel Excitante Masculino,Lubrificantes,62.15,2,5.0,Cartão Débito,Cancelado,Site
744,2024-08-31,190,Milena da Luz,Não informado,36-45,Nordeste,Gel Excitante Feminino,Lubrificantes,50.6,1,0.0,Pix,Cancelado,Site
3533,2023-07-17,109,Caroline Rios,F,36-45,Sudeste,Vibrador Duplo Prazer,Vibradores,248.27,2,0.0,Pix,Entregue,Marketplace
1006,2024-03-23,285,Maria Helena Machado,F,36-45,Centro-Oeste,Lubrificante Sabores Morango,Lubrificantes,84.6,1,0.0,Pix,Entregue,App
2669,2023-12-16,349,Augusto Dias,M,26-35,Sudeste,Lubrificante Íntimo Aquoso 250ml,Lubrificantes,68.61,2,10.0,Pix,Entregue,Marketplace
1191,2023-02-11,20,Sr. João Vitor Barros,M,18-25,Sudeste,Gel Excitante Masculino,Lubrificantes,44.08,1,0.0,Cartão Crédito,Entregue,Site
3923,2024-12-28,392,Caroline Borges,F,18-25,Nordeste,Conjunto Lingerie Boudoir,Lingerie,171.76,2,0.0,Cartão Crédito,Entregue,Marketplace
2602,2024-10-25,16,Sra. Zoe Campos,F,18-25,Sudeste,Vibrador Duplo Prazer,Vibradores,164.64,1,0.0,Pix,Entregue,Site
1126,2023-06-08,216,Lunna Cunha,F,36-45,Sul,Wand Massager Pro,Vibradores,261.16,3,0.0,Pix,Entregue,App
1242,2024-12-14,385,Benicio Pereira,M,26-35,Sul,Lubrificante Sabores Baunilha,Lubrificantes,63.93,2,15.0,Pix,Entregue,Site
5086,2024-12-17,191,João Guilherme Vargas,M,26-35,Nordeste,Vibrador Clássico Silicone,Vibradores,134.23,2,0.0,Pix,Entregue,App
4872,2023-02-24,40,Thomas Monteiro,M,36-45,Sudeste,Lubrificante Sabores Morango,Lubrificantes,31.13,2,0.0,Pix,Entregue,Site
5232,2024-06-07,149,Luiz Fernando Ramos,M,36-45,Nordeste,Massageador Corporal Wave,Vibradores,400.51,3,25.0,Pix,Entregue,Site
3352,2024-11-03,151,Lucas Alves,M,36-45,Sul,Gel Excitante Feminino,Lubrificantes,73.87,1,0.0,Pix,Entregue,Marketplace
999,2024-07-19,647,Mathias Novais,M,18-25,Sudeste,Lubrificante Íntimo Aquoso 100ml,Lubrificantes,63.12,1,0.0,Boleto,Entregue,Site
4976,2023-02-14,162,Davi Silveira,M,36-45,Norte,Massageador Corporal Wave,Vibradores,273.24,2,0.0,Cartão Débito,Entregue,App
3494,2023-09-24,518,Luna Pires,F,18-25,Sudeste,Vibrador Clássico Silicone,Vibradores,275.52,1,0.0,Cartão Crédito,Entregue,Site
2685,2024-04-25,114,Caroline Ferreira,F,36-45,Sudeste,Kit Cuidados Íntimos,Cosméticos Íntimos,146.16,2,0.0,Pix,Entregue,App
4817,2024-08-12,562,Larissa Sá,Não informado,36-45,Sudeste,Massageador Corporal Wave,Vibradores,380.34,2,25.0,Cartão Crédito,Cancelado,Marketplace
1578,2024-02-18,273,Sr. João Guilherme Aparecida,M,18-25,Nordeste,Lubrificante Sabores Morango,Lubrificantes,40.44,1,0.0,Cartão Crédito,Entregue,Marketplace
5317,2023-03-17,91,Bento Cavalcante,M,26-35,Sul,Gel Térmico Sensação Quente,Cosméticos Íntimos,68.64,2,0.0,Pix,Entregue,Site
1827,2024-11-19,12,Eduardo Cunha,Não informado,26-35,Sul,Kit Cuidados Íntimos,Cosméticos Íntimos,46.43,1,0.0,Cartão Crédito,Entregue,App
5126,2024-09-22,252,Kamilly Novais,F,46+,Sul,Wand Massager Pro,Vibradores,284.47,1,30.0,Pix,Entregue,Marketplace
3081,2024-03-11,347,Esther Sampaio,F,18-25,Nordeste,Meia-Calça Rendada,Lingerie,123.69,2,30.0,Pix,Entregue,Site
4284,2023-08-29,17,Bruno Novaes,M,26-35,Sudeste,Massageador Corporal Wave,Vibradores,203.04,1,0.0,Cartão Crédito,Devolvido,Marketplace
4590,2023-12-13,341,Juliana Abreu,F,26-35,Nordeste,Fantasia Enfermeira,Lingerie,146.19,2,0.0,Cartão Crédito,Entregue,App
441,2024-02-21,25,Brayan Pereira,M,26-35,Sul,Meia-Calça Rendada,Lingerie,129.28,1,0.0,Cartão Crédito,Entregue,Marketplace
5494,2024-01-30,89,Enzo Jesus,M,36-45,Sul,Lubrificante Sabores Morango,Lubrificantes,45.95,2,0.0,Pix,Cancelado,App
1101,2023-09-15,17,Bruno Novaes,M,26-35,Sudeste,Jogo Tabuleiro Casais,Jogos Adultos,66.15,5,0.0,Pix,Entregue,App
2638,2024-03-02,370,Emilly Cavalcante,Não informado,36-45,Sudeste,Lubrificante Íntimo Aquoso 250ml,Lubrificantes,89.67,4,0.0,Pix,Entregue,App
3759,2024-05-28,154,Maya Ferreira,F,18-25,Sudeste,Lubrificante Íntimo Aquoso 250ml,Lubrificantes,87.11,3,0.0,Pix,Devolvido,Site
650,2023-04-13,187,Dr. Pedro Miguel Pimenta,M,26-35,Sudeste,Meia-Calça Rendada,Lingerie,128.59,1,0.0,Cartão Crédito,Entregue,Site
1547,2023-07-26,416,Eduardo Leão,M,18-25,Nordeste,Lubrificante Íntimo Aquoso 100ml,Lubrificantes,34.71,3,0.0,Pix,Entregue,Marketplace
3232,2023-07-21,251,Joana Fernandes,F,46+,Sudeste,Chicote de Couro Soft,Acessórios BDSM,256.11,2,0.0,Cartão Débito,Entregue,Site
4225,2023-01-23,235,Dr. Dante Vieira,M,18-25,Sudeste,Gel Excitante Masculino,Lubrificantes,42.61,5,25.0,Cartão Crédito,Cancelado,Marketplace
4241,2024-03-27,298,Dra. Fernanda Lima,F,26-35,Nordeste,Kit Cuidados Íntimos,Cosméticos Íntimos,57.54,1,5.0,Pix,Entregue,Site
3890,2023-10-07,142,Josué da Mata,M,26-35,Sudeste,Massageador Corporal Wave,Vibradores,156.69,2,5.0,Boleto,Entregue,App
3916,2024-09-17,138,Nicolas Pinto,M,36-45,Sudeste,Vibrador Rabbit Premium,Vibradores,492.19,1,0.0,Pix,Entregue,App
4838,2024-02-23,146,Heloísa Câmara,F,26-35,Nordeste,Gel Excitante Masculino,Lubrificantes,41.68,1,0.0,Cartão Crédito,Entregue,Site
631,2024-06-23,328,Ryan Campos,M,18-25,Sul,Conjunto Lingerie Boudoir,Lingerie,140.25,2,0.0,Pix,Entregue,Site
673,2024-10-22,24,Giovanna Rios,F,26-35,Centro-Oeste,Perfume Íntimo Floral,Cosméticos Íntimos,110.68,2,30.0,Cartão Crédito,Entregue,Site
1250,2023-12-11,256,Renan Ramos,M,26-35,Nordeste,Vibrador Ponto G Flex,Vibradores,349.28,2,0.0,Cartão Débito,Entregue,Marketplace
3543,2023-02-24,45,Yuri Albuquerque,M,46+,Sudeste,Fantasia Enfermeira,Lingerie,137.37,5,30.0,Pix,Cancelado,App
483,2024-02-04,165,Sra. Carolina Correia,F,18-25,Sudeste,Lubrificante Íntimo Aquoso 100ml,Lubrificantes,32.82,1,0.0,Pix,Cancelado,Site
1585,2023-03-31,755,Luiz Fernando Novais,M,36-45,Sudeste,Lingerie Cropped com Bojo,Lingerie,91.01,2,0.0,Cartão Crédito,Entregue,Site
5283,2024-04-07,55,Agatha Peixoto,F,46+,Nordeste,Kit Roleplay Surpresa,Jogos Adultos,125.6,1,0.0,Cartão Débito,Entregue,Site
5425,2024-10-05,161,Luísa Pinto,F,18-25,Sudeste,Creme Excitante Feminino,Cosméticos Íntimos,83.38,3,0.0,Cartão Débito,Entregue,Site
4919,2023-02-22,369,Vinícius Jesus,M,36-45,Nordeste,Camisola Sensual Preta,Lingerie,163.15,1,10.0,Pix,Entregue,App
1463,2024-10-14,32,Ana Luiza Cunha,F,18-25,Sudeste,Lubrificante Íntimo Aquoso 250ml,Lubrificantes,45.4,1,0.0,Pix,Entregue,Site
3041,2024-03-18,55,Agatha Peixoto,F,46+,Nordeste,Meia-Calça Rendada,Lingerie,129.58,1,10.0,Pix,Entregue,Site
4457,2024-10-31,310,Alícia Teixeira,F,36-45,Sudeste,Mini Vibrador Discreto,Vibradores,384.81,1,25.0,Cartão Crédito,Devolvido,App
4275,2023-02-11,247,Nicole Nunes,F,26-35,Nordeste,Vibrador Rabbit Premium,Vibradores,495.04,1,0.0,Pix,Entregue,Site
2227,2023-03-25,99,Emanuel Araújo,M,26-35,Sudeste,Vibrador Rabbit Premium,Vibradores,90.4,2,0.0,Pix,Entregue,App
3274,2024-10-17,208,Maya Mendonça,F,18-25,Sudeste,Gel Excitante Masculino,Lubrificantes,60.82,5,10.0,Boleto,Entregue,App
3239,2024-03-29,256,Renan Ramos,M,26-35,Nordeste,Gel Excitante Masculino,Lubrificantes,59.77,1,5.0,Pix,Entregue,Site
3132,2024-06-30,436,Ana Júlia Cardoso,F,36-45,Sudeste,Lingerie Cropped com Bojo,Lingerie,137.9,3,5.0,Pix,Entregue,Site
2579,2023-02-18,122,Daniela da Mata,F,26-35,Sul,Vibrador Rabbit Premium,Vibradores,314.57,1,0.0,Cartão Débito,Entregue,App
4382,2024-04-19,21,Carlos Eduardo Garcia,Não informado,36-45,Sul,Jogo de Cartas Sexo Quiz,Jogos Adultos,89.0,1,0.0,Pix,Entregue,Site
50,2023-11-24,57,Maria Cecília das Neves,F,18-25,Centro-Oeste,Jogo de Cartas Sexo Quiz,Jogos Adultos,113.85,2,15.0,Pix,Entregue,Site
4754,2024-09-10,193,Kamilly Macedo,F,26-35,Sul,Vibrador Rabbit Premium,Vibradores,146.58,4,5.0,Cartão Crédito,Entregue,App
4632,2024-05-24,103,Isadora Pacheco,F,46+,Nordeste,Body Coelhinha Plus Size,Lingerie,172.03,1,15.0,Pix,Entregue,Marketplace
859,2024-08-12,224,Alícia Pinto,F,26-35,Nordeste,Creme Excitante Feminino,Cosméticos Íntimos,76.38,2,20.0,Boleto,Entregue,Site
3226,2023-06-11,530,Bento Machado,M,26-35,Centro-Oeste,Lingerie Cropped com Bojo,Lingerie,174.27,1,0.0,Pix,Entregue,Site
1073,2024-06-12,12,Eduardo Cunha,Não informado,26-35,Sul,Body Rendado Vermelho,Lingerie,68.72,4,0.0,Boleto,Entregue,Site
720,2024-06-17,342,Letícia Pastor,F,18-25,Centro-Oeste,Mordaça Silicone,Acessórios BDSM,259.31,2,30.0,Pix,Entregue,Site
3883,2024-01-23,667,Carolina Dias,F,26-35,Sudeste,Creme Retardante Masculino,Cosméticos Íntimos,136.89,1,0.0,Cartão Crédito,Entregue,Site
2632,2023-03-10,320,Luara da Cunha,F,26-35,Nordeste,Lubrificante Sabores Morango,Lubrificantes,63.02,1,0.0,Cartão Crédito,Entregue,App
5408,2024-04-15,160,Sr. Luiz Otávio Lopes,M,36-45,Nordeste,Wand Massager Pro,Vibradores,178.09,1,0.0,Pix,Entregue,Site
1661,2024-09-05,246,João Lucas Machado,M,26-35,Sudeste,Gel Térmico Sensação Quente,Cosméticos Íntimos,36.03,1,0.0,Pix,Entregue,App
1657,2023-09-20,218,Lara Sá,F,46+,Sul,Camisola Sensual Preta,Lingerie,83.11,1,0.0,Pix,Entregue,Site
2426,2024-09-08,546,Maria Flor Ramos,F,26-35,Sul,Body Coelhinha Plus Size,Lingerie,96.73,4,0.0,Cartão Crédito,Entregue,App
4218,2024-09-04,187,Dr. Pedro Miguel Pimenta,M,26-35,Sudeste,Lubrificante Íntimo Aquoso 100ml,Lubrificantes,38.48,3,25.0,Pix,Entregue,Site
4687,2024-02-24,42,Eduarda Vieira,F,18-25,Sudeste,Vibrador Rabbit Premium,Vibradores,266.66,2,0.0,Pix,Entregue,Site
3958,2024-02-14,149,Luiz Fernando Ramos,M,36-45,Nordeste,Jogo Tabuleiro Casais,Jogos Adultos,82.26,1,0.0,Cartão Crédito,Entregue,Site
4067,2024-04-28,38,Dra. Mariane Pacheco,F,26-35,Sudeste,Gel Excitante Feminino,Lubrificantes,65.87,1,20.0,Cartão Crédito,Entregue,Site
3098,2023-12-10,30,Ana Laura da Conceição,F,18-25,Sudeste,Vibrador Duplo Prazer,Vibradores,316.93,1,0.0,Pix,Cancelado,App
4971,2023-02-15,176,Diogo Alves,M,46+,Sudeste,Body Coelhinha Plus Size,Lingerie,165.98,1,30.0,Boleto,Cancelado,App
4061,2023-10-24,96,Vitor Hugo Araújo,M,36-45,Sudeste,Cartas Posições Kamasutra,Jogos Adultos,105.12,1,0.0,Pix,Entregue,Site
5275,2024-11-28,174,Lívia Borges,F,46+,Sudeste,Vibrador Clássico Silicone,Vibradores,99.03,2,10.0,Pix,Entregue,Marketplace
3190,2024-06-07,398,Maitê Camargo,F,18-25,Sudeste,Camisola Sensual Preta,Lingerie,138.95,2,0.0,Pix,Entregue,Site
2935,2023-09-02,324,Gabriel Moreira,M,26-35,Sudeste,Kit Algemas Veludo,Acessórios BDSM,272.54,1,0.0,Pix,Cancelado,App
4580,2023-12-22,276,Larissa Melo,F,18-25,Sul,Fantasia Policial,Lingerie,134.9,1,0.0,Pix,Entregue,Site
3821,2024-07-04,119,Letícia Ribeiro,Não informado,18-25,Norte,Lubrificante Sabores Morango,Lubrificantes,81.52,2,20.0,Cartão Crédito,Entregue,App
2607,2024-02-15,14,Aylla Fogaça,F,36-45,Sudeste,Vibrador Ponto G Flex,Vibradores,274.24,2,15.0,Pix,Entregue,App
1386,2023-09-28,109,Caroline Rios,F,36-45,Sudeste,Corda de Shibari 5m,Acessórios BDSM,214.25,2,0.0,Pix,Entregue,Site
4405,2023-03-09,761,Jade Souza,F,26-35,Nordeste,Lubrificante Base Silicone,Lubrificantes,56.42,3,25.0,Cartão Débito,Entregue,App
1400,2023-08-09,322,Théo Abreu,M,18-25,Sudeste,Vibrador Clássico Silicone,Vibradores,179.88,1,0.0,Pix,Entregue,App
1196,2023-04-02,500,Paulo Oliveira,M,26-35,Nordeste,Lubrificante Íntimo Aquoso 250ml,Lubrificantes,37.67,1,0.0,Cartão Crédito,Entregue,App
1409,2024-09-04,237,Mariane Ribeiro,F,18-25,Nordeste,Mini Vibrador Discreto,Vibradores,342.97,2,0.0,Pix,Cancelado,App
1846,2024-09-06,77,Maria Luísa Correia,F,46+,Sudeste,Vibrador Rabbit Premium,Vibradores,437.71,1,0.0,Boleto,Entregue,Site
1799,2024-05-01,21,Carlos Eduardo Garcia,Não informado,36-45,Sul,Lingerie Cropped com Bojo,Lingerie,193.03,2,0.0,Pix,Entregue,Marketplace
1476,2023-05-21,292,Ana Vitória Castro,F,36-45,Sul,Meia-Calça Rendada,Lingerie,185.72,1,25.0,Cartão Crédito,Cancelado,Site
3958,2024-02-14,149,Luiz Fernando Ramos,M,36-45,Nordeste,Jogo Tabuleiro Casais,Jogos Adultos,82.26,1,0.0,Cartão Crédito,Entregue,Site
36,2024-04-19,419,Dr. Henrique Macedo,M,26-35,Nordeste,Vibrador Rabbit Premium,Vibradores,421.01,1,25.0,Pix,Entregue,Site
4509,2023-09-26,236,Ana Cecília Ferreira,F,36-45,Sul,Perfume Íntimo Floral,Cosméticos Íntimos,68.25,2,0.0,Boleto,Entregue,App
2346,2023-12-27,292,Ana Vitória Castro,F,36-45,Sul,Jogo Tabuleiro Casais,Jogos Adultos,42.51,2,0.0,Pix,Entregue,Site
3905,2023-04-08,462,Lucas Rios,M,18-25,Sudeste,Gel Excitante Masculino,Lubrificantes,42.48,1,5.0,Boleto,Entregue,Site
3313,2024-06-21,324,Gabriel Moreira,M,26-35,Sudeste,Vibrador Duplo Prazer,Vibradores,451.18,1,0.0,Pix,Entregue,Marketplace
2360,2023-11-06,43,Sra. Ana Luiza Gomes,F,46+,Centro-Oeste,Mini Vibrador Discreto,Vibradores,125.55,4,0.0,Cartão Crédito,Entregue,App
3007,2023-02-04,556,Vinicius Andrade,M,36-45,Sul,Body Rendado Vermelho,Lingerie,107.37,5,15.0,Cartão Débito,Entregue,Marketplace
2207,2023-01-28,91,Bento Cavalcante,M,26-35,Sul,Jogo Tabuleiro Casais,Jogos Adultos,63.8,2,0.0,Cartão Débito,Entregue,Site
3938,2023-06-06,49,Eduarda Marques,F,26-35,Sul,Lubrificante Sabores Baunilha,Lubrificantes,50.1,3,15.0,Cartão Crédito,Entregue,Site
4761,2023-07-09,180,Dr. Thales Guerra,M,36-45,Sudeste,Fantasia Enfermeira,Lingerie,83.54,1,5.0,Pix,Entregue,Site
3180,2024-08-11,305,Ágatha Monteiro,F,36-45,Sul,Meia-Calça Rendada,Lingerie,129.11,3,10.0,Pix,Entregue,Site
3423,2024-11-21,371,Anna Liz Pimenta,F,26-35,Sul,Óleo de Massagem Relaxante,Lubrificantes,76.98,1,0.0,Pix,Entregue,Marketplace
1287,2024-05-30,26,Srta. Yasmin Siqueira,F,46+,Sul,Fantasia Policial,Lingerie,184.14,3,0.0,Pix,Entregue,App
4119,2024-01-30,43,Sra. Ana Luiza Gomes,F,46+,Centro-Oeste,Gel Excitante Feminino,Lubrificantes,31.21,1,0.0,Pix,Entregue,Site
350,2023-12-14,262,Vitória Ferreira,F,26-35,Nordeste,Lubrificante Sabores Baunilha,Lubrificantes,42.01,2,5.0,Boleto,Entregue,Site
3417,2023-07-25,104,Asafe Pinto,M,46+,Sudeste,Massageador Corporal Wave,Vibradores,448.07,1,0.0,Cartão Crédito,Entregue,Site
2138,2023-11-30,343,Rebeca Cassiano,F,36-45,Sudeste,Creme Excitante Feminino,Cosméticos Íntimos,144.31,2,0.0,Cartão Crédito,Entregue,App
2692,2024-10-22,243,Dr. Vitor Gabriel Vasconcelos,M,26-35,Sudeste,Fantasia Policial,Lingerie,63.82,3,0.0,Boleto,Entregue,App
3662,2023-03-27,189,Emanuel Souza,M,36-45,Sudeste,Wand Massager Pro,Vibradores,160.03,2,0.0,Boleto,Entregue,Site
5432,2023-10-28,26,Srta. Yasmin Siqueira,F,46+,Sul,Sabonete Íntimo pH Neutro,Cosméticos Íntimos,83.13,5,0.0,Pix,Entregue,App
1682,2023-02-24,716,Thiago Machado,M,36-45,Nordeste,Colar e Guia BDSM,Acessórios BDSM,60.54,2,0.0,Cartão Crédito,Devolvido,App
4505,2024-07-07,186,Davi Luiz Martins,M,18-25,Norte,Kit Algemas Veludo,Acessórios BDSM,88.27,1,0.0,Cartão Crédito,Entregue,App
1444,2024-08-07,160,Sr. Luiz Otávio Lopes,M,36-45,Nordeste,Gel Excitante Feminino,Lubrificantes,78.06,3,5.0,Pix,Entregue,Marketplace
3989,2023-05-02,114,Caroline Ferreira,F,36-45,Sudeste,Colar e Guia BDSM,Acessórios BDSM,161.28,1,0.0,Pix,Entregue,App
3216,2023-02-16,35,Diego da Luz,M,26-35,Sudeste,Lubrificante Base Silicone,Lubrificantes,50.94,2,20.0,Pix,Entregue,App
1672,2023-11-14,510,Srta. Vitória Moraes,F,26-35,Norte,Lubrificante Íntimo Aquoso 100ml,Lubrificantes,76.68,1,0.0,Cartão Crédito,Entregue,Marketplace
3626,2024-01-25,85,Emilly da Mota,F,26-35,Norte,Gel Térmico Sensação Quente,Cosméticos Íntimos,56.04,1,25.0,Pix,Entregue,App
1180,2024-05-10,211,Ravi Lucca Cardoso,Não informado,26-35,Sudeste,Mini Vibrador Discreto,Vibradores,476.18,1,0.0,Cartão Crédito,Entregue,App
2799,2024-05-07,733,Srta. Maria Vitória Pacheco,F,36-45,Norte,Kit Roleplay Surpresa,Jogos Adultos,65.52,1,0.0,Pix,Entregue,App
1693,2024-01-11,140,Maria Sophia Alves,F,36-45,Sudeste,Vibrador Duplo Prazer,Vibradores,427.9,4,0.0,Cartão Crédito,Entregue,Site
4428,2024-11-27,29,Dra. Hellena Rodrigues,F,26-35,Norte,Camisola Sensual Preta,Lingerie,137.28,1,0.0,Pix,Entregue,Site
373,2023-05-30,28,Júlia Porto,F,26-35,Centro-Oeste,Creme Excitante Feminino,Cosméticos Íntimos,105.93,3,0.0,Cartão Crédito,Entregue,Site
3056,2023-04-18,695,Bianca Dias,F,26-35,Sudeste,Mini Vibrador Discreto,Vibradores,324.39,1,0.0,Pix,Entregue,Site
4271,2024-02-03,278,Ana Júlia da Cunha,F,26-35,Sul,Vibrador Clássico Silicone,Vibradores,160.83,1,0.0,Pix,Cancelado,Marketplace
1917,2023-04-19,523,Luana Martins,F,36-45,Nordeste,Óleo de Massagem Relaxante,Lubrificantes,58.72,1,0.0,Cartão Crédito,Entregue,Site
1358,2024-12-11,150,Maria Liz Rocha,F,36-45,Sul,Creme Retardante Masculino,Cosméticos Íntimos,57.72,1,0.0,Pix,Entregue,App
1826,2023-09-24,205,Otto Nascimento,M,26-35,Sul,Meia-Calça Rendada,Lingerie,168.82,1,0.0,Cartão Débito,Devolvido,Site
787,2024-06-26,235,Dr. Dante Vieira,M,18-25,Sudeste,Lubrificante Sabores Morango,Lubrificantes,56.99,1,0.0,Cartão Crédito,Entregue,App
470,2024-01-26,680,Daniela Cavalcante,F,26-35,Nordeste,Lubrificante Sabores Baunilha,Lubrificantes,41.2,1,0.0,Cartão Crédito,Cancelado,Site
141,2023-06-24,678,Sra. Yasmin Borges,F,36-45,Centro-Oeste,Lubrificante Base Silicone,Lubrificantes,77.58,3,0.0,Cartão Crédito,Entregue,App
789,2024-02-15,169,Giovanna Lopes,F,36-45,Sudeste,Gel Excitante Feminino,Lubrificantes,54.99,2,0.0,Pix,Entregue,Marketplace
324,2023-06-17,91,Bento Cavalcante,M,26-35,Sul,Lubrificante Sabores Morango,Lubrificantes,32.82,1,0.0,Pix,Entregue,App
51,2023-03-11,698,Calebe Aragão,Não informado,36-45,Sul,Mordaça Silicone,Acessórios BDSM,50.22,1,10.0,Boleto,Entregue,Site
715,2023-05-02,118,Dra. Alexia Rios,F,46+,Sudeste,Gel Excitante Feminino,Lubrificantes,83.02,1,25.0,Cartão Crédito,Cancelado,App
4985,2024-08-14,216,Lunna Cunha,F,36-45,Sul,Lingerie Cropped com Bojo,Lingerie,122.61,1,0.0,Boleto,Entregue,Site
2841,2024-11-06,137,Luiz Gustavo Vasconcelos,M,26-35,Nordeste,Óleo de Massagem Relaxante,Lubrificantes,72.04,2,0.0,Pix,Entregue,Site
2447,2024-02-19,83,Evelyn Correia,F,26-35,Nordeste,Perfume Íntimo Floral,Cosméticos Íntimos,125.59,2,30.0,Pix,Entregue,App
5340,2024-07-11,2,Isabelly Câmara,F,36-45,Nordeste,Fantasia Policial,Lingerie,125.39,1,0.0,Cartão Crédito,Entregue,Site
3875,2024-02-12,12,Eduardo Cunha,Não informado,26-35,Sul,Camisola Sensual Preta,Lingerie,143.61,2,5.0,Cartão Crédito,Entregue,Site
4907,2023-12-05,687,Rafaela da Cruz,F,46+,Sul,Vibrador Ponto G Flex,Vibradores,379.43,1,0.0,Cartão Crédito,Cancelado,Site
5099,2024-07-07,150,Maria Liz Rocha,F,36-45,Sul,Cartas Posições Kamasutra,Jogos Adultos,120.36,1,0.0,Pix,Entregue,Site
3709,2024-04-01,92,Alexandre Gomes,M,18-25,Sudeste,Cartas Posições Kamasutra,Jogos Adultos,88.52,3,0.0,Boleto,Entregue,Marketplace
2667,2024-04-09,41,Benicio Camargo,M,26-35,Nordeste,Óleo de Massagem Relaxante,Lubrificantes,84.97,3,0.0,Cartão Crédito,Entregue,Site
407,2024-03-15,135,Ana Cecília Fogaça,F,46+,Nordeste,Óleo de Massagem Relaxante,Lubrificantes,87.01,1,0.0,Cartão Débito,Entregue,App
21,2023-03-16,253,Stella Correia,F,26-35,Sudeste,Massageador Corporal Wave,Vibradores,178.35,4,20.0,Cartão Crédito,Entregue,App
1005,2023-03-08,417,Sr. Samuel Pimenta,M,36-45,Sul,Colar e Guia BDSM,Acessórios BDSM,192.81,1,0.0,Pix,Entregue,Site
4459,2023-10-31,147,Evelyn Guerra,F,36-45,Sul,Kit Roleplay Surpresa,Jogos Adultos,112.59,1,0.0,Pix,Entregue,Site
891,2024-10-03,335,Maria Vitória Mendes,F,46+,Sudeste,Sabonete Íntimo pH Neutro,Cosméticos Íntimos,119.61,1,0.0,Pix,Entregue,Site
2412,2024-04-27,43,Sra. Ana Luiza Gomes,F,46+,Centro-Oeste,Conjunto Lingerie Boudoir,Lingerie,168.18,1,0.0,Pix,Entregue,Site
2546,2023-06-03,182,Srta. Bianca Vasconcelos,F,26-35,Nordeste,Fantasia Policial,Lingerie,93.04,3,0.0,Pix,Entregue,Site
1350,2023-11-13,12,Eduardo Cunha,Não informado,26-35,Sul,Colar e Guia BDSM,Acessórios BDSM,191.54,1,10.0,Pix,Cancelado,Marketplace
2391,2024-12-30,129,Julia Castro,F,26-35,Sudeste,Lubrificante Íntimo Aquoso 250ml,Lubrificantes,48.19,1,15.0,Pix,Entregue,Site
4465,2024-11-16,298,Dra. Fernanda Lima,F,26-35,Nordeste,Body Coelhinha Plus Size,Lingerie,155.91,1,0.0,Cartão Débito,Entregue,App
43,2023-06-13,10,Alana Teixeira,F,36-45,Sul,Fantasia Enfermeira,Lingerie,134.62,2,10.0,Cartão Crédito,Devolvido,Site
2831,2024-10-28,178,Brayan Marques,M,26-35,Sudeste,Fantasia Enfermeira,Lingerie,127.11,2,10.0,Pix,Devolvido,Marketplace
5278,2023-03-17,112,Beatriz Barbosa,F,36-45,Nordeste,Vibrador Rabbit Premium,Vibradores,212.65,2,20.0,Cartão Crédito,Entregue,Site
3372,2023-01-24,243,Dr. Vitor Gabriel Vasconcelos,M,26-35,Sudeste,Cartas Posições Kamasutra,Jogos Adultos,44.23,1,0.0,Cartão Crédito,Entregue,Site
3023,2024-12-18,305,Ágatha Monteiro,F,36-45,Sul,Lingerie Cropped com Bojo,Lingerie,195.19,3,0.0,Boleto,Entregue,Site
3365,2024-11-20,622,Theo Sales,M,18-25,Sudeste,Lubrificante Sabores Baunilha,Lubrificantes,79.54,3,0.0,Boleto,Entregue,Site
304,2024-12-20,270,Beatriz Correia,F,26-35,Sul,Body Coelhinha Plus Size,Lingerie,104.76,3,0.0,Pix,Entregue,Site
5011,2023-10-02,51,Thiago Caldeira,Não informado,36-45,Sul,Chicote de Couro Soft,Acessórios BDSM,128.88,3,30.0,Pix,Entregue,Site
12,2024-08-14,699,Maria Isis Pimenta,F,36-45,Sudeste,Kit Roleplay Surpresa,Jogos Adultos,120.37,2,0.0,Cartão Crédito,Entregue,Site
665,2023-02-24,30,Ana Laura da Conceição,F,18-25,Sudeste,Meia-Calça Rendada,Lingerie,79.0,3,0.0,Pix,Entregue,App
1178,2024-06-16,32,Ana Luiza Cunha,F,18-25,Sudeste,Lubrificante Base Silicone,Lubrificantes,42.14,2,0.0,Cartão Crédito,Entregue,Site
3293,2024-04-23,135,Ana Cecília Fogaça,F,46+,Nordeste,Lubrificante Base Silicone,Lubrificantes,53.22,2,0.0,Cartão Crédito,Entregue,Site
2677,2023-06-27,126,Ana Júlia Borges,F,36-45,Sudeste,Vibrador Ponto G Flex,Vibradores,240.4,1,0.0,Boleto,Entregue,Marketplace
1948,2024-04-22,45,Yuri Albuquerque,M,46+,Sudeste,Conjunto Lingerie Boudoir,Lingerie,160.47,1,0.0,Pix,Entregue,Marketplace
2502,2024-12-27,373,Cecília da Conceição,F,36-45,Sul,Creme Excitante Feminino,Cosméticos Íntimos,43.32,1,0.0,Pix,Entregue,App
1474,2024-08-19,142,Josué da Mata,M,26-35,Sudeste,Massageador Corporal Wave,Vibradores,427.69,3,0.0,Cartão Crédito,Entregue,App
2864,2023-11-01,234,Dra. Isabelly Caldeira,F,36-45,Centro-Oeste,Lingerie Cropped com Bojo,Lingerie,81.91,4,20.0,Cartão Débito,Entregue,Site
2376,2024-05-19,89,Enzo Jesus,M,36-45,Sul,Fantasia Policial,Lingerie,187.77,3,0.0,Pix,Cancelado,App
2133,2024-06-01,221,Ana Júlia Ferreira,F,26-35,Norte,Lubrificante Íntimo Aquoso 100ml,Lubrificantes,31.88,1,15.0,Cartão Crédito,Entregue,Site
1027,2024-06-01,487,Pedro Camargo,M,18-25,Sudeste,Lingerie Cropped com Bojo,Lingerie,139.22,1,0.0,Cartão Crédito,Cancelado,App
2990,2024-09-27,487,Pedro Camargo,M,18-25,Sudeste,Conjunto Lingerie Boudoir,Lingerie,104.74,2,0.0,Cartão Crédito,Entregue,Marketplace
962,2023-07-12,248,Mateus Fernandes,M,26-35,Nordeste,Lubrificante Íntimo Aquoso 100ml,Lubrificantes,89.65,1,0.0,Boleto,Entregue,App
2890,2023-02-01,452,Sr. Yuri Silveira,M,36-45,Sudeste,Gel Excitante Feminino,Lubrificantes,50.6,2,0.0,Pix,Entregue,App
3022,2023-08-07,155,Sra. Maya Pereira,F,26-35,Sul,Kit Cuidados Íntimos,Cosméticos Íntimos,108.79,2,0.0,Pix,Entregue,Marketplace
3016,2024-02-28,112,Beatriz Barbosa,F,36-45,Nordeste,Wand Massager Pro,Vibradores,322.99,3,15.0,Cartão Crédito,Entregue,Site
5046,2024-01-14,247,Nicole Nunes,F,26-35,Nordeste,Lubrificante Sabores Morango,Lubrificantes,66.44,1,0.0,Cartão Crédito,Entregue,Site
3339,2023-02-23,244,Ravi Lucca Lopes,M,26-35,Sul,Lubrificante Íntimo Aquoso 100ml,Lubrificantes,56.54,2,30.0,Pix,Entregue,Site
2010,2024-04-01,182,Srta. Bianca Vasconcelos,F,26-35,Nordeste,Kit Cuidados Íntimos,Cosméticos Íntimos,49.86,1,10.0,Cartão Crédito,Cancelado,Marketplace
2150,2024-08-22,442,Dra. Liz Marques,F,36-45,Sudeste,Vibrador Clássico Silicone,Vibradores,230.81,4,0.0,Pix,Entregue,Site
4085,2023-10-06,69,Heloísa Pastor,F,26-35,Sudeste,Wand Massager Pro,Vibradores,189.04,4,15.0,Cartão Débito,Entregue,App
2339,2024-05-09,36,Josué Souza,M,18-25,Sul,Gel Excitante Masculino,Lubrificantes,56.16,1,20.0,Pix,Entregue,Marketplace
4414,2024-11-26,273,Sr. João Guilherme Aparecida,M,18-25,Nordeste,Fantasia Enfermeira,Lingerie,98.88,2,0.0,Pix,Entregue,Site
736,2023-05-25,509,Ana Vitória Moraes,F,26-35,Sudeste,Kit Iniciante BDSM 5 Peças,Acessórios BDSM,230.66,2,0.0,Cartão Crédito,Entregue,Site
305,2024-04-08,338,Thomas Souza,M,26-35,Sudeste,Conjunto Lingerie Boudoir,Lingerie,125.72,1,15.0,Cartão Crédito,Entregue,App
1441,2023-06-16,699,Maria Isis Pimenta,F,36-45,Sudeste,Gel Excitante Masculino,Lubrificantes,70.17,2,0.0,Pix,Entregue,Site
1497,2024-10-30,258,Ayla da Rocha,F,18-25,Sul,Lubrificante Íntimo Aquoso 100ml,Lubrificantes,46.01,1,0.0,Cartão Crédito,Entregue,App
2653,2023-12-11,127,Sra. Kamilly Aparecida,F,36-45,Nordeste,Corda de Shibari 5m,Acessórios BDSM,97.13,1,0.0,Pix,Entregue,App
2876,2023-02-14,176,Diogo Alves,M,46+,Sudeste,Gel Excitante Feminino,Lubrificantes,53.18,1,0.0,Cartão Crédito,Entregue,Site
917,2024-12-18,97,Sra. Ana Laura Aragão,F,26-35,Sudeste,Lubrificante Sabores Baunilha,Lubrificantes,50.15,1,30.0,Cartão Crédito,Entregue,App
4835,2023-06-15,214,Sra. Catarina Martins,F,46+,Sul,Óleo de Massagem Relaxante,Lubrificantes,37.06,1,0.0,Boleto,Entregue,Site
711,2023-12-11,369,Vinícius Jesus,M,36-45,Nordeste,Body Rendado Vermelho,Lingerie,70.23,4,20.0,Cartão Crédito,Entregue,Site
5133,2024-10-14,30,Ana Laura da Conceição,F,18-25,Sudeste,Conjunto Lingerie Boudoir,Lingerie,131.48,1,0.0,Cartão Crédito,Entregue,Site
4899,2024-08-21,27,Elisa Martins,F,26-35,Sul,Conjunto Lingerie Boudoir,Lingerie,82.85,1,25.0,Cartão Crédito,Entregue,App
2773,2024-06-04,417,Sr. Samuel Pimenta,M,36-45,Sul,Meia-Calça Rendada,Lingerie,188.94,1,0.0,Pix,Cancelado,Site
1625,2023-10-28,54,Ágatha Vasconcelos,F,18-25,Sul,Fantasia Enfermeira,Lingerie,98.51,1,0.0,Pix,Entregue,Site
4407,2023-09-09,644,Miguel Dias,M,36-45,Sul,Mini Vibrador Discreto,Vibradores,445.94,1,0.0,Pix,Entregue,Marketplace
822,2024-06-08,2,Isabelly Câmara,F,36-45,Nordeste,Body Rendado Vermelho,Lingerie,194.27,3,0.0,Cartão Crédito,Entregue,Site
4056,2023-05-28,5,Ana Beatriz Alves,F,18-25,Sul,Lingerie Cropped com Bojo,Lingerie,98.1,2,0.0,Pix,Entregue,Site
1355,2023-07-12,181,Diogo Rezende,M,46+,Sudeste,Massageador Corporal Wave,Vibradores,463.42,2,0.0,Cartão Crédito,Entregue,Marketplace
4994,2024-12-09,278,Ana Júlia da Cunha,F,26-35,Sul,Sabonete Íntimo pH Neutro,Cosméticos Íntimos,54.87,1,20.0,Pix,Entregue,Marketplace
851,2024-08-28,20,Sr. João Vitor Barros,M,18-25,Sudeste,Kit Algemas Veludo,Acessórios BDSM,106.48,4,0.0,Pix,Entregue,App
3351,2024-09-17,67,Bárbara da Cruz,Não informado,36-45,Norte,Vibrador Clássico Silicone,Vibradores,396.11,1,0.0,Cartão Crédito,Entregue,Site
1001,2023-08-15,57,Maria Cecília das Neves,F,18-25,Centro-Oeste,Camisola Sensual Preta,Lingerie,188.37,1,0.0,Cartão Crédito,Entregue,Marketplace
5082,2024-04-07,32,Ana Luiza Cunha,F,18-25,Sudeste,Gel Excitante Masculino,Lubrificantes,73.08,1,0.0,Pix,Entregue,Marketplace
5047,2023-03-23,183,Henry Cavalcanti,M,26-35,Nordeste,Lubrificante Íntimo Aquoso 100ml,Lubrificantes,85.98,1,15.0,Cartão Crédito,Entregue,App
3526,2023-06-10,45,Yuri Albuquerque,M,46+,Sudeste,Kit Cuidados Íntimos,Cosméticos Íntimos,108.37,1,0.0,Boleto,Entregue,App
19,2024-10-22,155,Sra. Maya Pereira,F,26-35,Sul,Fantasia Enfermeira,Lingerie,168.96,2,30.0,Boleto,Entregue,App
1638,2023-12-01,46,Dra. Bruna Rodrigues,F,18-25,Nordeste,Perfume Íntimo Floral,Cosméticos Íntimos,114.52,1,0.0,Cartão Crédito,Devolvido,Site
1668,2023-06-06,603,Mathias Freitas,M,18-25,Sul,Fantasia Enfermeira,Lingerie,178.84,1,0.0,Cartão Débito,Entregue,Site
494,2023-02-23,58,Ana Laura da Costa,F,26-35,Nordeste,Vibrador Rabbit Premium,Vibradores,141.38,1,0.0,Cartão Crédito,Entregue,App
3174,2023-05-06,49,Eduarda Marques,F,26-35,Sul,Conjunto Lingerie Boudoir,Lingerie,124.35,2,0.0,Boleto,Entregue,Marketplace
4458,2023-10-13,42,Eduarda Vieira,F,18-25,Sudeste,Jogo Tabuleiro Casais,Jogos Adultos,86.48,1,0.0,Pix,Devolvido,App
1348,2023-09-03,128,Lívia Vargas,F,26-35,Sudeste,Kit Roleplay Surpresa,Jogos Adultos,52.2,1,5.0,Pix,Entregue,Marketplace
3019,2024-02-29,20,Sr. João Vitor Barros,M,18-25,Sudeste,Gel Térmico Sensação Quente,Cosméticos Íntimos,114.06,1,0.0,Pix,Entregue,Site
4337,2023-05-03,245,Dr. Lorenzo da Cruz,M,18-25,Sul,Camisola Sensual Preta,Lingerie,159.06,5,10.0,Cartão Crédito,Entregue,App
3231,2023-12-24,198,Srta. Hadassa Azevedo,F,26-35,Nordeste,Lubrificante Íntimo Aquoso 100ml,Lubrificantes,58.72,1,0.0,Cartão Crédito,Entregue,App
4002,2023-09-13,416,Eduardo Leão,M,18-25,Nordeste,Conjunto Lingerie Boudoir,Lingerie,136.88,3,0.0,Cartão Crédito,Entregue,Site
4272,2024-07-14,658,Thomas Câmara,M,36-45,Sudeste,Lubrificante Sabores Baunilha,Lubrificantes,85.93,3,15.0,Cartão Crédito,Entregue,Site
2829,2024-09-17,153,João Andrade,M,26-35,Sul,Lubrificante Sabores Baunilha,Lubrificantes,47.2,2,20.0,Pix,Entregue,Site
688,2023-03-20,91,Bento Cavalcante,M,26-35,Sul,Gel Excitante Masculino,Lubrificantes,32.52,1,0.0,Pix,Entregue,App
1113,2023-07-19,71,Dra. Ana Liz da Conceição,F,36-45,Sul,Body Coelhinha Plus Size,Lingerie,144.82,1,0.0,Cartão Crédito,Entregue,Site
3233,2024-09-19,78,Aylla Ribeiro,F,26-35,Nordeste,Camisola Sensual Preta,Lingerie,140.03,1,5.0,Pix,Devolvido,App
1609,2023-06-16,74,Raquel Cunha,F,46+,Sul,Gel Excitante Masculino,Lubrificantes,64.08,1,0.0,Pix,Entregue,Site
4542,2023-05-14,198,Srta. Hadassa Azevedo,F,26-35,Nordeste,Lubrificante Base Silicone,Lubrificantes,78.63,1,0.0,Boleto,Devolvido,Site
704,2024-12-30,41,Benicio Camargo,M,26-35,Nordeste,Wand Massager Pro,Vibradores,328.8,2,0.0,Cartão Crédito,Entregue,Marketplace
1010,2023-06-06,183,Henry Cavalcanti,M,26-35,Nordeste,Wand Massager Pro,Vibradores,93.49,3,25.0,Boleto,Entregue,Marketplace
3292,2024-05-22,509,Ana Vitória Moraes,F,26-35,Sudeste,Wand Massager Pro,Vibradores,217.14,2,0.0,Pix,Entregue,App
2409,2024-08-16,756,Sra. Laura Campos,F,36-45,Nordeste,Wand Massager Pro,Vibradores,434.57,2,0.0,Cartão Débito,Cancelado,Site
1093,2023-09-25,251,Joana Fernandes,F,46+,Sudeste,Camisola Sensual Preta,Lingerie,143.95,2,0.0,Cartão Crédito,Cancelado,Site
1328,2023-04-01,399,Ana Vitória Casa Grande,F,36-45,Sul,Gel Excitante Masculino,Lubrificantes,69.19,2,25.0,Cartão Crédito,Entregue,Marketplace
5171,2024-12-22,152,Joana Cavalcanti,F,26-35,Sul,Gel Excitante Feminino,Lubrificantes,66.04,1,15.0,Cartão Crédito,Cancelado,Marketplace
1678,2024-12-29,141,Lívia Viana,F,36-45,Sudeste,Wand Massager Pro,Vibradores,311.15,2,0.0,Pix,Entregue,Marketplace
2000,2023-12-18,92,Alexandre Gomes,M,18-25,Sudeste,Lubrificante Sabores Morango,Lubrificantes,79.17,1,10.0,Cartão Débito,Cancelado,App
1311,2024-08-14,24,Giovanna Rios,F,26-35,Centro-Oeste,Mini Vibrador Discreto,Vibradores,265.57,3,5.0,Pix,Entregue,Site
3933,2023-05-28,260,Leandro Ribeiro,M,26-35,Sudeste,Lubrificante Íntimo Aquoso 250ml,Lubrificantes,69.82,1,0.0,Pix,Entregue,Site
3753,2023-02-08,104,Asafe Pinto,M,46+,Sudeste,Camisola Sensual Preta,Lingerie,190.3,1,0.0,Pix,Entregue,Site
4006,2023-07-21,87,Beatriz Aragão,F,46+,Centro-Oeste,Lubrificante Sabores Morango,Lubrificantes,57.7,1,0.0,Boleto,Entregue,Site
1988,2023-04-06,186,Davi Luiz Martins,M,18-25,Norte,Conjunto Lingerie Boudoir,Lingerie,182.73,1,0.0,Pix,Entregue,Site
4293,2024-05-07,225,Isaque Cardoso,Não informado,26-35,Sul,Lubrificante Íntimo Aquoso 100ml,Lubrificantes,55.96,1,,Pix,Entregue,Site
345,2024-04-26,139,Srta. Isabela Castro,F,18-25,Sudeste,Cartas Posições Kamasutra,Jogos Adultos,44.92,1,0.0,Pix,Entregue,App
4642,2023-12-09,104,Asafe Pinto,M,46+,Sudeste,Vibrador Duplo Prazer,Vibradores,465.67,3,0.0,Pix,Entregue,Site
987,2023-09-26,307,Pedro Sousa,M,36-45,Sul,Kit Algemas Veludo,Acessórios BDSM,267.57,2,0.0,Cartão Crédito,Cancelado,Site
588,2023-02-27,39,Luiz Miguel Câmara,M,36-45,Sudeste,Vibrador Duplo Prazer,Vibradores,490.05,2,0.0,Cartão Crédito,Entregue,App
2792,2024-07-07,733,Srta. Maria Vitória Pacheco,F,36-45,Norte,Conjunto Lingerie Boudoir,Lingerie,136.12,1,0.0,Cartão Crédito,Entregue,Site
4875,2023-11-27,99,Emanuel Araújo,M,26-35,Sudeste,Kit Cuidados Íntimos,Cosméticos Íntimos,117.87,1,0.0,Cartão Crédito,Entregue,Marketplace
4216,2023-08-11,433,Sr. Davi Lucca Albuquerque,M,26-35,Sudeste,Vibrador Clássico Silicone,Vibradores,109.35,1,20.0,Pix,Entregue,App
3822,2024-01-05,124,Gustavo Rodrigues,M,26-35,Nordeste,Conjunto Lingerie Boudoir,Lingerie,191.72,2,20.0,Cartão Crédito,Entregue,App
4495,2023-06-10,346,Marcos Vinicius Marques,M,26-35,Sudeste,Vibrador Duplo Prazer,Vibradores,192.46,2,0.0,Cartão Crédito,Entregue,Site
3486,2023-06-11,241,Natália Santos,F,46+,Nordeste,Dado do Prazer,Jogos Adultos,119.03,2,0.0,Pix,Cancelado,Site
4422,2023-09-29,663,Caroline Pimenta,F,26-35,Sudeste,Lubrificante Sabores Morango,Lubrificantes,53.62,5,0.0,Pix,Cancelado,App
4340,2023-06-02,68,Benício Fernandes,M,36-45,Sudeste,Sabonete Íntimo pH Neutro,Cosméticos Íntimos,72.42,1,15.0,Pix,Cancelado,Site
3290,2023-08-22,63,Otávio Cunha,M,26-35,Sudeste,Body Rendado Vermelho,Lingerie,77.92,1,0.0,Boleto,Entregue,Site
1143,2023-03-18,300,Srta. Juliana Casa Grande,F,26-35,Sul,Vibrador Clássico Silicone,Vibradores,449.95,3,0.0,Boleto,Entregue,Site
2359,2024-12-25,207,Ryan Câmara,M,26-35,Sudeste,Jogo Tabuleiro Casais,Jogos Adultos,94.6,1,0.0,Boleto,Entregue,Site
3265,2023-06-04,402,Alice da Luz,F,26-35,Sudeste,Vibrador Rabbit Premium,Vibradores,395.48,2,0.0,Pix,Devolvido,Site
1199,2023-05-18,359,Dr. Liam Pires,M,36-45,Sul,Lubrificante Base Silicone,Lubrificantes,30.93,3,0.0,Boleto,Devolvido,Site
86,2023-09-16,109,Caroline Rios,F,36-45,Sudeste,Vibrador Duplo Prazer,Vibradores,371.05,1,0.0,Pix,Entregue,App
1519,2023-08-12,78,Aylla Ribeiro,F,26-35,Nordeste,Mini Vibrador Discreto,Vibradores,302.69,1,0.0,Cartão Crédito,Entregue,Site
517,2023-08-17,130,Sra. Mariane Novais,F,46+,Nordeste,Lubrificante Íntimo Aquoso 250ml,Lubrificantes,35.25,2,30.0,Cartão Débito,Entregue,Site
1382,2024-09-23,136,Isadora Rios,F,18-25,Sul,Lubrificante Íntimo Aquoso 250ml,Lubrificantes,36.49,2,0.0,Pix,Entregue,Site
5085,2024-09-03,61,Davi Lucas Cardoso,M,36-45,Norte,Jogo Tabuleiro Casais,Jogos Adultos,106.14,4,30.0,Pix,Entregue,App
2717,2024-04-21,277,Pedro Lucas Fernandes,M,36-45,Centro-Oeste,Wand Massager Pro,Vibradores,390.94,1,0.0,Pix,Entregue,App
3790,2024-05-18,731,Kaique Melo,M,26-35,Norte,Vibrador Clássico Silicone,Vibradores,478.43,1,0.0,Pix,Entregue,Site
1015,2023-11-06,321,Danilo Vargas,M,26-35,Nordeste,Vibrador Rabbit Premium,Vibradores,460.4,1,0.0,Cartão Crédito,Entregue,Site
129,2023-11-17,2,Isabelly Câmara,F,36-45,Nordeste,Lubrificante Sabores Baunilha,Lubrificantes,46.5,1,0.0,Pix,Entregue,Site
1365,2023-05-29,344,Zoe Mendes,F,26-35,Sudeste,Creme Excitante Feminino,Cosméticos Íntimos,147.85,5,0.0,Pix,Entregue,Site
4276,2023-02-20,234,Dra. Isabelly Caldeira,F,36-45,Centro-Oeste,Fantasia Enfermeira,Lingerie,119.35,1,0.0,Boleto,Entregue,Site
4483,2024-07-12,218,Lara Sá,F,46+,Sul,Meia-Calça Rendada,Lingerie,158.15,2,20.0,Pix,Entregue,App
3840,2023-02-28,304,Nathan da Mata,M,26-35,Centro-Oeste,Vibrador Rabbit Premium,Vibradores,235.77,2,0.0,Pix,Entregue,App
892,2024-05-14,478,Mirella Fernandes,F,36-45,Sul,Vibrador Duplo Prazer,Vibradores,252.04,2,0.0,Cartão Crédito,Entregue,App
2794,2023-06-11,83,Evelyn Correia,F,26-35,Nordeste,Kit Algemas Veludo,Acessórios BDSM,146.29,1,10.0,Pix,Entregue,Site
4666,2024-09-15,324,Gabriel Moreira,M,26-35,Sudeste,Creme Retardante Masculino,Cosméticos Íntimos,97.57,2,10.0,Cartão Crédito,Entregue,App
1360,2024-03-29,241,Natália Santos,F,46+,Nordeste,Camisola Sensual Preta,Lingerie,60.1,1,0.0,Cartão Crédito,Cancelado,Marketplace
308,2023-12-22,108,Sra. Isabella da Luz,Não informado,36-45,Centro-Oeste,Body Rendado Vermelho,Lingerie,100.71,1,10.0,Boleto,Entregue,Site
1662,2024-11-08,197,Isabel Gomes,F,18-25,Nordeste,Massageador Corporal Wave,Vibradores,389.65,2,0.0,Pix,Entregue,Marketplace
2432,2024-09-02,440,Rael Montenegro,M,18-25,Nordeste,Mini Vibrador Discreto,Vibradores,232.53,2,0.0,Pix,Entregue,App
4462,2023-10-02,199,Maria Luísa Farias,F,46+,Nordeste,Body Coelhinha Plus Size,Lingerie,60.57,1,0.0,Pix,Entregue,App
1318,2024-04-12,343,Rebeca Cassiano,F,36-45,Sudeste,Cartas Posições Kamasutra,Jogos Adultos,89.98,5,0.0,Boleto,Cancelado,Site
3500,2024-06-24,348,Maria Isis da Conceição,F,36-45,Sul,Gel Excitante Feminino,Lubrificantes,77.63,2,0.0,Cartão Crédito,Entregue,Site
4770,2024-03-01,117,Kevin Pimenta,M,26-35,Norte,Fantasia Policial,Lingerie,79.21,3,0.0,Boleto,Entregue,Marketplace
3250,2023-12-14,266,Sr. Levi Campos,M,26-35,Centro-Oeste,Dominó Erótico,Jogos Adultos,61.72,1,0.0,Cartão Débito,Entregue,Marketplace
2475,2023-06-03,206,Dra. Ísis Pereira,F,36-45,Sudeste,Gel Excitante Feminino,Lubrificantes,49.73,2,0.0,Pix,Entregue,Marketplace
2543,2023-08-09,465,Luana Fogaça,F,26-35,Nordeste,Spray Prolongador,Cosméticos Íntimos,35.4,1,0.0,Cartão Crédito,Entregue,App
5352,2024-10-30,783,Sofia Martins,F,46+,Sudeste,Vibrador Ponto G Flex,Vibradores,153.27,1,5.0,Pix,Entregue,App
1247,2024-03-17,40,Thomas Monteiro,M,36-45,Sudeste,Wand Massager Pro,Vibradores,268.58,1,15.0,Pix,Cancelado,Site
4626,2024-09-10,303,Ravi Lucca Sales,M,36-45,Sudeste,Wand Massager Pro,Vibradores,492.93,2,25.0,Pix,Entregue,App
1209,2023-04-03,89,Enzo Jesus,M,36-45,Sul,Lubrificante Íntimo Aquoso 100ml,Lubrificantes,62.56,1,30.0,Pix,Entregue,App
3378,2024-10-25,58,Ana Laura da Costa,F,26-35,Nordeste,Fantasia Policial,Lingerie,158.13,1,5.0,Pix,Entregue,Site
217,2023-06-17,109,Caroline Rios,F,36-45,Sudeste,Wand Massager Pro,Vibradores,487.11,4,10.0,Cartão Crédito,Devolvido,App
4758,2023-03-01,387,Luiz Gustavo Câmara,M,18-25,Sudeste,Gel Excitante Masculino,Lubrificantes,38.69,2,0.0,Pix,Entregue,Site
5377,2024-05-12,231,Apollo das Neves,M,26-35,Nordeste,Mordaça Silicone,Acessórios BDSM,258.76,2,0.0,Pix,Entregue,Marketplace
1240,2023-05-29,57,Maria Cecília das Neves,F,18-25,Centro-Oeste,Massageador Corporal Wave,Vibradores,259.52,3,0.0,Pix,Entregue,Site
2290,2024-10-26,61,Davi Lucas Cardoso,M,36-45,Norte,Gel Excitante Feminino,Lubrificantes,65.19,2,30.0,Cartão Crédito,Entregue,Site
2741,2024-02-15,125,Dr. Thiago Mendonça,M,36-45,Sudeste,Mordaça Silicone,Acessórios BDSM,286.43,2,0.0,Pix,Entregue,Site
276,2024-10-20,189,Emanuel Souza,M,36-45,Sudeste,Gel Excitante Masculino,Lubrificantes,36.1,1,0.0,Pix,Entregue,Marketplace
490,2023-01-14,529,Olívia Montenegro,F,18-25,Sudeste,Conjunto Lingerie Boudoir,Lingerie,103.14,2,25.0,Pix,Entregue,Site
1036,2024-12-21,314,Maya Porto,F,36-45,Sul,Mini Vibrador Discreto,Vibradores,448.71,1,10.0,Pix,Entregue,App
1230,2023-02-15,144,Ravy Câmara,M,18-25,Sudeste,Body Coelhinha Plus Size,Lingerie,84.68,1,30.0,Cartão Crédito,Entregue,App
5087,2024-11-27,377,Melina Ferreira,F,18-25,Nordeste,Gel Térmico Sensação Quente,Cosméticos Íntimos,64.89,1,0.0,Pix,Entregue,App
1009,2023-06-30,80,Nina Siqueira,F,26-35,Sul,Lubrificante Sabores Baunilha,Lubrificantes,83.6,1,10.0,Cartão Crédito,Entregue,App
5225,2023-04-09,140,Maria Sophia Alves,F,36-45,Sudeste,Spray Prolongador,Cosméticos Íntimos,35.6,2,0.0,Cartão Crédito,Entregue,App
3838,2023-12-19,36,Josué Souza,M,18-25,Sul,Massageador Corporal Wave,Vibradores,223.64,1,0.0,Pix,Entregue,App
3911,2024-09-12,12,Eduardo Cunha,Não informado,26-35,Sul,Cartas Posições Kamasutra,Jogos Adultos,69.26,2,5.0,Boleto,Entregue,App
2533,2024-05-18,97,Sra. Ana Laura Aragão,F,26-35,Sudeste,Gel Excitante Masculino,Lubrificantes,87.5,1,10.0,Boleto,Entregue,Site
4624,2023-12-22,309,Ian Rocha,M,26-35,Sul,Mini Vibrador Discreto,Vibradores,143.13,3,0.0,Cartão Crédito,Cancelado,Site
1059,2023-11-01,178,Brayan Marques,M,26-35,Sudeste,Lubrificante Íntimo Aquoso 100ml,Lubrificantes,48.61,3,0.0,Pix,Entregue,Site
2167,2023-12-09,268,Rafaela da Mota,F,26-35,Norte,Lubrificante Íntimo Aquoso 250ml,Lubrificantes,83.42,1,10.0,Pix,Entregue,Marketplace
4551,2024-01-25,608,Maria Nogueira,F,36-45,Centro-Oeste,Meia-Calça Rendada,Lingerie,79.74,1,30.0,Pix,Entregue,Marketplace
4126,2024-03-14,298,Dra. Fernanda Lima,F,26-35,Nordeste,Lubrificante Base Silicone,Lubrificantes,39.94,1,0.0,Boleto,Entregue,App
282,2023-05-02,114,Caroline Ferreira,F,36-45,Sudeste,Meia-Calça Rendada,Lingerie,191.51,3,0.0,Cartão Crédito,Entregue,Site
1044,2024-04-12,262,Vitória Ferreira,F,26-35,Nordeste,Lubrificante Sabores Baunilha,Lubrificantes,65.26,4,0.0,Boleto,Entregue,Site
1317,2023-12-31,202,Antônio Teixeira,M,36-45,Sul,Lingerie Cropped com Bojo,Lingerie,131.36,1,0.0,Boleto,Entregue,Site
1614,2023-02-26,108,Sra. Isabella da Luz,Não informado,36-45,Centro-Oeste,Lubrificante Base Silicone,Lubrificantes,53.36,1,0.0,Cartão Débito,Entregue,App
969,2024-02-22,225,Isaque Cardoso,Não informado,26-35,Sul,Creme Excitante Feminino,Cosméticos Íntimos,108.55,1,10.0,Cartão Crédito,Cancelado,Marketplace
4682,2024-06-27,79,Maria Lima,F,18-25,Centro-Oeste,Vibrador Rabbit Premium,Vibradores,406.21,3,20.0,Pix,Entregue,Site
3842,2024-03-13,10,Alana Teixeira,F,36-45,Sul,Wand Massager Pro,Vibradores,442.35,1,0.0,Cartão Crédito,Entregue,App
1940,2023-03-24,23,Elisa Freitas,F,18-25,Sudeste,Kit Algemas Veludo,Acessórios BDSM,249.45,3,0.0,Cartão Crédito,Entregue,Site
3893,2024-11-29,299,Ísis Câmara,F,26-35,Sul,Jogo Tabuleiro Casais,Jogos Adultos,92.73,1,5.0,Pix,Entregue,App
1275,2023-01-04,178,Brayan Marques,M,26-35,Sudeste,Chicote de Couro Soft,Acessórios BDSM,288.02,2,0.0,Pix,Entregue,App
620,2024-11-06,358,Sra. Anna Liz Farias,F,36-45,Sudeste,Vibrador Rabbit Premium,Vibradores,347.15,2,0.0,Pix,Entregue,App
3980,2023-05-21,152,Joana Cavalcanti,F,26-35,Sul,Kit Algemas Veludo,Acessórios BDSM,59.52,4,0.0,Pix,Entregue,App
1743,2023-08-03,378,Letícia Porto,F,26-35,Sudeste,Creme Excitante Feminino,Cosméticos Íntimos,115.38,1,0.0,Cartão Crédito,Entregue,App
1391,2023-12-31,75,Caroline Silveira,F,36-45,Sudeste,Body Coelhinha Plus Size,Lingerie,106.21,1,0.0,Cartão Crédito,Entregue,Marketplace
4525,2023-07-05,421,Maria Eduarda Nogueira,F,18-25,Sudeste,Fantasia Policial,Lingerie,100.97,1,30.0,Cartão Crédito,Entregue,App
1848,2024-09-06,61,Davi Lucas Cardoso,M,36-45,Norte,Massageador Corporal Wave,Vibradores,125.58,1,10.0,Boleto,Entregue,Site
1580,2023-09-30,214,Sra. Catarina Martins,F,46+,Sul,Óleo de Massagem Relaxante,Lubrificantes,79.63,1,0.0,Boleto,Entregue,Marketplace
1656,2024-02-22,617,Esther da Paz,F,18-25,Sul,Massageador Corporal Wave,Vibradores,328.31,2,0.0,Boleto,Cancelado,Marketplace
3569,2023-12-13,386,Sra. Laura Vasconcelos,F,26-35,Sudeste,Kit Algemas Veludo,Acessórios BDSM,258.17,1,0.0,Pix,Entregue,Marketplace
2353,2024-10-01,254,Isabella Silveira,F,36-45,Sul,Massageador Corporal Wave,Vibradores,143.6,3,10.0,Boleto,Entregue,Site
2213,2023-09-10,6,Helena da Conceição,F,26-35,Sul,Vibrador Clássico Silicone,Vibradores,467.65,1,0.0,Cartão Crédito,Entregue,Marketplace
3276,2024-10-05,434,Isaac Pastor,M,36-45,Nordeste,Massageador Corporal Wave,Vibradores,321.65,3,0.0,Pix,Entregue,Site
2021,2023-02-04,681,Dr. Asafe Alves,M,36-45,Sudeste,Lubrificante Sabores Morango,Lubrificantes,73.46,1,30.0,Pix,Entregue,Marketplace
1583,2024-03-30,242,Maya Cavalcanti,F,46+,Norte,Lubrificante Íntimo Aquoso 100ml,Lubrificantes,62.3,4,0.0,Pix,Cancelado,Site
1957,2023-07-30,274,Yuri da Rocha,M,36-45,Sudeste,Meia-Calça Rendada,Lingerie,155.02,1,0.0,Cartão Crédito,Entregue,App
3179,2023-12-17,426,Isabelly Cardoso,F,26-35,Sul,Kit Roleplay Surpresa,Jogos Adultos,129.57,1,15.0,Pix,Cancelado,App
3193,2024-12-15,654,Dr. Luiz Felipe Santos,M,26-35,Sudeste,Venda para Olhos Satin,Acessórios BDSM,72.55,2,30.0,Pix,Entregue,Site
1308,2023-01-04,412,Danilo Brito,M,36-45,Sudeste,Vibrador Clássico Silicone,Vibradores,450.0,1,0.0,Cartão Crédito,Entregue,Site
2004,2024-08-16,80,Nina Siqueira,F,26-35,Sul,Vibrador Duplo Prazer,Vibradores,133.56,2,5.0,Boleto,Cancelado,Site
5027,2023-12-21,83,Evelyn Correia,F,26-35,Nordeste,Dominó Erótico,Jogos Adultos,41.17,1,0.0,Pix,Entregue,App
576,2023-08-18,646,Francisco Monteiro,Não informado,46+,Sudeste,Spray Prolongador,Cosméticos Íntimos,43.67,1,0.0,Cartão Débito,Entregue,Site
2361,2023-08-27,4,Dra. Aurora Pastor,F,26-35,Sul,Fantasia Policial,Lingerie,126.12,1,0.0,Cartão Crédito,Entregue,Site
723,2024-11-15,20,Sr. João Vitor Barros,M,18-25,Sudeste,Colar e Guia BDSM,Acessórios BDSM,199.36,1,0.0,Pix,Devolvido,Marketplace
4928,2023-02-06,72,Ana Beatriz Farias,F,46+,Norte,Vibrador Duplo Prazer,Vibradores,229.58,2,10.0,Cartão Crédito,Entregue,App
1707,2024-04-16,273,Sr. João Guilherme Aparecida,M,18-25,Nordeste,Dominó Erótico,Jogos Adultos,56.71,1,0.0,Pix,Cancelado,Site
1800,2023-10-21,4,Dra. Aurora Pastor,F,26-35,Sul,Lubrificante Sabores Baunilha,Lubrificantes,44.68,2,0.0,Pix,Entregue,Site
3348,2023-01-06,63,Otávio Cunha,M,26-35,Sudeste,Fantasia Policial,Lingerie,91.72,3,0.0,Cartão Crédito,Entregue,Site
4832,2023-07-26,350,Sra. Maria Helena Gomes,F,46+,Sudeste,Conjunto Lingerie Boudoir,Lingerie,172.81,3,15.0,Cartão Crédito,Entregue,Site
1281,2024-08-08,257,Sra. Melissa Vieira,F,46+,Sul,Vibrador Clássico Silicone,Vibradores,411.33,1,0.0,Cartão Débito,Entregue,Site
4522,2024-02-11,232,Marcos Vinicius Gonçalves,M,36-45,Sul,Massageador Corporal Wave,Vibradores,110.46,1,0.0,Cartão Crédito,Devolvido,App
862,2023-11-29,165,Sra. Carolina Correia,F,18-25,Sudeste,Spray Prolongador,Cosméticos Íntimos,123.29,1,0.0,Boleto,Entregue,App
4600,2024-09-21,87,Beatriz Aragão,F,46+,Centro-Oeste,Gel Excitante Feminino,Lubrificantes,85.44,4,30.0,Cartão Crédito,Entregue,Site
1802,2024-06-11,348,Maria Isis da Conceição,F,36-45,Sul,Conjunto Lingerie Boudoir,Lingerie,63.99,1,20.0,Pix,Entregue,App
1629,2024-03-14,29,Dra. Hellena Rodrigues,F,26-35,Norte,Dado do Prazer,Jogos Adultos,103.43,1,25.0,Cartão Crédito,Entregue,Site
1994,2024-04-23,41,Benicio Camargo,M,26-35,Nordeste,Lubrificante Base Silicone,Lubrificantes,47.9,1,0.0,Cartão Crédito,Entregue,Marketplace
2640,2023-08-30,319,Sra. Ana Carolina Marques,F,36-45,Sudeste,Body Rendado Vermelho,Lingerie,161.72,1,30.0,Cartão Débito,Entregue,Marketplace
270,2024-02-05,96,Vitor Hugo Araújo,M,36-45,Sudeste,Body Coelhinha Plus Size,Lingerie,162.7,2,0.0,Pix,Entregue,Site
630,2023-11-18,81,Beatriz Araújo,F,26-35,Sul,Lubrificante Íntimo Aquoso 100ml,Lubrificantes,72.91,1,0.0,Pix,Entregue,Site
3777,2023-10-21,434,Isaac Pastor,M,36-45,Nordeste,Corda de Shibari 5m,Acessórios BDSM,299.47,1,0.0,Cartão Crédito,Entregue,App
3082,2023-02-26,518,Luna Pires,F,18-25,Sudeste,Lubrificante Sabores Morango,Lubrificantes,69.61,1,0.0,Pix,Cancelado,Marketplace
3467,2023-03-13,166,Mateus Rocha,M,26-35,Sudeste,Lubrificante Base Silicone,Lubrificantes,77.77,1,0.0,Cartão Crédito,Devolvido,Site
2335,2024-09-20,34,Dr. Miguel Ramos,M,18-25,Nordeste,Fantasia Enfermeira,Lingerie,84.48,1,0.0,Cartão Crédito,Entregue,Site
4852,2023-10-08,132,Srta. Ísis Andrade,F,18-25,Sudeste,Massageador Corporal Wave,Vibradores,195.96,3,20.0,Pix,Entregue,Site
2967,2024-02-11,339,Bernardo da Mota,M,26-35,Sudeste,Fantasia Policial,Lingerie,86.25,2,0.0,Cartão Crédito,Entregue,App
301,2024-06-27,15,Julia Aparecida,F,26-35,Sudeste,Gel Excitante Masculino,Lubrificantes,71.78,2,0.0,Pix,Entregue,App
4788,2023-12-19,555,Sofia Vargas,F,18-25,Sul,Chicote de Couro Soft,Acessórios BDSM,154.69,1,15.0,Pix,Entregue,Site
460,2023-02-07,36,Josué Souza,M,18-25,Sul,Jogo Tabuleiro Casais,Jogos Adultos,117.59,1,0.0,Boleto,Entregue,Marketplace
1448,2023-08-15,455,Murilo Leão,M,26-35,Nordeste,Cartas Posições Kamasutra,Jogos Adultos,89.9,3,15.0,Cartão Crédito,Entregue,App
1473,2023-10-22,511,Marcela Ferreira,F,46+,Sul,Gel Excitante Masculino,Lubrificantes,74.07,1,0.0,Cartão Crédito,Cancelado,Marketplace
2047,2023-05-30,20,Sr. João Vitor Barros,M,18-25,Sudeste,Massageador Corporal Wave,Vibradores,293.49,2,30.0,Pix,Entregue,Site
4686,2023-11-29,137,Luiz Gustavo Vasconcelos,M,26-35,Nordeste,Lingerie Cropped com Bojo,Lingerie,78.59,1,25.0,Cartão Crédito,Entregue,Marketplace
5164,2024-11-06,172,Sophia Melo,F,36-45,Nordeste,Body Coelhinha Plus Size,Lingerie,141.76,1,0.0,Pix,Entregue,Site
5281,2024-10-20,756,Sra. Laura Campos,F,36-45,Nordeste,Creme Retardante Masculino,Cosméticos Íntimos,128.45,2,0.0,Pix,Entregue,App
2114,2024-09-09,535,Emanuel Fonseca,M,36-45,Sul,Chicote de Couro Soft,Acessórios BDSM,186.21,2,10.0,Cartão Crédito,Entregue,Site
28,2024-11-02,196,Anna Liz Carvalho,F,26-35,Sul,Lubrificante Sabores Baunilha,Lubrificantes,84.85,1,25.0,Pix,Entregue,Marketplace
2041,2023-10-31,471,Amanda Pereira,F,18-25,Sudeste,Lubrificante Íntimo Aquoso 250ml,Lubrificantes,70.2,1,0.0,Cartão Débito,Entregue,Site
5021,2023-05-28,291,Eduarda da Costa,F,36-45,Sudeste,Meia-Calça Rendada,Lingerie,116.78,2,0.0,Cartão Crédito,Entregue,Site
3217,2024-04-02,51,Thiago Caldeira,Não informado,36-45,Sul,Óleo de Massagem Relaxante,Lubrificantes,55.85,2,0.0,Pix,Entregue,App
838,2023-01-01,124,Gustavo Rodrigues,M,26-35,Nordeste,Gel Excitante Masculino,Lubrificantes,37.59,2,0.0,Cartão Crédito,Entregue,Site
3815,2023-02-01,81,Beatriz Araújo,F,26-35,Sul,Body Rendado Vermelho,Lingerie,96.69,2,0.0,Cartão Crédito,Entregue,Marketplace
130,2023-11-09,194,João Pedro da Costa,M,26-35,Nordeste,Vibrador Duplo Prazer,Vibradores,338.62,3,10.0,Boleto,Entregue,App
4368,2024-12-28,159,Zoe Rodrigues,F,46+,Sul,Fantasia Policial,Lingerie,76.36,1,0.0,Pix,Entregue,Site
2009,2023-11-15,19,Bernardo Aparecida,M,36-45,Sudeste,Mordaça Silicone,Acessórios BDSM,275.2,3,20.0,Pix,Entregue,App
5446,2024-03-10,62,Sra. Eloah da Luz,F,26-35,Sudeste,Body Rendado Vermelho,Lingerie,119.5,3,0.0,Cartão Crédito,Cancelado,Site
504,2024-02-12,425,Alícia Aragão,F,26-35,Sudeste,Vibrador Rabbit Premium,Vibradores,424.62,1,0.0,Cartão Crédito,Entregue,App
3945,2024-11-29,30,Ana Laura da Conceição,F,18-25,Sudeste,Chicote de Couro Soft,Acessórios BDSM,51.11,1,0.0,Pix,Entregue,Site
4771,2024-10-20,2,Isabelly Câmara,F,36-45,Nordeste,Lubrificante Sabores Morango,Lubrificantes,63.27,1,0.0,Pix,Entregue,App
381,2023-12-03,35,Diego da Luz,M,26-35,Sudeste,Conjunto Lingerie Boudoir,Lingerie,115.08,2,15.0,Pix,Entregue,Marketplace
1852,2024-12-17,428,Giovanna Pastor,F,36-45,Sudeste,Fantasia Policial,Lingerie,109.45,2,0.0,Pix,Devolvido,Marketplace
1526,2023-09-14,82,Lucca Caldeira,M,26-35,Nordeste,Kit Roleplay Surpresa,Jogos Adultos,117.59,1,0.0,Pix,Entregue,Site
2366,2023-06-05,13,Cauã Borges,M,36-45,Nordeste,Lubrificante Sabores Baunilha,Lubrificantes,59.24,5,30.0,Boleto,Devolvido,Marketplace
4215,2024-07-07,271,Heloísa Fonseca,F,26-35,Sudeste,Wand Massager Pro,Vibradores,140.69,2,0.0,Pix,Cancelado,App
3053,2024-09-10,87,Beatriz Aragão,F,46+,Centro-Oeste,Gel Térmico Sensação Quente,Cosméticos Íntimos,140.92,3,25.0,Pix,Entregue,Site
2885,2023-11-29,20,Sr. João Vitor Barros,M,18-25,Sudeste,Fantasia Policial,Lingerie,177.37,1,0.0,Cartão Crédito,Entregue,Marketplace
2341,2023-09-18,361,Ana Lívia da Costa,F,26-35,Sudeste,Lubrificante Sabores Morango,Lubrificantes,72.24,1,0.0,Pix,Entregue,App
375,2023-02-16,21,Carlos Eduardo Garcia,Não informado,36-45,Sul,Lingerie Cropped com Bojo,Lingerie,102.25,1,0.0,Cartão Débito,Entregue,App
5388,2024-10-26,691,Gabrielly Fernandes,F,36-45,Centro-Oeste,Venda para Olhos Satin,Acessórios BDSM,136.03,2,20.0,Cartão Débito,Entregue,App
2382,2024-02-29,480,Sra. Antonella Aragão,F,26-35,Nordeste,Massageador Corporal Wave,Vibradores,248.45,1,0.0,Pix,Entregue,App
4801,2024-12-20,37,Zoe da Luz,F,46+,Centro-Oeste,Venda para Olhos Satin,Acessórios BDSM,289.75,3,0.0,Pix,Entregue,Site
940,2024-10-10,231,Apollo das Neves,M,26-35,Nordeste,Óleo de Massagem Relaxante,Lubrificantes,63.61,2,20.0,Cartão Débito,Entregue,App
5318,2023-05-31,669,Dra. Manuella Cardoso,F,46+,Centro-Oeste,Lubrificante Sabores Morango,Lubrificantes,85.53,2,0.0,Pix,Entregue,App
5387,2023-11-18,161,Luísa Pinto,F,18-25,Sudeste,Óleo de Massagem Relaxante,Lubrificantes,88.5,3,0.0,Cartão Crédito,Entregue,App
4620,2024-02-17,482,Benicio Rocha,M,36-45,Nordeste,Body Rendado Vermelho,Lingerie,95.09,1,0.0,Pix,Entregue,Site
2800,2024-12-07,59,Bruno Barros,M,18-25,Sudeste,Vibrador Ponto G Flex,Vibradores,147.56,4,15.0,Pix,Entregue,App
2148,2023-04-08,122,Daniela da Mata,F,26-35,Sul,Lingerie Cropped com Bojo,Lingerie,129.39,5,30.0,Pix,Entregue,Site
3592,2024-04-05,54,Ágatha Vasconcelos,F,18-25,Sul,Lubrificante Base Silicone,Lubrificantes,49.81,1,0.0,Pix,Entregue,Site
4594,2024-04-20,103,Isadora Pacheco,F,46+,Nordeste,Mordaça Silicone,Acessórios BDSM,296.5,2,0.0,Cartão Débito,Cancelado,Site
5042,2023-03-18,240,Bianca Lopes,F,26-35,Sudeste,Vibrador Rabbit Premium,Vibradores,400.63,2,5.0,Cartão Débito,Cancelado,Marketplace
3809,2024-08-13,15,Julia Aparecida,F,26-35,Sudeste,Lubrificante Sabores Baunilha,Lubrificantes,52.85,1,0.0,Pix,Entregue,Site
4848,2023-07-08,43,Sra. Ana Luiza Gomes,F,46+,Centro-Oeste,Vibrador Duplo Prazer,Vibradores,412.82,1,0.0,Pix,Cancelado,Site
2069,2023-05-29,50,João Montenegro,M,26-35,Sudeste,Gel Excitante Feminino,Lubrificantes,48.22,2,0.0,Pix,Entregue,App
3624,2023-02-27,504,Maria Cecília Borges,F,26-35,Sul,Vibrador Rabbit Premium,Vibradores,273.41,4,0.0,Cartão Crédito,Entregue,App
530,2024-07-04,490,Benjamin Abreu,M,46+,Sudeste,Kit Algemas Veludo,Acessórios BDSM,148.35,3,25.0,Cartão Crédito,Entregue,App
3309,2024-02-15,127,Sra. Kamilly Aparecida,F,36-45,Nordeste,Vibrador Clássico Silicone,Vibradores,226.04,1,0.0,Pix,Entregue,App
3910,2024-08-11,109,Caroline Rios,F,36-45,Sudeste,Venda para Olhos Satin,Acessórios BDSM,272.06,1,0.0,Pix,Entregue,Site
5373,2024-12-04,155,Sra. Maya Pereira,F,26-35,Sul,Body Coelhinha Plus Size,Lingerie,70.84,3,5.0,Pix,Entregue,Marketplace
637,2023-02-14,206,Dra. Ísis Pereira,F,36-45,Sudeste,Creme Retardante Masculino,Cosméticos Íntimos,65.23,2,20.0,Pix,Entregue,Site
1270,2024-08-03,95,Juan Cunha,M,26-35,Sul,Wand Massager Pro,Vibradores,300.92,1,0.0,Cartão Débito,Entregue,Site
186,2024-07-26,286,Letícia Pastor,Não informado,36-45,Sul,Body Coelhinha Plus Size,Lingerie,139.24,1,0.0,Cartão Crédito,Cancelado,App
1395,2024-12-10,113,Hadassa Montenegro,F,36-45,Sul,Body Rendado Vermelho,Lingerie,64.47,2,30.0,Pix,Entregue,Site
3907,2023-06-16,196,Anna Liz Carvalho,F,26-35,Sul,Fantasia Policial,Lingerie,179.83,2,20.0,Cartão Crédito,Entregue,Marketplace
5033,2023-02-06,224,Alícia Pinto,F,26-35,Nordeste,Lubrificante Sabores Morango,Lubrificantes,75.43,2,30.0,Pix,Entregue,Marketplace
1798,2023-12-14,21,Carlos Eduardo Garcia,Não informado,36-45,Sul,Vibrador Rabbit Premium,Vibradores,449.65,2,20.0,Cartão Débito,Entregue,Site
2980,2023-12-05,700,Josué Castro,M,26-35,Centro-Oeste,Óleo de Massagem Relaxante,Lubrificantes,85.34,2,0.0,Cartão Crédito,Entregue,Marketplace
1442,2024-09-14,28,Júlia Porto,F,26-35,Centro-Oeste,Óleo de Massagem Relaxante,Lubrificantes,38.46,2,0.0,Cartão Débito,Entregue,App
4527,2023-11-12,359,Dr. Liam Pires,M,36-45,Sul,Sabonete Íntimo pH Neutro,Cosméticos Íntimos,129.7,1,0.0,Cartão Crédito,Cancelado,Marketplace
5409,2024-02-22,107,Gabrielly Rios,F,46+,Nordeste,Kit Roleplay Surpresa,Jogos Adultos,129.87,1,0.0,Cartão Crédito,Cancelado,Site
3812,2023-10-23,167,Srta. Liz Guerra,F,18-25,Sul,Wand Massager Pro,Vibradores,323.08,2,0.0,Cartão Crédito,Devolvido,App
1536,2023-06-02,37,Zoe da Luz,F,46+,Centro-Oeste,Lubrificante Sabores Baunilha,Lubrificantes,34.88,5,0.0,Pix,Entregue,Site
2914,2024-08-26,690,Maria Vitória Mendes,F,18-25,Norte,Camisola Sensual Preta,Lingerie,94.47,1,0.0,Pix,Entregue,Marketplace
3189,2023-01-16,443,Srta. Ana Liz Mendes,F,18-25,Nordeste,Kit Roleplay Surpresa,Jogos Adultos,68.87,4,0.0,Boleto,Cancelado,App
1274,2024-10-18,12,Eduardo Cunha,Não informado,26-35,Sul,Lubrificante Sabores Baunilha,Lubrificantes,81.88,2,5.0,Pix,Entregue,App
2468,2024-04-10,12,Eduardo Cunha,Não informado,26-35,Sul,Lubrificante Íntimo Aquoso 250ml,Lubrificantes,82.59,3,0.0,Pix,Cancelado,Marketplace
3689,2024-09-15,20,Sr. João Vitor Barros,M,18-25,Sudeste,Vibrador Ponto G Flex,Vibradores,477.52,1,0.0,Boleto,Entregue,App
608,2024-11-21,125,Dr. Thiago Mendonça,M,36-45,Sudeste,Body Rendado Vermelho,Lingerie,198.25,4,30.0,Pix,Devolvido,Site
4222,2023-09-29,254,Isabella Silveira,F,36-45,Sul,Massageador Corporal Wave,Vibradores,431.19,2,20.0,Pix,Entregue,App
1713,2024-03-29,389,Sr. Calebe Pires,M,18-25,Sudeste,Body Rendado Vermelho,Lingerie,93.23,2,0.0,Pix,Entregue,App
4356,2024-06-22,249,Sabrina Duarte,F,46+,Nordeste,Mordaça Silicone,Acessórios BDSM,252.23,2,10.0,Pix,Entregue,Site
2200,2023-01-26,132,Srta. Ísis Andrade,F,18-25,Sudeste,Kit Cuidados Íntimos,Cosméticos Íntimos,45.54,1,5.0,Boleto,Entregue,Marketplace
956,2024-02-05,133,Clara Lopes,F,26-35,Sul,Vibrador Ponto G Flex,Vibradores,286.77,2,30.0,Boleto,Entregue,App
2580,2024-05-17,277,Pedro Lucas Fernandes,M,36-45,Centro-Oeste,Lubrificante Base Silicone,Lubrificantes,66.09,1,0.0,Boleto,Entregue,Marketplace
5194,2024-12-29,601,Sofia Novaes,F,36-45,Sudeste,Kit Iniciante BDSM 5 Peças,Acessórios BDSM,286.18,1,0.0,Cartão Crédito,Entregue,App
4444,2024-02-18,140,Maria Sophia Alves,F,36-45,Sudeste,Gel Excitante Masculino,Lubrificantes,58.16,2,0.0,Pix,Entregue,Marketplace
4915,2024-02-26,51,Thiago Caldeira,Não informado,36-45,Sul,Lubrificante Íntimo Aquoso 250ml,Lubrificantes,71.65,1,0.0,Pix,Entregue,Marketplace
4130,2024-05-19,1,Sr. Apollo Sousa,M,18-25,Sudeste,Wand Massager Pro,Vibradores,368.82,1,0.0,Pix,Entregue,Marketplace
2853,2023-12-08,59,Bruno Barros,M,18-25,Sudeste,Lubrificante Íntimo Aquoso 250ml,Lubrificantes,48.64,2,5.0,Pix,Entregue,Site
404,2023-02-12,440,Rael Montenegro,M,18-25,Nordeste,Vibrador Clássico Silicone,Vibradores,446.96,3,0.0,Pix,Entregue,App
2072,2023-01-17,199,Maria Luísa Farias,F,46+,Nordeste,Lingerie Cropped com Bojo,Lingerie,65.63,3,0.0,Pix,Entregue,Marketplace
5279,2024-11-16,623,Maria Eduarda Moreira,F,26-35,Sudeste,Conjunto Lingerie Boudoir,Lingerie,157.27,2,0.0,Cartão Débito,Entregue,Site
1978,2024-12-07,154,Maya Ferreira,F,18-25,Sudeste,Body Rendado Vermelho,Lingerie,114.77,5,0.0,Pix,Entregue,App
159,2024-11-10,75,Caroline Silveira,F,36-45,Sudeste,Wand Massager Pro,Vibradores,311.9,1,0.0,Cartão Crédito,Entregue,Marketplace
1749,2023-02-10,369,Vinícius Jesus,M,36-45,Nordeste,Meia-Calça Rendada,Lingerie,131.89,1,0.0,Cartão Crédito,Entregue,App
2910,2024-02-06,100,Anna Liz Cirino,F,18-25,Centro-Oeste,Venda para Olhos Satin,Acessórios BDSM,207.6,2,0.0,Boleto,Entregue,Site
3889,2023-03-05,265,Igor Campos,M,36-45,Sudeste,Meia-Calça Rendada,Lingerie,111.28,1,0.0,Cartão Crédito,Entregue,App
4223,2024-04-28,542,Dra. Clarice Farias,F,18-25,Sudeste,Lubrificante Sabores Morango,Lubrificantes,55.7,1,25.0,Pix,Entregue,App
903,2023-06-14,56,Rebeca Almeida,F,26-35,Sul,Wand Massager Pro,Vibradores,212.84,1,0.0,Boleto,Cancelado,Marketplace
353,2024-02-29,285,Maria Helena Machado,F,36-45,Centro-Oeste,Meia-Calça Rendada,Lingerie,153.92,1,30.0,Cartão Crédito,Cancelado,App
1231,2023-12-29,536,João Miguel Gomes,M,26-35,Nordeste,Perfume Íntimo Floral,Cosméticos Íntimos,126.65,3,0.0,Pix,Entregue,Site
5185,2023-12-19,361,Ana Lívia da Costa,F,26-35,Sudeste,Cartas Posições Kamasutra,Jogos Adultos,115.45,3,0.0,Pix,Entregue,Site
2141,2024-06-02,431,Caroline Nogueira,F,26-35,Norte,Massageador Corporal Wave,Vibradores,122.12,1,0.0,Pix,Entregue,Site
445,2024-10-02,424,Ayla Ribeiro,F,26-35,Sul,Vibrador Clássico Silicone,Vibradores,465.75,1,30.0,Pix,Entregue,Marketplace
5491,2023-04-08,48,Sra. Brenda da Rocha,F,26-35,Centro-Oeste,Vibrador Ponto G Flex,Vibradores,206.11,3,25.0,Cartão Crédito,Entregue,Site
755,2024-07-11,42,Eduarda Vieira,F,18-25,Sudeste,Dominó Erótico,Jogos Adultos,95.16,1,15.0,Boleto,Entregue,Marketplace
1738,2023-02-15,60,Sra. Ana Lívia Teixeira,F,26-35,Sul,Spray Prolongador,Cosméticos Íntimos,139.7,2,15.0,Cartão Crédito,Entregue,Marketplace
2972,2023-11-18,50,João Montenegro,M,26-35,Sudeste,Body Coelhinha Plus Size,Lingerie,64.34,3,5.0,Boleto,Entregue,App
3715,2024-05-22,763,João Gabriel Novais,M,26-35,Nordeste,Gel Excitante Feminino,Lubrificantes,84.25,2,20.0,Pix,Cancelado,App
5242,2023-02-02,150,Maria Liz Rocha,F,36-45,Sul,Vibrador Clássico Silicone,Vibradores,194.79,2,0.0,Cartão Débito,Entregue,Site
2921,2024-10-20,109,Caroline Rios,F,36-45,Sudeste,Colar e Guia BDSM,Acessórios BDSM,215.5,1,0.0,Cartão Crédito,Entregue,Site
312,2024-03-27,23,Elisa Freitas,F,18-25,Sudeste,Mini Vibrador Discreto,Vibradores,379.83,2,10.0,Pix,Entregue,Site
3424,2024-05-12,12,Eduardo Cunha,Não informado,26-35,Sul,Vibrador Rabbit Premium,Vibradores,247.12,2,0.0,Cartão Crédito,Entregue,Site
549,2024-03-17,199,Maria Luísa Farias,F,46+,Nordeste,Mini Vibrador Discreto,Vibradores,458.29,1,5.0,Pix,Entregue,Site
662,2024-04-24,751,Evelyn da Cruz,F,26-35,Sudeste,Lubrificante Sabores Baunilha,Lubrificantes,57.58,3,0.0,Cartão Crédito,Entregue,Site
3795,2024-06-12,10,Alana Teixeira,F,36-45,Sul,Wand Massager Pro,Vibradores,174.61,2,0.0,Cartão Débito,Entregue,Site
5286,2024-12-28,324,Gabriel Moreira,M,26-35,Sudeste,Creme Retardante Masculino,Cosméticos Íntimos,53.9,1,0.0,Cartão Débito,Entregue,Site
1990,2023-10-04,341,Juliana Abreu,F,26-35,Nordeste,Body Coelhinha Plus Size,Lingerie,173.41,1,0.0,Pix,Entregue,Site
3666,2024-11-26,158,Maya Abreu,F,26-35,Sudeste,Lingerie Cropped com Bojo,Lingerie,68.01,2,20.0,Cartão Débito,Entregue,Site
3884,2024-11-17,69,Heloísa Pastor,F,26-35,Sudeste,Fantasia Policial,Lingerie,98.51,2,0.0,Pix,Devolvido,Site
307,2024-12-14,197,Isabel Gomes,F,18-25,Nordeste,Vibrador Rabbit Premium,Vibradores,303.38,2,0.0,Cartão Débito,Entregue,Site
2336,2023-02-06,133,Clara Lopes,F,26-35,Sul,Vibrador Clássico Silicone,Vibradores,364.54,3,0.0,Cartão Crédito,Entregue,
695,2024-11-25,34,Dr. Miguel Ramos,M,18-25,Nordeste,Perfume Íntimo Floral,Cosméticos Íntimos,88.2,2,0.0,Cartão Crédito,Entregue,Site
2357,2023-10-20,550,Antony Fonseca,M,18-25,Sudeste,Body Coelhinha Plus Size,Lingerie,199.71,1,0.0,Boleto,Entregue,App
3703,2024-11-24,106,Vicente Dias,M,26-35,Sul,Lingerie Cropped com Bojo,Lingerie,175.96,1,0.0,Boleto,Entregue,Site
3805,2023-12-22,83,Evelyn Correia,F,26-35,Nordeste,Vibrador Ponto G Flex,Vibradores,163.1,4,0.0,Cartão Crédito,Cancelado,App
1928,2024-06-10,179,Gael Silva,M,36-45,Sudeste,Fantasia Enfermeira,Lingerie,130.83,2,0.0,Boleto,Entregue,Marketplace
685,2023-02-12,601,Sofia Novaes,F,36-45,Sudeste,Gel Excitante Feminino,Lubrificantes,68.92,1,0.0,Boleto,Devolvido,Site
3428,2023-09-25,262,Vitória Ferreira,F,26-35,Nordeste,Conjunto Lingerie Boudoir,Lingerie,96.88,1,0.0,Pix,Entregue,Site
750,2024-12-02,261,Léo Melo,M,26-35,Nordeste,Dominó Erótico,Jogos Adultos,71.24,1,0.0,Cartão Crédito,Entregue,App
3639,2023-02-12,95,Juan Cunha,M,26-35,Sul,Kit Iniciante BDSM 5 Peças,Acessórios BDSM,83.99,3,0.0,Cartão Débito,Cancelado,Site
3219,2023-12-30,332,Bruna Martins,F,46+,Sudeste,Kit Roleplay Surpresa,Jogos Adultos,91.66,1,0.0,Cartão Crédito,Entregue,Site
5298,2023-08-13,249,Sabrina Duarte,F,46+,Nordeste,Lubrificante Sabores Baunilha,Lubrificantes,32.54,3,0.0,Pix,Entregue,App
1267,2024-12-08,137,Luiz Gustavo Vasconcelos,M,26-35,Nordeste,Lubrificante Sabores Morango,Lubrificantes,58.77,2,5.0,Pix,Entregue,Site
4038,2024-10-03,403,Camila Marques,F,26-35,Sudeste,Cartas Posições Kamasutra,Jogos Adultos,113.98,2,30.0,Boleto,Entregue,Marketplace
4221,2024-11-28,102,Nathan Campos,M,18-25,Sudeste,Lubrificante Base Silicone,Lubrificantes,71.24,2,0.0,Pix,Entregue,App
4913,2023-03-03,207,Ryan Câmara,M,26-35,Sudeste,Kit Roleplay Surpresa,Jogos Adultos,123.92,1,0.0,Pix,Entregue,App
3596,2023-12-09,275,Sr. Samuel Caldeira,M,36-45,Norte,Cartas Posições Kamasutra,Jogos Adultos,49.3,1,0.0,Cartão Crédito,Entregue,Marketplace
2135,2023-06-20,333,Daniela Monteiro,F,26-35,Norte,Creme Excitante Feminino,Cosméticos Íntimos,95.78,1,0.0,Pix,Entregue,Site
3084,2024-09-28,238,Bernardo Montenegro,M,46+,Sul,Massageador Corporal Wave,Vibradores,264.3,1,0.0,Pix,Entregue,Marketplace
3062,2023-09-30,27,Elisa Martins,F,26-35,Sul,Fantasia Policial,Lingerie,64.64,2,10.0,Pix,Entregue,Marketplace
3026,2023-10-17,129,Julia Castro,F,26-35,Sudeste,Gel Excitante Feminino,Lubrificantes,86.37,1,0.0,Pix,Entregue,Site
971,2023-07-15,289,Srta. Giovanna Pires,F,36-45,Sudeste,Vibrador Clássico Silicone,Vibradores,174.81,3,0.0,Pix,Entregue,Site
14,2023-10-08,67,Bárbara da Cruz,Não informado,36-45,Norte,Lubrificante Íntimo Aquoso 250ml,Lubrificantes,52.21,3,0.0,Pix,Entregue,App
874,2024-11-21,144,Ravy Câmara,M,18-25,Sudeste,Lubrificante Sabores Baunilha,Lubrificantes,38.55,1,0.0,Pix,Entregue,App
3772,2024-02-28,550,Antony Fonseca,M,18-25,Sudeste,Vibrador Clássico Silicone,Vibradores,135.82,5,25.0,Pix,Entregue,Site
809,2024-11-25,164,Dr. Luan Guerra,M,26-35,Sudeste,Óleo de Massagem Relaxante,Lubrificantes,36.59,2,0.0,Pix,Cancelado,App
3199,2023-02-05,31,Luara Guerra,F,36-45,Nordeste,Lubrificante Íntimo Aquoso 100ml,Lubrificantes,80.73,1,15.0,Pix,Devolvido,Site
515,2023-10-15,13,Cauã Borges,M,36-45,Nordeste,Óleo de Massagem Relaxante,Lubrificantes,86.99,2,0.0,Cartão Débito,Entregue,Site
4966,2023-02-12,68,Benício Fernandes,M,36-45,Sudeste,Meia-Calça Rendada,Lingerie,181.1,2,30.0,Cartão Crédito,Entregue,App
410,2024-12-15,27,Elisa Martins,F,26-35,Sul,Mordaça Silicone,Acessórios BDSM,151.03,1,0.0,Pix,Entregue,App
4149,2023-03-28,341,Juliana Abreu,F,26-35,Nordeste,Meia-Calça Rendada,Lingerie,88.84,2,0.0,Pix,Entregue,App
300,2024-12-21,25,Brayan Pereira,M,26-35,Sul,Chicote de Couro Soft,Acessórios BDSM,206.6,2,0.0,Cartão Crédito,Entregue,App
5484,2023-07-12,339,Bernardo da Mota,M,26-35,Sudeste,Óleo de Massagem Relaxante,Lubrificantes,58.42,1,0.0,Cartão Crédito,Entregue,Site
4816,2024-04-20,612,Sra. Ana Carolina da Rocha,Não informado,46+,Centro-Oeste,Lubrificante Sabores Morango,Lubrificantes,64.02,1,0.0,Cartão Crédito,Entregue,Site
208,2023-01-09,289,Srta. Giovanna Pires,F,36-45,Sudeste,Fantasia Policial,Lingerie,180.9,1,30.0,Pix,Devolvido,App
3965,2023-02-21,4,Dra. Aurora Pastor,F,26-35,Sul,Lubrificante Sabores Morango,Lubrificantes,66.96,5,0.0,Boleto,Entregue,Marketplace
459,2024-04-20,17,Bruno Novaes,M,26-35,Sudeste,Meia-Calça Rendada,Lingerie,160.09,1,0.0,Pix,Cancelado,App
2055,2023-09-01,470,Henry Gabriel Lima,M,18-25,Sul,Lubrificante Íntimo Aquoso 100ml,Lubrificantes,54.9,1,25.0,Pix,Entregue,Site
2431,2023-12-27,248,Mateus Fernandes,M,26-35,Nordeste,Óleo de Massagem Relaxante,Lubrificantes,47.6,2,10.0,Cartão Crédito,Entregue,Site
251,2024-03-31,97,Sra. Ana Laura Aragão,F,26-35,Sudeste,Creme Retardante Masculino,Cosméticos Íntimos,103.7,2,0.0,Boleto,Entregue,App
111,2024-07-19,95,Juan Cunha,M,26-35,Sul,Body Coelhinha Plus Size,Lingerie,146.78,2,10.0,Boleto,Entregue,App
4350,2023-01-01,266,Sr. Levi Campos,M,26-35,Centro-Oeste,Lubrificante Base Silicone,Lubrificantes,41.13,1,0.0,Pix,Devolvido,Site
1108,2023-08-20,367,Juan Fogaça,M,26-35,Sudeste,Lubrificante Íntimo Aquoso 100ml,Lubrificantes,73.3,4,25.0,Cartão Crédito,Entregue,Marketplace
4507,2024-11-29,346,Marcos Vinicius Marques,M,26-35,Sudeste,Kit Iniciante BDSM 5 Peças,Acessórios BDSM,77.98,2,0.0,Cartão Crédito,Entregue,App
1884,2024-03-22,370,Emilly Cavalcante,Não informado,36-45,Sudeste,Lubrificante Sabores Baunilha,Lubrificantes,55.36,2,5.0,Pix,Entregue,Marketplace
1714,2023-02-08,168,Agatha da Rosa,F,26-35,Sul,Chicote de Couro Soft,Acessórios BDSM,231.88,1,0.0,Pix,Entregue,Site
3912,2023-09-20,88,Sr. Caleb Sá,M,26-35,Sudeste,Fantasia Enfermeira,Lingerie,162.84,1,0.0,Cartão Crédito,Entregue,Marketplace
1288,2024-06-13,119,Letícia Ribeiro,Não informado,18-25,Norte,Meia-Calça Rendada,Lingerie,93.55,1,0.0,Pix,Cancelado,Marketplace
716,2023-05-25,601,Sofia Novaes,F,36-45,Sudeste,Camisola Sensual Preta,Lingerie,63.73,3,25.0,Cartão Crédito,Entregue,Site
3442,2024-03-20,203,Maria Helena Mendes,F,36-45,Sudeste,Fantasia Enfermeira,Lingerie,94.3,2,15.0,Cartão Crédito,Entregue,Site
553,2024-02-14,217,Lunna Fernandes,F,26-35,Sudeste,Jogo Tabuleiro Casais,Jogos Adultos,51.73,4,10.0,Pix,Entregue,App
1440,2024-02-13,296,Dr. Rafael Barbosa,M,18-25,Sul,Kit Iniciante BDSM 5 Peças,Acessórios BDSM,267.37,2,0.0,Pix,Entregue,App
2271,2023-05-19,31,Luara Guerra,F,36-45,Nordeste,Chicote de Couro Soft,Acessórios BDSM,121.1,1,15.0,Cartão Débito,Entregue,Site
5339,2024-07-31,563,Sra. Isabel Nascimento,Não informado,26-35,Nordeste,Lubrificante Íntimo Aquoso 100ml,Lubrificantes,40.88,4,0.0,Cartão Débito,Entregue,Site
3145,2023-04-30,87,Beatriz Aragão,F,46+,Centro-Oeste,Lubrificante Base Silicone,Lubrificantes,41.32,1,0.0,Cartão Crédito,Entregue,App
2822,2023-09-30,72,Ana Beatriz Farias,F,46+,Norte,Gel Excitante Feminino,Lubrificantes,49.05,2,15.0,Pix,Entregue,Site
5306,2024-02-03,207,Ryan Câmara,M,26-35,Sudeste,Wand Massager Pro,Vibradores,466.04,1,30.0,Cartão Crédito,Entregue,Marketplace
1926,2023-10-11,28,Júlia Porto,F,26-35,Centro-Oeste,Perfume Íntimo Floral,Cosméticos Íntimos,77.16,1,20.0,Pix,Entregue,App
635,2023-11-17,32,Ana Luiza Cunha,F,18-25,Sudeste,Massageador Corporal Wave,Vibradores,375.45,1,5.0,Boleto,Cancelado,Site
5332,2023-05-10,105,Mariah Ribeiro,F,18-25,Nordeste,Body Coelhinha Plus Size,Lingerie,154.76,3,15.0,Cartão Crédito,Entregue,Site
317,2024-02-08,144,Ravy Câmara,M,18-25,Sudeste,Lubrificante Íntimo Aquoso 100ml,Lubrificantes,84.41,1,0.0,Boleto,Entregue,Site
4675,2023-02-09,144,Ravy Câmara,M,18-25,Sudeste,Dominó Erótico,Jogos Adultos,65.55,1,0.0,Pix,Entregue,App
5218,2024-08-16,353,Beatriz Macedo,F,26-35,Nordeste,Massageador Corporal Wave,Vibradores,384.48,1,0.0,Pix,Cancelado,Site
1329,2024-12-28,285,Maria Helena Machado,F,36-45,Centro-Oeste,Vibrador Rabbit Premium,Vibradores,391.54,2,0.0,Cartão Crédito,Devolvido,Site
428,2023-05-04,525,Laura Barbosa,F,36-45,Sudeste,Gel Excitante Feminino,Lubrificantes,59.48,2,0.0,Pix,Entregue,Site
4127,2023-11-04,301,Bento Cavalcante,Não informado,26-35,Norte,Cartas Posições Kamasutra,Jogos Adultos,54.95,1,0.0,Pix,Entregue,Site
106,2023-07-25,80,Nina Siqueira,F,26-35,Sul,Fantasia Policial,Lingerie,188.87,1,10.0,Cartão Crédito,Entregue,Site
3042,2024-05-08,701,Luara Correia,F,36-45,Sudeste,Vibrador Clássico Silicone,Vibradores,93.62,2,0.0,Cartão Crédito,Entregue,Site
143,2023-02-09,187,Dr. Pedro Miguel Pimenta,M,26-35,Sudeste,Conjunto Lingerie Boudoir,Lingerie,72.95,2,25.0,Boleto,Cancelado,App
2170,2023-05-16,109,Caroline Rios,F,36-45,Sudeste,Colar e Guia BDSM,Acessórios BDSM,227.08,1,0.0,Cartão Crédito,Entregue,Marketplace
4092,2023-01-28,115,Isabelly Freitas,F,18-25,Sudeste,Gel Excitante Masculino,Lubrificantes,59.73,3,15.0,Pix,Entregue,Site
90,2023-10-31,174,Lívia Borges,F,46+,Sudeste,Wand Massager Pro,Vibradores,161.53,1,0.0,Boleto,Entregue,App
2919,2024-04-08,150,Maria Liz Rocha,F,36-45,Sul,Camisola Sensual Preta,Lingerie,166.75,3,0.0,Pix,Devolvido,Marketplace
3238,2024-10-10,671,Marina Montenegro,F,46+,Centro-Oeste,Kit Iniciante BDSM 5 Peças,Acessórios BDSM,111.42,1,0.0,Cartão Crédito,Entregue,App
2242,2023-07-30,10,Alana Teixeira,F,36-45,Sul,Kit Iniciante BDSM 5 Peças,Acessórios BDSM,60.64,1,0.0,Cartão Crédito,Entregue,Site
3175,2023-06-14,21,Carlos Eduardo Garcia,Não informado,36-45,Sul,Creme Excitante Feminino,Cosméticos Íntimos,72.77,1,0.0,Pix,Entregue,Marketplace
4152,2023-11-03,1,Sr. Apollo Sousa,M,18-25,Sudeste,Dado do Prazer,Jogos Adultos,48.88,2,10.0,Cartão Crédito,Entregue,App
3738,2024-01-30,361,Ana Lívia da Costa,F,26-35,Sudeste,Fantasia Policial,Lingerie,148.33,5,0.0,Boleto,Entregue,Site
2164,2024-04-09,459,Antonella Borges,F,26-35,Sudeste,Dominó Erótico,Jogos Adultos,67.96,1,0.0,Pix,Entregue,Site
2637,2024-07-10,688,Dr. Kaique Marques,M,26-35,Sul,Meia-Calça Rendada,Lingerie,86.03,2,0.0,Cartão Crédito,Entregue,App
4893,2024-10-07,252,Kamilly Novais,F,46+,Sul,Kit Cuidados Íntimos,Cosméticos Íntimos,102.54,3,0.0,Boleto,Entregue,Site
1950,2024-05-10,156,Bruna Gomes,F,26-35,Nordeste,Conjunto Lingerie Boudoir,Lingerie,104.8,1,0.0,Pix,Entregue,Site
1769,2024-04-05,130,Sra. Mariane Novais,F,46+,Nordeste,Camisola Sensual Preta,Lingerie,142.71,2,0.0,Pix,Entregue,Marketplace
4036,2024-02-12,757,Ísis Garcia,Não informado,18-25,Sudeste,Meia-Calça Rendada,Lingerie,117.46,1,0.0,Cartão Crédito,Cancelado,Site
2273,2023-11-18,182,Srta. Bianca Vasconcelos,F,26-35,Nordeste,Mordaça Silicone,Acessórios BDSM,174.12,1,25.0,Pix,Entregue,Site
2,2024-05-16,648,João Vasconcelos,M,36-45,Norte,Wand Massager Pro,Vibradores,274.81,1,0.0,Pix,Entregue,Marketplace
3937,2023-03-30,148,Dr. Bernardo Vargas,Não informado,26-35,Norte,Gel Excitante Feminino,Lubrificantes,56.34,1,0.0,Cartão Crédito,Entregue,App
4035,2024-07-06,48,Sra. Brenda da Rocha,F,26-35,Centro-Oeste,Sabonete Íntimo pH Neutro,Cosméticos Íntimos,113.07,1,20.0,Pix,Entregue,Site
1160,2023-12-15,9,Pietro Pastor,M,26-35,Sudeste,Lubrificante Sabores Morango,Lubrificantes,41.1,2,20.0,Pix,Cancelado,Site
1952,2024-12-02,69,Heloísa Pastor,F,26-35,Sudeste,Meia-Calça Rendada,Lingerie,91.9,2,0.0,Cartão Crédito,Entregue,App
936,2023-05-12,88,Sr. Caleb Sá,M,26-35,Sudeste,Creme Retardante Masculino,Cosméticos Íntimos,36.94,1,0.0,Cartão Débito,Entregue,Marketplace
4762,2024-02-27,752,Letícia Câmara,F,26-35,Sul,Creme Retardante Masculino,Cosméticos Íntimos,50.27,2,0.0,Cartão Débito,Entregue,Marketplace
2721,2023-05-30,543,Cecília Ferreira,F,26-35,Sudeste,Kit Roleplay Surpresa,Jogos Adultos,99.52,4,0.0,Pix,Entregue,Site
3732,2023-03-22,694,Léo Moraes,M,26-35,Sudeste,Creme Retardante Masculino,Cosméticos Íntimos,118.06,5,0.0,Cartão Débito,Entregue,App
4193,2024-02-25,188,Dra. Mariane Novaes,F,26-35,Sudeste,Óleo de Massagem Relaxante,Lubrificantes,36.28,1,0.0,Cartão Crédito,Entregue,Site
1110,2023-01-14,47,João Felipe Vargas,M,18-25,Sul,Óleo de Massagem Relaxante,Lubrificantes,68.11,1,25.0,Pix,Entregue,Site
4385,2024-09-22,510,Srta. Vitória Moraes,F,26-35,Norte,Corda de Shibari 5m,Acessórios BDSM,214.71,1,0.0,Cartão Crédito,Entregue,Site
592,2024-02-12,273,Sr. João Guilherme Aparecida,M,18-25,Nordeste,Lubrificante Sabores Baunilha,Lubrificantes,73.44,5,5.0,Pix,Cancelado,App
3535,2024-01-22,74,Raquel Cunha,F,46+,Sul,Gel Excitante Feminino,Lubrificantes,35.69,1,0.0,Boleto,Entregue,Marketplace
1696,2024-09-01,20,Sr. João Vitor Barros,M,18-25,Sudeste,Body Coelhinha Plus Size,Lingerie,99.58,3,0.0,Pix,Devolvido,Site
4170,2023-05-28,29,Dra. Hellena Rodrigues,F,26-35,Norte,Conjunto Lingerie Boudoir,Lingerie,105.19,1,0.0,Cartão Débito,Entregue,Site
2937,2024-03-29,389,Sr. Calebe Pires,M,18-25,Sudeste,Kit Iniciante BDSM 5 Peças,Acessórios BDSM,195.95,1,0.0,Pix,Entregue,App
4661,2023-07-05,194,João Pedro da Costa,M,26-35,Nordeste,Lubrificante Base Silicone,Lubrificantes,82.2,2,0.0,Pix,Entregue,Marketplace
2449,2024-11-08,17,Bruno Novaes,M,26-35,Sudeste,Vibrador Rabbit Premium,Vibradores,301.31,1,0.0,Boleto,Entregue,Site
1577,2024-05-16,7,Apollo Novais,M,18-25,Nordeste,Vibrador Ponto G Flex,Vibradores,133.61,1,10.0,Cartão Crédito,Entregue,Site
1112,2024-08-11,71,Dra. Ana Liz da Conceição,F,36-45,Sul,Body Coelhinha Plus Size,Lingerie,92.29,1,0.0,Pix,Entregue,Marketplace
4639,2024-10-05,361,Ana Lívia da Costa,F,26-35,Sudeste,Sabonete Íntimo pH Neutro,Cosméticos Íntimos,145.98,1,,Pix,Entregue,Site
214,2023-11-22,71,Dra. Ana Liz da Conceição,F,36-45,Sul,Conjunto Lingerie Boudoir,Lingerie,85.68,3,0.0,Pix,Entregue,Marketplace
779,2023-09-12,333,Daniela Monteiro,F,26-35,Norte,Camisola Sensual Preta,Lingerie,161.65,2,0.0,Pix,Devolvido,App
1416,2024-02-13,616,Renan da Cunha,M,26-35,Sudeste,Wand Massager Pro,Vibradores,337.78,1,0.0,Cartão Crédito,Entregue,App
3497,2024-05-06,488,Ryan Moura,M,36-45,Sudeste,Jogo Tabuleiro Casais,Jogos Adultos,72.14,1,0.0,Cartão Crédito,Entregue,Marketplace
102,2024-09-17,270,Beatriz Correia,F,26-35,Sul,Wand Massager Pro,Vibradores,250.99,1,30.0,Pix,Entregue,Site
2044,2023-06-06,34,Dr. Miguel Ramos,M,18-25,Nordeste,Lubrificante Íntimo Aquoso 250ml,Lubrificantes,86.0,3,5.0,Pix,Entregue,App
2849,2024-10-17,224,Alícia Pinto,F,26-35,Nordeste,Fantasia Policial,Lingerie,168.1,3,25.0,Cartão Crédito,Cancelado,App
5038,2024-08-03,699,Maria Isis Pimenta,F,36-45,Sudeste,Gel Excitante Feminino,Lubrificantes,30.36,2,25.0,Cartão Crédito,Entregue,Marketplace
4206,2024-04-17,177,Isabelly Melo,F,18-25,Sudeste,Corda de Shibari 5m,Acessórios BDSM,192.58,3,0.0,Pix,Entregue,Marketplace
5348,2024-12-30,83,Evelyn Correia,F,26-35,Nordeste,Massageador Corporal Wave,Vibradores,124.91,5,0.0,Boleto,Cancelado,Marketplace
1568,2024-11-18,28,Júlia Porto,F,26-35,Centro-Oeste,Mini Vibrador Discreto,Vibradores,160.73,1,30.0,Cartão Crédito,Devolvido,Marketplace
166,2023-09-18,451,Marina Brito,F,26-35,Norte,Meia-Calça Rendada,Lingerie,164.14,1,0.0,Cartão Crédito,Entregue,Site
5234,2024-06-27,145,Natália Ferreira,F,46+,Sul,Lubrificante Sabores Baunilha,Lubrificantes,61.77,1,0.0,Cartão Crédito,Entregue,Site
3567,2023-02-03,230,Luana Caldeira,F,26-35,Nordeste,Óleo de Massagem Relaxante,Lubrificantes,81.76,2,0.0,Boleto,Entregue,Marketplace
4257,2023-11-04,792,Calebe Cirino,M,26-35,Sudeste,Creme Excitante Feminino,Cosméticos Íntimos,44.34,2,0.0,Cartão Crédito,Entregue,Site
5468,2023-02-20,481,Eduarda Sá,F,36-45,Sul,Venda para Olhos Satin,Acessórios BDSM,226.38,3,0.0,Pix,Entregue,Site
1344,2024-02-16,339,Bernardo da Mota,M,26-35,Sudeste,Kit Roleplay Surpresa,Jogos Adultos,104.86,4,15.0,Cartão Débito,Entregue,Site
2014,2024-02-29,42,Eduarda Vieira,F,18-25,Sudeste,Sabonete Íntimo pH Neutro,Cosméticos Íntimos,83.48,1,0.0,Pix,Entregue,Site
274,2023-11-28,569,Cecilia da Cunha,F,46+,Nordeste,Chicote de Couro Soft,Acessórios BDSM,244.18,1,0.0,Pix,Devolvido,Site
3861,2023-03-04,426,Isabelly Cardoso,F,26-35,Sul,Cartas Posições Kamasutra,Jogos Adultos,90.04,3,30.0,Cartão Crédito,Entregue,App
72,2024-08-21,62,Sra. Eloah da Luz,F,26-35,Sudeste,Fantasia Policial,Lingerie,138.5,2,0.0,Cartão Crédito,Entregue,Site
4439,2023-01-30,772,Rhavi Rezende,M,26-35,Centro-Oeste,Kit Cuidados Íntimos,Cosméticos Íntimos,108.19,1,0.0,Cartão Crédito,Entregue,Site
3789,2023-12-26,36,Josué Souza,M,18-25,Sul,Gel Excitante Masculino,Lubrificantes,34.23,3,0.0,Pix,Cancelado,Site
1088,2023-05-19,51,Thiago Caldeira,Não informado,36-45,Sul,Vibrador Rabbit Premium,Vibradores,417.47,1,0.0,Boleto,Entregue,Site
395,2024-05-11,115,Isabelly Freitas,F,18-25,Sudeste,Cartas Posições Kamasutra,Jogos Adultos,61.74,1,20.0,Pix,Entregue,App
584,2024-12-21,110,Dr. Raul Dias,M,36-45,Nordeste,Lingerie Cropped com Bojo,Lingerie,111.94,2,0.0,Pix,Entregue,Marketplace
1368,2023-09-08,561,Isabela Macedo,F,36-45,Sudeste,Body Rendado Vermelho,Lingerie,97.92,2,0.0,Pix,Entregue,Site
3562,2024-04-17,435,Antony Cavalcanti,M,36-45,Nordeste,Lubrificante Base Silicone,Lubrificantes,67.64,1,0.0,Cartão Crédito,Entregue,Marketplace
5153,2024-10-11,561,Isabela Macedo,F,36-45,Sudeste,Vibrador Duplo Prazer,Vibradores,349.32,1,0.0,Cartão Crédito,Entregue,Site
2549,2024-09-27,143,Cauê Garcia,M,18-25,Nordeste,Óleo de Massagem Relaxante,Lubrificantes,53.16,2,0.0,Boleto,Entregue,App
1014,2023-07-31,12,Eduardo Cunha,Não informado,26-35,Sul,Kit Cuidados Íntimos,Cosméticos Íntimos,69.22,2,0.0,Pix,Entregue,Site
5436,2023-04-12,350,Sra. Maria Helena Gomes,F,46+,Sudeste,Dominó Erótico,Jogos Adultos,73.18,3,0.0,Cartão Crédito,Entregue,Site
4162,2024-10-24,25,Brayan Pereira,M,26-35,Sul,Chicote de Couro Soft,Acessórios BDSM,187.49,1,0.0,Cartão Crédito,Entregue,Site
3004,2024-07-02,262,Vitória Ferreira,F,26-35,Nordeste,Kit Iniciante BDSM 5 Peças,Acessórios BDSM,200.17,4,0.0,Pix,Entregue,Site
5315,2024-02-10,193,Kamilly Macedo,F,26-35,Sul,Camisola Sensual Preta,Lingerie,67.63,4,30.0,Cartão Débito,Entregue,Site
4016,2023-12-19,84,Melissa Carvalho,F,26-35,Nordeste,Óleo de Massagem Relaxante,Lubrificantes,55.28,1,0.0,Cartão Crédito,Entregue,Site
1702,2024-06-28,155,Sra. Maya Pereira,F,26-35,Sul,Spray Prolongador,Cosméticos Íntimos,132.38,1,0.0,Pix,Cancelado,App
521,2024-05-21,242,Maya Cavalcanti,F,46+,Norte,Creme Retardante Masculino,Cosméticos Íntimos,147.73,1,10.0,Boleto,Cancelado,Site
1764,2023-04-01,182,Srta. Bianca Vasconcelos,F,26-35,Nordeste,Gel Excitante Masculino,Lubrificantes,68.45,5,0.0,Pix,Entregue,Marketplace
1876,2024-12-08,211,Ravi Lucca Cardoso,Não informado,26-35,Sudeste,Lubrificante Íntimo Aquoso 250ml,Lubrificantes,71.74,1,30.0,Cartão Crédito,Entregue,Site
1260,2023-03-28,234,Dra. Isabelly Caldeira,F,36-45,Centro-Oeste,Jogo Tabuleiro Casais,Jogos Adultos,108.67,1,0.0,Cartão Crédito,Entregue,Site
3966,2024-03-04,396,Sarah da Mata,F,46+,Nordeste,Creme Excitante Feminino,Cosméticos Íntimos,61.02,2,0.0,Pix,Entregue,Marketplace
3345,2023-08-18,175,Leonardo Câmara,M,36-45,Sul,Vibrador Duplo Prazer,Vibradores,272.75,4,0.0,Cartão Crédito,Entregue,Site
5031,2023-02-23,100,Anna Liz Cirino,F,18-25,Centro-Oeste,Body Rendado Vermelho,Lingerie,121.35,1,0.0,Pix,Entregue,Site
2254,2024-02-22,444,Paulo Rodrigues,M,36-45,Sudeste,Gel Térmico Sensação Quente,Cosméticos Íntimos,46.25,2,0.0,Pix,Entregue,Site
2782,2023-02-17,462,Lucas Rios,M,18-25,Sudeste,Óleo de Massagem Relaxante,Lubrificantes,39.22,2,0.0,Pix,Entregue,Site
3225,2023-06-14,51,Thiago Caldeira,Não informado,36-45,Sul,Camisola Sensual Preta,Lingerie,133.82,2,20.0,Pix,Entregue,App
527,2024-02-18,147,Evelyn Guerra,F,36-45,Sul,Vibrador Ponto G Flex,Vibradores,290.24,2,30.0,Cartão Crédito,Entregue,Marketplace
4400,2024-11-20,38,Dra. Mariane Pacheco,F,26-35,Sudeste,Wand Massager Pro,Vibradores,398.8,1,0.0,Cartão Crédito,Devolvido,App
2964,2024-03-27,725,Mirella Cassiano,F,46+,Sudeste,Lingerie Cropped com Bojo,Lingerie,118.52,1,0.0,Pix,Entregue,Site
2947,2023-10-12,196,Anna Liz Carvalho,F,26-35,Sul,Vibrador Ponto G Flex,Vibradores,346.76,1,0.0,Cartão Débito,Cancelado,Site
378,2024-03-26,7,Apollo Novais,M,18-25,Nordeste,Vibrador Rabbit Premium,Vibradores,164.99,1,0.0,Cartão Crédito,Entregue,Marketplace
3900,2023-10-10,463,Noah Fogaça,M,36-45,Sudeste,Jogo de Cartas Sexo Quiz,Jogos Adultos,100.12,3,10.0,Cartão Crédito,Entregue,App
1560,2023-08-23,546,Maria Flor Ramos,F,26-35,Sul,Vibrador Clássico Silicone,Vibradores,244.49,2,30.0,Cartão Crédito,Entregue,Site
693,2023-08-18,192,Raquel Pires,Não informado,26-35,Nordeste,Vibrador Ponto G Flex,Vibradores,308.22,2,0.0,Cartão Crédito,Cancelado,Marketplace
1964,2023-12-19,133,Clara Lopes,F,26-35,Sul,Kit Iniciante BDSM 5 Peças,Acessórios BDSM,96.42,1,0.0,Pix,Entregue,Marketplace
5253,2023-03-23,314,Maya Porto,F,36-45,Sul,Lubrificante Base Silicone,Lubrificantes,64.33,3,0.0,Cartão Crédito,Entregue,App
349,2023-11-21,129,Julia Castro,F,26-35,Sudeste,Lubrificante Íntimo Aquoso 250ml,Lubrificantes,78.4,1,0.0,Pix,Entregue,App
2435,2024-04-07,675,Manuella Moreira,F,36-45,Nordeste,Vibrador Clássico Silicone,Vibradores,264.59,1,25.0,Pix,Entregue,Site
2247,2024-12-01,19,Bernardo Aparecida,M,36-45,Sudeste,Massageador Corporal Wave,Vibradores,452.75,1,0.0,Pix,Entregue,Site
4621,2024-12-23,480,Sra. Antonella Aragão,F,26-35,Nordeste,Venda para Olhos Satin,Acessórios BDSM,279.01,1,0.0,Pix,Entregue,Marketplace
3634,2024-12-09,119,Letícia Ribeiro,Não informado,18-25,Norte,Meia-Calça Rendada,Lingerie,98.87,1,0.0,Pix,Entregue,App
1710,2023-03-28,279,Danilo Azevedo,M,26-35,Sul,Lubrificante Sabores Morango,Lubrificantes,37.51,1,20.0,Pix,Entregue,App
1051,2023-06-16,505,Cauê da Cruz,M,46+,Sudeste,Wand Massager Pro,Vibradores,372.61,1,30.0,Pix,Entregue,Site
591,2023-09-04,42,Eduarda Vieira,F,18-25,Sudeste,Perfume Íntimo Floral,Cosméticos Íntimos,40.06,5,0.0,Pix,Entregue,Site
520,2023-10-18,46,Dra. Bruna Rodrigues,F,18-25,Nordeste,Body Rendado Vermelho,Lingerie,143.74,1,5.0,Pix,Entregue,App
3381,2023-01-11,126,Ana Júlia Borges,F,36-45,Sudeste,Jogo Tabuleiro Casais,Jogos Adultos,60.82,1,0.0,Pix,Entregue,Marketplace
3677,2023-11-20,53,Daniela Freitas,F,26-35,Sudeste,Meia-Calça Rendada,Lingerie,99.72,2,0.0,Pix,Entregue,Site
4577,2024-01-03,145,Natália Ferreira,F,46+,Sul,Óleo de Massagem Relaxante,Lubrificantes,41.49,3,0.0,Cartão Crédito,Entregue,Marketplace
1608,2023-11-04,410,Danilo Carvalho,M,26-35,Centro-Oeste,Body Coelhinha Plus Size,Lingerie,142.36,1,0.0,Pix,Cancelado,Site
3611,2023-06-25,228,Maria Eduarda Cavalcante,F,18-25,Sudeste,Vibrador Duplo Prazer,Vibradores,385.94,1,0.0,Cartão Débito,Entregue,Site
5303,2024-02-22,371,Anna Liz Pimenta,F,26-35,Sul,Conjunto Lingerie Boudoir,Lingerie,98.48,1,0.0,Cartão Crédito,Entregue,Site
1810,2023-04-13,29,Dra. Hellena Rodrigues,F,26-35,Norte,Kit Iniciante BDSM 5 Peças,Acessórios BDSM,249.19,1,5.0,Boleto,Entregue,Site
792,2024-09-16,237,Mariane Ribeiro,F,18-25,Nordeste,Meia-Calça Rendada,Lingerie,155.71,4,0.0,Cartão Crédito,Entregue,Site
793,2023-06-15,191,João Guilherme Vargas,M,26-35,Nordeste,Body Coelhinha Plus Size,Lingerie,84.43,4,15.0,Pix,Entregue,Site
4567,2024-10-17,82,Lucca Caldeira,M,26-35,Nordeste,Lubrificante Sabores Morango,Lubrificantes,89.87,4,30.0,Cartão Crédito,Entregue,App
1856,2023-12-19,81,Beatriz Araújo,F,26-35,Sul,Lubrificante Sabores Baunilha,Lubrificantes,33.91,1,0.0,Cartão Crédito,Entregue,App
1981,2024-11-19,58,Ana Laura da Costa,F,26-35,Nordeste,Gel Excitante Masculino,Lubrificantes,52.19,2,0.0,Pix,Entregue,Marketplace
3234,2023-09-27,17,Bruno Novaes,M,26-35,Sudeste,Lubrificante Sabores Morango,Lubrificantes,35.65,1,0.0,Boleto,Entregue,App
3599,2023-06-08,128,Lívia Vargas,F,26-35,Sudeste,Creme Excitante Feminino,Cosméticos Íntimos,113.61,2,0.0,Pix,Entregue,Marketplace
934,2024-12-23,202,Antônio Teixeira,M,36-45,Sul,Gel Excitante Feminino,Lubrificantes,61.03,1,0.0,Cartão Crédito,Devolvido,App
3964,2024-09-01,235,Dr. Dante Vieira,M,18-25,Sudeste,Lubrificante Base Silicone,Lubrificantes,72.27,4,0.0,Cartão Crédito,Entregue,App
5160,2024-03-11,71,Dra. Ana Liz da Conceição,F,36-45,Sul,Lubrificante Sabores Baunilha,Lubrificantes,70.63,1,30.0,Pix,Entregue,Site
4027,2024-12-22,139,Srta. Isabela Castro,F,18-25,Sudeste,Vibrador Duplo Prazer,Vibradores,465.92,1,0.0,Pix,Entregue,App
989,2023-03-18,79,Maria Lima,F,18-25,Centro-Oeste,Vibrador Clássico Silicone,Vibradores,320.19,2,30.0,Pix,Entregue,Site
4288,2023-12-13,231,Apollo das Neves,M,26-35,Nordeste,Vibrador Duplo Prazer,Vibradores,176.82,1,30.0,Cartão Crédito,Entregue,Site
3454,2023-03-22,128,Lívia Vargas,F,26-35,Sudeste,Vibrador Clássico Silicone,Vibradores,301.57,1,10.0,Cartão Crédito,Entregue,App
5074,2023-02-17,25,Brayan Pereira,M,26-35,Sul,Conjunto Lingerie Boudoir,Lingerie,99.49,1,30.0,Pix,Entregue,Site
3779,2024-10-17,284,Henry Gabriel Vasconcelos,M,36-45,Sudeste,Conjunto Lingerie Boudoir,Lingerie,104.37,1,5.0,Boleto,Entregue,Site
4662,2024-05-17,248,Mateus Fernandes,M,26-35,Nordeste,Camisola Sensual Preta,Lingerie,127.79,2,0.0,Boleto,Entregue,Site
3094,2024-07-15,457,Jade Freitas,F,46+,Sudeste,Fantasia Policial,Lingerie,172.73,1,0.0,Pix,Entregue,App
3156,2024-07-09,279,Danilo Azevedo,M,26-35,Sul,Body Rendado Vermelho,Lingerie,86.79,1,0.0,Cartão Débito,Entregue,Site
3202,2024-11-12,190,Milena da Luz,Não informado,36-45,Nordeste,Gel Excitante Masculino,Lubrificantes,30.48,2,0.0,Cartão Crédito,Entregue,App
4485,2023-02-01,66,Dr. Pedro Lucas Moreira,M,26-35,Sudeste,Óleo de Massagem Relaxante,Lubrificantes,63.61,3,10.0,Cartão Crédito,Cancelado,App
1099,2024-02-14,388,Srta. Isis Rocha,F,36-45,Sul,Vibrador Clássico Silicone,Vibradores,147.92,1,0.0,Cartão Crédito,Entregue,App
4616,2024-10-07,105,Mariah Ribeiro,F,18-25,Nordeste,Conjunto Lingerie Boudoir,Lingerie,120.75,1,0.0,Boleto,Entregue,Marketplace
2845,2023-05-13,232,Marcos Vinicius Gonçalves,M,36-45,Sul,Lingerie Cropped com Bojo,Lingerie,103.41,2,25.0,Pix,Entregue,Marketplace
887,2024-10-18,281,Ana Júlia Cassiano,F,36-45,Sul,Vibrador Clássico Silicone,Vibradores,109.26,1,0.0,Cartão Débito,Entregue,Marketplace
5473,2024-03-15,18,Maria Cecília Oliveira,F,26-35,Centro-Oeste,Conjunto Lingerie Boudoir,Lingerie,79.6,1,15.0,Pix,Entregue,Site
4310,2024-02-26,392,Caroline Borges,F,18-25,Nordeste,Lingerie Cropped com Bojo,Lingerie,162.05,2,0.0,Pix,Entregue,Site
516,2024-12-09,8,Yago Leão,M,26-35,Sudeste,Lubrificante Íntimo Aquoso 250ml,Lubrificantes,68.54,1,30.0,Cartão Crédito,Entregue,App
5127,2024-02-07,214,Sra. Catarina Martins,F,46+,Sul,Jogo Tabuleiro Casais,Jogos Adultos,67.79,1,0.0,Pix,Entregue,Site
1454,2023-09-16,228,Maria Eduarda Cavalcante,F,18-25,Sudeste,Body Rendado Vermelho,Lingerie,114.98,1,0.0,Pix,Cancelado,Site
3554,2024-06-05,191,João Guilherme Vargas,M,26-35,Nordeste,Lingerie Cropped com Bojo,Lingerie,115.56,2,10.0,Pix,Cancelado,App
3610,2023-08-02,699,Maria Isis Pimenta,F,36-45,Sudeste,Gel Excitante Masculino,Lubrificantes,34.33,1,0.0,Boleto,Entregue,Site
2507,2023-03-25,475,Murilo Azevedo,Não informado,26-35,Sudeste,Massageador Corporal Wave,Vibradores,305.43,1,0.0,Cartão Crédito,Entregue,Site
2995,2024-10-31,40,Thomas Monteiro,M,36-45,Sudeste,Lubrificante Sabores Morango,Lubrificantes,79.83,1,0.0,Pix,Entregue,Marketplace
4000,2023-08-31,49,Eduarda Marques,F,26-35,Sul,Kit Algemas Veludo,Acessórios BDSM,71.69,1,0.0,Cartão Crédito,Entregue,Site
5267,2024-02-24,95,Juan Cunha,M,26-35,Sul,Vibrador Ponto G Flex,Vibradores,237.7,5,0.0,Cartão Crédito,Cancelado,Marketplace
907,2024-09-30,429,Igor Farias,M,36-45,Centro-Oeste,Massageador Corporal Wave,Vibradores,316.09,1,0.0,Cartão Crédito,Entregue,Site
29,2023-07-03,241,Natália Santos,F,46+,Nordeste,Body Rendado Vermelho,Lingerie,193.47,1,0.0,Pix,Entregue,Site
2508,2024-09-25,158,Maya Abreu,F,26-35,Sudeste,Mini Vibrador Discreto,Vibradores,337.42,1,25.0,Cartão Débito,Entregue,Marketplace
2429,2023-02-07,104,Asafe Pinto,M,46+,Sudeste,Gel Excitante Masculino,Lubrificantes,59.55,1,25.0,Cartão Crédito,Entregue,Site
763,2023-10-03,79,Maria Lima,F,18-25,Centro-Oeste,Chicote de Couro Soft,Acessórios BDSM,104.46,1,25.0,Cartão Crédito,Entregue,Site
3748,2023-10-08,145,Natália Ferreira,F,46+,Sul,Vibrador Clássico Silicone,Vibradores,316.86,1,20.0,Pix,Cancelado,Site
285,2024-11-25,232,Marcos Vinicius Gonçalves,M,36-45,Sul,Vibrador Duplo Prazer,Vibradores,326.05,1,10.0,Cartão Crédito,Entregue,Site
687,2024-07-16,228,Maria Eduarda Cavalcante,F,18-25,Sudeste,Lubrificante Sabores Morango,Lubrificantes,51.01,1,10.0,Pix,Entregue,Site
2354,2023-03-18,503,Eloá Pinto,F,36-45,Sudeste,Lubrificante Íntimo Aquoso 250ml,Lubrificantes,66.52,2,0.0,Boleto,Entregue,Site
4471,2024-05-14,558,Eduardo Castro,M,36-45,Nordeste,Lubrificante Sabores Baunilha,Lubrificantes,58.88,1,0.0,Cartão Crédito,Entregue,Site
22,2024-03-01,42,Eduarda Vieira,F,18-25,Sudeste,Lubrificante Base Silicone,Lubrificantes,46.55,1,0.0,Pix,Entregue,App
2753,2024-10-11,84,Melissa Carvalho,F,26-35,Nordeste,Camisola Sensual Preta,Lingerie,142.77,1,25.0,Pix,Entregue,Marketplace
886,2023-11-26,55,Agatha Peixoto,F,46+,Nordeste,Fantasia Enfermeira,Lingerie,129.57,2,0.0,Cartão Crédito,Entregue,Marketplace
918,2024-10-01,643,Davi Miguel Moura,M,36-45,Sudeste,Fantasia Enfermeira,Lingerie,113.19,3,0.0,Pix,Entregue,App
1041,2023-12-09,210,Dra. Maria Luiza Silveira,F,26-35,Nordeste,Dado do Prazer,Jogos Adultos,86.05,1,0.0,Pix,Entregue,Site
1266,2023-04-20,21,Carlos Eduardo Garcia,Não informado,36-45,Sul,Fantasia Policial,Lingerie,93.63,2,0.0,Cartão Crédito,Entregue,App
4879,2024-06-05,124,Gustavo Rodrigues,M,26-35,Nordeste,Gel Excitante Feminino,Lubrificantes,79.27,4,0.0,Pix,Entregue,Site
278,2024-05-08,279,Danilo Azevedo,M,26-35,Sul,Fantasia Policial,Lingerie,106.58,1,0.0,Cartão Débito,Entregue,Site
2085,2024-10-11,209,Maria Julia Fernandes,F,36-45,Sudeste,Mini Vibrador Discreto,Vibradores,224.71,2,0.0,Cartão Crédito,Entregue,Site
1246,2023-02-20,263,Luísa Fogaça,Não informado,26-35,Sul,Fantasia Enfermeira,Lingerie,172.88,1,15.0,Pix,Entregue,Site
2383,2024-02-14,576,Luiz Fernando Alves,M,26-35,Nordeste,Massageador Corporal Wave,Vibradores,229.99,2,0.0,Cartão Débito,Cancelado,Site
572,2023-05-16,392,Caroline Borges,F,18-25,Nordeste,Vibrador Rabbit Premium,Vibradores,474.73,2,5.0,Cartão Débito,Entregue,App
1436,2024-12-18,9,Pietro Pastor,M,26-35,Sudeste,Gel Térmico Sensação Quente,Cosméticos Íntimos,91.6,1,0.0,Cartão Crédito,Entregue,Marketplace
3903,2024-05-02,573,Enrico da Mata,Não informado,26-35,Nordeste,Corda de Shibari 5m,Acessórios BDSM,122.63,1,25.0,Cartão Crédito,Entregue,App
1248,2024-03-29,10,Alana Teixeira,F,36-45,Sul,Cartas Posições Kamasutra,Jogos Adultos,80.46,4,10.0,Pix,Entregue,App
3527,2023-02-02,708,Sabrina Peixoto,F,18-25,Sul,Massageador Corporal Wave,Vibradores,453.19,2,0.0,Pix,Entregue,App
2515,2024-05-27,263,Luísa Fogaça,Não informado,26-35,Sul,Kit Cuidados Íntimos,Cosméticos Íntimos,130.34,4,0.0,Boleto,Cancelado,Marketplace
1008,2023-10-28,469,Bruna Teixeira,F,18-25,Centro-Oeste,Lubrificante Base Silicone,Lubrificantes,43.65,1,0.0,Pix,Entregue,Site
2065,2023-06-10,15,Julia Aparecida,F,26-35,Sudeste,Lubrificante Íntimo Aquoso 250ml,Lubrificantes,80.24,2,25.0,Cartão Crédito,Entregue,Site
4389,2023-03-09,29,Dra. Hellena Rodrigues,F,26-35,Norte,Massageador Corporal Wave,Vibradores,400.31,2,0.0,Pix,Entregue,Site
1691,2024-03-15,54,Ágatha Vasconcelos,F,18-25,Sul,Mini Vibrador Discreto,Vibradores,330.89,1,0.0,Pix,Entregue,Site
4797,2023-01-03,50,João Montenegro,M,26-35,Sudeste,Lubrificante Base Silicone,Lubrificantes,29.98,1,25.0,Cartão Crédito,Cancelado,Site
1986,2024-02-14,24,Giovanna Rios,F,26-35,Centro-Oeste,Body Rendado Vermelho,Lingerie,150.99,1,0.0,Pix,Entregue,App
295,2023-07-27,38,Dra. Mariane Pacheco,F,26-35,Sudeste,Mini Vibrador Discreto,Vibradores,114.36,1,20.0,Pix,Entregue,Site
1548,2023-04-30,216,Lunna Cunha,F,36-45,Sul,Colar e Guia BDSM,Acessórios BDSM,236.78,2,0.0,Cartão Crédito,Entregue,App
2013,2024-01-13,557,Sra. Caroline Peixoto,F,36-45,Sul,Dominó Erótico,Jogos Adultos,83.98,1,0.0,Cartão Crédito,Cancelado,Site
589,2024-02-19,39,Luiz Miguel Câmara,M,36-45,Sudeste,Wand Massager Pro,Vibradores,242.21,1,0.0,Pix,Entregue,App
3330,2024-05-07,294,Dra. Olivia da Rocha,F,26-35,Sudeste,Dominó Erótico,Jogos Adultos,112.39,1,5.0,Cartão Crédito,Entregue,Site
2404,2023-07-09,103,Isadora Pacheco,F,46+,Nordeste,Sabonete Íntimo pH Neutro,Cosméticos Íntimos,90.43,1,0.0,Cartão Débito,Entregue,Site
2130,2024-02-21,153,João Andrade,M,26-35,Sul,Dado do Prazer,Jogos Adultos,65.77,1,0.0,Cartão Débito,Entregue,App
3999,2024-10-19,204,Maria da Rosa,F,36-45,Sudeste,Fantasia Policial,Lingerie,195.11,2,0.0,Cartão Crédito,Entregue,Site
4868,2024-12-07,45,Yuri Albuquerque,M,46+,Sudeste,Jogo Tabuleiro Casais,Jogos Adultos,92.01,1,0.0,Cartão Crédito,Entregue,Site
3742,2024-08-02,429,Igor Farias,M,36-45,Centro-Oeste,Vibrador Clássico Silicone,Vibradores,346.87,1,0.0,Cartão Crédito,Entregue,Marketplace
3509,2024-01-23,467,Rafaela Câmara,F,26-35,Sudeste,Dominó Erótico,Jogos Adultos,100.06,1,0.0,Boleto,Entregue,Site
2720,2024-04-01,7,Apollo Novais,M,18-25,Nordeste,Lubrificante Sabores Morango,Lubrificantes,36.16,3,0.0,Cartão Crédito,Entregue,App
5058,2024-08-20,90,Rafaela Cunha,Não informado,36-45,Sudeste,Kit Algemas Veludo,Acessórios BDSM,270.08,2,15.0,Pix,Entregue,Marketplace
5064,2023-12-25,110,Dr. Raul Dias,M,36-45,Nordeste,Vibrador Clássico Silicone,Vibradores,247.4,1,10.0,Pix,Entregue,App
557,2023-08-25,40,Thomas Monteiro,M,36-45,Sudeste,Lubrificante Íntimo Aquoso 100ml,Lubrificantes,60.49,2,0.0,Pix,Entregue,Site
2470,2023-01-15,212,Yasmin Alves,F,18-25,Sudeste,Mordaça Silicone,Acessórios BDSM,146.76,2,0.0,Pix,Entregue,Site
3739,2024-02-28,363,Srta. Maya Brito,F,36-45,Sudeste,Vibrador Rabbit Premium,Vibradores,227.16,3,5.0,Pix,Entregue,App
1717,2024-04-03,17,Bruno Novaes,M,26-35,Sudeste,Body Coelhinha Plus Size,Lingerie,74.53,4,30.0,Cartão Crédito,Entregue,App
2605,2023-01-25,1,Sr. Apollo Sousa,M,18-25,Sudeste,Mordaça Silicone,Acessórios BDSM,216.64,1,0.0,Cartão Crédito,Entregue,Site
4583,2024-07-24,391,Ana Beatriz Pacheco,F,18-25,Sudeste,Gel Excitante Masculino,Lubrificantes,47.62,3,0.0,Pix,Entregue,Site
1705,2024-09-09,158,Maya Abreu,F,26-35,Sudeste,Gel Excitante Feminino,Lubrificantes,41.28,3,0.0,Cartão Crédito,Entregue,App
2140,2024-02-23,481,Eduarda Sá,F,36-45,Sul,Colar e Guia BDSM,Acessórios BDSM,278.83,2,0.0,Pix,Entregue,Site
3240,2024-01-26,220,Antony Souza,M,18-25,Sudeste,Chicote de Couro Soft,Acessórios BDSM,74.98,1,0.0,Cartão Crédito,Entregue,Site
2384,2024-02-12,154,Maya Ferreira,F,18-25,Sudeste,Gel Excitante Masculino,Lubrificantes,85.39,4,10.0,Cartão Crédito,Entregue,Site
1286,2023-02-20,198,Srta. Hadassa Azevedo,F,26-35,Nordeste,Lubrificante Sabores Morango,Lubrificantes,54.5,4,0.0,Pix,Entregue,Marketplace
4734,2023-10-02,600,Vinicius Nogueira,M,26-35,Sul,Kit Cuidados Íntimos,Cosméticos Íntimos,49.9,1,0.0,Boleto,Entregue,Site
4962,2023-01-10,64,Gabriela Silva,F,26-35,Sudeste,Spray Prolongador,Cosméticos Íntimos,103.44,1,15.0,Pix,Entregue,Marketplace
3931,2024-03-27,620,Maya Guerra,F,36-45,Centro-Oeste,Conjunto Lingerie Boudoir,Lingerie,109.69,3,0.0,Pix,Cancelado,App
4748,2024-03-14,12,Eduardo Cunha,Não informado,26-35,Sul,Gel Excitante Masculino,Lubrificantes,53.86,2,25.0,Cartão Crédito,Entregue,Site
1592,2023-09-09,767,Srta. Ana Júlia Brito,F,26-35,Sul,Wand Massager Pro,Vibradores,190.88,3,0.0,Pix,Entregue,Site
4922,2023-09-04,349,Augusto Dias,M,26-35,Sudeste,Meia-Calça Rendada,Lingerie,168.44,1,30.0,Boleto,Cancelado,App
2163,2023-11-29,120,Catarina da Luz,F,18-25,Sul,Camisola Sensual Preta,Lingerie,144.62,1,0.0,Cartão Débito,Entregue,Site
2397,2024-08-02,47,João Felipe Vargas,M,18-25,Sul,Gel Excitante Masculino,Lubrificantes,40.32,2,0.0,Boleto,Entregue,App
318,2023-10-19,53,Daniela Freitas,F,26-35,Sudeste,Óleo de Massagem Relaxante,Lubrificantes,82.36,1,20.0,Cartão Crédito,Entregue,Site
4987,2023-07-13,340,Manuela Viana,F,18-25,Nordeste,Dominó Erótico,Jogos Adultos,114.64,1,0.0,Pix,Entregue,Site
3112,2023-05-19,77,Maria Luísa Correia,F,46+,Sudeste,Mini Vibrador Discreto,Vibradores,421.17,1,0.0,Cartão Débito,Entregue,Site
4037,2024-10-08,721,Fernanda Pereira,F,26-35,Sudeste,Chicote de Couro Soft,Acessórios BDSM,230.21,5,0.0,Cartão Crédito,Cancelado,Marketplace
796,2023-02-10,501,Oliver da Rocha,M,46+,Sudeste,Meia-Calça Rendada,Lingerie,119.9,1,0.0,Pix,Entregue,App
3021,2024-07-31,93,Mirella da Paz,F,26-35,Sudeste,Jogo de Cartas Sexo Quiz,Jogos Adultos,51.92,1,15.0,Pix,Entregue,Site
1712,2024-05-19,18,Maria Cecília Oliveira,F,26-35,Centro-Oeste,Gel Excitante Feminino,Lubrificantes,86.25,1,30.0,Cartão Débito,Devolvido,Site
3388,2023-10-27,220,Antony Souza,M,18-25,Sudeste,Cartas Posições Kamasutra,Jogos Adultos,54.23,1,0.0,Pix,Entregue,Site
37,2023-12-31,100,Anna Liz Cirino,F,18-25,Centro-Oeste,Massageador Corporal Wave,Vibradores,196.57,5,0.0,Pix,Entregue,App
914,2024-08-03,144,Ravy Câmara,M,18-25,Sudeste,Lubrificante Íntimo Aquoso 250ml,Lubrificantes,83.09,1,0.0,Pix,Entregue,Site
3973,2023-11-25,89,Enzo Jesus,M,36-45,Sul,Fantasia Enfermeira,Lingerie,77.83,3,15.0,Cartão Débito,Entregue,Site
4134,2024-12-30,268,Rafaela da Mota,F,26-35,Norte,Vibrador Duplo Prazer,Vibradores,194.76,1,0.0,Cartão Crédito,Entregue,Site
975,2024-04-10,9,Pietro Pastor,M,26-35,Sudeste,Óleo de Massagem Relaxante,Lubrificantes,31.96,1,20.0,Pix,Entregue,Site
984,2023-01-13,22,Rafael Porto,M,36-45,Nordeste,Body Rendado Vermelho,Lingerie,102.37,3,0.0,Pix,Entregue,Site
4533,2023-03-31,79,Maria Lima,F,18-25,Centro-Oeste,Vibrador Rabbit Premium,Vibradores,436.04,4,0.0,Pix,Cancelado,App
1419,2024-03-17,164,Dr. Luan Guerra,M,26-35,Sudeste,Gel Excitante Masculino,Lubrificantes,67.31,1,0.0,Pix,Entregue,App
1561,2023-08-27,120,Catarina da Luz,F,18-25,Sul,Vibrador Clássico Silicone,Vibradores,223.5,3,15.0,Boleto,Entregue,App
4136,2023-04-20,5,Ana Beatriz Alves,F,18-25,Sul,Jogo Tabuleiro Casais,Jogos Adultos,93.57,1,0.0,Cartão Crédito,Cancelado,Site
1356,2023-03-06,503,Eloá Pinto,F,36-45,Sudeste,Spray Prolongador,Cosméticos Íntimos,109.54,2,0.0,Pix,Entregue,Marketplace
5270,2023-08-01,101,Bernardo Rocha,M,26-35,Nordeste,Mini Vibrador Discreto,Vibradores,303.89,2,25.0,Cartão Crédito,Entregue,App
988,2023-05-11,156,Bruna Gomes,F,26-35,Nordeste,Perfume Íntimo Floral,Cosméticos Íntimos,137.11,2,10.0,Pix,Entregue,Site
2683,2023-10-23,5,Ana Beatriz Alves,F,18-25,Sul,Gel Excitante Masculino,Lubrificantes,85.24,2,5.0,Cartão Crédito,Entregue,Site
1641,2024-10-18,210,Dra. Maria Luiza Silveira,F,26-35,Nordeste,Lubrificante Íntimo Aquoso 250ml,Lubrificantes,50.52,2,0.0,Cartão Crédito,Cancelado,Site
1291,2024-08-06,139,Srta. Isabela Castro,F,18-25,Sudeste,Vibrador Ponto G Flex,Vibradores,118.96,1,0.0,Pix,Devolvido,Site
3682,2023-01-20,38,Dra. Mariane Pacheco,F,26-35,Sudeste,Corda de Shibari 5m,Acessórios BDSM,264.2,1,5.0,Cartão Crédito,Entregue,App
1381,2023-02-04,50,João Montenegro,M,26-35,Sudeste,Lubrificante Íntimo Aquoso 100ml,Lubrificantes,54.3,1,0.0,Cartão Crédito,Entregue,App
1934,2023-12-20,248,Mateus Fernandes,M,26-35,Nordeste,Creme Retardante Masculino,Cosméticos Íntimos,62.69,4,0.0,Pix,Entregue,Site
4678,2024-08-01,676,Bruno da Cunha,M,26-35,Norte,Mordaça Silicone,Acessórios BDSM,282.24,3,0.0,Pix,Entregue,App
3161,2024-04-29,160,Sr. Luiz Otávio Lopes,M,36-45,Nordeste,Lubrificante Sabores Baunilha,Lubrificantes,86.46,1,25.0,Pix,Entregue,Marketplace
2031,2023-04-16,62,Sra. Eloah da Luz,F,26-35,Sudeste,Dominó Erótico,Jogos Adultos,54.88,2,20.0,Cartão Crédito,Entregue,Marketplace
893,2023-04-29,445,Rebeca Silva,F,26-35,Nordeste,Kit Algemas Veludo,Acessórios BDSM,95.74,1,15.0,Cartão Débito,Entregue,App
4070,2023-12-01,466,Sofia Cunha,F,36-45,Sul,Lubrificante Íntimo Aquoso 100ml,Lubrificantes,48.53,2,15.0,Cartão Crédito,Entregue,Site
3,2024-05-21,343,Rebeca Cassiano,F,36-45,Sudeste,Óleo de Massagem Relaxante,Lubrificantes,59.22,1,0.0,Cartão Crédito,Entregue,Site
2110,2024-02-01,741,Luara Leão,F,18-25,Sudeste,Lubrificante Íntimo Aquoso 100ml,Lubrificantes,87.82,2,30.0,Pix,Entregue,Site
850,2023-03-10,243,Dr. Vitor Gabriel Vasconcelos,M,26-35,Sudeste,Lubrificante Base Silicone,Lubrificantes,58.76,1,10.0,Pix,Entregue,Site
2738,2023-06-13,212,Yasmin Alves,F,18-25,Sudeste,Body Rendado Vermelho,Lingerie,61.9,2,0.0,Boleto,Entregue,App
2467,2024-09-27,138,Nicolas Pinto,M,36-45,Sudeste,Dominó Erótico,Jogos Adultos,79.78,1,0.0,Pix,Entregue,App
1915,2023-01-26,163,Sofia das Neves,F,36-45,Sul,Camisola Sensual Preta,Lingerie,124.28,1,0.0,Pix,Entregue,Site
1597,2024-02-15,89,Enzo Jesus,M,36-45,Sul,Gel Excitante Masculino,Lubrificantes,58.31,1,30.0,Boleto,Entregue,Site
1914,2024-05-05,126,Ana Júlia Borges,F,36-45,Sudeste,Dominó Erótico,Jogos Adultos,87.67,3,0.0,Cartão Débito,Entregue,App
5376,2024-04-06,403,Camila Marques,F,26-35,Sudeste,Óleo de Massagem Relaxante,Lubrificantes,42.91,3,0.0,Pix,Entregue,App
2737,2024-12-26,768,Luísa Silva,F,36-45,Nordeste,Conjunto Lingerie Boudoir,Lingerie,148.52,1,25.0,Boleto,Entregue,App
727,2023-08-13,42,Eduarda Vieira,F,18-25,Sudeste,Chicote de Couro Soft,Acessórios BDSM,161.81,1,25.0,Pix,Entregue,Marketplace
54,2023-12-06,537,Maitê Rocha,F,18-25,Sul,Vibrador Duplo Prazer,Vibradores,317.09,4,0.0,Cartão Crédito,Entregue,Site
1797,2024-02-08,330,Luana Novaes,F,36-45,Sudeste,Gel Excitante Feminino,Lubrificantes,50.18,2,0.0,Cartão Crédito,Entregue,App
3846,2024-06-17,284,Henry Gabriel Vasconcelos,M,36-45,Sudeste,Fantasia Enfermeira,Lingerie,76.9,2,25.0,Pix,Entregue,Site
2554,2024-03-02,641,Rael Freitas,M,26-35,Sul,Lubrificante Íntimo Aquoso 250ml,Lubrificantes,56.08,1,0.0,Pix,Entregue,Marketplace
2801,2024-06-16,402,Alice da Luz,F,26-35,Sudeste,Dominó Erótico,Jogos Adultos,58.09,2,0.0,Pix,Entregue,Site
937,2024-07-22,6,Helena da Conceição,F,26-35,Sul,Mordaça Silicone,Acessórios BDSM,98.49,1,0.0,Cartão Crédito,Devolvido,Site
4764,2023-01-11,79,Maria Lima,F,18-25,Centro-Oeste,Vibrador Ponto G Flex,Vibradores,283.5,5,0.0,Cartão Crédito,Cancelado,App
825,2024-12-10,208,Maya Mendonça,F,18-25,Sudeste,Creme Retardante Masculino,Cosméticos Íntimos,81.07,1,0.0,Pix,Entregue,Site
3402,2024-02-28,28,Júlia Porto,F,26-35,Centro-Oeste,Fantasia Policial,Lingerie,197.32,2,0.0,Cartão Crédito,Entregue,Marketplace
1390,2024-08-03,165,Sra. Carolina Correia,F,18-25,Sudeste,Vibrador Duplo Prazer,Vibradores,448.5,1,10.0,Cartão Crédito,Entregue,Marketplace
3565,2024-01-07,167,Srta. Liz Guerra,F,18-25,Sul,Corda de Shibari 5m,Acessórios BDSM,239.14,1,0.0,Pix,Entregue,Site
885,2023-10-17,410,Danilo Carvalho,M,26-35,Centro-Oeste,Gel Excitante Feminino,Lubrificantes,47.48,2,0.0,Pix,Entregue,Site
1869,2023-03-16,40,Thomas Monteiro,M,36-45,Sudeste,Vibrador Ponto G Flex,Vibradores,446.06,2,10.0,Pix,Entregue,Marketplace
11,2024-12-15,6,Helena da Conceição,F,26-35,Sul,Mini Vibrador Discreto,Vibradores,252.96,4,20.0,Pix,Entregue,Site
3416,2023-07-26,225,Isaque Cardoso,Não informado,26-35,Sul,Lingerie Cropped com Bojo,Lingerie,117.98,1,0.0,Pix,Entregue,App
1464,2023-05-25,285,Maria Helena Machado,F,36-45,Centro-Oeste,Dominó Erótico,Jogos Adultos,106.8,2,0.0,Cartão Crédito,Entregue,Site
807,2024-10-11,611,Catarina Azevedo,F,26-35,Centro-Oeste,Óleo de Massagem Relaxante,Lubrificantes,34.9,1,0.0,Pix,Entregue,App
4370,2023-04-21,57,Maria Cecília das Neves,F,18-25,Centro-Oeste,Lubrificante Base Silicone,Lubrificantes,40.77,3,0.0,Pix,Entregue,Marketplace
4069,2023-01-09,296,Dr. Rafael Barbosa,M,18-25,Sul,Lingerie Cropped com Bojo,Lingerie,120.62,2,10.0,Cartão Crédito,Devolvido,App
2109,2024-02-01,90,Rafaela Cunha,Não informado,36-45,Sudeste,Lingerie Cropped com Bojo,Lingerie,95.84,1,0.0,Cartão Crédito,Entregue,Site
4694,2024-02-26,199,Maria Luísa Farias,F,46+,Nordeste,Kit Algemas Veludo,Acessórios BDSM,59.11,1,0.0,Pix,Entregue,App
5500,2024-12-11,266,Sr. Levi Campos,M,26-35,Centro-Oeste,Lubrificante Íntimo Aquoso 100ml,Lubrificantes,70.45,3,10.0,Pix,Entregue,Marketplace
2235,2024-03-12,292,Ana Vitória Castro,F,36-45,Sul,Body Rendado Vermelho,Lingerie,104.77,1,0.0,Pix,Entregue,App
964,2023-05-30,135,Ana Cecília Fogaça,F,46+,Nordeste,Lingerie Cropped com Bojo,Lingerie,84.25,1,0.0,Pix,Entregue,Marketplace
2633,2024-08-02,2,Isabelly Câmara,F,36-45,Nordeste,Gel Excitante Masculino,Lubrificantes,65.46,1,5.0,Cartão Crédito,Entregue,Site
705,2024-09-13,19,Bernardo Aparecida,M,36-45,Sudeste,Meia-Calça Rendada,Lingerie,104.27,1,0.0,Boleto,Entregue,App
432,2024-10-09,370,Emilly Cavalcante,Não informado,36-45,Sudeste,Chicote de Couro Soft,Acessórios BDSM,61.27,2,0.0,Pix,Entregue,Site
146,2024-02-23,11,Otávio Fernandes,M,36-45,Sul,Vibrador Duplo Prazer,Vibradores,329.9,1,0.0,Cartão Crédito,Entregue,Marketplace
2034,2023-12-24,705,Sofia Marques,F,26-35,Sudeste,Fantasia Policial,Lingerie,149.18,2,0.0,Cartão Crédito,Entregue,App
4663,2023-06-04,169,Giovanna Lopes,F,36-45,Sudeste,Lubrificante Íntimo Aquoso 250ml,Lubrificantes,80.05,3,20.0,Pix,Entregue,Site
1166,2023-06-27,430,Alexandre da Mota,M,26-35,Sul,Jogo Tabuleiro Casais,Jogos Adultos,82.73,3,0.0,Pix,Entregue,Marketplace
3501,2023-07-22,94,Ryan Cassiano,M,36-45,Sudeste,Venda para Olhos Satin,Acessórios BDSM,125.66,3,0.0,Pix,Entregue,Site
2051,2024-01-25,167,Srta. Liz Guerra,F,18-25,Sul,Camisola Sensual Preta,Lingerie,170.68,3,0.0,Pix,Entregue,Site
3761,2023-05-24,36,Josué Souza,M,18-25,Sul,Lubrificante Base Silicone,Lubrificantes,63.0,1,20.0,Cartão Débito,Entregue,App
2625,2023-02-24,130,Sra. Mariane Novais,F,46+,Nordeste,Jogo Tabuleiro Casais,Jogos Adultos,65.67,4,0.0,Pix,Entregue,Marketplace
4665,2024-06-12,444,Paulo Rodrigues,M,36-45,Sudeste,Gel Excitante Feminino,Lubrificantes,70.28,3,0.0,Cartão Débito,Entregue,Site
4307,2023-12-03,176,Diogo Alves,M,46+,Sudeste,Óleo de Massagem Relaxante,Lubrificantes,82.94,4,0.0,Cartão Crédito,Entregue,Site
2425,2024-12-14,95,Juan Cunha,M,26-35,Sul,Lubrificante Base Silicone,Lubrificantes,56.0,1,0.0,Pix,Entregue,Site
1263,2023-08-23,103,Isadora Pacheco,F,46+,Nordeste,Gel Excitante Masculino,Lubrificantes,30.61,3,30.0,Cartão Crédito,Entregue,App
1772,2023-09-04,394,Emanuella Costa,F,36-45,Nordeste,Kit Algemas Veludo,Acessórios BDSM,83.51,3,0.0,Cartão Crédito,Devolvido,Site
3512,2023-03-05,20,Sr. João Vitor Barros,M,18-25,Sudeste,Chicote de Couro Soft,Acessórios BDSM,234.26,1,0.0,Pix,Entregue,Site
272,2023-07-17,421,Maria Eduarda Nogueira,F,18-25,Sudeste,Body Rendado Vermelho,Lingerie,191.29,2,25.0,Cartão Crédito,Entregue,Site
245,2023-03-30,5,Ana Beatriz Alves,F,18-25,Sul,Mini Vibrador Discreto,Vibradores,455.32,2,0.0,Pix,Entregue,Site
2033,2024-01-11,170,Luna Martins,F,18-25,Sudeste,Body Rendado Vermelho,Lingerie,79.69,1,0.0,Boleto,Devolvido,App
4393,2023-01-06,276,Larissa Melo,F,18-25,Sul,Kit Cuidados Íntimos,Cosméticos Íntimos,98.25,1,,Boleto,Entregue,Marketplace
814,2024-03-03,584,Olivia Machado,F,26-35,Sul,Creme Retardante Masculino,Cosméticos Íntimos,146.3,1,20.0,Cartão Crédito,Entregue,App
3811,2023-10-15,310,Alícia Teixeira,F,36-45,Sudeste,Vibrador Rabbit Premium,Vibradores,319.63,1,0.0,Boleto,Entregue,App
4513,2023-12-05,27,Elisa Martins,F,26-35,Sul,Óleo de Massagem Relaxante,Lubrificantes,38.81,2,0.0,Cartão Crédito,Entregue,Site
1805,2024-02-20,119,Letícia Ribeiro,Não informado,18-25,Norte,Kit Iniciante BDSM 5 Peças,Acessórios BDSM,77.12,1,25.0,Cartão Crédito,Entregue,Site
2462,2024-01-03,514,Erick Pereira,M,36-45,Sudeste,Vibrador Clássico Silicone,Vibradores,147.7,1,0.0,Pix,Entregue,Site
546,2023-03-18,122,Daniela da Mata,F,26-35,Sul,Massageador Corporal Wave,Vibradores,480.42,1,0.0,Pix,Entregue,Marketplace
3242,2024-12-05,153,João Andrade,M,26-35,Sul,Vibrador Rabbit Premium,Vibradores,263.06,1,15.0,Cartão Crédito,Entregue,Site
739,2023-06-15,158,Maya Abreu,F,26-35,Sudeste,Vibrador Rabbit Premium,Vibradores,269.32,5,0.0,Pix,Entregue,Marketplace
311,2023-06-14,158,Maya Abreu,F,26-35,Sudeste,Lubrificante Base Silicone,Lubrificantes,80.26,2,0.0,Pix,Entregue,Site
3522,2024-12-24,173,Srta. Antonella da Paz,F,18-25,Sudeste,Jogo Tabuleiro Casais,Jogos Adultos,113.61,3,0.0,Cartão Crédito,Entregue,Site
1132,2023-01-02,186,Davi Luiz Martins,M,18-25,Norte,Jogo Tabuleiro Casais,Jogos Adultos,93.94,3,0.0,Cartão Débito,Entregue,Marketplace
5461,2023-04-10,410,Danilo Carvalho,M,26-35,Centro-Oeste,Wand Massager Pro,Vibradores,191.61,1,10.0,Pix,Entregue,Site
4112,2023-01-07,188,Dra. Mariane Novaes,F,26-35,Sudeste,Lubrificante Íntimo Aquoso 250ml,Lubrificantes,70.15,1,30.0,Pix,Entregue,Site
2770,2024-11-20,301,Bento Cavalcante,Não informado,26-35,Norte,Vibrador Clássico Silicone,Vibradores,383.93,3,0.0,Pix,Entregue,Site
921,2023-07-01,496,Sr. Theodoro Novais,M,26-35,Nordeste,Wand Massager Pro,Vibradores,187.05,1,0.0,Cartão Crédito,Entregue,Site
3588,2024-03-11,371,Anna Liz Pimenta,F,26-35,Sul,Kit Cuidados Íntimos,Cosméticos Íntimos,145.5,2,15.0,Cartão Crédito,Entregue,Site
3960,2024-09-20,12,Eduardo Cunha,Não informado,26-35,Sul,Vibrador Duplo Prazer,Vibradores,104.56,4,25.0,Boleto,Entregue,App
39,2023-03-18,304,Nathan da Mata,M,26-35,Centro-Oeste,Vibrador Duplo Prazer,Vibradores,271.71,1,15.0,Pix,Cancelado,Site
4279,2023-07-21,38,Dra. Mariane Pacheco,F,26-35,Sudeste,Wand Massager Pro,Vibradores,494.71,1,0.0,Boleto,Entregue,Site
2984,2023-06-11,429,Igor Farias,M,36-45,Centro-Oeste,Creme Retardante Masculino,Cosméticos Íntimos,40.28,1,20.0,Cartão Crédito,Entregue,Site
5116,2023-09-22,266,Sr. Levi Campos,M,26-35,Centro-Oeste,Lubrificante Sabores Morango,Lubrificantes,56.13,2,5.0,Cartão Crédito,Entregue,Site
2668,2024-08-10,280,Rebeca Barbosa,F,26-35,Norte,Lubrificante Base Silicone,Lubrificantes,32.4,1,0.0,Pix,Entregue,Site
3224,2024-12-07,6,Helena da Conceição,F,26-35,Sul,Vibrador Duplo Prazer,Vibradores,460.82,1,15.0,Cartão Débito,Entregue,App
1183,2023-01-30,267,Dra. Ester Correia,F,36-45,Sudeste,Mini Vibrador Discreto,Vibradores,481.53,3,0.0,Pix,Entregue,Site
615,2024-02-29,503,Eloá Pinto,F,36-45,Sudeste,Vibrador Ponto G Flex,Vibradores,103.3,1,25.0,Boleto,Entregue,Site
5447,2024-09-20,118,Dra. Alexia Rios,F,46+,Sudeste,Mini Vibrador Discreto,Vibradores,225.7,1,0.0,Pix,Entregue,Site
1467,2024-06-09,720,Luiz Otávio Sá,M,26-35,Nordeste,Camisola Sensual Preta,Lingerie,173.59,2,0.0,Pix,Entregue,Site
3043,2024-05-03,34,Dr. Miguel Ramos,M,18-25,Nordeste,Dominó Erótico,Jogos Adultos,56.31,1,20.0,Pix,Entregue,App
935,2023-12-13,53,Daniela Freitas,F,26-35,Sudeste,Lingerie Cropped com Bojo,Lingerie,145.53,2,0.0,Pix,Entregue,App
2420,2024-08-16,135,Ana Cecília Fogaça,F,46+,Nordeste,Wand Massager Pro,Vibradores,183.97,1,30.0,Cartão Crédito,Entregue,App
5013,2023-05-16,207,Ryan Câmara,M,26-35,Sudeste,Cartas Posições Kamasutra,Jogos Adultos,97.48,1,0.0,Pix,Entregue,Site
4502,2024-07-22,196,Anna Liz Carvalho,F,26-35,Sul,Lubrificante Íntimo Aquoso 250ml,Lubrificantes,31.92,4,0.0,Pix,Entregue,Marketplace
827,2024-08-13,117,Kevin Pimenta,M,26-35,Norte,Venda para Olhos Satin,Acessórios BDSM,127.02,1,0.0,Cartão Débito,Entregue,Site
1522,2024-09-24,611,Catarina Azevedo,F,26-35,Centro-Oeste,Wand Massager Pro,Vibradores,390.45,1,5.0,Cartão Débito,Cancelado,App
2931,2023-09-14,240,Bianca Lopes,F,26-35,Sudeste,Camisola Sensual Preta,Lingerie,193.27,5,0.0,Pix,Entregue,Site
4233,2023-06-10,122,Daniela da Mata,F,26-35,Sul,Lubrificante Base Silicone,Lubrificantes,31.2,1,0.0,Cartão Crédito,Entregue,App
629,2024-02-12,11,Otávio Fernandes,M,36-45,Sul,Massageador Corporal Wave,Vibradores,265.95,1,0.0,Pix,Entregue,Site
3854,2024-12-26,620,Maya Guerra,F,36-45,Centro-Oeste,Lubrificante Base Silicone,Lubrificantes,44.34,1,0.0,Pix,Entregue,Marketplace
391,2023-11-01,765,Isaque da Cruz,M,26-35,Sudeste,Meia-Calça Rendada,Lingerie,147.23,1,10.0,Pix,Entregue,Marketplace
5410,2024-01-31,202,Antônio Teixeira,M,36-45,Sul,Lubrificante Base Silicone,Lubrificantes,43.06,1,0.0,Pix,Entregue,App
3991,2023-01-09,25,Brayan Pereira,M,26-35,Sul,Camisola Sensual Preta,Lingerie,151.51,2,25.0,Pix,Entregue,Marketplace
401,2024-05-20,31,Luara Guerra,F,36-45,Nordeste,Vibrador Clássico Silicone,Vibradores,499.6,1,0.0,Cartão Crédito,Entregue,Marketplace
3360,2024-12-20,286,Letícia Pastor,Não informado,36-45,Sul,Óleo de Massagem Relaxante,Lubrificantes,68.09,3,20.0,Cartão Débito,Entregue,Marketplace
47,2023-03-16,103,Isadora Pacheco,F,46+,Nordeste,Gel Térmico Sensação Quente,Cosméticos Íntimos,102.29,1,0.0,Cartão Débito,Entregue,Site
5326,2024-12-26,232,Marcos Vinicius Gonçalves,M,36-45,Sul,Vibrador Rabbit Premium,Vibradores,247.2,2,0.0,Cartão Crédito,Entregue,Marketplace
5464,2023-06-25,105,Mariah Ribeiro,F,18-25,Nordeste,Kit Iniciante BDSM 5 Peças,Acessórios BDSM,134.59,1,20.0,Pix,Entregue,Site
3643,2023-02-06,172,Sophia Melo,F,36-45,Nordeste,Gel Excitante Masculino,Lubrificantes,40.13,1,10.0,Cartão Débito,Entregue,Site
3727,2023-04-30,18,Maria Cecília Oliveira,F,26-35,Centro-Oeste,Gel Excitante Feminino,Lubrificantes,75.0,2,10.0,Cartão Crédito,Entregue,Site
5389,2023-05-04,228,Maria Eduarda Cavalcante,F,18-25,Sudeste,Massageador Corporal Wave,Vibradores,120.36,4,0.0,Cartão Crédito,Entregue,Site
2422,2024-06-10,7,Apollo Novais,M,18-25,Nordeste,Lubrificante Sabores Baunilha,Lubrificantes,67.98,4,0.0,Cartão Crédito,Cancelado,App
1751,2024-02-13,207,Ryan Câmara,M,26-35,Sudeste,Lubrificante Sabores Baunilha,Lubrificantes,70.78,1,30.0,Cartão Crédito,Entregue,Site
5367,2024-06-24,253,Stella Correia,F,26-35,Sudeste,Lubrificante Íntimo Aquoso 100ml,Lubrificantes,68.38,1,0.0,Boleto,Entregue,Marketplace
4548,2023-12-29,279,Danilo Azevedo,M,26-35,Sul,Vibrador Clássico Silicone,Vibradores,305.67,2,0.0,Pix,Entregue,Site
4063,2024-05-08,374,José Miguel Marques,M,36-45,Norte,Perfume Íntimo Floral,Cosméticos Íntimos,40.12,2,0.0,Boleto,Entregue,App
339,2024-08-30,175,Leonardo Câmara,M,36-45,Sul,Mordaça Silicone,Acessórios BDSM,285.71,1,0.0,Cartão Débito,Devolvido,App
216,2024-01-03,75,Caroline Silveira,F,36-45,Sudeste,Venda para Olhos Satin,Acessórios BDSM,175.48,2,15.0,Pix,Entregue,Site
3664,2023-05-18,10,Alana Teixeira,F,36-45,Sul,Mini Vibrador Discreto,Vibradores,414.78,2,0.0,Cartão Crédito,Cancelado,Site
1342,2024-11-13,169,Giovanna Lopes,F,36-45,Sudeste,Body Coelhinha Plus Size,Lingerie,94.27,4,5.0,Boleto,Entregue,Site
5081,2023-03-27,22,Rafael Porto,M,36-45,Nordeste,Lubrificante Base Silicone,Lubrificantes,44.51,2,5.0,Pix,Entregue,App
3895,2024-11-03,343,Rebeca Cassiano,F,36-45,Sudeste,Gel Excitante Masculino,Lubrificantes,65.78,1,0.0,Cartão Crédito,Entregue,Site
3641,2024-11-14,76,Renan da Cruz,M,26-35,Nordeste,Chicote de Couro Soft,Acessórios BDSM,138.67,1,0.0,Cartão Débito,Entregue,App
330,2023-07-21,79,Maria Lima,F,18-25,Centro-Oeste,Kit Iniciante BDSM 5 Peças,Acessórios BDSM,198.19,1,5.0,Pix,Entregue,App
3005,2024-02-16,228,Maria Eduarda Cavalcante,F,18-25,Sudeste,Gel Excitante Feminino,Lubrificantes,30.4,1,15.0,Cartão Crédito,Entregue,App
5307,2024-03-29,177,Isabelly Melo,F,18-25,Sudeste,Óleo de Massagem Relaxante,Lubrificantes,35.52,2,0.0,Cartão Crédito,Cancelado,App
3116,2024-10-05,509,Ana Vitória Moraes,F,26-35,Sudeste,Vibrador Ponto G Flex,Vibradores,229.0,1,25.0,Cartão Crédito,Entregue,Site
5370,2024-12-14,52,Sra. Sofia Pereira,F,18-25,Sudeste,Mordaça Silicone,Acessórios BDSM,125.25,1,0.0,Cartão Crédito,Entregue,Site
2323,2023-07-04,251,Joana Fernandes,F,46+,Sudeste,Óleo de Massagem Relaxante,Lubrificantes,40.89,1,0.0,Pix,Entregue,App
4198,2024-07-23,93,Mirella da Paz,F,26-35,Sudeste,Óleo de Massagem Relaxante,Lubrificantes,87.4,1,10.0,Boleto,Entregue,Site
3550,2024-10-28,223,Sr. Arthur da Cruz,M,26-35,Sul,Lubrificante Íntimo Aquoso 100ml,Lubrificantes,35.89,2,0.0,Cartão Crédito,Entregue,Marketplace
1459,2023-12-23,68,Benício Fernandes,M,36-45,Sudeste,Wand Massager Pro,Vibradores,443.26,2,0.0,Pix,Entregue,Site
172,2023-06-24,5,Ana Beatriz Alves,F,18-25,Sul,Fantasia Policial,Lingerie,180.89,1,15.0,Cartão Crédito,Entregue,Marketplace
4204,2024-02-28,681,Dr. Asafe Alves,M,36-45,Sudeste,Camisola Sensual Preta,Lingerie,171.33,5,25.0,Cartão Crédito,Entregue,App
4653,2023-12-11,176,Diogo Alves,M,46+,Sudeste,Body Rendado Vermelho,Lingerie,179.68,3,0.0,Cartão Crédito,Entregue,App
3570,2023-06-13,487,Pedro Camargo,M,18-25,Sudeste,Lingerie Cropped com Bojo,Lingerie,96.5,1,0.0,Pix,Entregue,Site
4227,2024-02-25,125,Dr. Thiago Mendonça,M,36-45,Sudeste,Gel Excitante Feminino,Lubrificantes,43.86,1,0.0,Pix,Entregue,Site
4846,2023-12-29,137,Luiz Gustavo Vasconcelos,M,26-35,Nordeste,Kit Iniciante BDSM 5 Peças,Acessórios BDSM,246.18,1,0.0,Pix,Entregue,Site
4576,2023-08-03,104,Asafe Pinto,M,46+,Sudeste,Fantasia Enfermeira,Lingerie,188.99,1,0.0,Cartão Crédito,Entregue,Site
939,2023-09-30,35,Diego da Luz,M,26-35,Sudeste,Gel Excitante Feminino,Lubrificantes,77.38,1,0.0,Boleto,Entregue,Site
61,2024-10-04,135,Ana Cecília Fogaça,F,46+,Nordeste,Fantasia Policial,Lingerie,187.41,3,0.0,Pix,Entregue,Site
1241,2024-02-08,496,Sr. Theodoro Novais,M,26-35,Nordeste,Perfume Íntimo Floral,Cosméticos Íntimos,83.45,2,0.0,Boleto,Entregue,App
5248,2023-10-19,490,Benjamin Abreu,M,46+,Sudeste,Venda para Olhos Satin,Acessórios BDSM,55.14,1,15.0,Pix,Entregue,Site
2121,2023-02-15,414,Mirella Freitas,F,18-25,Sul,Mini Vibrador Discreto,Vibradores,414.31,2,20.0,Pix,Entregue,Site
1525,2023-01-19,181,Diogo Rezende,M,46+,Sudeste,Lubrificante Íntimo Aquoso 100ml,Lubrificantes,34.0,1,15.0,Pix,Entregue,Site
154,2024-08-11,183,Henry Cavalcanti,M,26-35,Nordeste,Mini Vibrador Discreto,Vibradores,133.55,1,0.0,Cartão Débito,Entregue,Marketplace
482,2023-06-22,313,Sra. Lara Cirino,F,46+,Nordeste,Mordaça Silicone,Acessórios BDSM,118.21,1,0.0,Cartão Crédito,Cancelado,App
3921,2024-04-11,639,Sra. Maria Cecília Gomes,F,18-25,Sudeste,Creme Excitante Feminino,Cosméticos Íntimos,46.05,1,0.0,Cartão Crédito,Devolvido,Site
1763,2024-05-25,29,Dra. Hellena Rodrigues,F,26-35,Norte,Camisola Sensual Preta,Lingerie,144.1,2,0.0,Pix,Entregue,Site
751,2023-01-11,35,Diego da Luz,M,26-35,Sudeste,Gel Excitante Feminino,Lubrificantes,30.24,1,0.0,Pix,Entregue,Marketplace
1786,2024-12-13,537,Maitê Rocha,F,18-25,Sul,Lubrificante Base Silicone,Lubrificantes,39.99,2,0.0,Cartão Crédito,Entregue,Site
2712,2024-04-09,198,Srta. Hadassa Azevedo,F,26-35,Nordeste,Fantasia Policial,Lingerie,67.14,2,20.0,Pix,Entregue,Site
4491,2024-04-21,84,Melissa Carvalho,F,26-35,Nordeste,Mini Vibrador Discreto,Vibradores,298.56,1,0.0,Pix,Cancelado,Marketplace
4194,2023-12-13,342,Letícia Pastor,F,18-25,Centro-Oeste,Dominó Erótico,Jogos Adultos,117.49,2,25.0,Pix,Entregue,Site
1334,2023-03-17,786,José Miguel Silva,M,26-35,Sudeste,Lubrificante Íntimo Aquoso 100ml,Lubrificantes,81.54,1,25.0,Pix,Cancelado,Site
4943,2023-04-10,468,Marcela Novais,F,26-35,Nordeste,Jogo de Cartas Sexo Quiz,Jogos Adultos,111.33,1,0.0,Cartão Débito,Entregue,Marketplace
2855,2024-10-28,30,Ana Laura da Conceição,F,18-25,Sudeste,Gel Excitante Feminino,Lubrificantes,69.44,2,0.0,Pix,Devolvido,Site
187,2024-07-21,429,Igor Farias,M,36-45,Centro-Oeste,Meia-Calça Rendada,Lingerie,101.29,1,0.0,Pix,Entregue,Site
1137,2024-09-08,472,Dr. Arthur Cirino,M,26-35,Sudeste,Kit Algemas Veludo,Acessórios BDSM,149.22,1,0.0,Pix,Entregue,Site
2059,2024-02-08,280,Rebeca Barbosa,F,26-35,Norte,Chicote de Couro Soft,Acessórios BDSM,266.03,2,0.0,Cartão Crédito,Entregue,Site
4698,2024-04-08,192,Raquel Pires,Não informado,26-35,Nordeste,Vibrador Clássico Silicone,Vibradores,356.86,1,25.0,Pix,Entregue,Site
149,2024-12-01,15,Julia Aparecida,F,26-35,Sudeste,Vibrador Duplo Prazer,Vibradores,92.07,1,0.0,Cartão Débito,Entregue,Site
4125,2024-03-20,401,Caleb Vieira,M,26-35,Sul,Lubrificante Íntimo Aquoso 100ml,Lubrificantes,88.31,5,0.0,Pix,Entregue,Marketplace
3364,2024-11-28,85,Emilly da Mota,F,26-35,Norte,Body Coelhinha Plus Size,Lingerie,74.45,2,0.0,Pix,Entregue,App
2867,2023-12-08,197,Isabel Gomes,F,18-25,Nordeste,Vibrador Duplo Prazer,Vibradores,377.06,1,20.0,Cartão Crédito,Entregue,Site
3777,2023-10-21,434,Isaac Pastor,M,36-45,Nordeste,Corda de Shibari 5m,Acessórios BDSM,299.47,1,0.0,Cartão Crédito,Entregue,App
1387,2023-10-04,382,Maria Alice Oliveira,F,26-35,Nordeste,Vibrador Clássico Silicone,Vibradores,498.96,2,0.0,Pix,Entregue,Marketplace
5251,2023-09-26,134,Ana Cecília das Neves,F,26-35,Sudeste,Camisola Sensual Preta,Lingerie,115.88,1,25.0,Boleto,Entregue,Marketplace
4598,2023-12-17,74,Raquel Cunha,F,46+,Sul,Lubrificante Sabores Morango,Lubrificantes,70.1,1,0.0,Cartão Crédito,Entregue,Site
3630,2023-06-09,263,Luísa Fogaça,Não informado,26-35,Sul,Lubrificante Base Silicone,Lubrificantes,39.85,5,10.0,Pix,Entregue,Site
5000,2023-10-15,244,Ravi Lucca Lopes,M,26-35,Sul,Fantasia Enfermeira,Lingerie,88.2,1,0.0,Cartão Crédito,Entregue,Site
3029,2023-09-05,295,Isabel da Paz,F,36-45,Centro-Oeste,Camisola Sensual Preta,Lingerie,198.61,4,0.0,Pix,Entregue,App
2970,2023-12-11,186,Davi Luiz Martins,M,18-25,Norte,Creme Excitante Feminino,Cosméticos Íntimos,105.0,1,30.0,Pix,Entregue,Site
4830,2023-08-19,190,Milena da Luz,Não informado,36-45,Nordeste,Vibrador Ponto G Flex,Vibradores,304.76,3,5.0,Boleto,Entregue,Site
1709,2023-10-28,258,Ayla da Rocha,F,18-25,Sul,Gel Térmico Sensação Quente,Cosméticos Íntimos,110.78,2,0.0,Boleto,Entregue,App
2954,2024-01-10,169,Giovanna Lopes,F,36-45,Sudeste,Colar e Guia BDSM,Acessórios BDSM,112.55,1,0.0,Cartão Débito,Entregue,App
455,2023-06-28,33,Luara Cunha,Não informado,26-35,Norte,Lubrificante Base Silicone,Lubrificantes,50.29,2,0.0,Pix,Entregue,Marketplace
610,2024-02-28,309,Ian Rocha,M,26-35,Sul,Lubrificante Sabores Baunilha,Lubrificantes,61.29,2,0.0,Pix,Entregue,Site
4264,2023-08-30,135,Ana Cecília Fogaça,F,46+,Nordeste,Lubrificante Sabores Morango,Lubrificantes,62.18,1,0.0,Cartão Crédito,Entregue,App
4711,2024-08-13,149,Luiz Fernando Ramos,M,36-45,Nordeste,Vibrador Rabbit Premium,Vibradores,323.27,1,0.0,Pix,Entregue,Site
2075,2024-04-09,512,Dra. Clara da Costa,F,36-45,Sul,Lubrificante Base Silicone,Lubrificantes,35.26,1,0.0,Pix,Cancelado,Site
4053,2024-01-15,436,Ana Júlia Cardoso,F,36-45,Sudeste,Vibrador Rabbit Premium,Vibradores,262.74,1,0.0,Cartão Crédito,Entregue,Site
4518,2024-07-04,540,Calebe Novais,M,26-35,Norte,Lubrificante Sabores Baunilha,Lubrificantes,31.94,1,10.0,Cartão Débito,Cancelado,Site
1623,2023-12-14,223,Sr. Arthur da Cruz,M,26-35,Sul,Dominó Erótico,Jogos Adultos,119.61,1,10.0,Pix,Entregue,Site
5168,2023-02-01,39,Luiz Miguel Câmara,M,36-45,Sudeste,Kit Roleplay Surpresa,Jogos Adultos,110.17,1,0.0,Pix,Entregue,Marketplace
41,2024-10-24,37,Zoe da Luz,F,46+,Centro-Oeste,Óleo de Massagem Relaxante,Lubrificantes,33.56,1,0.0,Pix,Cancelado,App
2090,2024-02-17,132,Srta. Ísis Andrade,F,18-25,Sudeste,Gel Excitante Feminino,Lubrificantes,66.41,1,0.0,Cartão Crédito,Entregue,Site
3925,2023-11-23,764,Sra. Cecilia Caldeira,F,46+,Sul,Venda para Olhos Satin,Acessórios BDSM,96.8,2,0.0,Pix,Entregue,Site
2176,2024-11-03,453,Marina Machado,F,36-45,Centro-Oeste,Gel Térmico Sensação Quente,Cosméticos Íntimos,62.21,1,5.0,Cartão Crédito,Cancelado,Site
75,2023-07-14,322,Théo Abreu,M,18-25,Sudeste,Meia-Calça Rendada,Lingerie,186.81,2,0.0,Boleto,Entregue,Marketplace
4448,2023-05-22,409,Kevin Rezende,M,26-35,Nordeste,Jogo de Cartas Sexo Quiz,Jogos Adultos,78.62,1,0.0,Pix,Entregue,Site
5471,2024-12-21,307,Pedro Sousa,M,36-45,Sul,Creme Excitante Feminino,Cosméticos Íntimos,47.85,1,0.0,Pix,Entregue,Site
2658,2023-08-24,471,Amanda Pereira,F,18-25,Sudeste,Dominó Erótico,Jogos Adultos,79.78,2,10.0,Cartão Débito,Entregue,Marketplace
3181,2023-12-23,33,Luara Cunha,Não informado,26-35,Norte,Lubrificante Íntimo Aquoso 250ml,Lubrificantes,55.24,2,10.0,Cartão Crédito,Entregue,Site
2077,2023-03-08,76,Renan da Cruz,M,26-35,Nordeste,Lubrificante Íntimo Aquoso 250ml,Lubrificantes,39.09,2,0.0,Pix,Entregue,App
442,2024-06-29,751,Evelyn da Cruz,F,26-35,Sudeste,Vibrador Rabbit Premium,Vibradores,227.13,3,30.0,Pix,Entregue,Marketplace
2052,2024-05-03,180,Dr. Thales Guerra,M,36-45,Sudeste,Gel Térmico Sensação Quente,Cosméticos Íntimos,114.55,2,0.0,Cartão Crédito,Entregue,Marketplace
2542,2023-12-28,375,Anthony Martins,M,36-45,Sul,Kit Algemas Veludo,Acessórios BDSM,250.98,2,0.0,Pix,Entregue,Marketplace
1302,2023-05-26,615,Sophie Gonçalves,F,26-35,Centro-Oeste,Óleo de Massagem Relaxante,Lubrificantes,70.82,1,10.0,Cartão Crédito,Entregue,App
3431,2024-05-18,234,Dra. Isabelly Caldeira,F,36-45,Centro-Oeste,Conjunto Lingerie Boudoir,Lingerie,114.27,5,0.0,Pix,Entregue,Site
1305,2024-08-25,324,Gabriel Moreira,M,26-35,Sudeste,Fantasia Policial,Lingerie,64.38,1,20.0,Pix,Entregue,Site
237,2023-01-20,91,Bento Cavalcante,M,26-35,Sul,Fantasia Policial,Lingerie,69.17,1,15.0,Cartão Débito,Entregue,Marketplace
4631,2023-05-31,36,Josué Souza,M,18-25,Sul,Jogo de Cartas Sexo Quiz,Jogos Adultos,129.51,2,30.0,Pix,Entregue,Site
2600,2023-02-14,40,Thomas Monteiro,M,36-45,Sudeste,Fantasia Enfermeira,Lingerie,189.83,3,30.0,Pix,Entregue,Marketplace
2574,2023-09-28,176,Diogo Alves,M,46+,Sudeste,Gel Excitante Feminino,Lubrificantes,39.84,1,0.0,Pix,Entregue,Site
3281,2024-01-05,164,Dr. Luan Guerra,M,26-35,Sudeste,Kit Algemas Veludo,Acessórios BDSM,79.17,1,0.0,Pix,Entregue,App
3187,2024-07-10,122,Daniela da Mata,F,26-35,Sul,Body Coelhinha Plus Size,Lingerie,135.54,1,0.0,Cartão Débito,Entregue,App
3954,2024-12-28,41,Benicio Camargo,M,26-35,Nordeste,Spray Prolongador,Cosméticos Íntimos,43.06,1,0.0,Pix,Devolvido,Site
2769,2023-07-05,189,Emanuel Souza,M,36-45,Sudeste,Lingerie Cropped com Bojo,Lingerie,191.56,1,0.0,Boleto,Entregue,Marketplace
4224,2023-01-26,421,Maria Eduarda Nogueira,F,18-25,Sudeste,Jogo de Cartas Sexo Quiz,Jogos Adultos,122.71,1,0.0,Pix,Entregue,App
2107,2024-09-10,480,Sra. Antonella Aragão,F,26-35,Nordeste,Óleo de Massagem Relaxante,Lubrificantes,71.24,1,0.0,Cartão Débito,Entregue,Site
2680,2023-08-25,197,Isabel Gomes,F,18-25,Nordeste,Lubrificante Íntimo Aquoso 100ml,Lubrificantes,71.48,2,0.0,Cartão Crédito,Entregue,Site
2762,2024-12-20,3,Cauã Rocha,M,18-25,Sudeste,Creme Excitante Feminino,Cosméticos Íntimos,121.9,1,0.0,Pix,Entregue,Site
1388,2023-02-14,39,Luiz Miguel Câmara,M,36-45,Sudeste,Lubrificante Sabores Morango,Lubrificantes,41.46,2,15.0,Pix,Entregue,Site
5213,2024-09-26,109,Caroline Rios,F,36-45,Sudeste,Lubrificante Base Silicone,Lubrificantes,73.39,1,0.0,Pix,Entregue,Site
5026,2023-08-23,203,Maria Helena Mendes,F,36-45,Sudeste,Massageador Corporal Wave,Vibradores,211.81,1,0.0,Cartão Débito,Entregue,App
1280,2023-08-31,188,Dra. Mariane Novaes,F,26-35,Sudeste,Creme Excitante Feminino,Cosméticos Íntimos,84.54,2,20.0,Boleto,Entregue,App
5438,2024-02-15,459,Antonella Borges,F,26-35,Sudeste,Conjunto Lingerie Boudoir,Lingerie,142.61,1,20.0,Pix,Entregue,App
1556,2024-01-01,66,Dr. Pedro Lucas Moreira,M,26-35,Sudeste,Conjunto Lingerie Boudoir,Lingerie,94.33,3,15.0,Cartão Crédito,Cancelado,Marketplace
3191,2024-07-01,102,Nathan Campos,M,18-25,Sudeste,Lubrificante Base Silicone,Lubrificantes,87.59,1,10.0,Cartão Crédito,Devolvido,Site
5208,2024-12-05,156,Bruna Gomes,F,26-35,Nordeste,Lubrificante Sabores Morango,Lubrificantes,65.29,1,0.0,Cartão Crédito,Entregue,Site
3595,2023-10-21,183,Henry Cavalcanti,M,26-35,Nordeste,Wand Massager Pro,Vibradores,138.39,2,0.0,Pix,Entregue,Site
1921,2024-05-18,313,Sra. Lara Cirino,F,46+,Nordeste,Lubrificante Íntimo Aquoso 100ml,Lubrificantes,67.49,2,25.0,Pix,Entregue,App
514,2023-04-29,492,José Miguel da Rocha,M,26-35,Nordeste,Body Coelhinha Plus Size,Lingerie,89.53,2,0.0,Pix,Entregue,App
4178,2024-01-27,424,Ayla Ribeiro,F,26-35,Sul,Perfume Íntimo Floral,Cosméticos Íntimos,54.42,3,0.0,Pix,Cancelado,App
1309,2024-07-09,114,Caroline Ferreira,F,36-45,Sudeste,Conjunto Lingerie Boudoir,Lingerie,193.66,5,0.0,Cartão Crédito,Cancelado,Marketplace
915,2024-11-15,217,Lunna Fernandes,F,26-35,Sudeste,Fantasia Enfermeira,Lingerie,159.5,4,0.0,Cartão Crédito,Entregue,Site
3453,2024-02-16,299,Ísis Câmara,F,26-35,Sul,Mini Vibrador Discreto,Vibradores,410.42,1,0.0,Pix,Entregue,Marketplace
3696,2024-12-26,9,Pietro Pastor,M,26-35,Sudeste,Jogo de Cartas Sexo Quiz,Jogos Adultos,81.11,3,0.0,Boleto,Entregue,Site
4243,2024-12-20,365,Kaique Alves,M,18-25,Sudeste,Chicote de Couro Soft,Acessórios BDSM,167.57,4,0.0,Pix,Entregue,Site
3157,2023-04-02,615,Sophie Gonçalves,F,26-35,Centro-Oeste,Gel Excitante Feminino,Lubrificantes,68.92,1,0.0,Pix,Entregue,Site
2199,2023-11-04,214,Sra. Catarina Martins,F,46+,Sul,Lubrificante Íntimo Aquoso 250ml,Lubrificantes,80.16,3,5.0,Cartão Crédito,Entregue,Site
775,2023-11-07,407,Lunna Pimenta,F,18-25,Sul,Conjunto Lingerie Boudoir,Lingerie,144.41,3,0.0,Pix,Entregue,Site
4426,2023-07-29,137,Luiz Gustavo Vasconcelos,M,26-35,Nordeste,Spray Prolongador,Cosméticos Íntimos,135.64,1,0.0,Cartão Crédito,Entregue,Site
944,2023-05-12,444,Paulo Rodrigues,M,36-45,Sudeste,Vibrador Clássico Silicone,Vibradores,445.67,2,0.0,Pix,Entregue,App
823,2024-08-01,112,Beatriz Barbosa,F,36-45,Nordeste,Conjunto Lingerie Boudoir,Lingerie,134.35,2,5.0,Cartão Crédito,Entregue,App
4278,2024-02-06,114,Caroline Ferreira,F,36-45,Sudeste,Vibrador Ponto G Flex,Vibradores,301.01,2,0.0,Cartão Crédito,Entregue,Site
165,2024-06-13,27,Elisa Martins,F,26-35,Sul,Óleo de Massagem Relaxante,Lubrificantes,47.9,2,0.0,Pix,Entregue,Site
3984,2023-03-22,71,Dra. Ana Liz da Conceição,F,36-45,Sul,Lubrificante Base Silicone,Lubrificantes,55.81,3,0.0,Pix,Entregue,App
2539,2024-08-24,363,Srta. Maya Brito,F,36-45,Sudeste,Vibrador Rabbit Premium,Vibradores,488.3,1,0.0,Pix,Entregue,App
5300,2024-12-13,8,Yago Leão,M,26-35,Sudeste,Corda de Shibari 5m,Acessórios BDSM,70.75,2,10.0,Pix,Cancelado,App
1312,2023-09-27,537,Maitê Rocha,F,18-25,Sul,Body Coelhinha Plus Size,Lingerie,199.36,1,0.0,Pix,Cancelado,Site
5049,2023-07-27,112,Beatriz Barbosa,F,36-45,Nordeste,Cartas Posições Kamasutra,Jogos Adultos,109.58,3,0.0,Cartão Crédito,Cancelado,Site
4757,2023-03-14,3,Cauã Rocha,M,18-25,Sudeste,Lubrificante Íntimo Aquoso 100ml,Lubrificantes,41.02,3,0.0,Cartão Crédito,Entregue,Site
5156,2024-03-11,99,Emanuel Araújo,M,26-35,Sudeste,Meia-Calça Rendada,Lingerie,167.21,2,0.0,Pix,Entregue,Site
3301,2023-09-22,155,Sra. Maya Pereira,F,26-35,Sul,Meia-Calça Rendada,Lingerie,137.04,1,15.0,Boleto,Entregue,Site
3311,2024-09-16,335,Maria Vitória Mendes,F,46+,Sudeste,Meia-Calça Rendada,Lingerie,82.58,5,0.0,Cartão Crédito,Entregue,App
328,2024-12-08,253,Stella Correia,F,26-35,Sudeste,Kit Iniciante BDSM 5 Peças,Acessórios BDSM,180.68,5,0.0,Pix,Entregue,Site
2491,2023-05-14,93,Mirella da Paz,F,26-35,Sudeste,Camisola Sensual Preta,Lingerie,129.78,1,0.0,Cartão Débito,Entregue,Site
5203,2024-08-28,274,Yuri da Rocha,M,36-45,Sudeste,Vibrador Ponto G Flex,Vibradores,467.69,3,5.0,Cartão Débito,Entregue,Marketplace
4409,2024-09-03,132,Srta. Ísis Andrade,F,18-25,Sudeste,Lubrificante Base Silicone,Lubrificantes,38.03,2,10.0,Boleto,Cancelado,App
833,2024-12-19,43,Sra. Ana Luiza Gomes,F,46+,Centro-Oeste,Lingerie Cropped com Bojo,Lingerie,182.53,1,30.0,Cartão Crédito,Entregue,Site
3080,2024-05-30,634,Ana Vitória Rios,F,26-35,Nordeste,Lingerie Cropped com Bojo,Lingerie,188.17,1,0.0,Cartão Crédito,Entregue,Site
3463,2023-06-28,269,Dra. Valentina Peixoto,F,18-25,Sul,Massageador Corporal Wave,Vibradores,423.73,1,5.0,Pix,Entregue,App
4871,2023-02-25,132,Srta. Ísis Andrade,F,18-25,Sudeste,Venda para Olhos Satin,Acessórios BDSM,119.01,5,0.0,Pix,Entregue,Site
55,2024-02-07,244,Ravi Lucca Lopes,M,26-35,Sul,Venda para Olhos Satin,Acessórios BDSM,63.53,1,0.0,Boleto,Entregue,Site
4065,2023-02-26,492,José Miguel da Rocha,M,26-35,Nordeste,Gel Excitante Masculino,Lubrificantes,88.94,2,0.0,Pix,Entregue,App
3452,2023-02-18,297,Srta. Julia Viana,F,26-35,Sul,Chicote de Couro Soft,Acessórios BDSM,274.17,1,0.0,Cartão Crédito,Entregue,Site
1902,2024-10-10,2,Isabelly Câmara,F,36-45,Nordeste,Gel Excitante Feminino,Lubrificantes,78.64,1,0.0,Cartão Débito,Cancelado,App
1482,2023-05-06,36,Josué Souza,M,18-25,Sul,Lubrificante Base Silicone,Lubrificantes,47.86,2,0.0,Pix,Entregue,App
4151,2023-12-05,35,Diego da Luz,M,26-35,Sudeste,Vibrador Duplo Prazer,Vibradores,313.67,2,0.0,Pix,Entregue,Site
3336,2024-08-28,360,Dr. Vitor Hugo Andrade,M,36-45,Sudeste,Body Coelhinha Plus Size,Lingerie,105.07,1,30.0,Boleto,Cancelado,App
947,2024-01-01,41,Benicio Camargo,M,26-35,Nordeste,Lubrificante Íntimo Aquoso 250ml,Lubrificantes,59.45,1,0.0,Cartão Crédito,Entregue,Site
3294,2024-03-12,211,Ravi Lucca Cardoso,Não informado,26-35,Sudeste,Fantasia Policial,Lingerie,88.62,5,0.0,Pix,Entregue,App
2162,2023-12-28,259,Maria Luiza Sales,F,18-25,Norte,Camisola Sensual Preta,Lingerie,83.16,2,0.0,Pix,Entregue,Site
4707,2024-02-24,394,Emanuella Costa,F,36-45,Nordeste,Lubrificante Íntimo Aquoso 250ml,Lubrificantes,73.47,1,20.0,Cartão Crédito,Entregue,Site
3058,2023-03-29,23,Elisa Freitas,F,18-25,Sudeste,Fantasia Policial,Lingerie,106.94,2,0.0,Cartão Crédito,Entregue,Site
769,2023-09-08,115,Isabelly Freitas,F,18-25,Sudeste,Fantasia Policial,Lingerie,60.59,1,0.0,Cartão Crédito,Entregue,Site
5221,2023-01-07,99,Emanuel Araújo,M,26-35,Sudeste,Dominó Erótico,Jogos Adultos,93.88,1,0.0,Pix,Entregue,App
3496,2023-09-16,66,Dr. Pedro Lucas Moreira,M,26-35,Sudeste,Vibrador Ponto G Flex,Vibradores,313.82,5,5.0,Pix,Entregue,Marketplace
286,2023-05-04,11,Otávio Fernandes,M,36-45,Sul,Venda para Olhos Satin,Acessórios BDSM,223.97,2,0.0,Cartão Débito,Entregue,Site
5480,2023-02-12,100,Anna Liz Cirino,F,18-25,Centro-Oeste,Massageador Corporal Wave,Vibradores,374.46,1,0.0,Cartão Crédito,Cancelado,Site
4940,2024-05-01,423,Esther Campos,F,18-25,Sudeste,Lingerie Cropped com Bojo,Lingerie,155.07,1,0.0,Boleto,Entregue,Site
2333,2024-02-09,248,Mateus Fernandes,M,26-35,Nordeste,Gel Excitante Masculino,Lubrificantes,50.7,3,0.0,Pix,Entregue,Site
2718,2024-03-09,711,Davi Luiz da Luz,M,18-25,Sudeste,Óleo de Massagem Relaxante,Lubrificantes,49.37,2,0.0,Cartão Débito,Entregue,App
2080,2024-12-26,381,Cauê da Costa,M,26-35,Sudeste,Venda para Olhos Satin,Acessórios BDSM,295.9,1,0.0,Cartão Crédito,Entregue,Site
3390,2023-03-03,291,Eduarda da Costa,F,36-45,Sudeste,Camisola Sensual Preta,Lingerie,118.43,2,30.0,Pix,Entregue,Site
723,2024-11-15,20,Sr. João Vitor Barros,M,18-25,Sudeste,Colar e Guia BDSM,Acessórios BDSM,199.36,1,0.0,Pix,Devolvido,Marketplace
952,2023-10-16,290,Julia Ribeiro,F,18-25,Sul,Lubrificante Sabores Baunilha,Lubrificantes,39.49,1,0.0,Pix,Entregue,Site
4842,2023-11-04,656,Eduarda Silva,F,26-35,Nordeste,Mini Vibrador Discreto,Vibradores,167.32,2,0.0,Cartão Crédito,Entregue,Site
2263,2023-02-09,533,Ana Cecília da Cruz,F,26-35,Sul,Massageador Corporal Wave,Vibradores,360.21,4,0.0,Cartão Crédito,Entregue,App
990,2023-12-16,431,Caroline Nogueira,F,26-35,Norte,Fantasia Policial,Lingerie,188.61,3,0.0,Cartão Crédito,Entregue,Marketplace
3213,2024-11-28,55,Agatha Peixoto,F,46+,Nordeste,Lubrificante Base Silicone,Lubrificantes,76.77,1,25.0,Pix,Cancelado,Marketplace
1760,2023-02-08,214,Sra. Catarina Martins,F,46+,Sul,Óleo de Massagem Relaxante,Lubrificantes,66.97,1,10.0,Pix,Devolvido,Marketplace
4559,2023-12-02,606,Dra. Bella Vargas,Não informado,26-35,Sul,Lubrificante Base Silicone,Lubrificantes,50.99,3,0.0,Cartão Crédito,Entregue,Site
4423,2024-11-22,245,Dr. Lorenzo da Cruz,M,18-25,Sul,Fantasia Enfermeira,Lingerie,92.11,1,0.0,Boleto,Entregue,Site
1725,2024-11-25,310,Alícia Teixeira,F,36-45,Sudeste,Kit Cuidados Íntimos,Cosméticos Íntimos,106.3,3,0.0,Pix,Entregue,Marketplace
342,2024-05-24,175,Leonardo Câmara,M,36-45,Sul,Lubrificante Sabores Morango,Lubrificantes,78.47,1,0.0,Cartão Crédito,Devolvido,Marketplace
3702,2024-01-22,300,Srta. Juliana Casa Grande,F,26-35,Sul,Jogo de Cartas Sexo Quiz,Jogos Adultos,45.43,2,0.0,Pix,Entregue,Site
4244,2024-02-21,165,Sra. Carolina Correia,F,18-25,Sudeste,Lingerie Cropped com Bojo,Lingerie,179.96,2,0.0,Pix,Entregue,Marketplace
689,2024-11-03,378,Letícia Porto,F,26-35,Sudeste,Gel Excitante Feminino,Lubrificantes,59.6,2,0.0,Boleto,Entregue,App
3433,2024-07-10,366,Luan Vieira,M,36-45,Sul,Fantasia Policial,Lingerie,120.67,1,20.0,Pix,Entregue,Site
967,2024-02-10,332,Bruna Martins,F,46+,Sudeste,Lubrificante Íntimo Aquoso 250ml,Lubrificantes,89.33,1,0.0,Cartão Crédito,Entregue,App
5247,2024-04-28,407,Lunna Pimenta,F,18-25,Sul,Dado do Prazer,Jogos Adultos,128.68,1,0.0,Boleto,Entregue,Marketplace
2204,2023-11-14,12,Eduardo Cunha,Não informado,26-35,Sul,Massageador Corporal Wave,Vibradores,259.67,2,0.0,Pix,Devolvido,Site
2714,2023-06-02,128,Lívia Vargas,F,26-35,Sudeste,Body Rendado Vermelho,Lingerie,144.95,1,0.0,Cartão Crédito,Entregue,Site
4896,2024-07-13,24,Giovanna Rios,F,26-35,Centro-Oeste,Vibrador Clássico Silicone,Vibradores,209.69,1,0.0,Pix,Cancelado,Marketplace
5083,2024-12-02,454,Maria Sophia Fernandes,F,18-25,Nordeste,Lubrificante Sabores Morango,Lubrificantes,57.45,2,0.0,Cartão Crédito,Entregue,Marketplace
3573,2024-06-07,457,Jade Freitas,F,46+,Sudeste,Body Rendado Vermelho,Lingerie,59.96,4,0.0,Pix,Devolvido,Marketplace
1991,2023-11-14,374,José Miguel Marques,M,36-45,Norte,Wand Massager Pro,Vibradores,488.43,3,0.0,Cartão Crédito,Entregue,Site
4121,2024-04-12,96,Vitor Hugo Araújo,M,36-45,Sudeste,Vibrador Ponto G Flex,Vibradores,180.91,1,5.0,Pix,Entregue,Marketplace
4554,2023-06-09,523,Luana Martins,F,36-45,Nordeste,Lubrificante Base Silicone,Lubrificantes,81.87,1,0.0,Cartão Crédito,Entregue,Site
5264,2023-06-27,16,Sra. Zoe Campos,F,18-25,Sudeste,Lingerie Cropped com Bojo,Lingerie,155.84,2,20.0,Pix,Entregue,App
3601,2024-01-28,43,Sra. Ana Luiza Gomes,F,46+,Centro-Oeste,Body Rendado Vermelho,Lingerie,135.45,1,20.0,Cartão Crédito,Entregue,Site
3606,2023-12-02,56,Rebeca Almeida,F,26-35,Sul,Vibrador Rabbit Premium,Vibradores,422.37,2,0.0,Cartão Crédito,Entregue,Site
5048,2023-11-28,204,Maria da Rosa,F,36-45,Sudeste,Dominó Erótico,Jogos Adultos,62.91,1,0.0,Cartão Débito,Cancelado,Site
4578,2024-02-26,66,Dr. Pedro Lucas Moreira,M,26-35,Sudeste,Jogo de Cartas Sexo Quiz,Jogos Adultos,98.38,3,0.0,Pix,Entregue,Site
386,2024-06-08,414,Mirella Freitas,F,18-25,Sul,Lubrificante Sabores Baunilha,Lubrificantes,58.49,2,0.0,Cartão Crédito,Entregue,App
5008,2024-04-30,467,Rafaela Câmara,F,26-35,Sudeste,Spray Prolongador,Cosméticos Íntimos,110.3,3,5.0,Cartão Crédito,Entregue,Site
5071,2024-02-05,217,Lunna Fernandes,F,26-35,Sudeste,Kit Algemas Veludo,Acessórios BDSM,80.49,2,10.0,Pix,Cancelado,Site
537,2024-12-14,470,Henry Gabriel Lima,M,18-25,Sul,Camisola Sensual Preta,Lingerie,118.66,1,20.0,Pix,Devolvido,Site
5180,2023-01-29,569,Cecilia da Cunha,F,46+,Nordeste,Vibrador Clássico Silicone,Vibradores,135.5,2,0.0,Pix,Entregue,Site
4213,2023-09-01,212,Yasmin Alves,F,18-25,Sudeste,Cartas Posições Kamasutra,Jogos Adultos,111.73,1,0.0,Pix,Entregue,Site
3508,2023-08-20,171,Melina Rocha,F,26-35,Nordeste,Gel Excitante Masculino,Lubrificantes,84.17,1,0.0,Pix,Entregue,Site
202,2024-02-13,25,Brayan Pereira,M,26-35,Sul,Venda para Olhos Satin,Acessórios BDSM,240.41,1,0.0,Pix,Entregue,App
1333,2023-08-18,72,Ana Beatriz Farias,F,46+,Norte,Vibrador Clássico Silicone,Vibradores,357.12,5,0.0,Cartão Crédito,Entregue,Marketplace
3503,2023-05-16,790,Maria Luiza Lima,F,26-35,Norte,Lubrificante Base Silicone,Lubrificantes,32.8,1,0.0,Pix,Entregue,App
2709,2024-08-15,5,Ana Beatriz Alves,F,18-25,Sul,Chicote de Couro Soft,Acessórios BDSM,79.82,1,0.0,Cartão Crédito,Entregue,Site
4022,2023-11-27,77,Maria Luísa Correia,F,46+,Sudeste,Lingerie Cropped com Bojo,Lingerie,156.46,1,0.0,Pix,Entregue,Site
1855,2023-12-28,580,Ana Dias,F,18-25,Sudeste,Conjunto Lingerie Boudoir,Lingerie,188.7,2,20.0,Cartão Débito,Entregue,Site
4963,2024-06-12,96,Vitor Hugo Araújo,M,36-45,Sudeste,Vibrador Duplo Prazer,Vibradores,167.33,1,10.0,Cartão Débito,Cancelado,Site
2873,2024-12-02,533,Ana Cecília da Cruz,F,26-35,Sul,Gel Excitante Masculino,Lubrificantes,50.9,1,0.0,Pix,Entregue,App
3031,2024-03-20,62,Sra. Eloah da Luz,F,26-35,Sudeste,Lubrificante Íntimo Aquoso 250ml,Lubrificantes,82.29,3,0.0,Cartão Crédito,Entregue,Site
1206,2024-10-17,379,José Marques,M,26-35,Sudeste,Gel Excitante Masculino,Lubrificantes,67.27,1,0.0,Cartão Crédito,Entregue,Site
1646,2023-04-01,364,Dra. Beatriz Macedo,F,46+,Sudeste,Lingerie Cropped com Bojo,Lingerie,191.09,2,20.0,Boleto,Entregue,Site
3418,2024-11-29,282,Kevin Barros,M,36-45,Nordeste,Lubrificante Íntimo Aquoso 250ml,Lubrificantes,72.7,1,0.0,Pix,Entregue,Site
3477,2023-10-25,674,Lorenzo Santos,M,26-35,Nordeste,Jogo de Cartas Sexo Quiz,Jogos Adultos,119.76,1,0.0,Pix,Entregue,App
2862,2023-09-13,92,Alexandre Gomes,M,18-25,Sudeste,Creme Retardante Masculino,Cosméticos Íntimos,58.56,2,15.0,Cartão Débito,Entregue,Site
1793,2023-09-11,195,Lucas Gabriel Dias,M,18-25,Centro-Oeste,Óleo de Massagem Relaxante,Lubrificantes,67.41,3,0.0,Cartão Crédito,Entregue,App
3798,2024-12-31,31,Luara Guerra,F,36-45,Nordeste,Vibrador Duplo Prazer,Vibradores,394.77,1,0.0,Cartão Crédito,Entregue,App
3369,2023-12-02,59,Bruno Barros,M,18-25,Sudeste,Kit Iniciante BDSM 5 Peças,Acessórios BDSM,291.67,1,0.0,Boleto,Entregue,Site
3368,2023-01-17,87,Beatriz Aragão,F,46+,Centro-Oeste,Kit Cuidados Íntimos,Cosméticos Íntimos,122.43,4,0.0,Boleto,Entregue,Site
3534,2023-02-17,98,Rhavi Montenegro,M,36-45,Sudeste,Spray Prolongador,Cosméticos Íntimos,42.89,2,30.0,Cartão Crédito,Entregue,Site
5443,2024-09-09,40,Thomas Monteiro,M,36-45,Sudeste,Vibrador Clássico Silicone,Vibradores,297.98,1,25.0,Cartão Crédito,Entregue,Site
3450,2023-07-18,16,Sra. Zoe Campos,F,18-25,Sudeste,Vibrador Ponto G Flex,Vibradores,299.76,1,0.0,Pix,Entregue,App
604,2024-12-01,26,Srta. Yasmin Siqueira,F,46+,Sul,Lubrificante Base Silicone,Lubrificantes,34.92,1,0.0,Pix,Entregue,Marketplace
3057,2023-10-22,248,Mateus Fernandes,M,26-35,Nordeste,Lubrificante Íntimo Aquoso 250ml,Lubrificantes,71.49,2,25.0,Pix,Entregue,App
4834,2024-03-11,47,João Felipe Vargas,M,18-25,Sul,Kit Iniciante BDSM 5 Peças,Acessórios BDSM,53.32,1,0.0,Cartão Crédito,Devolvido,Marketplace
127,2023-09-14,430,Alexandre da Mota,M,26-35,Sul,Meia-Calça Rendada,Lingerie,193.12,1,0.0,Pix,Entregue,Site
3877,2023-06-29,52,Sra. Sofia Pereira,F,18-25,Sudeste,Gel Excitante Masculino,Lubrificantes,76.08,1,0.0,Pix,Entregue,Site
2936,2024-03-17,51,Thiago Caldeira,Não informado,36-45,Sul,Gel Excitante Masculino,Lubrificantes,82.16,1,25.0,Boleto,Entregue,Site
4452,2024-05-27,232,Marcos Vinicius Gonçalves,M,36-45,Sul,Camisola Sensual Preta,Lingerie,95.96,3,0.0,Pix,Entregue,App
3532,2024-05-10,408,Benício Porto,M,36-45,Sudeste,Vibrador Duplo Prazer,Vibradores,324.89,1,0.0,Pix,Entregue,App
2731,2024-02-20,357,Maitê Pinto,F,46+,Sul,Mini Vibrador Discreto,Vibradores,301.29,1,15.0,Cartão Crédito,Entregue,Marketplace
828,2023-07-26,117,Kevin Pimenta,M,26-35,Norte,Gel Excitante Masculino,Lubrificantes,43.88,3,5.0,Pix,Cancelado,Site
1640,2024-12-15,596,Lavínia Lima,F,36-45,Sudeste,Dominó Erótico,Jogos Adultos,113.88,1,5.0,Pix,Entregue,Marketplace
985,2024-11-10,340,Manuela Viana,F,18-25,Nordeste,Lubrificante Íntimo Aquoso 250ml,Lubrificantes,40.25,2,0.0,Boleto,Entregue,App
3282,2023-12-20,57,Maria Cecília das Neves,F,18-25,Centro-Oeste,Gel Excitante Feminino,Lubrificantes,88.9,2,0.0,Boleto,Entregue,Site
1527,2024-12-06,93,Mirella da Paz,F,26-35,Sudeste,Dominó Erótico,Jogos Adultos,59.92,1,15.0,Cartão Débito,Entregue,Marketplace
2189,2023-10-25,397,Jade Mendes,F,26-35,Nordeste,Vibrador Clássico Silicone,Vibradores,498.58,1,25.0,Cartão Débito,Entregue,App
5420,2024-03-17,107,Gabrielly Rios,F,46+,Nordeste,Lubrificante Íntimo Aquoso 250ml,Lubrificantes,79.37,1,0.0,Pix,Entregue,Marketplace
2444,2024-12-03,449,Dr. Mateus Peixoto,M,26-35,Centro-Oeste,Vibrador Rabbit Premium,Vibradores,296.71,1,0.0,Pix,Entregue,Site
363,2024-11-18,167,Srta. Liz Guerra,F,18-25,Sul,Fantasia Enfermeira,Lingerie,149.35,2,30.0,Pix,Cancelado,Marketplace
2350,2023-01-22,3,Cauã Rocha,M,18-25,Sudeste,Meia-Calça Rendada,Lingerie,83.1,2,0.0,Pix,Entregue,App
346,2023-10-19,256,Renan Ramos,M,26-35,Nordeste,Vibrador Clássico Silicone,Vibradores,142.46,1,25.0,Pix,Cancelado,Site
815,2023-09-20,498,Srta. Maya Almeida,F,46+,Sudeste,Lubrificante Sabores Morango,Lubrificantes,55.55,1,0.0,Cartão Crédito,Entregue,App
3206,2023-12-26,454,Maria Sophia Fernandes,F,18-25,Nordeste,Gel Excitante Masculino,Lubrificantes,89.51,2,0.0,Boleto,Entregue,Site
4615,2023-02-15,79,Maria Lima,F,18-25,Centro-Oeste,Vibrador Ponto G Flex,Vibradores,194.44,1,0.0,Cartão Crédito,Entregue,Marketplace
5322,2023-05-29,91,Bento Cavalcante,M,26-35,Sul,Lubrificante Sabores Baunilha,Lubrificantes,31.9,1,0.0,Cartão Crédito,Entregue,App
3326,2023-07-11,361,Ana Lívia da Costa,F,26-35,Sudeste,Fantasia Policial,Lingerie,183.32,1,25.0,Cartão Crédito,Entregue,Site
4107,2023-04-23,686,Dra. Lavínia Ramos,F,26-35,Sul,Lubrificante Sabores Baunilha,Lubrificantes,63.35,3,0.0,Cartão Crédito,Entregue,App
2117,2024-08-08,159,Zoe Rodrigues,F,46+,Sul,Meia-Calça Rendada,Lingerie,139.18,1,0.0,Boleto,Cancelado,Site
1835,2024-04-10,423,Esther Campos,F,18-25,Sudeste,Dado do Prazer,Jogos Adultos,89.45,1,0.0,Cartão Crédito,Cancelado,Site
794,2023-06-13,253,Stella Correia,F,26-35,Sudeste,Conjunto Lingerie Boudoir,Lingerie,60.86,1,0.0,Boleto,Devolvido,Marketplace
5489,2023-07-10,252,Kamilly Novais,F,46+,Sul,Colar e Guia BDSM,Acessórios BDSM,75.2,3,30.0,Boleto,Entregue,Site
2675,2024-04-11,529,Olívia Montenegro,F,18-25,Sudeste,Kit Cuidados Íntimos,Cosméticos Íntimos,95.35,5,0.0,Boleto,Entregue,Marketplace
95,2024-06-15,380,Fernanda Gomes,F,36-45,Sudeste,Conjunto Lingerie Boudoir,Lingerie,120.5,2,0.0,Cartão Crédito,Entregue,Site
4226,2023-11-15,342,Letícia Pastor,F,18-25,Centro-Oeste,Gel Excitante Masculino,Lubrificantes,58.39,1,15.0,Boleto,Cancelado,Site
3757,2023-02-27,57,Maria Cecília das Neves,F,18-25,Centro-Oeste,Vibrador Duplo Prazer,Vibradores,498.18,2,5.0,Pix,Entregue,Site
2892,2023-09-13,312,Olivia Moreira,F,26-35,Norte,Óleo de Massagem Relaxante,Lubrificantes,63.23,1,0.0,Cartão Crédito,Entregue,Site
2372,2024-03-10,464,Dr. Benjamim da Paz,M,26-35,Sudeste,Lubrificante Íntimo Aquoso 100ml,Lubrificantes,50.62,2,0.0,Cartão Crédito,Entregue,Site
4604,2023-01-22,127,Sra. Kamilly Aparecida,F,36-45,Nordeste,Lubrificante Íntimo Aquoso 250ml,Lubrificantes,64.88,3,0.0,Pix,Cancelado,App
4923,2024-06-12,244,Ravi Lucca Lopes,M,26-35,Sul,Camisola Sensual Preta,Lingerie,138.81,1,5.0,Pix,Entregue,Site
3229,2023-09-20,31,Luara Guerra,F,36-45,Nordeste,Lubrificante Sabores Baunilha,Lubrificantes,89.53,2,0.0,Pix,Entregue,App
2854,2024-02-12,579,Bruno Freitas,M,18-25,Centro-Oeste,Vibrador Ponto G Flex,Vibradores,121.15,1,0.0,Cartão Crédito,Entregue,App
2913,2024-09-07,341,Juliana Abreu,F,26-35,Nordeste,Fantasia Enfermeira,Lingerie,83.15,2,0.0,Pix,Entregue,App
1866,2024-02-25,618,Ana Julia Rezende,F,18-25,Nordeste,Gel Excitante Masculino,Lubrificantes,65.22,1,0.0,Boleto,Entregue,Site
1858,2024-03-28,168,Agatha da Rosa,F,26-35,Sul,Meia-Calça Rendada,Lingerie,148.47,1,0.0,Pix,Entregue,Site
2646,2024-12-27,123,Giovanna Silva,F,36-45,Sudeste,Fantasia Policial,Lingerie,157.8,1,0.0,Boleto,Entregue,Marketplace
2244,2023-03-27,783,Sofia Martins,F,46+,Sudeste,Lubrificante Sabores Baunilha,Lubrificantes,88.8,2,0.0,Pix,Entregue,Site
2337,2023-06-21,166,Mateus Rocha,M,26-35,Sudeste,Vibrador Clássico Silicone,Vibradores,175.17,1,0.0,Pix,Entregue,App
951,2024-12-19,246,João Lucas Machado,M,26-35,Sudeste,Cartas Posições Kamasutra,Jogos Adultos,120.77,1,0.0,Cartão Crédito,Cancelado,App
3069,2023-09-16,80,Nina Siqueira,F,26-35,Sul,Kit Algemas Veludo,Acessórios BDSM,205.98,3,0.0,Pix,Entregue,Site
1121,2023-02-18,527,Ana Cecília Machado,F,46+,Sul,Perfume Íntimo Floral,Cosméticos Íntimos,116.27,3,0.0,Pix,Entregue,Marketplace
2598,2024-07-30,187,Dr. Pedro Miguel Pimenta,M,26-35,Sudeste,Kit Algemas Veludo,Acessórios BDSM,295.16,2,25.0,Pix,Entregue,App
2205,2023-04-13,350,Sra. Maria Helena Gomes,F,46+,Sudeste,Colar e Guia BDSM,Acessórios BDSM,181.54,1,0.0,Pix,Entregue,App
420,2024-07-14,362,Dra. Laura da Conceição,F,26-35,Sudeste,Jogo Tabuleiro Casais,Jogos Adultos,83.21,1,0.0,Pix,Entregue,Marketplace
923,2023-03-25,536,João Miguel Gomes,M,26-35,Nordeste,Conjunto Lingerie Boudoir,Lingerie,60.44,2,0.0,Pix,Entregue,Site
1255,2023-10-07,305,Ágatha Monteiro,F,36-45,Sul,Gel Térmico Sensação Quente,Cosméticos Íntimos,126.04,3,0.0,Pix,Entregue,Site
478,2024-05-20,218,Lara Sá,F,46+,Sul,Kit Algemas Veludo,Acessórios BDSM,298.73,1,0.0,Cartão Crédito,Entregue,Site
2036,2023-04-24,119,Letícia Ribeiro,Não informado,18-25,Norte,Lubrificante Base Silicone,Lubrificantes,42.81,1,25.0,Pix,Entregue,Marketplace
1203,2024-05-05,7,Apollo Novais,M,18-25,Nordeste,Lubrificante Íntimo Aquoso 100ml,Lubrificantes,39.88,2,0.0,Cartão Crédito,Entregue,Site
2627,2024-12-13,27,Elisa Martins,F,26-35,Sul,Fantasia Enfermeira,Lingerie,60.46,3,0.0,Pix,Entregue,Site
5345,2023-07-19,674,Lorenzo Santos,M,26-35,Nordeste,Fantasia Enfermeira,Lingerie,68.63,2,0.0,Pix,Cancelado,Site
1971,2023-12-19,7,Apollo Novais,M,18-25,Nordeste,Vibrador Rabbit Premium,Vibradores,409.48,2,5.0,Cartão Crédito,Entregue,Marketplace
3111,2024-11-29,270,Beatriz Correia,F,26-35,Sul,Camisola Sensual Preta,Lingerie,143.84,2,15.0,Cartão Crédito,Entregue,Site
4019,2024-03-27,98,Rhavi Montenegro,M,36-45,Sudeste,Gel Excitante Masculino,Lubrificantes,55.57,1,25.0,Pix,Entregue,Marketplace
2152,2024-01-30,53,Daniela Freitas,F,26-35,Sudeste,Body Coelhinha Plus Size,Lingerie,156.93,1,0.0,Cartão Débito,Devolvido,Marketplace
3688,2023-10-30,135,Ana Cecília Fogaça,F,46+,Nordeste,Creme Retardante Masculino,Cosméticos Íntimos,71.39,2,10.0,Pix,Entregue,Site
1998,2024-09-11,20,Sr. João Vitor Barros,M,18-25,Sudeste,Gel Excitante Feminino,Lubrificantes,58.26,1,25.0,Pix,Cancelado,Site
4034,2023-08-17,772,Rhavi Rezende,M,26-35,Centro-Oeste,Mini Vibrador Discreto,Vibradores,205.62,1,0.0,Pix,Devolvido,App
5441,2024-08-19,168,Agatha da Rosa,F,26-35,Sul,Meia-Calça Rendada,Lingerie,164.98,1,10.0,Boleto,Entregue,Site
3055,2024-09-11,284,Henry Gabriel Vasconcelos,M,36-45,Sudeste,Kit Algemas Veludo,Acessórios BDSM,131.31,2,0.0,Boleto,Entregue,Site
1249,2024-03-11,584,Olivia Machado,F,26-35,Sul,Kit Roleplay Surpresa,Jogos Adultos,63.13,1,0.0,Pix,Entregue,App
2193,2024-12-10,294,Dra. Olivia da Rocha,F,26-35,Sudeste,Mini Vibrador Discreto,Vibradores,417.26,1,0.0,Cartão Crédito,Entregue,Site
2713,2023-02-22,118,Dra. Alexia Rios,F,46+,Sudeste,Mordaça Silicone,Acessórios BDSM,222.48,2,25.0,Cartão Crédito,Cancelado,Site
993,2024-12-05,88,Sr. Caleb Sá,M,26-35,Sudeste,Fantasia Policial,Lingerie,159.67,2,0.0,Cartão Crédito,Entregue,Site
2191,2024-11-18,84,Melissa Carvalho,F,26-35,Nordeste,Vibrador Clássico Silicone,Vibradores,209.23,1,0.0,Cartão Crédito,Entregue,Site
3763,2024-10-02,205,Otto Nascimento,M,26-35,Sul,Lubrificante Íntimo Aquoso 250ml,Lubrificantes,89.15,1,0.0,Cartão Débito,Cancelado,Site
3598,2024-04-16,217,Lunna Fernandes,F,26-35,Sudeste,Colar e Guia BDSM,Acessórios BDSM,62.8,1,0.0,Pix,Entregue,Site
1319,2024-03-09,24,Giovanna Rios,F,26-35,Centro-Oeste,Gel Excitante Feminino,Lubrificantes,87.1,1,0.0,Boleto,Entregue,Marketplace
1864,2023-02-01,213,Amanda Barros,F,18-25,Sul,Venda para Olhos Satin,Acessórios BDSM,224.98,1,0.0,Pix,Entregue,Site
2344,2023-03-12,121,Cauê Souza,M,26-35,Sul,Fantasia Enfermeira,Lingerie,115.86,2,0.0,Pix,Entregue,Marketplace
2450,2024-05-08,116,Emanuel Macedo,M,46+,Sudeste,Conjunto Lingerie Boudoir,Lingerie,198.71,3,0.0,Boleto,Entregue,Marketplace
2137,2023-02-13,24,Giovanna Rios,F,26-35,Centro-Oeste,Camisola Sensual Preta,Lingerie,83.53,1,0.0,Cartão Crédito,Cancelado,Site
1066,2024-12-01,348,Maria Isis da Conceição,F,36-45,Sul,Spray Prolongador,Cosméticos Íntimos,145.23,2,0.0,Cartão Crédito,Entregue,Site
1663,2024-05-22,581,Lívia Vieira,F,36-45,Sudeste,Cartas Posições Kamasutra,Jogos Adultos,82.21,1,0.0,Pix,Entregue,App
4228,2024-02-11,273,Sr. João Guilherme Aparecida,M,18-25,Nordeste,Gel Excitante Feminino,Lubrificantes,87.75,1,0.0,Cartão Crédito,Devolvido,Marketplace
2622,2024-02-14,532,Thiago Ramos,M,26-35,Sudeste,Gel Excitante Masculino,Lubrificantes,45.86,1,5.0,Pix,Entregue,Site
78,2024-09-27,22,Rafael Porto,M,36-45,Nordeste,Cartas Posições Kamasutra,Jogos Adultos,50.68,2,0.0,Pix,Cancelado,Site
2899,2024-02-14,152,Joana Cavalcanti,F,26-35,Sul,Camisola Sensual Preta,Lingerie,192.35,2,0.0,Cartão Crédito,Entregue,Marketplace
1315,2024-02-05,164,Dr. Luan Guerra,M,26-35,Sudeste,Mini Vibrador Discreto,Vibradores,194.36,2,0.0,Cartão Crédito,Entregue,App
4972,2023-06-01,542,Dra. Clarice Farias,F,18-25,Sudeste,Vibrador Rabbit Premium,Vibradores,329.86,1,0.0,Cartão Crédito,Entregue,Site
873,2023-06-01,275,Sr. Samuel Caldeira,M,36-45,Norte,Gel Excitante Masculino,Lubrificantes,64.09,4,30.0,Cartão Crédito,Entregue,App
3851,2023-10-17,148,Dr. Bernardo Vargas,Não informado,26-35,Norte,Wand Massager Pro,Vibradores,486.07,1,5.0,Pix,Entregue,Site
5314,2023-11-24,677,Kamilly Cardoso,F,18-25,Sudeste,Camisola Sensual Preta,Lingerie,190.61,1,0.0,Cartão Crédito,Entregue,Marketplace
2966,2024-06-11,318,Sabrina da Paz,Não informado,46+,Nordeste,Body Rendado Vermelho,Lingerie,89.19,2,10.0,Cartão Crédito,Entregue,App
3392,2024-03-30,542,Dra. Clarice Farias,F,18-25,Sudeste,Lubrificante Sabores Baunilha,Lubrificantes,80.97,1,0.0,Pix,Entregue,Site
2561,2023-02-06,404,Julia Pacheco,F,18-25,Sul,Perfume Íntimo Floral,Cosméticos Íntimos,147.98,1,0.0,Pix,Entregue,Site
5435,2024-02-27,243,Dr. Vitor Gabriel Vasconcelos,M,26-35,Sudeste,Lubrificante Sabores Morango,Lubrificantes,61.39,1,0.0,Pix,Entregue,App
2636,2023-06-05,291,Eduarda da Costa,F,36-45,Sudeste,Dominó Erótico,Jogos Adultos,67.15,1,0.0,Cartão Crédito,Devolvido,Site
3531,2024-02-09,90,Rafaela Cunha,Não informado,36-45,Sudeste,Camisola Sensual Preta,Lingerie,184.95,1,0.0,Cartão Débito,Entregue,Site
376,2023-09-24,106,Vicente Dias,M,26-35,Sul,Lubrificante Sabores Morango,Lubrificantes,82.57,1,0.0,Cartão Crédito,Entregue,Site
1909,2023-08-24,109,Caroline Rios,F,36-45,Sudeste,Gel Excitante Feminino,Lubrificantes,67.9,1,0.0,Cartão Crédito,Entregue,App
4430,2023-04-29,407,Lunna Pimenta,F,18-25,Sul,Massageador Corporal Wave,Vibradores,465.71,1,0.0,Pix,Entregue,Site
4908,2024-11-08,64,Gabriela Silva,F,26-35,Sudeste,Lubrificante Íntimo Aquoso 100ml,Lubrificantes,31.57,1,0.0,Cartão Crédito,Entregue,App
4858,2024-08-14,619,João Gabriel Campos,M,26-35,Nordeste,Creme Retardante Masculino,Cosméticos Íntimos,109.24,1,0.0,Pix,Entregue,Site
4028,2024-05-12,48,Sra. Brenda da Rocha,F,26-35,Centro-Oeste,Camisola Sensual Preta,Lingerie,174.07,3,0.0,Cartão Crédito,Entregue,Site
1605,2024-07-08,21,Carlos Eduardo Garcia,Não informado,36-45,Sul,Mordaça Silicone,Acessórios BDSM,159.21,2,0.0,Cartão Crédito,Entregue,App
1119,2023-02-11,86,Isadora Barbosa,Não informado,18-25,Sudeste,Lubrificante Íntimo Aquoso 100ml,Lubrificantes,77.53,5,15.0,Pix,Entregue,App
3678,2024-07-12,131,Daniel Barbosa,M,36-45,Sudeste,Kit Algemas Veludo,Acessórios BDSM,101.77,1,5.0,Pix,Entregue,Marketplace
3491,2023-11-10,25,Brayan Pereira,M,26-35,Sul,Camisola Sensual Preta,Lingerie,135.23,2,0.0,Boleto,Entregue,Marketplace
5397,2024-04-30,27,Elisa Martins,F,26-35,Sul,Spray Prolongador,Cosméticos Íntimos,95.09,4,0.0,Pix,Entregue,Site
2959,2023-05-08,89,Enzo Jesus,M,36-45,Sul,Lubrificante Íntimo Aquoso 100ml,Lubrificantes,31.67,2,0.0,Cartão Crédito,Cancelado,App
1995,2023-03-14,361,Ana Lívia da Costa,F,26-35,Sudeste,Vibrador Ponto G Flex,Vibradores,220.91,1,25.0,Cartão Débito,Entregue,Marketplace
5499,2023-03-06,227,Nina Sampaio,F,26-35,Sul,Cartas Posições Kamasutra,Jogos Adultos,82.26,3,10.0,Pix,Devolvido,Site
4829,2023-12-13,103,Isadora Pacheco,F,46+,Nordeste,Jogo Tabuleiro Casais,Jogos Adultos,69.65,4,25.0,Pix,Entregue,Site
2377,2023-12-31,101,Bernardo Rocha,M,26-35,Nordeste,Dado do Prazer,Jogos Adultos,95.72,1,0.0,Pix,Entregue,Site
1343,2024-06-25,495,Maria Helena Nascimento,F,36-45,Sudeste,Vibrador Duplo Prazer,Vibradores,199.4,3,20.0,Boleto,Entregue,Site
321,2024-05-17,215,Benicio da Luz,M,18-25,Nordeste,Corda de Shibari 5m,Acessórios BDSM,196.2,1,10.0,Pix,Entregue,Site
1620,2023-07-07,342,Letícia Pastor,F,18-25,Centro-Oeste,Mini Vibrador Discreto,Vibradores,179.77,1,5.0,Cartão Crédito,Entregue,Site
3714,2023-12-26,260,Leandro Ribeiro,M,26-35,Sudeste,Óleo de Massagem Relaxante,Lubrificantes,76.82,1,0.0,Pix,Entregue,Site
2061,2023-06-07,18,Maria Cecília Oliveira,F,26-35,Centro-Oeste,Vibrador Ponto G Flex,Vibradores,458.19,1,0.0,Cartão Crédito,Entregue,Marketplace
2220,2024-09-28,34,Dr. Miguel Ramos,M,18-25,Nordeste,Lubrificante Sabores Baunilha,Lubrificantes,63.1,2,0.0,Pix,Cancelado,Site
1674,2024-10-06,416,Eduardo Leão,M,18-25,Nordeste,Cartas Posições Kamasutra,Jogos Adultos,116.7,5,0.0,Cartão Crédito,Devolvido,Site
261,2024-11-15,255,Samuel Novais,M,26-35,Sul,Fantasia Enfermeira,Lingerie,145.73,3,0.0,Pix,Entregue,Marketplace
4905,2023-12-28,594,Allana Pires,F,46+,Nordeste,Conjunto Lingerie Boudoir,Lingerie,170.6,1,0.0,Pix,Entregue,Site
2040,2023-09-13,80,Nina Siqueira,F,26-35,Sul,Kit Roleplay Surpresa,Jogos Adultos,72.52,3,15.0,Pix,Entregue,Marketplace
902,2024-09-19,8,Yago Leão,M,26-35,Sudeste,Sabonete Íntimo pH Neutro,Cosméticos Íntimos,87.22,3,0.0,Cartão Crédito,Entregue,Site
3745,2023-05-27,2,Isabelly Câmara,F,36-45,Nordeste,Cartas Posições Kamasutra,Jogos Adultos,114.46,1,0.0,Pix,Entregue,Marketplace
2027,2024-12-30,342,Letícia Pastor,F,18-25,Centro-Oeste,Lubrificante Sabores Morango,Lubrificantes,30.91,2,0.0,Cartão Crédito,Entregue,App
4235,2023-07-09,6,Helena da Conceição,F,26-35,Sul,Venda para Olhos Satin,Acessórios BDSM,272.66,1,10.0,Boleto,Entregue,App
1918,2024-07-24,241,Natália Santos,F,46+,Nordeste,Body Rendado Vermelho,Lingerie,104.29,4,15.0,Pix,Entregue,Marketplace
1829,2024-07-02,408,Benício Porto,M,36-45,Sudeste,Lubrificante Base Silicone,Lubrificantes,61.46,1,0.0,Cartão Crédito,Entregue,Site
1574,2024-11-29,488,Ryan Moura,M,36-45,Sudeste,Óleo de Massagem Relaxante,Lubrificantes,33.37,1,0.0,Cartão Crédito,Entregue,Site
4416,2023-04-06,183,Henry Cavalcanti,M,26-35,Nordeste,Lubrificante Íntimo Aquoso 100ml,Lubrificantes,58.68,1,5.0,Pix,Cancelado,Site
4877,2023-02-11,246,João Lucas Machado,M,26-35,Sudeste,Gel Excitante Feminino,Lubrificantes,85.62,4,5.0,Boleto,Cancelado,App
4655,2024-08-31,133,Clara Lopes,F,26-35,Sul,Lubrificante Base Silicone,Lubrificantes,32.58,2,0.0,Cartão Crédito,Cancelado,Marketplace
4209,2024-08-12,26,Srta. Yasmin Siqueira,F,46+,Sul,Gel Excitante Masculino,Lubrificantes,73.5,4,0.0,Boleto,Entregue,Site
4628,2024-02-19,189,Emanuel Souza,M,36-45,Sudeste,Body Rendado Vermelho,Lingerie,99.64,2,0.0,Pix,Entregue,Marketplace
225,2023-02-14,86,Isadora Barbosa,Não informado,18-25,Sudeste,Cartas Posições Kamasutra,Jogos Adultos,118.32,3,0.0,Pix,Entregue,Site
724,2023-10-22,351,Sr. Thales Andrade,M,36-45,Sul,Gel Excitante Feminino,Lubrificantes,69.65,1,0.0,Pix,Entregue,App
4982,2024-09-01,77,Maria Luísa Correia,F,46+,Sudeste,Dominó Erótico,Jogos Adultos,96.11,3,15.0,Pix,Entregue,Site
1142,2023-10-10,118,Dra. Alexia Rios,F,46+,Sudeste,Vibrador Ponto G Flex,Vibradores,173.91,1,0.0,Cartão Crédito,Entregue,Site
2763,2024-03-27,266,Sr. Levi Campos,M,26-35,Centro-Oeste,Óleo de Massagem Relaxante,Lubrificantes,51.32,4,0.0,Pix,Cancelado,Site
847,2023-06-20,25,Brayan Pereira,M,26-35,Sul,Vibrador Rabbit Premium,Vibradores,350.21,3,0.0,Cartão Débito,Entregue,App
4290,2023-03-31,413,Zoe Carvalho,F,26-35,Sudeste,Gel Excitante Masculino,Lubrificantes,81.06,1,0.0,Cartão Crédito,Entregue,Site
2552,2024-05-19,33,Luara Cunha,Não informado,26-35,Norte,Camisola Sensual Preta,Lingerie,111.69,3,0.0,Pix,Entregue,Marketplace
2929,2023-12-12,364,Dra. Beatriz Macedo,F,46+,Sudeste,Dominó Erótico,Jogos Adultos,51.91,1,0.0,Boleto,Entregue,Site
118,2024-06-04,58,Ana Laura da Costa,F,26-35,Nordeste,Vibrador Duplo Prazer,Vibradores,168.83,1,10.0,Cartão Débito,Entregue,App
646,2024-02-19,530,Bento Machado,M,26-35,Centro-Oeste,Vibrador Duplo Prazer,Vibradores,427.77,2,0.0,Pix,Entregue,App
4,2024-07-04,245,Dr. Lorenzo da Cruz,M,18-25,Sul,Kit Iniciante BDSM 5 Peças,Acessórios BDSM,235.53,2,0.0,Pix,Entregue,App
4171,2023-01-15,54,Ágatha Vasconcelos,F,18-25,Sul,Vibrador Ponto G Flex,Vibradores,350.0,4,0.0,Cartão Crédito,Entregue,Marketplace
468,2023-05-12,496,Sr. Theodoro Novais,M,26-35,Nordeste,Meia-Calça Rendada,Lingerie,173.36,3,0.0,Pix,Entregue,Site
6,2023-03-31,48,Sra. Brenda da Rocha,F,26-35,Centro-Oeste,Kit Cuidados Íntimos,Cosméticos Íntimos,128.27,1,30.0,Pix,Entregue,App
920,2024-11-18,42,Eduarda Vieira,F,18-25,Sudeste,Fantasia Policial,Lingerie,180.51,3,0.0,Pix,Entregue,Site
2596,2023-10-04,384,Sra. Kamilly Albuquerque,F,18-25,Sul,Vibrador Rabbit Premium,Vibradores,229.71,2,0.0,Cartão Crédito,Entregue,Marketplace
4325,2023-03-22,421,Maria Eduarda Nogueira,F,18-25,Sudeste,Perfume Íntimo Floral,Cosméticos Íntimos,109.4,1,0.0,Boleto,Entregue,Marketplace
1064,2024-08-15,148,Dr. Bernardo Vargas,Não informado,26-35,Norte,Lubrificante Íntimo Aquoso 250ml,Lubrificantes,72.31,1,0.0,Pix,Entregue,App
2591,2024-03-04,435,Antony Cavalcanti,M,36-45,Nordeste,Colar e Guia BDSM,Acessórios BDSM,195.32,1,30.0,Cartão Crédito,Entregue,Site
243,2023-05-01,572,Davi da Paz,M,26-35,Nordeste,Vibrador Clássico Silicone,Vibradores,96.16,2,0.0,Pix,Entregue,Site
1161,2024-08-12,439,Sophie Pastor,F,18-25,Sudeste,Creme Excitante Feminino,Cosméticos Íntimos,134.76,1,0.0,Cartão Crédito,Entregue,Site
2871,2023-02-15,536,João Miguel Gomes,M,26-35,Nordeste,Dominó Erótico,Jogos Adultos,42.41,2,0.0,Pix,Entregue,App
3736,2023-02-18,174,Lívia Borges,F,46+,Sudeste,Vibrador Ponto G Flex,Vibradores,209.94,1,0.0,Cartão Débito,Entregue,Site
2398,2024-07-08,8,Yago Leão,M,26-35,Sudeste,Vibrador Rabbit Premium,Vibradores,366.45,3,20.0,Cartão Crédito,Entregue,App
3518,2024-10-16,134,Ana Cecília das Neves,F,26-35,Sudeste,Lubrificante Íntimo Aquoso 100ml,Lubrificantes,43.82,1,0.0,Pix,Devolvido,App
3422,2024-02-04,261,Léo Melo,M,26-35,Nordeste,Lubrificante Sabores Morango,Lubrificantes,78.04,1,0.0,Pix,Entregue,Site
2564,2024-02-27,22,Rafael Porto,M,36-45,Nordeste,Gel Excitante Feminino,Lubrificantes,74.76,1,10.0,Cartão Crédito,Entregue,Site
1606,2024-02-12,198,Srta. Hadassa Azevedo,F,26-35,Nordeste,Camisola Sensual Preta,Lingerie,110.64,4,30.0,Boleto,Entregue,Site
5356,2024-11-02,143,Cauê Garcia,M,18-25,Nordeste,Spray Prolongador,Cosméticos Íntimos,140.56,1,0.0,Cartão Crédito,Entregue,Site
2325,2023-08-30,437,Sra. Valentina Camargo,F,26-35,Sudeste,Mini Vibrador Discreto,Vibradores,469.64,1,30.0,Cartão Débito,Entregue,Marketplace
2710,2024-10-03,96,Vitor Hugo Araújo,M,36-45,Sudeste,Perfume Íntimo Floral,Cosméticos Íntimos,79.22,3,0.0,Pix,Entregue,Marketplace
4882,2024-06-13,173,Srta. Antonella da Paz,F,18-25,Sudeste,Chicote de Couro Soft,Acessórios BDSM,242.55,2,0.0,Pix,Entregue,Marketplace
1313,2023-10-23,214,Sra. Catarina Martins,F,46+,Sul,Fantasia Policial,Lingerie,180.56,1,0.0,Cartão Crédito,Entregue,Marketplace
3449,2023-06-24,241,Natália Santos,F,46+,Nordeste,Vibrador Ponto G Flex,Vibradores,310.76,3,30.0,Pix,Entregue,Marketplace
3813,2024-09-29,72,Ana Beatriz Farias,F,46+,Norte,Fantasia Enfermeira,Lingerie,81.99,3,10.0,Cartão Crédito,Entregue,App
5167,2024-05-20,65,Maria Liz Rios,F,46+,Sul,Gel Excitante Masculino,Lubrificantes,43.83,2,0.0,Cartão Crédito,Entregue,App
2363,2024-09-26,97,Sra. Ana Laura Aragão,F,26-35,Sudeste,Body Coelhinha Plus Size,Lingerie,130.25,5,0.0,Pix,Cancelado,App
1976,2024-05-19,625,Anna Liz Lopes,F,36-45,Sudeste,Corda de Shibari 5m,Acessórios BDSM,289.29,2,0.0,Pix,Devolvido,Site
3515,2024-06-02,473,Leonardo Fernandes,M,18-25,Norte,Fantasia Policial,Lingerie,178.45,1,5.0,Cartão Crédito,Entregue,Site
1762,2023-01-23,463,Noah Fogaça,M,36-45,Sudeste,Vibrador Rabbit Premium,Vibradores,341.29,1,25.0,Cartão Crédito,Cancelado,Site
2740,2023-10-31,22,Rafael Porto,M,36-45,Nordeste,Body Coelhinha Plus Size,Lingerie,140.64,3,0.0,Boleto,Entregue,Site
5172,2024-06-10,225,Isaque Cardoso,Não informado,26-35,Sul,Vibrador Duplo Prazer,Vibradores,240.43,4,0.0,Pix,Entregue,App
2473,2023-05-16,562,Larissa Sá,Não informado,36-45,Sudeste,Camisola Sensual Preta,Lingerie,105.02,1,15.0,Pix,Entregue,Site
4008,2024-03-12,144,Ravy Câmara,M,18-25,Sudeste,Mini Vibrador Discreto,Vibradores,342.58,1,30.0,Pix,Entregue,Marketplace
4719,2024-05-20,156,Bruna Gomes,F,26-35,Nordeste,Creme Retardante Masculino,Cosméticos Íntimos,134.62,1,0.0,Cartão Crédito,Entregue,Site
1494,2023-02-05,22,Rafael Porto,M,36-45,Nordeste,Perfume Íntimo Floral,Cosméticos Íntimos,92.85,1,0.0,Cartão Crédito,Entregue,Site
4207,2023-03-18,237,Mariane Ribeiro,F,18-25,Nordeste,Spray Prolongador,Cosméticos Íntimos,102.08,4,20.0,Cartão Crédito,Entregue,Site
2159,2024-02-10,163,Sofia das Neves,F,36-45,Sul,Vibrador Ponto G Flex,Vibradores,483.5,1,0.0,Cartão Crédito,Cancelado,App
1170,2024-03-14,94,Ryan Cassiano,M,36-45,Sudeste,Kit Cuidados Íntimos,Cosméticos Íntimos,123.79,1,20.0,Cartão Crédito,Entregue,Marketplace
5015,2024-12-02,61,Davi Lucas Cardoso,M,36-45,Norte,Chicote de Couro Soft,Acessórios BDSM,190.82,1,0.0,Pix,Entregue,Marketplace
233,2024-10-09,231,Apollo das Neves,M,26-35,Nordeste,Kit Iniciante BDSM 5 Peças,Acessórios BDSM,108.08,1,0.0,Pix,Entregue,App
67,2023-01-30,43,Sra. Ana Luiza Gomes,F,46+,Centro-Oeste,Dado do Prazer,Jogos Adultos,115.23,1,0.0,Boleto,Entregue,Site
1604,2023-02-28,121,Cauê Souza,M,26-35,Sul,Gel Excitante Masculino,Lubrificantes,87.5,1,15.0,Cartão Crédito,Entregue,Site
3284,2024-01-18,517,Pietro Rodrigues,M,36-45,Nordeste,Gel Excitante Feminino,Lubrificantes,42.88,2,0.0,Cartão Crédito,Entregue,App
3597,2023-11-30,73,Sophie da Costa,F,36-45,Sudeste,Mini Vibrador Discreto,Vibradores,304.94,1,0.0,Boleto,Entregue,Site
4633,2023-07-28,412,Danilo Brito,M,36-45,Sudeste,Spray Prolongador,Cosméticos Íntimos,52.32,1,0.0,Pix,Entregue,Site
126,2023-07-18,152,Joana Cavalcanti,F,26-35,Sul,Body Rendado Vermelho,Lingerie,179.09,4,20.0,Cartão Crédito,Entregue,App
1297,2023-03-03,51,Thiago Caldeira,Não informado,36-45,Sul,Lubrificante Sabores Baunilha,Lubrificantes,32.24,1,0.0,Cartão Crédito,Devolvido,Marketplace
1977,2023-04-07,83,Evelyn Correia,F,26-35,Nordeste,Lubrificante Sabores Morango,Lubrificantes,79.87,1,0.0,Boleto,Entregue,Site
5016,2023-07-25,66,Dr. Pedro Lucas Moreira,M,26-35,Sudeste,Lubrificante Íntimo Aquoso 250ml,Lubrificantes,65.35,5,10.0,Pix,Entregue,Site
4978,2023-09-28,64,Gabriela Silva,F,26-35,Sudeste,Conjunto Lingerie Boudoir,Lingerie,196.59,4,25.0,Cartão Crédito,Entregue,Site
2076,2023-10-01,499,Ana Vitória Dias,Não informado,46+,Sudeste,Óleo de Massagem Relaxante,Lubrificantes,63.57,2,0.0,Cartão Crédito,Entregue,App
4581,2023-01-06,612,Sra. Ana Carolina da Rocha,Não informado,46+,Centro-Oeste,Body Rendado Vermelho,Lingerie,119.2,1,0.0,Pix,Entregue,Site
3087,2024-05-03,144,Ravy Câmara,M,18-25,Sudeste,Fantasia Policial,Lingerie,64.55,1,0.0,Pix,Entregue,Site
4819,2023-10-27,526,Sr. Thiago Gomes,M,36-45,Sul,Colar e Guia BDSM,Acessórios BDSM,90.41,1,0.0,Cartão Crédito,Entregue,Site
3346,2024-05-21,330,Luana Novaes,F,36-45,Sudeste,Lubrificante Íntimo Aquoso 250ml,Lubrificantes,66.88,1,0.0,Cartão Crédito,Entregue,Site
4958,2024-02-23,268,Rafaela da Mota,F,26-35,Norte,Gel Térmico Sensação Quente,Cosméticos Íntimos,48.18,1,0.0,Pix,Entregue,App
2798,2023-01-15,260,Leandro Ribeiro,M,26-35,Sudeste,Vibrador Clássico Silicone,Vibradores,358.92,2,5.0,Cartão Débito,Entregue,Site
919,2023-12-10,372,Isabella Monteiro,F,18-25,Nordeste,Lingerie Cropped com Bojo,Lingerie,116.91,1,30.0,Pix,Entregue,Site
1647,2024-02-06,38,Dra. Mariane Pacheco,F,26-35,Sudeste,Camisola Sensual Preta,Lingerie,177.59,1,0.0,Pix,Entregue,Site
4622,2023-07-07,373,Cecília da Conceição,F,36-45,Sul,Lubrificante Base Silicone,Lubrificantes,84.12,1,0.0,Cartão Crédito,Entregue,Site
365,2024-10-08,627,Luna Caldeira,F,26-35,Sudeste,Mordaça Silicone,Acessórios BDSM,151.47,1,20.0,Cartão Crédito,Entregue,Marketplace
3288,2024-03-16,414,Mirella Freitas,F,18-25,Sul,Gel Excitante Feminino,Lubrificantes,55.74,1,0.0,Cartão Crédito,Entregue,App
2126,2024-11-27,292,Ana Vitória Castro,F,36-45,Sul,Vibrador Clássico Silicone,Vibradores,339.53,1,0.0,Cartão Crédito,Entregue,Site
4124,2023-06-10,546,Maria Flor Ramos,F,26-35,Sul,Dominó Erótico,Jogos Adultos,68.18,1,0.0,Pix,Cancelado,Site
4570,2023-04-17,482,Benicio Rocha,M,36-45,Nordeste,Body Rendado Vermelho,Lingerie,68.88,1,0.0,Boleto,Entregue,Marketplace
526,2023-02-27,172,Sophia Melo,F,36-45,Nordeste,Creme Excitante Feminino,Cosméticos Íntimos,143.58,1,0.0,Pix,Entregue,Site
56,2023-04-10,586,José Miguel Cunha,M,26-35,Sudeste,Massageador Corporal Wave,Vibradores,490.49,1,0.0,Cartão Crédito,Entregue,Marketplace
639,2024-11-08,87,Beatriz Aragão,F,46+,Centro-Oeste,Óleo de Massagem Relaxante,Lubrificantes,43.45,1,0.0,Pix,Entregue,Marketplace
303,2024-10-25,210,Dra. Maria Luiza Silveira,F,26-35,Nordeste,Vibrador Duplo Prazer,Vibradores,407.07,1,0.0,Cartão Crédito,Entregue,App
2767,2024-04-02,204,Maria da Rosa,F,36-45,Sudeste,Wand Massager Pro,Vibradores,321.54,3,0.0,Cartão Crédito,Entregue,Site
1277,2024-07-08,77,Maria Luísa Correia,F,46+,Sudeste,Gel Excitante Masculino,Lubrificantes,76.25,1,0.0,Pix,Entregue,App
4721,2023-02-04,117,Kevin Pimenta,M,26-35,Norte,Lingerie Cropped com Bojo,Lingerie,110.9,1,0.0,Cartão Crédito,Cancelado,Site
2056,2024-09-22,293,Maria Luísa Machado,F,46+,Sudeste,Body Coelhinha Plus Size,Lingerie,106.0,2,25.0,Cartão Crédito,Devolvido,Site
4433,2023-12-22,176,Diogo Alves,M,46+,Sudeste,Creme Excitante Feminino,Cosméticos Íntimos,46.49,3,30.0,Cartão Crédito,Entregue,Marketplace
3645,2023-12-20,370,Emilly Cavalcante,Não informado,36-45,Sudeste,Chicote de Couro Soft,Acessórios BDSM,97.42,1,0.0,Pix,Entregue,Site
4144,2024-02-06,446,Ana Sophia Barros,F,26-35,Sudeste,Body Coelhinha Plus Size,Lingerie,153.4,4,30.0,Pix,Cancelado,App
2879,2024-02-23,240,Bianca Lopes,F,26-35,Sudeste,Vibrador Ponto G Flex,Vibradores,471.08,1,0.0,Cartão Crédito,Entregue,Site
4203,2024-02-03,38,Dra. Mariane Pacheco,F,26-35,Sudeste,Vibrador Clássico Silicone,Vibradores,248.61,4,0.0,Cartão Crédito,Entregue,Site
2287,2024-07-30,704,Antônio Borges,M,26-35,Nordeste,Creme Excitante Feminino,Cosméticos Íntimos,52.11,2,0.0,Pix,Entregue,Site
2262,2023-08-17,247,Nicole Nunes,F,26-35,Nordeste,Lubrificante Sabores Morango,Lubrificantes,57.96,5,0.0,Pix,Entregue,App
2297,2023-03-30,69,Heloísa Pastor,F,26-35,Sudeste,Meia-Calça Rendada,Lingerie,193.39,1,0.0,Pix,Entregue,App
1754,2023-05-28,77,Maria Luísa Correia,F,46+,Sudeste,Body Coelhinha Plus Size,Lingerie,91.25,3,0.0,Cartão Débito,Entregue,Site
1969,2024-03-01,112,Beatriz Barbosa,F,36-45,Nordeste,Massageador Corporal Wave,Vibradores,249.1,1,20.0,Cartão Crédito,Cancelado,Marketplace
4825,2023-03-11,213,Amanda Barros,F,18-25,Sul,Jogo Tabuleiro Casais,Jogos Adultos,96.34,1,0.0,Cartão Crédito,Entregue,Site
3118,2023-09-12,4,Dra. Aurora Pastor,F,26-35,Sul,Óleo de Massagem Relaxante,Lubrificantes,44.75,1,0.0,Pix,Cancelado,Site
2394,2023-10-05,43,Sra. Ana Luiza Gomes,F,46+,Centro-Oeste,Fantasia Enfermeira,Lingerie,157.5,1,0.0,Pix,Entregue,Site
524,2023-02-25,460,Aylla Souza,Não informado,26-35,Sudeste,Meia-Calça Rendada,Lingerie,151.55,2,0.0,Cartão Crédito,Cancelado,Site
3901,2023-09-03,154,Maya Ferreira,F,18-25,Sudeste,Body Rendado Vermelho,Lingerie,177.74,2,0.0,Cartão Débito,Entregue,Site
5176,2024-02-14,429,Igor Farias,M,36-45,Centro-Oeste,Lingerie Cropped com Bojo,Lingerie,69.07,4,20.0,Pix,Entregue,Site
4700,2023-06-28,738,Mateus Casa Grande,M,36-45,Nordeste,Lingerie Cropped com Bojo,Lingerie,119.59,1,0.0,Cartão Crédito,Entregue,Marketplace
3123,2024-12-31,18,Maria Cecília Oliveira,F,26-35,Centro-Oeste,Vibrador Clássico Silicone,Vibradores,288.2,2,0.0,Pix,Cancelado,App
4157,2024-02-12,210,Dra. Maria Luiza Silveira,F,26-35,Nordeste,Gel Excitante Masculino,Lubrificantes,31.47,4,0.0,Cartão Crédito,Entregue,Site
1970,2023-08-25,8,Yago Leão,M,26-35,Sudeste,Gel Excitante Feminino,Lubrificantes,59.09,2,0.0,Pix,Entregue,Marketplace
672,2023-12-27,540,Calebe Novais,M,26-35,Norte,Meia-Calça Rendada,Lingerie,160.03,2,0.0,Cartão Crédito,Entregue,Site
4189,2024-10-27,311,Sra. Ana Cecília Teixeira,F,36-45,Sudeste,Jogo Tabuleiro Casais,Jogos Adultos,47.68,1,0.0,Cartão Crédito,Entregue,Site
667,2023-05-05,78,Aylla Ribeiro,F,26-35,Nordeste,Lubrificante Base Silicone,Lubrificantes,79.12,3,0.0,Boleto,Entregue,Marketplace
4811,2024-08-03,52,Sra. Sofia Pereira,F,18-25,Sudeste,Cartas Posições Kamasutra,Jogos Adultos,96.46,1,0.0,Cartão Crédito,Entregue,Site
1888,2023-12-05,79,Maria Lima,F,18-25,Centro-Oeste,Lubrificante Sabores Baunilha,Lubrificantes,55.57,1,5.0,Boleto,Entregue,Site
3267,2024-02-05,175,Leonardo Câmara,M,36-45,Sul,Corda de Shibari 5m,Acessórios BDSM,184.77,1,0.0,Pix,Entregue,App
281,2023-11-12,529,Olívia Montenegro,F,18-25,Sudeste,Kit Cuidados Íntimos,Cosméticos Íntimos,86.57,5,0.0,Pix,Entregue,Site
1720,2023-06-10,76,Renan da Cruz,M,26-35,Nordeste,Conjunto Lingerie Boudoir,Lingerie,152.37,3,0.0,Pix,Cancelado,Site
2948,2024-03-16,193,Kamilly Macedo,F,26-35,Sul,Dominó Erótico,Jogos Adultos,64.54,3,25.0,Pix,Entregue,Site
4456,2023-09-04,18,Maria Cecília Oliveira,F,26-35,Centro-Oeste,Kit Cuidados Íntimos,Cosméticos Íntimos,119.18,1,0.0,Cartão Débito,Cancelado,Site
900,2023-11-26,25,Brayan Pereira,M,26-35,Sul,Vibrador Clássico Silicone,Vibradores,370.47,1,0.0,Pix,Entregue,App
5381,2023-03-26,71,Dra. Ana Liz da Conceição,F,36-45,Sul,Óleo de Massagem Relaxante,Lubrificantes,56.6,1,0.0,Cartão Crédito,Entregue,Marketplace
761,2023-04-05,46,Dra. Bruna Rodrigues,F,18-25,Nordeste,Fantasia Policial,Lingerie,168.03,1,30.0,Boleto,Entregue,Marketplace
1907,2023-02-28,667,Carolina Dias,F,26-35,Sudeste,Body Coelhinha Plus Size,Lingerie,69.14,1,0.0,Pix,Cancelado,Marketplace
4043,2024-03-07,172,Sophia Melo,F,36-45,Nordeste,Gel Excitante Masculino,Lubrificantes,71.15,2,15.0,Cartão Crédito,Entregue,App
3824,2024-03-04,110,Dr. Raul Dias,M,36-45,Nordeste,Vibrador Ponto G Flex,Vibradores,281.75,2,15.0,Pix,Entregue,Marketplace
4139,2024-10-16,290,Julia Ribeiro,F,18-25,Sul,Body Coelhinha Plus Size,Lingerie,84.91,1,0.0,Boleto,Entregue,Site
3819,2023-08-19,433,Sr. Davi Lucca Albuquerque,M,26-35,Sudeste,Lubrificante Íntimo Aquoso 100ml,Lubrificantes,86.86,4,15.0,Boleto,Entregue,Site
4301,2024-05-17,24,Giovanna Rios,F,26-35,Centro-Oeste,Vibrador Clássico Silicone,Vibradores,182.52,1,0.0,Boleto,Cancelado,Site
2594,2023-11-20,199,Maria Luísa Farias,F,46+,Nordeste,Mordaça Silicone,Acessórios BDSM,125.56,1,5.0,Cartão Crédito,Entregue,Site
4165,2024-12-09,250,Raquel Cunha,F,26-35,Sudeste,Vibrador Duplo Prazer,Vibradores,267.17,1,0.0,Pix,Entregue,Marketplace
3032,2024-08-22,148,Dr. Bernardo Vargas,Não informado,26-35,Norte,Creme Retardante Masculino,Cosméticos Íntimos,116.82,1,0.0,Pix,Entregue,Marketplace
3580,2024-09-16,184,Dra. Nicole Aragão,F,36-45,Sul,Lubrificante Sabores Morango,Lubrificantes,67.53,1,0.0,Cartão Crédito,Entregue,App
2833,2023-11-12,36,Josué Souza,M,18-25,Sul,Wand Massager Pro,Vibradores,350.53,4,0.0,Pix,Entregue,App
3473,2023-06-09,252,Kamilly Novais,F,46+,Sul,Lubrificante Base Silicone,Lubrificantes,66.97,2,0.0,Cartão Crédito,Entregue,Site
138,2023-07-11,319,Sra. Ana Carolina Marques,F,36-45,Sudeste,Conjunto Lingerie Boudoir,Lingerie,152.46,1,0.0,Pix,Entregue,Site
2181,2023-06-14,101,Bernardo Rocha,M,26-35,Nordeste,Vibrador Clássico Silicone,Vibradores,94.83,4,10.0,Boleto,Entregue,Marketplace
2129,2024-03-30,516,Dr. Ravi Sá,M,36-45,Nordeste,Kit Algemas Veludo,Acessórios BDSM,286.49,2,5.0,Pix,Entregue,Site
3178,2023-07-09,516,Dr. Ravi Sá,M,36-45,Nordeste,Meia-Calça Rendada,Lingerie,96.43,1,0.0,Pix,Entregue,Site
4638,2024-12-19,288,Ana Liz Pimenta,F,36-45,Centro-Oeste,Creme Excitante Feminino,Cosméticos Íntimos,118.15,1,0.0,Cartão Crédito,Entregue,App
4843,2023-06-18,120,Catarina da Luz,F,18-25,Sul,Massageador Corporal Wave,Vibradores,486.08,2,0.0,Boleto,Entregue,Site
4262,2023-06-14,518,Luna Pires,F,18-25,Sudeste,Perfume Íntimo Floral,Cosméticos Íntimos,70.5,1,0.0,Pix,Entregue,Marketplace
4345,2024-06-08,238,Bernardo Montenegro,M,46+,Sul,Massageador Corporal Wave,Vibradores,132.55,1,0.0,Cartão Crédito,Entregue,Marketplace
1332,2023-02-28,332,Bruna Martins,F,46+,Sudeste,Venda para Olhos Satin,Acessórios BDSM,283.63,1,0.0,Pix,Entregue,App
2018,2024-12-01,545,Bryan das Neves,M,36-45,Norte,Gel Excitante Masculino,Lubrificantes,80.26,2,0.0,Pix,Entregue,App
4543,2024-01-04,67,Bárbara da Cruz,Não informado,36-45,Norte,Lubrificante Íntimo Aquoso 100ml,Lubrificantes,33.98,1,0.0,Boleto,Entregue,Site
2483,2023-09-15,633,Kamilly Porto,F,26-35,Sul,Lubrificante Base Silicone,Lubrificantes,60.55,1,0.0,Pix,Entregue,Site
1359,2023-09-10,90,Rafaela Cunha,Não informado,36-45,Sudeste,Fantasia Policial,Lingerie,175.71,3,0.0,Boleto,Entregue,Site
1330,2024-12-13,187,Dr. Pedro Miguel Pimenta,M,26-35,Sudeste,Dado do Prazer,Jogos Adultos,104.42,1,10.0,Cartão Crédito,Entregue,Site
2151,2023-03-27,113,Hadassa Montenegro,F,36-45,Sul,Vibrador Clássico Silicone,Vibradores,460.56,1,20.0,Pix,Cancelado,Marketplace
4531,2023-08-19,87,Beatriz Aragão,F,46+,Centro-Oeste,Mini Vibrador Discreto,Vibradores,191.99,1,25.0,Pix,Entregue,Site
2123,2024-07-08,691,Gabrielly Fernandes,F,36-45,Centro-Oeste,Lubrificante Íntimo Aquoso 100ml,Lubrificantes,81.29,3,0.0,Pix,Entregue,Marketplace
4674,2024-11-03,34,Dr. Miguel Ramos,M,18-25,Nordeste,Perfume Íntimo Floral,Cosméticos Íntimos,134.66,3,5.0,Cartão Crédito,Entregue,Site
3982,2024-10-05,416,Eduardo Leão,M,18-25,Nordeste,Vibrador Duplo Prazer,Vibradores,305.62,1,0.0,Pix,Entregue,Site
1253,2024-06-13,35,Diego da Luz,M,26-35,Sudeste,Creme Retardante Masculino,Cosméticos Íntimos,122.36,5,0.0,Cartão Crédito,Entregue,Site
3279,2023-02-21,112,Beatriz Barbosa,F,36-45,Nordeste,Mini Vibrador Discreto,Vibradores,313.52,4,15.0,Pix,Entregue,App
3375,2023-02-21,427,Gustavo Azevedo,M,36-45,Sudeste,Kit Iniciante BDSM 5 Peças,Acessórios BDSM,68.05,4,0.0,Boleto,Entregue,App
2815,2024-09-10,224,Alícia Pinto,F,26-35,Nordeste,Conjunto Lingerie Boudoir,Lingerie,191.5,1,0.0,Pix,Entregue,Site
4720,2024-12-11,583,Ravy Sampaio,M,18-25,Sudeste,Fantasia Enfermeira,Lingerie,148.89,1,0.0,Pix,Entregue,Site
1849,2024-08-23,524,Ana Carolina Araújo,F,46+,Sul,Mini Vibrador Discreto,Vibradores,409.8,3,0.0,Pix,Entregue,App
3038,2023-07-07,730,Samuel Santos,M,18-25,Norte,Meia-Calça Rendada,Lingerie,179.99,3,0.0,Cartão Débito,Entregue,Marketplace
389,2024-08-05,360,Dr. Vitor Hugo Andrade,M,36-45,Sudeste,Vibrador Clássico Silicone,Vibradores,300.4,1,0.0,Cartão Crédito,Entregue,Marketplace
236,2023-05-20,335,Maria Vitória Mendes,F,46+,Sudeste,Fantasia Policial,Lingerie,124.65,3,5.0,Boleto,Entregue,App
1078,2023-05-19,301,Bento Cavalcante,Não informado,26-35,Norte,Massageador Corporal Wave,Vibradores,129.61,1,20.0,Pix,Entregue,App
1985,2024-07-22,40,Thomas Monteiro,M,36-45,Sudeste,Lubrificante Sabores Morango,Lubrificantes,53.28,2,0.0,Pix,Entregue,Site
4364,2024-11-01,201,Gabrielly Leão,F,36-45,Sul,Vibrador Clássico Silicone,Vibradores,335.98,1,0.0,Cartão Crédito,Entregue,Site
3963,2023-05-05,9,Pietro Pastor,M,26-35,Sudeste,Vibrador Clássico Silicone,Vibradores,458.18,1,10.0,Boleto,Entregue,Site
771,2024-06-30,33,Luara Cunha,Não informado,26-35,Norte,Lubrificante Íntimo Aquoso 100ml,Lubrificantes,43.2,2,15.0,Pix,Entregue,Site
2166,2024-12-01,726,Sophie Carvalho,Não informado,26-35,Nordeste,Fantasia Enfermeira,Lingerie,104.63,1,25.0,Boleto,Entregue,App
4534,2024-02-13,101,Bernardo Rocha,M,26-35,Nordeste,Mini Vibrador Discreto,Vibradores,95.26,2,15.0,Pix,Entregue,App
674,2024-08-17,201,Gabrielly Leão,F,36-45,Sul,Lingerie Cropped com Bojo,Lingerie,69.36,1,10.0,Pix,Entregue,Marketplace
250,2023-12-17,474,Alana Cirino,F,26-35,Sul,Lubrificante Íntimo Aquoso 250ml,Lubrificantes,74.26,2,5.0,Cartão Crédito,Entregue,App
1575,2023-06-12,68,Benício Fernandes,M,36-45,Sudeste,Vibrador Duplo Prazer,Vibradores,443.59,1,15.0,Pix,Entregue,Site
3420,2023-03-02,5,Ana Beatriz Alves,F,18-25,Sul,Vibrador Duplo Prazer,Vibradores,464.99,1,0.0,Pix,Entregue,Site
2082,2024-12-11,19,Bernardo Aparecida,M,36-45,Sudeste,Kit Roleplay Surpresa,Jogos Adultos,58.85,2,0.0,Cartão Débito,Entregue,Site
1824,2024-04-07,383,Juan Almeida,M,26-35,Sudeste,Lingerie Cropped com Bojo,Lingerie,89.05,1,0.0,Boleto,Cancelado,Site
5141,2023-09-08,231,Apollo das Neves,M,26-35,Nordeste,Body Rendado Vermelho,Lingerie,128.65,1,0.0,Cartão Crédito,Entregue,App
4545,2024-05-14,140,Maria Sophia Alves,F,36-45,Sudeste,Kit Iniciante BDSM 5 Peças,Acessórios BDSM,264.86,5,0.0,Cartão Crédito,Entregue,Site
717,2023-01-27,445,Rebeca Silva,F,26-35,Nordeste,Lubrificante Sabores Baunilha,Lubrificantes,73.83,1,15.0,Boleto,Entregue,Marketplace
4951,2023-12-28,138,Nicolas Pinto,M,36-45,Sudeste,Lubrificante Íntimo Aquoso 100ml,Lubrificantes,32.08,1,0.0,Cartão Crédito,Entregue,App
5183,2023-01-29,40,Thomas Monteiro,M,36-45,Sudeste,Lubrificante Base Silicone,Lubrificantes,41.74,2,0.0,Pix,Entregue,Site
2049,2024-09-22,212,Yasmin Alves,F,18-25,Sudeste,Wand Massager Pro,Vibradores,168.36,1,0.0,Cartão Crédito,Entregue,Site
4179,2024-05-31,109,Caroline Rios,F,36-45,Sudeste,Jogo Tabuleiro Casais,Jogos Adultos,91.06,1,10.0,Pix,Entregue,Site
4810,2023-07-10,483,Júlia Macedo,F,36-45,Sul,Vibrador Ponto G Flex,Vibradores,468.68,2,0.0,Cartão Débito,Entregue,Site
2725,2023-04-23,139,Srta. Isabela Castro,F,18-25,Sudeste,Lubrificante Base Silicone,Lubrificantes,85.48,1,0.0,Cartão Débito,Entregue,Site
5020,2024-11-29,481,Eduarda Sá,F,36-45,Sul,Fantasia Policial,Lingerie,184.78,1,0.0,Cartão Crédito,Devolvido,Site
1461,2024-07-23,137,Luiz Gustavo Vasconcelos,M,26-35,Nordeste,Fantasia Policial,Lingerie,83.84,2,0.0,Cartão Crédito,Entregue,App
1669,2023-06-17,35,Diego da Luz,M,26-35,Sudeste,Sabonete Íntimo pH Neutro,Cosméticos Íntimos,57.23,2,0.0,Pix,Entregue,Site
2757,2023-04-07,173,Srta. Antonella da Paz,F,18-25,Sudeste,Gel Excitante Feminino,Lubrificantes,67.83,1,0.0,Cartão Crédito,Entregue,Site
2001,2023-01-09,84,Melissa Carvalho,F,26-35,Nordeste,Lubrificante Sabores Baunilha,Lubrificantes,46.9,1,0.0,Boleto,Entregue,Site
4572,2024-02-18,297,Srta. Julia Viana,F,26-35,Sul,Gel Térmico Sensação Quente,Cosméticos Íntimos,105.06,1,0.0,Cartão Crédito,Cancelado,Marketplace
4614,2024-06-30,33,Luara Cunha,Não informado,26-35,Norte,Meia-Calça Rendada,Lingerie,74.27,3,0.0,Cartão Crédito,Entregue,App
405,2023-04-12,107,Gabrielly Rios,F,46+,Nordeste,Lubrificante Base Silicone,Lubrificantes,37.28,1,5.0,Pix,Entregue,Site
385,2024-10-31,346,Marcos Vinicius Marques,M,26-35,Sudeste,Lubrificante Sabores Baunilha,Lubrificantes,74.05,4,25.0,Pix,Entregue,Marketplace
4989,2024-06-12,343,Rebeca Cassiano,F,36-45,Sudeste,Camisola Sensual Preta,Lingerie,113.94,1,30.0,Cartão Crédito,Cancelado,Site
2153,2024-04-05,326,Ana Júlia Costela,F,18-25,Centro-Oeste,Jogo Tabuleiro Casais,Jogos Adultos,103.65,1,0.0,Cartão Crédito,Entregue,App
1634,2024-08-07,405,Marcelo Caldeira,M,26-35,Nordeste,Mordaça Silicone,Acessórios BDSM,163.75,1,20.0,Cartão Crédito,Entregue,App
5231,2024-12-31,290,Julia Ribeiro,F,18-25,Sul,Dado do Prazer,Jogos Adultos,117.05,2,0.0,Pix,Entregue,App
4785,2024-02-17,148,Dr. Bernardo Vargas,Não informado,26-35,Norte,Jogo Tabuleiro Casais,Jogos Adultos,103.91,2,0.0,Cartão Crédito,Entregue,App
3926,2023-01-13,8,Yago Leão,M,26-35,Sudeste,Corda de Shibari 5m,Acessórios BDSM,191.18,4,0.0,Pix,Entregue,Marketplace
4159,2023-04-15,666,Maria Luísa Oliveira,F,26-35,Nordeste,Lubrificante Sabores Baunilha,Lubrificantes,53.29,4,25.0,Pix,Entregue,Site
224,2023-05-07,126,Ana Júlia Borges,F,36-45,Sudeste,Fantasia Policial,Lingerie,71.84,2,25.0,Cartão Crédito,Entregue,App
2194,2023-01-05,222,Ana Lívia Vasconcelos,F,36-45,Sul,Lubrificante Base Silicone,Lubrificantes,43.37,4,0.0,Pix,Entregue,Marketplace
3137,2023-12-02,353,Beatriz Macedo,F,26-35,Nordeste,Mini Vibrador Discreto,Vibradores,364.91,2,0.0,Cartão Débito,Cancelado,Site
4470,2023-08-16,512,Dra. Clara da Costa,F,36-45,Sul,Vibrador Clássico Silicone,Vibradores,253.96,1,0.0,Cartão Crédito,Entregue,Marketplace
1825,2024-04-11,275,Sr. Samuel Caldeira,M,36-45,Norte,Lubrificante Sabores Morango,Lubrificantes,54.21,1,0.0,Pix,Entregue,Site
5104,2024-11-11,112,Beatriz Barbosa,F,36-45,Nordeste,Sabonete Íntimo pH Neutro,Cosméticos Íntimos,106.84,2,0.0,Pix,Entregue,Site
798,2023-12-17,224,Alícia Pinto,F,26-35,Nordeste,Óleo de Massagem Relaxante,Lubrificantes,71.87,2,0.0,Cartão Crédito,Entregue,Site
2872,2024-10-12,638,Ana Lívia da Costa,F,18-25,Sudeste,Lubrificante Sabores Baunilha,Lubrificantes,32.47,1,0.0,Pix,Entregue,App
10,2024-06-11,323,Dra. Nicole Jesus,F,46+,Sul,Fantasia Policial,Lingerie,123.56,1,0.0,Boleto,Entregue,Site
1945,2024-12-30,398,Maitê Camargo,F,18-25,Sudeste,Camisola Sensual Preta,Lingerie,188.38,1,0.0,Cartão Crédito,Entregue,App
1839,2023-06-06,598,Maria Vitória Cirino,F,26-35,Centro-Oeste,Colar e Guia BDSM,Acessórios BDSM,53.59,1,0.0,Pix,Entregue,Site
4805,2024-02-12,434,Isaac Pastor,M,36-45,Nordeste,Gel Excitante Feminino,Lubrificantes,64.92,1,0.0,Pix,Entregue,Marketplace
256,2024-07-12,220,Antony Souza,M,18-25,Sudeste,Vibrador Rabbit Premium,Vibradores,167.07,1,20.0,Pix,Devolvido,App
4486,2023-02-10,353,Beatriz Macedo,F,26-35,Nordeste,Lubrificante Sabores Baunilha,Lubrificantes,80.7,3,0.0,Pix,Entregue,App
5005,2024-02-20,497,Sra. Ana Sophia Gonçalves,F,18-25,Centro-Oeste,Colar e Guia BDSM,Acessórios BDSM,62.81,2,0.0,Pix,Entregue,App
1582,2024-02-28,136,Isadora Rios,F,18-25,Sul,Massageador Corporal Wave,Vibradores,244.36,1,,Boleto,Entregue,Site
2957,2024-06-11,341,Juliana Abreu,F,26-35,Nordeste,Vibrador Clássico Silicone,Vibradores,399.02,1,0.0,Boleto,Entregue,Site
925,2023-03-04,152,Joana Cavalcanti,F,26-35,Sul,Conjunto Lingerie Boudoir,Lingerie,84.52,1,0.0,Cartão Crédito,Devolvido,App
4920,2024-12-29,114,Caroline Ferreira,F,36-45,Sudeste,Lubrificante Base Silicone,Lubrificantes,37.03,1,0.0,Boleto,Entregue,App
2509,2024-12-21,466,Sofia Cunha,F,36-45,Sul,Lubrificante Íntimo Aquoso 250ml,Lubrificantes,50.46,3,0.0,Cartão Crédito,Entregue,Site
3776,2024-10-09,605,Luiz Felipe da Costa,M,26-35,Sudeste,Vibrador Rabbit Premium,Vibradores,390.55,3,25.0,Pix,Entregue,Marketplace
4836,2024-12-05,26,Srta. Yasmin Siqueira,F,46+,Sul,Colar e Guia BDSM,Acessórios BDSM,138.07,1,0.0,Cartão Crédito,Entregue,Site
4137,2024-02-24,341,Juliana Abreu,F,26-35,Nordeste,Lingerie Cropped com Bojo,Lingerie,164.03,2,0.0,Pix,Entregue,Site
2780,2024-10-14,65,Maria Liz Rios,F,46+,Sul,Vibrador Rabbit Premium,Vibradores,165.34,3,0.0,Cartão Crédito,Entregue,Site
540,2024-05-16,39,Luiz Miguel Câmara,M,36-45,Sudeste,Gel Excitante Masculino,Lubrificantes,62.99,2,10.0,Pix,Entregue,Site
2746,2024-05-05,390,Sr. Leonardo Viana,M,18-25,Sudeste,Lubrificante Sabores Baunilha,Lubrificantes,42.03,1,0.0,Boleto,Entregue,Site
4995,2024-10-02,20,Sr. João Vitor Barros,M,18-25,Sudeste,Chicote de Couro Soft,Acessórios BDSM,207.27,2,25.0,Boleto,Entregue,Site
5073,2023-10-25,181,Diogo Rezende,M,46+,Sudeste,Conjunto Lingerie Boudoir,Lingerie,72.54,1,10.0,Cartão Crédito,Entregue,App
1146,2024-12-20,511,Marcela Ferreira,F,46+,Sul,Lingerie Cropped com Bojo,Lingerie,116.29,4,0.0,Cartão Crédito,Entregue,Marketplace
4469,2024-11-04,645,Sra. Isadora Camargo,F,26-35,Sudeste,Meia-Calça Rendada,Lingerie,87.99,1,0.0,Boleto,Entregue,Site
668,2024-09-23,49,Eduarda Marques,F,26-35,Sul,Vibrador Clássico Silicone,Vibradores,165.67,3,0.0,Pix,Entregue,App
3020,2023-02-03,393,Lunna Souza,F,26-35,Nordeste,Kit Cuidados Íntimos,Cosméticos Íntimos,132.67,1,0.0,Pix,Entregue,Site
358,2023-01-21,237,Mariane Ribeiro,F,18-25,Nordeste,Kit Roleplay Surpresa,Jogos Adultos,94.04,3,20.0,Boleto,Entregue,Marketplace
2832,2024-07-25,288,Ana Liz Pimenta,F,36-45,Centro-Oeste,Gel Excitante Feminino,Lubrificantes,89.76,1,0.0,Pix,Entregue,Site
2784,2023-12-03,402,Alice da Luz,F,26-35,Sudeste,Mini Vibrador Discreto,Vibradores,281.71,4,0.0,Cartão Crédito,Entregue,Site
1354,2024-02-25,338,Thomas Souza,M,26-35,Sudeste,Dado do Prazer,Jogos Adultos,59.93,1,0.0,Cartão Crédito,Entregue,Site
471,2023-07-01,4,Dra. Aurora Pastor,F,26-35,Sul,Meia-Calça Rendada,Lingerie,63.66,1,20.0,Pix,Entregue,App
2704,2024-11-30,5,Ana Beatriz Alves,F,18-25,Sul,Vibrador Rabbit Premium,Vibradores,335.78,1,10.0,Cartão Crédito,Entregue,Site
3331,2023-01-23,259,Maria Luiza Sales,F,18-25,Norte,Fantasia Enfermeira,Lingerie,100.72,1,0.0,Cartão Crédito,Entregue,Site
3638,2023-11-02,12,Eduardo Cunha,Não informado,26-35,Sul,Óleo de Massagem Relaxante,Lubrificantes,73.05,2,0.0,Cartão Crédito,Entregue,Site
1397,2023-03-07,154,Maya Ferreira,F,18-25,Sudeste,Vibrador Clássico Silicone,Vibradores,213.76,3,0.0,Pix,Entregue,Marketplace
3585,2023-05-12,143,Cauê Garcia,M,18-25,Nordeste,Sabonete Íntimo pH Neutro,Cosméticos Íntimos,122.23,3,0.0,Pix,Entregue,Site
4983,2024-03-25,289,Srta. Giovanna Pires,F,36-45,Sudeste,Massageador Corporal Wave,Vibradores,348.49,2,0.0,Cartão Crédito,Entregue,Site
3377,2023-02-21,370,Emilly Cavalcante,Não informado,36-45,Sudeste,Vibrador Duplo Prazer,Vibradores,302.64,5,0.0,Pix,Entregue,Site
1257,2024-06-29,62,Sra. Eloah da Luz,F,26-35,Sudeste,Camisola Sensual Preta,Lingerie,111.49,1,0.0,Pix,Entregue,App
3513,2024-06-09,715,Laura Barbosa,Não informado,26-35,Nordeste,Conjunto Lingerie Boudoir,Lingerie,184.87,2,10.0,Pix,Entregue,Site
1251,2024-03-11,406,Sr. Ravy Alves,M,36-45,Sudeste,Vibrador Rabbit Premium,Vibradores,152.28,1,20.0,Pix,Cancelado,App
5334,2024-02-04,100,Anna Liz Cirino,F,18-25,Centro-Oeste,Colar e Guia BDSM,Acessórios BDSM,155.2,2,0.0,Cartão Crédito,Entregue,Marketplace
4299,2024-09-23,155,Sra. Maya Pereira,F,26-35,Sul,Jogo de Cartas Sexo Quiz,Jogos Adultos,85.53,1,0.0,Cartão Débito,Cancelado,Site
3285,2024-08-20,171,Melina Rocha,F,26-35,Nordeste,Óleo de Massagem Relaxante,Lubrificantes,80.14,1,0.0,Pix,Entregue,Marketplace
2934,2024-02-06,212,Yasmin Alves,F,18-25,Sudeste,Gel Excitante Masculino,Lubrificantes,81.95,1,0.0,Pix,Entregue,Site
4176,2023-12-27,783,Sofia Martins,F,46+,Sudeste,Fantasia Policial,Lingerie,119.05,1,0.0,Pix,Entregue,Site
4911,2024-11-28,520,Olivia Macedo,F,26-35,Nordeste,Kit Algemas Veludo,Acessórios BDSM,155.8,1,0.0,Cartão Crédito,Entregue,Site
1853,2023-05-27,486,Théo Camargo,Não informado,26-35,Sudeste,Lubrificante Sabores Morango,Lubrificantes,73.52,5,0.0,Pix,Devolvido,App
5195,2024-06-06,64,Gabriela Silva,F,26-35,Sudeste,Mini Vibrador Discreto,Vibradores,109.44,1,0.0,Cartão Débito,Entregue,Marketplace
5402,2024-08-08,690,Maria Vitória Mendes,F,18-25,Norte,Lubrificante Base Silicone,Lubrificantes,70.27,2,0.0,Cartão Crédito,Entregue,Site
2106,2023-02-17,105,Mariah Ribeiro,F,18-25,Nordeste,Vibrador Ponto G Flex,Vibradores,361.07,1,0.0,Cartão Crédito,Entregue,Site
134,2023-05-24,114,Caroline Ferreira,F,36-45,Sudeste,Mini Vibrador Discreto,Vibradores,360.26,4,20.0,Cartão Débito,Entregue,App
929,2023-11-23,268,Rafaela da Mota,F,26-35,Norte,Meia-Calça Rendada,Lingerie,111.76,1,0.0,Cartão Crédito,Entregue,Site
824,2024-12-01,139,Srta. Isabela Castro,F,18-25,Sudeste,Óleo de Massagem Relaxante,Lubrificantes,83.26,5,0.0,Pix,Entregue,App
5045,2024-04-17,261,Léo Melo,M,26-35,Nordeste,Sabonete Íntimo pH Neutro,Cosméticos Íntimos,114.3,2,0.0,Pix,Entregue,Marketplace
1532,2024-04-14,252,Kamilly Novais,F,46+,Sul,Vibrador Duplo Prazer,Vibradores,461.92,1,25.0,Cartão Crédito,Cancelado,Site
1215,2024-03-11,312,Olivia Moreira,F,26-35,Norte,Sabonete Íntimo pH Neutro,Cosméticos Íntimos,102.67,2,5.0,Pix,Entregue,Site
505,2024-03-17,305,Ágatha Monteiro,F,36-45,Sul,Lubrificante Base Silicone,Lubrificantes,41.78,1,20.0,Cartão Crédito,Entregue,Site
4286,2023-10-02,243,Dr. Vitor Gabriel Vasconcelos,M,26-35,Sudeste,Kit Iniciante BDSM 5 Peças,Acessórios BDSM,103.71,4,25.0,Cartão Crédito,Entregue,Site
1997,2023-11-09,663,Caroline Pimenta,F,26-35,Sudeste,Camisola Sensual Preta,Lingerie,101.07,1,0.0,Cartão Crédito,Entregue,Site
3073,2023-11-24,104,Asafe Pinto,M,46+,Sudeste,Óleo de Massagem Relaxante,Lubrificantes,58.5,1,0.0,Pix,Entregue,App
1959,2023-06-13,269,Dra. Valentina Peixoto,F,18-25,Sul,Mini Vibrador Discreto,Vibradores,359.49,1,10.0,Pix,Entregue,Site
1385,2024-02-10,284,Henry Gabriel Vasconcelos,M,36-45,Sudeste,Body Coelhinha Plus Size,Lingerie,165.32,1,15.0,Pix,Entregue,Site
895,2023-02-06,292,Ana Vitória Castro,F,36-45,Sul,Vibrador Rabbit Premium,Vibradores,105.49,1,0.0,Cartão Crédito,Entregue,Site
4925,2023-01-30,15,Julia Aparecida,F,26-35,Sudeste,Colar e Guia BDSM,Acessórios BDSM,86.44,1,25.0,Cartão Crédito,Entregue,Site
456,2023-05-21,184,Dra. Nicole Aragão,F,36-45,Sul,Kit Algemas Veludo,Acessórios BDSM,134.5,1,0.0,Pix,Entregue,Site
5147,2024-11-27,278,Ana Júlia da Cunha,F,26-35,Sul,Meia-Calça Rendada,Lingerie,110.33,2,0.0,Cartão Crédito,Entregue,Site
3710,2024-06-14,681,Dr. Asafe Alves,M,36-45,Sudeste,Fantasia Enfermeira,Lingerie,91.36,1,0.0,Cartão Crédito,Entregue,App
5125,2024-08-03,568,Mariah Castro,F,26-35,Sul,Vibrador Ponto G Flex,Vibradores,489.94,3,15.0,Cartão Crédito,Devolvido,App
4850,2024-06-17,32,Ana Luiza Cunha,F,18-25,Sudeste,Lubrificante Sabores Baunilha,Lubrificantes,69.96,2,0.0,Pix,Cancelado,Site
4749,2023-06-04,137,Luiz Gustavo Vasconcelos,M,26-35,Nordeste,Lubrificante Íntimo Aquoso 250ml,Lubrificantes,54.29,3,0.0,Boleto,Cancelado,App
4269,2024-06-25,425,Alícia Aragão,F,26-35,Sudeste,Conjunto Lingerie Boudoir,Lingerie,172.94,3,0.0,Boleto,Entregue,Site
3523,2023-10-24,87,Beatriz Aragão,F,46+,Centro-Oeste,Vibrador Duplo Prazer,Vibradores,233.85,5,0.0,Pix,Entregue,Site
4135,2024-07-12,242,Maya Cavalcanti,F,46+,Norte,Jogo de Cartas Sexo Quiz,Jogos Adultos,111.97,3,0.0,Boleto,Entregue,Site
3603,2024-01-15,57,Maria Cecília das Neves,F,18-25,Centro-Oeste,Chicote de Couro Soft,Acessórios BDSM,65.43,3,25.0,Cartão Crédito,Entregue,Site
714,2023-05-27,145,Natália Ferreira,F,46+,Sul,Sabonete Íntimo pH Neutro,Cosméticos Íntimos,59.13,1,0.0,Cartão Crédito,Entregue,Site
4187,2024-10-24,39,Luiz Miguel Câmara,M,36-45,Sudeste,Massageador Corporal Wave,Vibradores,458.26,2,0.0,Cartão Crédito,Entregue,Marketplace
2215,2023-04-06,339,Bernardo da Mota,M,26-35,Sudeste,Lubrificante Sabores Morango,Lubrificantes,49.95,2,0.0,Pix,Entregue,App
2924,2023-02-19,56,Rebeca Almeida,F,26-35,Sul,Chicote de Couro Soft,Acessórios BDSM,286.97,2,0.0,Pix,Entregue,Site
1811,2024-07-11,286,Letícia Pastor,Não informado,36-45,Sul,Gel Excitante Masculino,Lubrificantes,64.6,2,0.0,Pix,Entregue,Marketplace
3487,2023-06-17,121,Cauê Souza,M,26-35,Sul,Wand Massager Pro,Vibradores,382.22,1,0.0,Cartão Crédito,Entregue,Site
3142,2023-01-03,584,Olivia Machado,F,26-35,Sul,Vibrador Clássico Silicone,Vibradores,420.44,1,0.0,Pix,Entregue,Site
1828,2023-04-24,695,Bianca Dias,F,26-35,Sudeste,Dominó Erótico,Jogos Adultos,54.42,1,0.0,Pix,Entregue,Site
1156,2023-09-01,362,Dra. Laura da Conceição,F,26-35,Sudeste,Body Rendado Vermelho,Lingerie,152.8,3,20.0,Pix,Entregue,App
1325,2024-12-17,716,Thiago Machado,M,36-45,Nordeste,Mini Vibrador Discreto,Vibradores,491.33,2,0.0,Boleto,Entregue,Site
4313,2024-06-03,37,Zoe da Luz,F,46+,Centro-Oeste,Kit Roleplay Surpresa,Jogos Adultos,42.96,3,0.0,Pix,Entregue,App
511,2024-06-11,254,Isabella Silveira,F,36-45,Sul,Vibrador Duplo Prazer,Vibradores,482.49,3,0.0,Pix,Entregue,Marketplace
1681,2023-12-17,117,Kevin Pimenta,M,26-35,Norte,Vibrador Clássico Silicone,Vibradores,472.24,2,0.0,Pix,Entregue,Marketplace
500,2023-12-23,750,Dra. Julia Pimenta,F,18-25,Sul,Lubrificante Sabores Morango,Lubrificantes,71.69,2,30.0,Pix,Entregue,Marketplace
5037,2023-08-22,257,Sra. Melissa Vieira,F,46+,Sul,Vibrador Duplo Prazer,Vibradores,486.92,1,0.0,Pix,Entregue,Marketplace
1857,2024-02-21,364,Dra. Beatriz Macedo,F,46+,Sudeste,Kit Iniciante BDSM 5 Peças,Acessórios BDSM,64.87,1,0.0,Pix,Entregue,App
1389,2023-05-09,699,Maria Isis Pimenta,F,36-45,Sudeste,Massageador Corporal Wave,Vibradores,203.94,1,0.0,Cartão Débito,Entregue,App
3720,2023-03-13,84,Melissa Carvalho,F,26-35,Nordeste,Gel Excitante Masculino,Lubrificantes,50.37,1,0.0,Boleto,Entregue,Site
2387,2024-12-04,128,Lívia Vargas,F,26-35,Sudeste,Wand Massager Pro,Vibradores,387.88,2,10.0,Pix,Entregue,App
3237,2023-03-18,69,Heloísa Pastor,F,26-35,Sudeste,Lubrificante Sabores Morango,Lubrificantes,51.05,1,0.0,Cartão Crédito,Entregue,Marketplace
1541,2023-06-04,324,Gabriel Moreira,M,26-35,Sudeste,Colar e Guia BDSM,Acessórios BDSM,260.77,2,10.0,Pix,Entregue,Site
1218,2024-05-28,301,Bento Cavalcante,Não informado,26-35,Norte,Meia-Calça Rendada,Lingerie,190.0,1,0.0,Cartão Débito,Entregue,App
2682,2024-08-10,451,Marina Brito,F,26-35,Norte,Lubrificante Base Silicone,Lubrificantes,46.92,1,5.0,Pix,Cancelado,Site
2994,2024-11-12,139,Srta. Isabela Castro,F,18-25,Sudeste,Conjunto Lingerie Boudoir,Lingerie,93.47,4,0.0,Pix,Entregue,Site
1192,2024-04-16,235,Dr. Dante Vieira,M,18-25,Sudeste,Venda para Olhos Satin,Acessórios BDSM,288.42,3,0.0,Cartão Débito,Entregue,App
1543,2024-06-27,226,Danilo Nunes,M,36-45,Centro-Oeste,Lubrificante Sabores Baunilha,Lubrificantes,43.91,1,0.0,Cartão Crédito,Entregue,Marketplace
3302,2024-12-09,789,Evelyn Cavalcanti,Não informado,26-35,Sudeste,Camisola Sensual Preta,Lingerie,114.06,1,0.0,Cartão Crédito,Entregue,Site
3325,2023-12-27,391,Ana Beatriz Pacheco,F,18-25,Sudeste,Kit Iniciante BDSM 5 Peças,Acessórios BDSM,184.27,1,0.0,Cartão Crédito,Entregue,Marketplace
2540,2023-12-17,378,Letícia Porto,F,26-35,Sudeste,Body Rendado Vermelho,Lingerie,77.29,1,0.0,Boleto,Entregue,Site
954,2024-11-21,571,Bella Silva,F,36-45,Sudeste,Fantasia Enfermeira,Lingerie,110.43,1,0.0,Cartão Crédito,Cancelado,Site
4847,2024-06-23,641,Rael Freitas,M,26-35,Sul,Gel Excitante Feminino,Lubrificantes,79.19,1,0.0,Boleto,Entregue,Marketplace
4331,2024-11-25,91,Bento Cavalcante,M,26-35,Sul,Conjunto Lingerie Boudoir,Lingerie,175.02,1,0.0,Cartão Crédito,Entregue,Marketplace
733,2023-10-08,290,Julia Ribeiro,F,18-25,Sul,Vibrador Duplo Prazer,Vibradores,326.14,1,0.0,Pix,Entregue,Site
1157,2024-08-05,48,Sra. Brenda da Rocha,F,26-35,Centro-Oeste,Camisola Sensual Preta,Lingerie,99.04,1,15.0,Boleto,Entregue,Site
5146,2023-12-02,513,Diogo da Cunha,M,26-35,Sudeste,Lubrificante Sabores Baunilha,Lubrificantes,35.19,3,5.0,Pix,Entregue,Site
3295,2023-05-31,694,Léo Moraes,M,26-35,Sudeste,Jogo de Cartas Sexo Quiz,Jogos Adultos,90.68,1,0.0,Cartão Débito,Entregue,Site
2983,2024-07-25,321,Danilo Vargas,M,26-35,Nordeste,Body Rendado Vermelho,Lingerie,167.4,1,0.0,Pix,Entregue,Site
2157,2023-06-21,43,Sra. Ana Luiza Gomes,F,46+,Centro-Oeste,Camisola Sensual Preta,Lingerie,77.52,1,0.0,Pix,Entregue,App
1063,2023-09-01,377,Melina Ferreira,F,18-25,Nordeste,Vibrador Duplo Prazer,Vibradores,249.16,3,0.0,Pix,Devolvido,Site
2617,2024-10-22,123,Giovanna Silva,F,36-45,Sudeste,Lubrificante Íntimo Aquoso 100ml,Lubrificantes,77.49,2,0.0,Cartão Crédito,Entregue,Site
1168,2023-12-29,192,Raquel Pires,Não informado,26-35,Nordeste,Lubrificante Íntimo Aquoso 250ml,Lubrificantes,71.66,1,0.0,Cartão Crédito,Entregue,App
3223,2024-07-16,25,Brayan Pereira,M,26-35,Sul,Lubrificante Sabores Morango,Lubrificantes,72.47,2,0.0,Boleto,Entregue,Site
3637,2024-12-15,583,Ravy Sampaio,M,18-25,Sudeste,Vibrador Ponto G Flex,Vibradores,91.74,1,25.0,Pix,Entregue,App
2939,2023-08-04,652,Ana Sophia Machado,F,36-45,Sudeste,Massageador Corporal Wave,Vibradores,313.09,1,0.0,Cartão Crédito,Entregue,Site
4492,2023-12-06,313,Sra. Lara Cirino,F,46+,Nordeste,Lubrificante Íntimo Aquoso 100ml,Lubrificantes,66.73,2,0.0,Cartão Crédito,Entregue,Site
3141,2023-02-02,128,Lívia Vargas,F,26-35,Sudeste,Vibrador Rabbit Premium,Vibradores,137.28,2,0.0,Boleto,Entregue,App
4981,2024-10-11,721,Fernanda Pereira,F,26-35,Sudeste,Lubrificante Base Silicone,Lubrificantes,45.78,1,0.0,Cartão Crédito,Entregue,App
144,2024-10-26,99,Emanuel Araújo,M,26-35,Sudeste,Lubrificante Íntimo Aquoso 100ml,Lubrificantes,71.76,1,20.0,Cartão Crédito,Entregue,App
3578,2024-10-27,183,Henry Cavalcanti,M,26-35,Nordeste,Gel Excitante Feminino,Lubrificantes,68.76,3,0.0,Pix,Entregue,Site
4947,2023-04-06,261,Léo Melo,M,26-35,Nordeste,Conjunto Lingerie Boudoir,Lingerie,114.92,2,30.0,Cartão Débito,Cancelado,Site
2783,2023-06-02,733,Srta. Maria Vitória Pacheco,F,36-45,Norte,Creme Excitante Feminino,Cosméticos Íntimos,104.6,1,0.0,Pix,Entregue,App
718,2023-05-03,685,Ana Monteiro,Não informado,18-25,Norte,Gel Excitante Masculino,Lubrificantes,35.11,1,0.0,Cartão Crédito,Devolvido,Marketplace
1820,2024-10-18,132,Srta. Ísis Andrade,F,18-25,Sudeste,Lubrificante Íntimo Aquoso 100ml,Lubrificantes,34.47,1,10.0,Pix,Entregue,App
2503,2024-02-24,229,Bruna Vasconcelos,F,26-35,Sul,Fantasia Policial,Lingerie,140.57,1,0.0,Pix,Entregue,Site
4361,2023-09-12,18,Maria Cecília Oliveira,F,26-35,Centro-Oeste,Body Rendado Vermelho,Lingerie,165.58,1,0.0,Pix,Entregue,App
4172,2024-11-22,754,Rebeca Dias,F,46+,Sudeste,Lubrificante Sabores Baunilha,Lubrificantes,41.96,4,10.0,Cartão Crédito,Entregue,Site
396,2024-12-31,604,Antony Fogaça,M,26-35,Centro-Oeste,Óleo de Massagem Relaxante,Lubrificantes,74.12,2,0.0,Pix,Entregue,Site
5366,2023-01-31,764,Sra. Cecilia Caldeira,F,46+,Sul,Kit Roleplay Surpresa,Jogos Adultos,56.01,1,0.0,Cartão Débito,Entregue,Site
4493,2024-05-16,226,Danilo Nunes,M,36-45,Centro-Oeste,Lingerie Cropped com Bojo,Lingerie,170.31,2,0.0,Cartão Crédito,Entregue,Site
1366,2023-10-27,40,Thomas Monteiro,M,36-45,Sudeste,Mini Vibrador Discreto,Vibradores,495.96,3,0.0,Cartão Crédito,Entregue,App
5060,2024-02-16,117,Kevin Pimenta,M,26-35,Norte,Conjunto Lingerie Boudoir,Lingerie,106.92,2,0.0,Cartão Crédito,Entregue,App
596,2023-06-06,175,Leonardo Câmara,M,36-45,Sul,Creme Retardante Masculino,Cosméticos Íntimos,127.44,1,25.0,Boleto,Entregue,Marketplace
3953,2023-03-20,713,Murilo Aragão,M,26-35,Sudeste,Conjunto Lingerie Boudoir,Lingerie,100.29,3,0.0,Cartão Débito,Entregue,Site
4969,2024-03-02,664,Benício das Neves,M,18-25,Sul,Lingerie Cropped com Bojo,Lingerie,61.82,1,0.0,Cartão Crédito,Entregue,Site
2915,2024-02-01,71,Dra. Ana Liz da Conceição,F,36-45,Sul,Kit Iniciante BDSM 5 Peças,Acessórios BDSM,194.21,1,5.0,Boleto,Entregue,Marketplace
2327,2024-09-09,434,Isaac Pastor,M,36-45,Nordeste,Massageador Corporal Wave,Vibradores,434.91,1,20.0,Cartão Crédito,Entregue,App
3767,2024-12-13,243,Dr. Vitor Gabriel Vasconcelos,M,26-35,Sudeste,Lubrificante Sabores Baunilha,Lubrificantes,68.78,1,0.0,Pix,Cancelado,App
3441,2024-04-14,115,Isabelly Freitas,F,18-25,Sudeste,Óleo de Massagem Relaxante,Lubrificantes,47.49,3,0.0,Cartão Débito,Entregue,Marketplace
3852,2023-03-06,35,Diego da Luz,M,26-35,Sudeste,Camisola Sensual Preta,Lingerie,79.38,2,5.0,Cartão Crédito,Entregue,Site
4133,2023-03-07,288,Ana Liz Pimenta,F,36-45,Centro-Oeste,Gel Excitante Masculino,Lubrificantes,77.29,1,20.0,Cartão Débito,Entregue,App
5094,2024-12-04,35,Diego da Luz,M,26-35,Sudeste,Creme Excitante Feminino,Cosméticos Íntimos,100.72,1,15.0,Pix,Entregue,App
2144,2024-04-22,104,Asafe Pinto,M,46+,Sudeste,Conjunto Lingerie Boudoir,Lingerie,109.67,1,0.0,Pix,Entregue,Marketplace
1572,2023-02-28,52,Sra. Sofia Pereira,F,18-25,Sudeste,Corda de Shibari 5m,Acessórios BDSM,108.73,1,30.0,Cartão Crédito,Entregue,App
4080,2024-12-26,71,Dra. Ana Liz da Conceição,F,36-45,Sul,Corda de Shibari 5m,Acessórios BDSM,254.21,1,0.0,Cartão Crédito,Entregue,App
1123,2024-04-12,487,Pedro Camargo,M,18-25,Sudeste,Camisola Sensual Preta,Lingerie,134.84,1,0.0,Cartão Débito,Entregue,Site
2787,2023-12-10,673,Liz Cavalcante,F,18-25,Sudeste,Lubrificante Sabores Baunilha,Lubrificantes,39.81,1,0.0,Pix,Entregue,Site
2968,2023-01-31,223,Sr. Arthur da Cruz,M,26-35,Sul,Óleo de Massagem Relaxante,Lubrificantes,80.05,1,15.0,Cartão Crédito,Entregue,Marketplace
2505,2023-12-21,62,Sra. Eloah da Luz,F,26-35,Sudeste,Kit Iniciante BDSM 5 Peças,Acessórios BDSM,55.77,1,0.0,Pix,Entregue,Site
3466,2023-06-12,321,Danilo Vargas,M,26-35,Nordeste,Lingerie Cropped com Bojo,Lingerie,77.84,1,0.0,Pix,Entregue,Marketplace
676,2024-09-18,737,Rhavi Cavalcante,M,36-45,Sudeste,Vibrador Duplo Prazer,Vibradores,119.78,2,0.0,Boleto,Cancelado,Site
2809,2024-05-18,176,Diogo Alves,M,46+,Sudeste,Vibrador Duplo Prazer,Vibradores,387.59,5,0.0,Pix,Entregue,Marketplace
3349,2024-12-17,104,Asafe Pinto,M,46+,Sudeste,Jogo Tabuleiro Casais,Jogos Adultos,115.02,1,0.0,Pix,Entregue,App
729,2023-12-06,63,Otávio Cunha,M,26-35,Sudeste,Body Coelhinha Plus Size,Lingerie,191.5,1,0.0,Cartão Débito,Entregue,Site
413,2024-04-04,648,João Vasconcelos,M,36-45,Norte,Meia-Calça Rendada,Lingerie,107.36,1,25.0,Cartão Crédito,Cancelado,App
3147,2023-01-12,538,Ana Júlia Vieira,F,36-45,Nordeste,Corda de Shibari 5m,Acessórios BDSM,133.08,2,10.0,Cartão Crédito,Entregue,Site
1517,2024-10-02,277,Pedro Lucas Fernandes,M,36-45,Centro-Oeste,Massageador Corporal Wave,Vibradores,491.56,1,0.0,Pix,Entregue,Marketplace
826,2023-06-04,582,Davi Miguel Andrade,M,46+,Centro-Oeste,Lubrificante Sabores Morango,Lubrificantes,61.84,2,0.0,Boleto,Cancelado,Marketplace
3268,2024-02-29,222,Ana Lívia Vasconcelos,F,36-45,Sul,Mini Vibrador Discreto,Vibradores,311.18,1,0.0,Cartão Crédito,Entregue,Marketplace
3975,2024-07-20,88,Sr. Caleb Sá,M,26-35,Sudeste,Creme Excitante Feminino,Cosméticos Íntimos,147.63,1,30.0,Pix,Entregue,Site
617,2024-03-23,18,Maria Cecília Oliveira,F,26-35,Centro-Oeste,Camisola Sensual Preta,Lingerie,130.5,2,30.0,Boleto,Entregue,Site
115,2024-06-17,268,Rafaela da Mota,F,26-35,Norte,Lingerie Cropped com Bojo,Lingerie,135.93,1,0.0,Boleto,Entregue,Site
418,2024-02-23,110,Dr. Raul Dias,M,36-45,Nordeste,Gel Excitante Masculino,Lubrificantes,32.32,1,0.0,Cartão Débito,Entregue,Site
3070,2024-02-24,298,Dra. Fernanda Lima,F,26-35,Nordeste,Fantasia Policial,Lingerie,141.18,2,0.0,Cartão Crédito,Entregue,App
1626,2024-04-23,309,Ian Rocha,M,26-35,Sul,Dado do Prazer,Jogos Adultos,76.27,4,5.0,Pix,Entregue,App
5493,2024-02-23,226,Danilo Nunes,M,36-45,Centro-Oeste,Conjunto Lingerie Boudoir,Lingerie,103.94,1,0.0,Cartão Débito,Entregue,Marketplace
4186,2024-12-20,267,Dra. Ester Correia,F,36-45,Sudeste,Wand Massager Pro,Vibradores,331.87,1,0.0,Cartão Crédito,Entregue,Site
2897,2023-10-31,209,Maria Julia Fernandes,F,36-45,Sudeste,Kit Roleplay Surpresa,Jogos Adultos,106.53,1,0.0,Boleto,Entregue,Site
5186,2024-03-28,627,Luna Caldeira,F,26-35,Sudeste,Colar e Guia BDSM,Acessórios BDSM,100.54,2,0.0,Pix,Entregue,App
2083,2023-12-08,170,Luna Martins,F,18-25,Sudeste,Gel Excitante Feminino,Lubrificantes,75.89,2,0.0,Cartão Crédito,Entregue,App
754,2024-12-23,113,Hadassa Montenegro,F,36-45,Sul,Dado do Prazer,Jogos Adultos,47.35,3,0.0,Pix,Entregue,Site
2547,2024-11-25,23,Elisa Freitas,F,18-25,Sudeste,Camisola Sensual Preta,Lingerie,121.02,1,0.0,Pix,Devolvido,App
3970,2024-12-27,139,Srta. Isabela Castro,F,18-25,Sudeste,Gel Excitante Masculino,Lubrificantes,80.56,2,30.0,Pix,Entregue,Site
3374,2024-12-21,288,Ana Liz Pimenta,F,36-45,Centro-Oeste,Vibrador Duplo Prazer,Vibradores,155.72,2,0.0,Pix,Entregue,Marketplace
4108,2023-05-04,15,Julia Aparecida,F,26-35,Sudeste,Fantasia Policial,Lingerie,157.37,2,0.0,Cartão Crédito,Entregue,Site
2445,2024-09-28,159,Zoe Rodrigues,F,46+,Sul,Gel Excitante Masculino,Lubrificantes,65.14,1,0.0,Pix,Entregue,Site
4381,2023-05-04,18,Maria Cecília Oliveira,F,26-35,Centro-Oeste,Gel Excitante Feminino,Lubrificantes,87.79,1,0.0,Cartão Crédito,Entregue,App
1067,2023-04-20,76,Renan da Cruz,M,26-35,Nordeste,Lubrificante Base Silicone,Lubrificantes,73.36,2,15.0,Cartão Débito,Entregue,App
3914,2024-01-29,724,Lucas Gabriel Melo,M,46+,Sul,Kit Roleplay Surpresa,Jogos Adultos,63.17,1,20.0,Pix,Entregue,Site
3499,2024-02-08,61,Davi Lucas Cardoso,M,36-45,Norte,Vibrador Ponto G Flex,Vibradores,408.76,1,0.0,Pix,Entregue,App
2739,2024-06-07,679,Enzo Gabriel Pastor,M,18-25,Nordeste,Colar e Guia BDSM,Acessórios BDSM,163.24,2,0.0,Boleto,Entregue,Site
5053,2023-08-13,57,Maria Cecília das Neves,F,18-25,Centro-Oeste,Conjunto Lingerie Boudoir,Lingerie,86.25,3,0.0,Cartão Crédito,Entregue,Marketplace
4001,2024-02-01,228,Maria Eduarda Cavalcante,F,18-25,Sudeste,Mini Vibrador Discreto,Vibradores,106.83,2,0.0,Pix,Entregue,Marketplace
1569,2024-04-04,261,Léo Melo,M,26-35,Nordeste,Lubrificante Íntimo Aquoso 100ml,Lubrificantes,56.62,3,0.0,Pix,Cancelado,Marketplace
2428,2024-11-28,661,Amanda Fonseca,F,18-25,Sul,Massageador Corporal Wave,Vibradores,94.69,1,30.0,Cartão Crédito,Entregue,App
3747,2024-04-12,289,Srta. Giovanna Pires,F,36-45,Sudeste,Lubrificante Íntimo Aquoso 250ml,Lubrificantes,78.13,1,0.0,Cartão Crédito,Entregue,Site
5150,2024-02-10,40,Thomas Monteiro,M,36-45,Sudeste,Lubrificante Sabores Morango,Lubrificantes,77.49,1,0.0,Boleto,Entregue,App
1688,2024-02-22,182,Srta. Bianca Vasconcelos,F,26-35,Nordeste,Gel Excitante Feminino,Lubrificantes,49.5,2,0.0,Pix,Entregue,Site
852,2024-11-19,360,Dr. Vitor Hugo Andrade,M,36-45,Sudeste,Gel Excitante Masculino,Lubrificantes,75.54,1,0.0,Pix,Entregue,App
3547,2024-02-09,25,Brayan Pereira,M,26-35,Sul,Lingerie Cropped com Bojo,Lingerie,98.27,5,5.0,Pix,Cancelado,Site
896,2023-05-27,64,Gabriela Silva,F,26-35,Sudeste,Mordaça Silicone,Acessórios BDSM,283.3,2,0.0,Pix,Entregue,App
4593,2023-11-03,191,João Guilherme Vargas,M,26-35,Nordeste,Body Rendado Vermelho,Lingerie,144.35,1,0.0,Pix,Entregue,Site
336,2024-03-30,12,Eduardo Cunha,Não informado,26-35,Sul,Lubrificante Sabores Baunilha,Lubrificantes,41.23,1,20.0,Cartão Débito,Entregue,Site
2840,2023-12-29,128,Lívia Vargas,F,26-35,Sudeste,Vibrador Duplo Prazer,Vibradores,469.81,1,0.0,Boleto,Entregue,Marketplace
3088,2023-02-16,5,Ana Beatriz Alves,F,18-25,Sul,Lubrificante Base Silicone,Lubrificantes,33.79,1,0.0,Pix,Entregue,Site
4612,2023-06-02,18,Maria Cecília Oliveira,F,26-35,Centro-Oeste,Body Rendado Vermelho,Lingerie,108.92,3,0.0,Cartão Crédito,Entregue,Site
1349,2023-10-20,755,Luiz Fernando Novais,M,36-45,Sudeste,Fantasia Enfermeira,Lingerie,150.99,2,0.0,Boleto,Cancelado,Marketplace
1016,2023-05-14,592,Natália Azevedo,F,46+,Nordeste,Vibrador Rabbit Premium,Vibradores,457.69,4,0.0,Pix,Entregue,Site
2817,2023-01-30,188,Dra. Mariane Novaes,F,26-35,Sudeste,Vibrador Rabbit Premium,Vibradores,413.86,1,0.0,Pix,Cancelado,Marketplace
1632,2024-03-17,118,Dra. Alexia Rios,F,46+,Sudeste,Fantasia Policial,Lingerie,154.58,3,0.0,Cartão Crédito,Entregue,Site
2490,2023-11-06,129,Julia Castro,F,26-35,Sudeste,Óleo de Massagem Relaxante,Lubrificantes,51.76,2,25.0,Cartão Crédito,Entregue,App
3731,2023-02-11,46,Dra. Bruna Rodrigues,F,18-25,Nordeste,Dominó Erótico,Jogos Adultos,125.46,2,0.0,Pix,Entregue,Marketplace
3252,2024-09-13,35,Diego da Luz,M,26-35,Sudeste,Massageador Corporal Wave,Vibradores,195.13,1,20.0,Pix,Entregue,Site
5144,2023-07-18,375,Anthony Martins,M,36-45,Sul,Meia-Calça Rendada,Lingerie,182.36,1,0.0,Cartão Crédito,Entregue,Marketplace
2071,2023-09-05,366,Luan Vieira,M,36-45,Sul,Jogo Tabuleiro Casais,Jogos Adultos,75.92,2,0.0,Pix,Entregue,Site
4453,2024-05-25,448,Kamilly Pinto,F,36-45,Sul,Mini Vibrador Discreto,Vibradores,353.84,1,0.0,Pix,Entregue,Site
5418,2023-02-25,105,Mariah Ribeiro,F,18-25,Nordeste,Creme Retardante Masculino,Cosméticos Íntimos,149.74,1,0.0,Cartão Crédito,Entregue,Marketplace
1636,2023-06-13,74,Raquel Cunha,F,46+,Sul,Lingerie Cropped com Bojo,Lingerie,158.24,4,10.0,Cartão Crédito,Entregue,Marketplace
4647,2023-04-13,299,Ísis Câmara,F,26-35,Sul,Gel Excitante Masculino,Lubrificantes,43.09,2,0.0,Pix,Entregue,App
2480,2024-11-28,404,Julia Pacheco,F,18-25,Sul,Massageador Corporal Wave,Vibradores,156.58,1,25.0,Cartão Crédito,Entregue,Site
2266,2024-10-16,266,Sr. Levi Campos,M,26-35,Centro-Oeste,Cartas Posições Kamasutra,Jogos Adultos,51.3,1,15.0,Cartão Crédito,Cancelado,Marketplace
2960,2024-06-26,418,Lara Andrade,F,26-35,Nordeste,Meia-Calça Rendada,Lingerie,165.5,1,25.0,Pix,Entregue,Site
5252,2024-06-18,690,Maria Vitória Mendes,F,18-25,Norte,Kit Iniciante BDSM 5 Peças,Acessórios BDSM,269.94,1,0.0,Cartão Crédito,Entregue,Site
3060,2024-12-31,650,Laura Sales,F,36-45,Centro-Oeste,Dado do Prazer,Jogos Adultos,72.01,1,25.0,Cartão Crédito,Entregue,App
5054,2023-01-22,25,Brayan Pereira,M,26-35,Sul,Cartas Posições Kamasutra,Jogos Adultos,53.69,2,0.0,Cartão Crédito,Entregue,Site
2142,2023-01-22,210,Dra. Maria Luiza Silveira,F,26-35,Nordeste,Vibrador Duplo Prazer,Vibradores,358.89,1,20.0,Pix,Entregue,Site
5105,2023-05-14,105,Mariah Ribeiro,F,18-25,Nordeste,Camisola Sensual Preta,Lingerie,67.09,5,0.0,Pix,Entregue,Site
3119,2023-10-26,79,Maria Lima,F,18-25,Centro-Oeste,Conjunto Lingerie Boudoir,Lingerie,141.19,3,25.0,Cartão Débito,Entregue,Site
5245,2023-12-31,331,Maria Luísa Borges,F,18-25,Sul,Vibrador Duplo Prazer,Vibradores,244.53,3,30.0,Cartão Débito,Entregue,App
4046,2024-04-19,153,João Andrade,M,26-35,Sul,Mini Vibrador Discreto,Vibradores,323.9,1,0.0,Boleto,Entregue,Site
3357,2023-03-25,314,Maya Porto,F,36-45,Sul,Vibrador Duplo Prazer,Vibradores,242.44,1,0.0,Cartão Crédito,Entregue,App
2745,2024-09-13,260,Leandro Ribeiro,M,26-35,Sudeste,Colar e Guia BDSM,Acessórios BDSM,245.81,1,0.0,Cartão Crédito,Entregue,Site
5093,2024-12-07,450,Laís Marques,Não informado,26-35,Sudeste,Mordaça Silicone,Acessórios BDSM,264.24,1,5.0,Pix,Entregue,Site
3507,2023-05-29,709,Dra. Olivia da Paz,F,46+,Sudeste,Conjunto Lingerie Boudoir,Lingerie,151.13,1,0.0,Boleto,Devolvido,App
1680,2023-06-05,313,Sra. Lara Cirino,F,46+,Nordeste,Vibrador Duplo Prazer,Vibradores,228.46,5,0.0,Cartão Crédito,Entregue,Site
4250,2023-05-27,697,Rael da Cruz,M,26-35,Nordeste,Lubrificante Íntimo Aquoso 100ml,Lubrificantes,31.81,2,0.0,Pix,Entregue,Marketplace
3148,2023-08-20,291,Eduarda da Costa,F,36-45,Sudeste,Óleo de Massagem Relaxante,Lubrificantes,77.89,1,0.0,Pix,Entregue,Site
2295,2024-10-24,2,Isabelly Câmara,F,36-45,Nordeste,Chicote de Couro Soft,Acessórios BDSM,159.89,2,0.0,Boleto,Entregue,Site
581,2024-10-13,168,Agatha da Rosa,F,26-35,Sul,Mordaça Silicone,Acessórios BDSM,280.3,1,0.0,Cartão Crédito,Entregue,App
1471,2024-03-16,225,Isaque Cardoso,Não informado,26-35,Sul,Jogo de Cartas Sexo Quiz,Jogos Adultos,94.76,2,30.0,Pix,Entregue,App
4800,2024-02-11,269,Dra. Valentina Peixoto,F,18-25,Sul,Body Rendado Vermelho,Lingerie,164.58,2,20.0,Cartão Crédito,Entregue,Marketplace
4071,2023-11-26,108,Sra. Isabella da Luz,Não informado,36-45,Centro-Oeste,Gel Excitante Masculino,Lubrificantes,67.02,1,20.0,Cartão Crédito,Cancelado,App
3344,2024-02-14,48,Sra. Brenda da Rocha,F,26-35,Centro-Oeste,Body Rendado Vermelho,Lingerie,73.99,3,0.0,Pix,Entregue,Site
4993,2023-12-13,115,Isabelly Freitas,F,18-25,Sudeste,Creme Retardante Masculino,Cosméticos Íntimos,104.34,1,0.0,Cartão Crédito,Entregue,Marketplace
4584,2023-12-06,375,Anthony Martins,M,36-45,Sul,Fantasia Policial,Lingerie,199.56,1,0.0,Cartão Débito,Entregue,App
3673,2024-06-18,337,Diogo Gomes,M,26-35,Sul,Vibrador Rabbit Premium,Vibradores,433.31,1,0.0,Cartão Crédito,Devolvido,Site
560,2024-01-16,259,Maria Luiza Sales,F,18-25,Norte,Lubrificante Sabores Baunilha,Lubrificantes,35.13,1,0.0,Cartão Crédito,Entregue,Marketplace
2850,2024-03-14,122,Daniela da Mata,F,26-35,Sul,Wand Massager Pro,Vibradores,345.81,1,0.0,Cartão Crédito,Cancelado,App
513,2024-12-30,608,Maria Nogueira,F,36-45,Centro-Oeste,Body Rendado Vermelho,Lingerie,77.8,2,0.0,Cartão Crédito,Entregue,Marketplace
4730,2023-12-10,51,Thiago Caldeira,Não informado,36-45,Sul,Conjunto Lingerie Boudoir,Lingerie,145.97,2,25.0,Cartão Crédito,Entregue,Site
1082,2024-08-08,27,Elisa Martins,F,26-35,Sul,Lubrificante Base Silicone,Lubrificantes,79.24,1,0.0,Pix,Entregue,Site
1665,2023-07-07,771,Nicolas Rezende,M,36-45,Sul,Kit Algemas Veludo,Acessórios BDSM,192.46,1,0.0,Cartão Crédito,Entregue,App
1013,2024-02-18,633,Kamilly Porto,F,26-35,Sul,Lubrificante Sabores Morango,Lubrificantes,77.08,2,20.0,Cartão Crédito,Entregue,Site
1932,2024-09-02,222,Ana Lívia Vasconcelos,F,36-45,Sul,Óleo de Massagem Relaxante,Lubrificantes,39.81,3,0.0,Pix,Entregue,Marketplace
1151,2023-02-08,323,Dra. Nicole Jesus,F,46+,Sul,Kit Iniciante BDSM 5 Peças,Acessórios BDSM,222.85,1,20.0,Cartão Débito,Entregue,App
2839,2023-10-20,370,Emilly Cavalcante,Não informado,36-45,Sudeste,Venda para Olhos Satin,Acessórios BDSM,114.25,1,0.0,Boleto,Entregue,App
117,2024-09-28,414,Mirella Freitas,F,18-25,Sul,Massageador Corporal Wave,Vibradores,246.26,2,0.0,Pix,Entregue,Site
741,2024-06-19,169,Giovanna Lopes,F,36-45,Sudeste,Cartas Posições Kamasutra,Jogos Adultos,98.42,1,0.0,Pix,Entregue,App
5333,2023-05-15,26,Srta. Yasmin Siqueira,F,46+,Sul,Lubrificante Íntimo Aquoso 100ml,Lubrificantes,37.2,2,10.0,Pix,Entregue,Site
3676,2024-08-20,91,Bento Cavalcante,M,26-35,Sul,Gel Excitante Masculino,Lubrificantes,63.21,1,0.0,Pix,Devolvido,Marketplace
831,2023-11-21,71,Dra. Ana Liz da Conceição,F,36-45,Sul,Vibrador Clássico Silicone,Vibradores,417.81,1,0.0,Pix,Entregue,Site
120,2023-06-07,210,Dra. Maria Luiza Silveira,F,26-35,Nordeste,Body Rendado Vermelho,Lingerie,72.15,1,25.0,Pix,Entregue,Marketplace
4753,2024-11-18,298,Dra. Fernanda Lima,F,26-35,Nordeste,Venda para Olhos Satin,Acessórios BDSM,287.19,1,,Boleto,Entregue,App
5304,2023-11-10,534,Sra. Maysa Moura,F,46+,Sudeste,Sabonete Íntimo pH Neutro,Cosméticos Íntimos,88.18,1,0.0,Cartão Crédito,Entregue,Site
5260,2023-02-02,510,Srta. Vitória Moraes,F,26-35,Norte,Vibrador Rabbit Premium,Vibradores,421.95,1,0.0,Cartão Crédito,Entregue,Site
636,2023-08-18,162,Davi Silveira,M,36-45,Norte,Vibrador Clássico Silicone,Vibradores,497.25,3,10.0,Pix,Entregue,Marketplace
4466,2024-02-09,138,Nicolas Pinto,M,36-45,Sudeste,Meia-Calça Rendada,Lingerie,71.25,1,0.0,Cartão Crédito,Entregue,Marketplace
4365,2024-10-01,72,Ana Beatriz Farias,F,46+,Norte,Meia-Calça Rendada,Lingerie,85.04,1,30.0,Pix,Entregue,Marketplace
4143,2024-06-30,28,Júlia Porto,F,26-35,Centro-Oeste,Conjunto Lingerie Boudoir,Lingerie,143.86,1,0.0,Cartão Crédito,Entregue,App
992,2024-08-02,312,Olivia Moreira,F,26-35,Norte,Creme Excitante Feminino,Cosméticos Íntimos,129.86,1,0.0,Pix,Entregue,App
877,2023-04-09,330,Luana Novaes,F,36-45,Sudeste,Vibrador Ponto G Flex,Vibradores,450.32,1,0.0,Pix,Entregue,Marketplace
4870,2023-09-02,426,Isabelly Cardoso,F,26-35,Sul,Chicote de Couro Soft,Acessórios BDSM,168.43,2,25.0,Cartão Crédito,Cancelado,Site
5,2023-02-12,48,Sra. Brenda da Rocha,F,26-35,Centro-Oeste,Gel Excitante Feminino,Lubrificantes,89.29,1,10.0,Pix,Devolvido,Site
3052,2023-04-21,180,Dr. Thales Guerra,M,36-45,Sudeste,Fantasia Policial,Lingerie,167.02,3,0.0,Cartão Débito,Entregue,App
3125,2023-01-12,344,Zoe Mendes,F,26-35,Sudeste,Lubrificante Íntimo Aquoso 100ml,Lubrificantes,82.02,3,0.0,Cartão Crédito,Entregue,Marketplace
2661,2023-05-13,174,Lívia Borges,F,46+,Sudeste,Vibrador Clássico Silicone,Vibradores,379.53,1,0.0,Pix,Entregue,Marketplace
2492,2023-08-04,63,Otávio Cunha,M,26-35,Sudeste,Vibrador Rabbit Premium,Vibradores,183.84,2,0.0,Pix,Cancelado,Site
3855,2023-12-20,287,Lorena Nunes,F,36-45,Centro-Oeste,Chicote de Couro Soft,Acessórios BDSM,144.09,1,0.0,Boleto,Entregue,Site
4934,2024-02-22,161,Luísa Pinto,F,18-25,Sudeste,Vibrador Rabbit Premium,Vibradores,200.55,1,0.0,Cartão Crédito,Entregue,Site
4778,2024-01-28,102,Nathan Campos,M,18-25,Sudeste,Vibrador Ponto G Flex,Vibradores,299.57,3,0.0,Cartão Crédito,Entregue,Site
1716,2024-02-19,781,Mirella Ramos,F,26-35,Sudeste,Fantasia Policial,Lingerie,148.7,2,15.0,Cartão Débito,Entregue,Site
1149,2024-02-19,471,Amanda Pereira,F,18-25,Sudeste,Camisola Sensual Preta,Lingerie,70.09,2,0.0,Pix,Entregue,App
3262,2024-03-18,192,Raquel Pires,Não informado,26-35,Nordeste,Meia-Calça Rendada,Lingerie,108.6,4,25.0,Boleto,Entregue,Site
575,2024-03-13,487,Pedro Camargo,M,18-25,Sudeste,Gel Excitante Masculino,Lubrificantes,43.45,3,0.0,Boleto,Entregue,Site
3770,2023-05-26,35,Diego da Luz,M,26-35,Sudeste,Body Coelhinha Plus Size,Lingerie,92.87,2,0.0,Cartão Crédito,Entregue,Site
3737,2023-03-18,288,Ana Liz Pimenta,F,36-45,Centro-Oeste,Conjunto Lingerie Boudoir,Lingerie,165.79,1,30.0,Pix,Entregue,Site
4147,2023-07-27,31,Luara Guerra,F,36-45,Nordeste,Lubrificante Base Silicone,Lubrificantes,60.18,3,0.0,Pix,Entregue,Site
854,2023-02-11,542,Dra. Clarice Farias,F,18-25,Sudeste,Jogo de Cartas Sexo Quiz,Jogos Adultos,96.32,1,0.0,Cartão Crédito,Cancelado,Site
1983,2024-12-18,167,Srta. Liz Guerra,F,18-25,Sul,Lubrificante Íntimo Aquoso 250ml,Lubrificantes,67.66,3,15.0,Boleto,Cancelado,Marketplace
2775,2023-12-05,214,Sra. Catarina Martins,F,46+,Sul,Lubrificante Sabores Baunilha,Lubrificantes,37.14,1,0.0,Cartão Débito,Entregue,Site
4930,2023-11-11,581,Lívia Vieira,F,36-45,Sudeste,Corda de Shibari 5m,Acessórios BDSM,187.23,4,0.0,Cartão Crédito,Entregue,Marketplace
1167,2023-02-16,447,Diogo Azevedo,M,26-35,Sul,Camisola Sensual Preta,Lingerie,157.5,2,0.0,Cartão Débito,Entregue,Site
972,2023-11-04,617,Esther da Paz,F,18-25,Sul,Gel Excitante Masculino,Lubrificantes,55.61,2,0.0,Cartão Crédito,Entregue,Site
2702,2023-09-26,717,João Lucas Pinto,M,18-25,Sudeste,Kit Iniciante BDSM 5 Peças,Acessórios BDSM,224.56,3,15.0,Boleto,Entregue,Marketplace
4496,2023-11-22,252,Kamilly Novais,F,46+,Sul,Body Coelhinha Plus Size,Lingerie,92.22,2,0.0,Cartão Débito,Entregue,Site
3848,2023-02-03,223,Sr. Arthur da Cruz,M,26-35,Sul,Spray Prolongador,Cosméticos Íntimos,53.17,2,0.0,Cartão Crédito,Devolvido,App
2369,2023-03-20,116,Emanuel Macedo,M,46+,Sudeste,Lingerie Cropped com Bojo,Lingerie,108.19,3,0.0,Pix,Entregue,Site
4116,2024-08-10,115,Isabelly Freitas,F,18-25,Sudeste,Fantasia Enfermeira,Lingerie,186.41,1,0.0,Pix,Entregue,App
4781,2024-08-21,20,Sr. João Vitor Barros,M,18-25,Sudeste,Corda de Shibari 5m,Acessórios BDSM,245.47,1,0.0,Boleto,Entregue,Site
4132,2024-01-06,68,Benício Fernandes,M,36-45,Sudeste,Dado do Prazer,Jogos Adultos,43.13,3,30.0,Pix,Entregue,Site
2951,2024-08-15,441,Augusto Siqueira,M,46+,Sudeste,Wand Massager Pro,Vibradores,163.66,4,5.0,Pix,Entregue,Site
525,2023-01-10,455,Murilo Leão,M,26-35,Nordeste,Jogo de Cartas Sexo Quiz,Jogos Adultos,100.95,5,0.0,Cartão Débito,Entregue,Marketplace
2456,2024-11-23,42,Eduarda Vieira,F,18-25,Sudeste,Jogo Tabuleiro Casais,Jogos Adultos,72.59,2,0.0,Cartão Crédito,Entregue,Site
5017,2023-04-10,12,Eduardo Cunha,Não informado,26-35,Sul,Wand Massager Pro,Vibradores,220.7,3,30.0,Pix,Cancelado,Site
1842,2023-10-30,155,Sra. Maya Pereira,F,26-35,Sul,Óleo de Massagem Relaxante,Lubrificantes,81.48,1,5.0,Cartão Crédito,Entregue,Site
538,2023-10-04,79,Maria Lima,F,18-25,Centro-Oeste,Mini Vibrador Discreto,Vibradores,256.68,1,0.0,Boleto,Entregue,Site
2807,2023-01-13,366,Luan Vieira,M,36-45,Sul,Mini Vibrador Discreto,Vibradores,303.88,2,0.0,Pix,Entregue,App
4342,2024-12-09,14,Aylla Fogaça,F,36-45,Sudeste,Gel Excitante Masculino,Lubrificantes,77.5,2,0.0,Boleto,Entregue,App
3176,2024-03-15,57,Maria Cecília das Neves,F,18-25,Centro-Oeste,Vibrador Ponto G Flex,Vibradores,376.61,4,0.0,Pix,Entregue,Site
785,2024-02-03,56,Rebeca Almeida,F,26-35,Sul,Fantasia Policial,Lingerie,107.58,1,0.0,Cartão Crédito,Entregue,Site
4058,2024-02-13,12,Eduardo Cunha,Não informado,26-35,Sul,Venda para Olhos Satin,Acessórios BDSM,136.27,1,0.0,Cartão Crédito,Entregue,Marketplace
1410,2024-05-20,495,Maria Helena Nascimento,F,36-45,Sudeste,Vibrador Ponto G Flex,Vibradores,477.49,2,0.0,Cartão Crédito,Entregue,Site
2538,2024-02-04,43,Sra. Ana Luiza Gomes,F,46+,Centro-Oeste,Lubrificante Íntimo Aquoso 250ml,Lubrificantes,55.58,2,0.0,Cartão Crédito,Entregue,Marketplace
155,2024-08-11,748,Sr. Raul Nascimento,Não informado,26-35,Sudeste,Lubrificante Sabores Baunilha,Lubrificantes,63.69,2,20.0,Cartão Crédito,Cancelado,Marketplace
3010,2023-12-22,15,Julia Aparecida,F,26-35,Sudeste,Jogo Tabuleiro Casais,Jogos Adultos,109.86,1,15.0,Cartão Crédito,Entregue,App
1687,2023-03-23,587,Yan Siqueira,M,36-45,Sul,Vibrador Ponto G Flex,Vibradores,395.72,3,0.0,Cartão Crédito,Entregue,Site
2902,2024-07-16,374,José Miguel Marques,M,36-45,Norte,Vibrador Clássico Silicone,Vibradores,400.82,2,0.0,Boleto,Entregue,Site
5492,2023-01-10,361,Ana Lívia da Costa,F,26-35,Sudeste,Body Rendado Vermelho,Lingerie,98.26,1,25.0,Boleto,Entregue,Marketplace
4722,2024-09-22,16,Sra. Zoe Campos,F,18-25,Sudeste,Jogo de Cartas Sexo Quiz,Jogos Adultos,45.62,1,0.0,Pix,Entregue,Marketplace
3864,2023-05-28,82,Lucca Caldeira,M,26-35,Nordeste,Vibrador Duplo Prazer,Vibradores,231.35,1,0.0,Cartão Crédito,Entregue,Site
2734,2024-01-26,666,Maria Luísa Oliveira,F,26-35,Nordeste,Jogo Tabuleiro Casais,Jogos Adultos,79.2,3,20.0,Cartão Crédito,Entregue,Marketplace
1896,2024-11-21,344,Zoe Mendes,F,26-35,Sudeste,Body Coelhinha Plus Size,Lingerie,169.15,2,10.0,Pix,Entregue,Site
570,2024-04-15,118,Dra. Alexia Rios,F,46+,Sudeste,Dado do Prazer,Jogos Adultos,91.17,4,0.0,Pix,Entregue,Marketplace
1817,2023-04-01,97,Sra. Ana Laura Aragão,F,26-35,Sudeste,Wand Massager Pro,Vibradores,308.68,3,0.0,Pix,Entregue,App
2066,2024-09-19,395,Ágatha Fonseca,F,36-45,Sudeste,Kit Algemas Veludo,Acessórios BDSM,241.78,2,0.0,Boleto,Entregue,Site
128,2023-07-18,485,Maria Vitória da Mata,F,46+,Sul,Gel Excitante Masculino,Lubrificantes,71.51,1,0.0,Boleto,Devolvido,Site
3395,2023-04-27,547,Carolina Rios,F,26-35,Sudeste,Lubrificante Sabores Baunilha,Lubrificantes,39.18,1,0.0,Cartão Débito,Entregue,App
3328,2024-05-21,198,Srta. Hadassa Azevedo,F,26-35,Nordeste,Gel Excitante Masculino,Lubrificantes,43.54,2,25.0,Cartão Crédito,Entregue,Site
1804,2024-03-28,97,Sra. Ana Laura Aragão,F,26-35,Sudeste,Gel Excitante Masculino,Lubrificantes,80.2,2,30.0,Pix,Entregue,Site
2976,2024-01-12,8,Yago Leão,M,26-35,Sudeste,Body Rendado Vermelho,Lingerie,158.76,1,0.0,Pix,Entregue,Site
981,2023-10-13,112,Beatriz Barbosa,F,36-45,Nordeste,Conjunto Lingerie Boudoir,Lingerie,69.02,1,15.0,Cartão Crédito,Entregue,Site
2301,2023-09-26,413,Zoe Carvalho,F,26-35,Sudeste,Body Coelhinha Plus Size,Lingerie,197.52,2,0.0,Boleto,Entregue,Site
191,2023-03-23,28,Júlia Porto,F,26-35,Centro-Oeste,Fantasia Policial,Lingerie,138.02,4,0.0,Pix,Entregue,Marketplace
1140,2023-11-22,241,Natália Santos,F,46+,Nordeste,Lubrificante Sabores Morango,Lubrificantes,52.46,1,0.0,Boleto,Entregue,Site
5089,2023-09-26,231,Apollo das Neves,M,26-35,Nordeste,Vibrador Clássico Silicone,Vibradores,142.22,5,10.0,Pix,Devolvido,App
700,2023-08-27,179,Gael Silva,M,36-45,Sudeste,Vibrador Duplo Prazer,Vibradores,297.65,1,0.0,Cartão Crédito,Entregue,Marketplace
5305,2023-12-28,155,Sra. Maya Pereira,F,26-35,Sul,Body Coelhinha Plus Size,Lingerie,128.86,1,0.0,Cartão Crédito,Devolvido,Site
607,2024-09-03,64,Gabriela Silva,F,26-35,Sudeste,Camisola Sensual Preta,Lingerie,105.22,5,30.0,Boleto,Entregue,Site
4277,2023-07-05,141,Lívia Viana,F,36-45,Sudeste,Lubrificante Sabores Morango,Lubrificantes,83.72,2,0.0,Pix,Entregue,App
302,2023-12-10,205,Otto Nascimento,M,26-35,Sul,Vibrador Duplo Prazer,Vibradores,239.14,1,0.0,Cartão Crédito,Entregue,Site
3421,2024-09-10,373,Cecília da Conceição,F,36-45,Sul,Conjunto Lingerie Boudoir,Lingerie,179.13,2,0.0,Cartão Débito,Entregue,Marketplace
5347,2024-02-03,4,Dra. Aurora Pastor,F,26-35,Sul,Fantasia Enfermeira,Lingerie,158.75,1,0.0,Cartão Crédito,Devolvido,App
1061,2023-09-11,503,Eloá Pinto,F,36-45,Sudeste,Vibrador Duplo Prazer,Vibradores,466.35,2,0.0,Boleto,Entregue,App
2566,2023-09-21,97,Sra. Ana Laura Aragão,F,26-35,Sudeste,Camisola Sensual Preta,Lingerie,166.53,2,0.0,Pix,Entregue,App
3248,2024-03-01,146,Heloísa Câmara,F,26-35,Nordeste,Fantasia Policial,Lingerie,97.69,2,0.0,Pix,Entregue,App
1070,2023-10-22,94,Ryan Cassiano,M,36-45,Sudeste,Lubrificante Sabores Baunilha,Lubrificantes,76.04,1,5.0,Cartão Crédito,Entregue,App
2525,2023-07-30,415,Dra. Ágatha Leão,F,26-35,Sudeste,Lubrificante Sabores Baunilha,Lubrificantes,57.94,2,0.0,Cartão Débito,Entregue,Marketplace
2206,2024-02-04,578,Marcelo da Costa,M,36-45,Sudeste,Lubrificante Base Silicone,Lubrificantes,57.36,2,0.0,Pix,Entregue,App
1244,2024-12-12,463,Noah Fogaça,M,36-45,Sudeste,Vibrador Ponto G Flex,Vibradores,122.13,2,0.0,Boleto,Entregue,App
17,2023-05-27,100,Anna Liz Cirino,F,18-25,Centro-Oeste,Camisola Sensual Preta,Lingerie,121.51,2,0.0,Pix,Entregue,App
3121,2024-05-21,88,Sr. Caleb Sá,M,26-35,Sudeste,Dominó Erótico,Jogos Adultos,107.42,1,0.0,Cartão Crédito,Entregue,Marketplace
4643,2024-03-27,482,Benicio Rocha,M,36-45,Nordeste,Vibrador Rabbit Premium,Vibradores,155.94,3,0.0,Pix,Entregue,Site
4755,2024-02-18,486,Théo Camargo,Não informado,26-35,Sudeste,Lubrificante Base Silicone,Lubrificantes,84.59,1,0.0,Cartão Débito,Entregue,Site
816,2023-04-20,198,Srta. Hadassa Azevedo,F,26-35,Nordeste,Vibrador Duplo Prazer,Vibradores,286.57,2,0.0,Cartão Débito,Entregue,App
3068,2024-10-16,685,Ana Monteiro,Não informado,18-25,Norte,Lubrificante Sabores Morango,Lubrificantes,32.92,4,0.0,Pix,Entregue,App
5310,2024-11-01,535,Emanuel Fonseca,M,36-45,Sul,Vibrador Ponto G Flex,Vibradores,183.59,3,10.0,Cartão Crédito,Entregue,Site
960,2023-10-07,349,Augusto Dias,M,26-35,Sudeste,Meia-Calça Rendada,Lingerie,68.76,2,0.0,Pix,Entregue,Site
4894,2023-06-06,77,Maria Luísa Correia,F,46+,Sudeste,Lubrificante Base Silicone,Lubrificantes,56.99,2,0.0,Pix,Cancelado,Site
226,2023-11-12,78,Aylla Ribeiro,F,26-35,Nordeste,Colar e Guia BDSM,Acessórios BDSM,122.1,1,10.0,,Entregue,Site
3355,2024-03-20,58,Ana Laura da Costa,F,26-35,Nordeste,Gel Térmico Sensação Quente,Cosméticos Íntimos,75.74,1,0.0,Cartão Crédito,Entregue,Marketplace
2486,2024-12-27,732,Maria Eduarda Farias,F,26-35,Nordeste,Vibrador Duplo Prazer,Vibradores,358.38,1,0.0,Boleto,Entregue,App
563,2024-12-11,41,Benicio Camargo,M,26-35,Nordeste,Colar e Guia BDSM,Acessórios BDSM,221.07,3,10.0,Pix,Entregue,App
3437,2024-11-30,72,Ana Beatriz Farias,F,46+,Norte,Vibrador Rabbit Premium,Vibradores,474.82,2,20.0,Pix,Entregue,App
1694,2024-04-19,44,Ravi Lucca Moura,M,26-35,Sudeste,Colar e Guia BDSM,Acessórios BDSM,283.51,2,0.0,Pix,Entregue,Marketplace
1046,2024-07-19,256,Renan Ramos,M,26-35,Nordeste,Vibrador Rabbit Premium,Vibradores,469.41,1,10.0,Cartão Crédito,Entregue,App
3447,2024-11-08,415,Dra. Ágatha Leão,F,26-35,Sudeste,Lubrificante Íntimo Aquoso 100ml,Lubrificantes,33.94,4,0.0,Pix,Entregue,Site
4566,2023-12-31,541,Sra. Larissa da Cunha,F,36-45,Nordeste,Corda de Shibari 5m,Acessórios BDSM,147.0,4,0.0,Cartão Débito,Entregue,App
955,2024-06-07,149,Luiz Fernando Ramos,M,36-45,Nordeste,Wand Massager Pro,Vibradores,164.08,1,0.0,Cartão Crédito,Entregue,Site
4442,2024-06-14,445,Rebeca Silva,F,26-35,Nordeste,Corda de Shibari 5m,Acessórios BDSM,137.22,2,0.0,Cartão Débito,Entregue,Marketplace
2736,2023-06-24,394,Emanuella Costa,F,36-45,Nordeste,Gel Excitante Feminino,Lubrificantes,67.57,1,25.0,Cartão Crédito,Entregue,Site
5442,2024-05-12,68,Benício Fernandes,M,36-45,Sudeste,Gel Excitante Masculino,Lubrificantes,85.51,3,0.0,Cartão Crédito,Entregue,Site
4736,2023-11-27,36,Josué Souza,M,18-25,Sul,Fantasia Policial,Lingerie,143.99,3,30.0,Cartão Crédito,Cancelado,Site
5350,2024-06-25,311,Sra. Ana Cecília Teixeira,F,36-45,Sudeste,Vibrador Clássico Silicone,Vibradores,92.46,1,0.0,Pix,Entregue,App
1219,2024-02-29,282,Kevin Barros,M,36-45,Nordeste,Fantasia Enfermeira,Lingerie,74.19,3,10.0,Pix,Entregue,Site
5255,2024-05-28,488,Ryan Moura,M,36-45,Sudeste,Kit Iniciante BDSM 5 Peças,Acessórios BDSM,167.79,2,0.0,Cartão Crédito,Entregue,App
1528,2023-05-25,102,Nathan Campos,M,18-25,Sudeste,Lubrificante Íntimo Aquoso 250ml,Lubrificantes,59.71,2,20.0,Pix,Cancelado,App
3988,2023-12-20,163,Sofia das Neves,F,36-45,Sul,Vibrador Duplo Prazer,Vibradores,474.38,1,0.0,Pix,Entregue,App
5474,2024-05-16,318,Sabrina da Paz,Não informado,46+,Nordeste,Lubrificante Base Silicone,Lubrificantes,38.1,1,0.0,Pix,Entregue,Marketplace
1301,2024-09-06,9,Pietro Pastor,M,26-35,Sudeste,Lubrificante Íntimo Aquoso 250ml,Lubrificantes,89.71,1,0.0,Pix,Entregue,App
5429,2023-02-15,302,João Pedro Macedo,M,26-35,Sul,Meia-Calça Rendada,Lingerie,79.99,1,0.0,Cartão Débito,Entregue,Site
161,2024-07-07,126,Ana Júlia Borges,F,36-45,Sudeste,Lubrificante Base Silicone,Lubrificantes,57.33,1,0.0,Pix,Entregue,App
4068,2024-04-21,727,Liam Castro,M,26-35,Sudeste,Dominó Erótico,Jogos Adultos,66.82,1,0.0,Cartão Crédito,Entregue,Marketplace
957,2024-09-26,198,Srta. Hadassa Azevedo,F,26-35,Nordeste,Massageador Corporal Wave,Vibradores,471.27,1,0.0,Cartão Crédito,Entregue,Site
3792,2023-07-03,20,Sr. João Vitor Barros,M,18-25,Sudeste,Chicote de Couro Soft,Acessórios BDSM,104.15,2,0.0,Cartão Crédito,Entregue,Site
3235,2023-06-07,136,Isadora Rios,F,18-25,Sul,Spray Prolongador,Cosméticos Íntimos,130.02,2,0.0,Cartão Crédito,Cancelado,App
2870,2023-11-05,120,Catarina da Luz,F,18-25,Sul,Sabonete Íntimo pH Neutro,Cosméticos Íntimos,142.23,2,0.0,Cartão Crédito,Entregue,Marketplace
3778,2024-10-22,225,Isaque Cardoso,Não informado,26-35,Sul,Colar e Guia BDSM,Acessórios BDSM,121.96,1,30.0,Pix,Entregue,Site
4434,2023-12-27,587,Yan Siqueira,M,36-45,Sul,Wand Massager Pro,Vibradores,469.04,1,0.0,Pix,Entregue,Site
4974,2023-10-29,323,Dra. Nicole Jesus,F,46+,Sul,Cartas Posições Kamasutra,Jogos Adultos,114.98,3,0.0,Pix,Entregue,Site
2962,2023-01-02,117,Kevin Pimenta,M,26-35,Norte,Body Coelhinha Plus Size,Lingerie,130.05,1,10.0,Cartão Crédito,Entregue,App
2201,2024-09-22,719,Maria Júlia Freitas,F,26-35,Sul,Lubrificante Sabores Baunilha,Lubrificantes,87.28,2,0.0,Pix,Entregue,App
99,2024-10-14,8,Yago Leão,M,26-35,Sudeste,Body Coelhinha Plus Size,Lingerie,151.54,1,0.0,Boleto,Entregue,Marketplace
2558,2024-11-10,99,Emanuel Araújo,M,26-35,Sudeste,Óleo de Massagem Relaxante,Lubrificantes,71.86,3,0.0,Cartão Crédito,Entregue,App
3184,2024-04-30,80,Nina Siqueira,F,26-35,Sul,Corda de Shibari 5m,Acessórios BDSM,229.78,1,0.0,Boleto,Entregue,Site
254,2024-08-19,105,Mariah Ribeiro,F,18-25,Nordeste,Gel Térmico Sensação Quente,Cosméticos Íntimos,132.38,3,0.0,Boleto,Devolvido,Site
3924,2024-07-27,86,Isadora Barbosa,Não informado,18-25,Sudeste,Vibrador Duplo Prazer,Vibradores,90.75,1,0.0,Boleto,Entregue,Marketplace
4200,2023-02-01,257,Sra. Melissa Vieira,F,46+,Sul,Conjunto Lingerie Boudoir,Lingerie,90.08,2,0.0,Boleto,Entregue,App
1446,2024-09-11,55,Agatha Peixoto,F,46+,Nordeste,Lingerie Cropped com Bojo,Lingerie,182.52,1,0.0,Boleto,Devolvido,Site
1649,2023-03-25,391,Ana Beatriz Pacheco,F,18-25,Sudeste,Fantasia Enfermeira,Lingerie,173.37,4,0.0,Pix,Cancelado,Site
4683,2024-02-18,628,Lunna Ribeiro,F,46+,Nordeste,Óleo de Massagem Relaxante,Lubrificantes,46.78,1,0.0,Pix,Entregue,Site
4724,2023-08-20,149,Luiz Fernando Ramos,M,36-45,Nordeste,Meia-Calça Rendada,Lingerie,140.04,1,30.0,Cartão Crédito,Devolvido,Site
3992,2023-08-12,66,Dr. Pedro Lucas Moreira,M,26-35,Sudeste,Venda para Olhos Satin,Acessórios BDSM,127.76,1,5.0,Pix,Devolvido,App
1697,2024-12-03,8,Yago Leão,M,26-35,Sudeste,Mini Vibrador Discreto,Vibradores,292.87,1,0.0,Pix,Devolvido,Site
3192,2023-10-29,570,Rafaela Freitas,F,26-35,Nordeste,Dado do Prazer,Jogos Adultos,59.37,1,20.0,Pix,Entregue,Site
4500,2024-01-20,149,Luiz Fernando Ramos,M,36-45,Nordeste,Fantasia Policial,Lingerie,196.64,2,10.0,Boleto,Entregue,App
1155,2023-05-13,258,Ayla da Rocha,F,18-25,Sul,Meia-Calça Rendada,Lingerie,199.09,1,0.0,Pix,Entregue,Site
2256,2024-10-25,228,Maria Eduarda Cavalcante,F,18-25,Sudeste,Lubrificante Sabores Morango,Lubrificantes,85.17,2,30.0,Pix,Devolvido,Site
1683,2024-09-21,273,Sr. João Guilherme Aparecida,M,18-25,Nordeste,Corda de Shibari 5m,Acessórios BDSM,223.09,3,0.0,Pix,Entregue,App
3171,2023-02-03,283,Bárbara Novais,F,26-35,Nordeste,Lubrificante Base Silicone,Lubrificantes,60.03,1,0.0,Pix,Entregue,Site
2057,2024-08-06,169,Giovanna Lopes,F,36-45,Sudeste,Vibrador Duplo Prazer,Vibradores,398.83,1,30.0,Pix,Entregue,Site
4091,2024-08-30,345,Lucas Gabriel Novaes,M,18-25,Sudeste,Wand Massager Pro,Vibradores,152.39,2,25.0,Cartão Crédito,Cancelado,Marketplace
5413,2024-07-24,347,Esther Sampaio,F,18-25,Nordeste,Creme Excitante Feminino,Cosméticos Íntimos,91.28,2,0.0,Cartão Crédito,Entregue,Site
3109,2023-08-14,239,Sra. Alice Leão,F,18-25,Sudeste,Óleo de Massagem Relaxante,Lubrificantes,35.54,1,10.0,Pix,Cancelado,Site
4549,2024-06-13,293,Maria Luísa Machado,F,46+,Sudeste,Vibrador Rabbit Premium,Vibradores,343.01,4,0.0,Boleto,Entregue,Site
3724,2023-04-01,57,Maria Cecília das Neves,F,18-25,Centro-Oeste,Massageador Corporal Wave,Vibradores,376.12,1,25.0,Pix,Entregue,App
2050,2023-02-15,24,Giovanna Rios,F,26-35,Centro-Oeste,Kit Cuidados Íntimos,Cosméticos Íntimos,108.79,2,0.0,Cartão Crédito,Entregue,Site
4977,2024-01-22,37,Zoe da Luz,F,46+,Centro-Oeste,Fantasia Policial,Lingerie,131.58,1,0.0,Cartão Crédito,Entregue,Marketplace
3644,2023-08-19,171,Melina Rocha,F,26-35,Nordeste,Lubrificante Íntimo Aquoso 250ml,Lubrificantes,47.6,1,30.0,Cartão Crédito,Cancelado,App
5469,2024-03-11,463,Noah Fogaça,M,36-45,Sudeste,Lubrificante Base Silicone,Lubrificantes,53.01,3,0.0,Pix,Entregue,Marketplace
624,2024-07-02,180,Dr. Thales Guerra,M,36-45,Sudeste,Camisola Sensual Preta,Lingerie,90.18,1,5.0,Pix,Entregue,App
263,2024-10-06,42,Eduarda Vieira,F,18-25,Sudeste,Vibrador Clássico Silicone,Vibradores,358.99,1,5.0,Pix,Entregue,App
3370,2024-02-20,312,Olivia Moreira,F,26-35,Norte,Conjunto Lingerie Boudoir,Lingerie,149.6,1,0.0,Pix,Entregue,App
4062,2024-10-08,66,Dr. Pedro Lucas Moreira,M,26-35,Sudeste,Body Rendado Vermelho,Lingerie,122.83,1,20.0,Boleto,Entregue,Site
1803,2023-05-24,120,Catarina da Luz,F,18-25,Sul,Gel Excitante Feminino,Lubrificantes,36.97,5,20.0,Cartão Crédito,Entregue,Site
4737,2023-02-21,195,Lucas Gabriel Dias,M,18-25,Centro-Oeste,Meia-Calça Rendada,Lingerie,132.01,1,0.0,Cartão Crédito,Entregue,Marketplace
3020,2023-02-03,393,Lunna Souza,F,26-35,Nordeste,Kit Cuidados Íntimos,Cosméticos Íntimos,132.67,1,0.0,Pix,Entregue,Site
2386,2024-03-10,235,Dr. Dante Vieira,M,18-25,Sudeste,Lubrificante Íntimo Aquoso 100ml,Lubrificantes,80.97,1,30.0,Cartão Débito,Entregue,App
1960,2024-11-19,394,Emanuella Costa,F,36-45,Nordeste,Wand Massager Pro,Vibradores,351.14,1,10.0,Cartão Crédito,Entregue,App
2977,2024-05-20,456,Srta. Luara Lima,F,46+,Sudeste,Colar e Guia BDSM,Acessórios BDSM,237.74,3,0.0,Cartão Crédito,Entregue,Site
489,2024-12-05,648,João Vasconcelos,M,36-45,Norte,Jogo Tabuleiro Casais,Jogos Adultos,45.98,1,20.0,Pix,Entregue,Site
1844,2024-02-12,254,Isabella Silveira,F,36-45,Sul,Lubrificante Sabores Morango,Lubrificantes,48.82,1,5.0,Pix,Entregue,App
1735,2024-07-22,39,Luiz Miguel Câmara,M,36-45,Sudeste,Vibrador Ponto G Flex,Vibradores,339.75,1,0.0,Boleto,Entregue,Site
2912,2023-12-25,1,Sr. Apollo Sousa,M,18-25,Sudeste,Perfume Íntimo Floral,Cosméticos Íntimos,108.2,2,15.0,Cartão Crédito,Entregue,Marketplace
3220,2024-03-01,344,Zoe Mendes,F,26-35,Sudeste,Fantasia Enfermeira,Lingerie,169.81,1,0.0,Boleto,Entregue,Site
147,2024-02-11,252,Kamilly Novais,F,46+,Sul,Óleo de Massagem Relaxante,Lubrificantes,40.62,2,0.0,Cartão Débito,Entregue,App
1987,2023-02-02,340,Manuela Viana,F,18-25,Nordeste,Camisola Sensual Preta,Lingerie,158.27,1,0.0,Boleto,Entregue,Marketplace
1370,2024-01-30,75,Caroline Silveira,F,36-45,Sudeste,Fantasia Enfermeira,Lingerie,152.86,1,20.0,Cartão Crédito,Entregue,Site
2812,2023-09-19,272,Kevin Albuquerque,M,26-35,Sudeste,Jogo Tabuleiro Casais,Jogos Adultos,87.97,1,0.0,Pix,Entregue,Site
660,2024-08-15,228,Maria Eduarda Cavalcante,F,18-25,Sudeste,Chicote de Couro Soft,Acessórios BDSM,83.82,2,0.0,Pix,Entregue,App
1795,2023-03-09,12,Eduardo Cunha,Não informado,26-35,Sul,Colar e Guia BDSM,Acessórios BDSM,290.01,1,0.0,Cartão Crédito,Entregue,Marketplace
2512,2024-10-23,518,Luna Pires,F,18-25,Sudeste,Jogo Tabuleiro Casais,Jogos Adultos,95.53,1,20.0,Pix,Entregue,Site
3398,2024-06-15,463,Noah Fogaça,M,36-45,Sudeste,Conjunto Lingerie Boudoir,Lingerie,113.26,5,0.0,Cartão Crédito,Entregue,App
4283,2023-05-31,65,Maria Liz Rios,F,46+,Sul,Body Coelhinha Plus Size,Lingerie,91.15,1,10.0,Cartão Crédito,Entregue,Marketplace
1148,2023-07-04,285,Maria Helena Machado,F,36-45,Centro-Oeste,Lubrificante Base Silicone,Lubrificantes,35.07,1,15.0,Pix,Entregue,Marketplace
3273,2023-10-02,336,Isabelly Marques,F,18-25,Sudeste,Óleo de Massagem Relaxante,Lubrificantes,79.06,3,25.0,Cartão Crédito,Entregue,Marketplace
609,2024-09-07,190,Milena da Luz,Não informado,36-45,Nordeste,Gel Excitante Feminino,Lubrificantes,88.2,2,0.0,Boleto,Entregue,Marketplace
3583,2023-12-21,123,Giovanna Silva,F,36-45,Sudeste,Colar e Guia BDSM,Acessórios BDSM,214.1,5,25.0,Cartão Crédito,Entregue,Site
1931,2024-12-08,233,Sr. Breno Pastor,M,46+,Sudeste,Fantasia Policial,Lingerie,63.23,2,0.0,Cartão Crédito,Entregue,App
198,2023-06-27,541,Sra. Larissa da Cunha,F,36-45,Nordeste,Dominó Erótico,Jogos Adultos,91.76,3,0.0,Pix,Entregue,App
2932,2023-10-13,287,Lorena Nunes,F,36-45,Centro-Oeste,Corda de Shibari 5m,Acessórios BDSM,267.47,1,0.0,Cartão Crédito,Cancelado,Marketplace
2328,2023-12-24,1,Sr. Apollo Sousa,M,18-25,Sudeste,Jogo de Cartas Sexo Quiz,Jogos Adultos,128.21,1,10.0,Cartão Crédito,Entregue,Site
4390,2024-09-30,13,Cauã Borges,M,36-45,Nordeste,Conjunto Lingerie Boudoir,Lingerie,139.53,5,0.0,Cartão Crédito,Entregue,Site
767,2024-06-03,371,Anna Liz Pimenta,F,26-35,Sul,Gel Excitante Masculino,Lubrificantes,87.14,1,0.0,Cartão Crédito,Cancelado,Marketplace
4497,2024-01-14,182,Srta. Bianca Vasconcelos,F,26-35,Nordeste,Fantasia Enfermeira,Lingerie,167.52,3,20.0,Cartão Crédito,Entregue,App
4219,2024-06-12,308,José Alves,M,36-45,Centro-Oeste,Colar e Guia BDSM,Acessórios BDSM,270.12,1,0.0,Pix,Entregue,Marketplace
3256,2024-07-24,43,Sra. Ana Luiza Gomes,F,46+,Centro-Oeste,Lubrificante Sabores Baunilha,Lubrificantes,80.92,1,0.0,Pix,Entregue,Marketplace
203,2024-06-20,49,Eduarda Marques,F,26-35,Sul,Wand Massager Pro,Vibradores,266.23,2,0.0,Pix,Entregue,Site
3511,2023-08-06,113,Hadassa Montenegro,F,36-45,Sul,Spray Prolongador,Cosméticos Íntimos,115.53,3,0.0,Cartão Crédito,Entregue,App
4932,2024-03-25,115,Isabelly Freitas,F,18-25,Sudeste,Dado do Prazer,Jogos Adultos,57.0,2,0.0,Cartão Débito,Entregue,Site
1734,2024-10-15,152,Joana Cavalcanti,F,26-35,Sul,Meia-Calça Rendada,Lingerie,181.42,3,20.0,Pix,Entregue,Marketplace
2778,2024-06-11,51,Thiago Caldeira,Não informado,36-45,Sul,Corda de Shibari 5m,Acessórios BDSM,298.0,1,0.0,Pix,Entregue,Site
1708,2024-10-29,68,Benício Fernandes,M,36-45,Sudeste,Vibrador Duplo Prazer,Vibradores,164.67,2,0.0,Cartão Débito,Entregue,App
5173,2024-12-06,6,Helena da Conceição,F,26-35,Sul,Fantasia Enfermeira,Lingerie,169.2,2,30.0,Cartão Crédito,Devolvido,Site
5250,2023-11-22,176,Diogo Alves,M,46+,Sudeste,Fantasia Policial,Lingerie,103.95,2,0.0,Cartão Crédito,Entregue,Marketplace
3475,2024-05-17,455,Murilo Leão,M,26-35,Nordeste,Lingerie Cropped com Bojo,Lingerie,145.43,3,25.0,Cartão Crédito,Entregue,Marketplace
855,2023-10-26,64,Gabriela Silva,F,26-35,Sudeste,Vibrador Duplo Prazer,Vibradores,337.26,2,0.0,Boleto,Entregue,Marketplace
4738,2023-02-05,118,Dra. Alexia Rios,F,46+,Sudeste,Gel Excitante Masculino,Lubrificantes,32.81,2,0.0,Cartão Débito,Entregue,App
4098,2024-12-05,24,Giovanna Rios,F,26-35,Centro-Oeste,Gel Térmico Sensação Quente,Cosméticos Íntimos,97.05,2,0.0,Cartão Crédito,Entregue,Marketplace
2161,2023-06-11,280,Rebeca Barbosa,F,26-35,Norte,Fantasia Policial,Lingerie,146.2,2,20.0,Cartão Crédito,Entregue,Site
699,2023-03-07,47,João Felipe Vargas,M,18-25,Sul,Gel Excitante Masculino,Lubrificantes,45.47,1,0.0,Pix,Cancelado,App
5490,2024-11-26,573,Enrico da Mata,Não informado,26-35,Nordeste,Wand Massager Pro,Vibradores,351.42,2,0.0,Pix,Devolvido,Site
3000,2024-06-17,500,Paulo Oliveira,M,26-35,Nordeste,Lubrificante Íntimo Aquoso 250ml,Lubrificantes,80.01,1,15.0,Cartão Crédito,Entregue,Marketplace
3697,2023-02-26,676,Bruno da Cunha,M,26-35,Norte,Óleo de Massagem Relaxante,Lubrificantes,81.93,1,0.0,Pix,Devolvido,Site
1637,2023-06-25,140,Maria Sophia Alves,F,36-45,Sudeste,Lubrificante Íntimo Aquoso 100ml,Lubrificantes,42.27,2,0.0,Cartão Débito,Entregue,Marketplace
3458,2023-09-13,309,Ian Rocha,M,26-35,Sul,Vibrador Rabbit Premium,Vibradores,252.89,1,0.0,Pix,Entregue,Site
3582,2024-06-12,455,Murilo Leão,M,26-35,Nordeste,Fantasia Enfermeira,Lingerie,142.07,1,0.0,Boleto,Entregue,App
1292,2024-10-31,40,Thomas Monteiro,M,36-45,Sudeste,Fantasia Enfermeira,Lingerie,138.55,1,0.0,Boleto,Entregue,App
4660,2024-06-13,333,Daniela Monteiro,F,26-35,Norte,Dado do Prazer,Jogos Adultos,71.08,2,5.0,Cartão Crédito,Entregue,Site
1854,2024-04-24,465,Luana Fogaça,F,26-35,Nordeste,Corda de Shibari 5m,Acessórios BDSM,68.77,1,0.0,Cartão Crédito,Entregue,Site
5233,2023-06-15,317,Sr. Enrico Farias,Não informado,36-45,Nordeste,Lubrificante Íntimo Aquoso 250ml,Lubrificantes,71.91,1,0.0,Cartão Débito,Entregue,Site
3764,2024-01-17,94,Ryan Cassiano,M,36-45,Sudeste,Vibrador Rabbit Premium,Vibradores,204.96,1,0.0,Pix,Entregue,Site
3305,2023-09-04,69,Heloísa Pastor,F,26-35,Sudeste,Vibrador Duplo Prazer,Vibradores,449.41,1,0.0,Pix,Cancelado,Site
5452,2024-07-26,76,Renan da Cruz,M,26-35,Nordeste,Vibrador Rabbit Premium,Vibradores,121.75,1,0.0,Cartão Débito,Entregue,App
3744,2023-02-13,16,Sra. Zoe Campos,F,18-25,Sudeste,Perfume Íntimo Floral,Cosméticos Íntimos,64.85,2,0.0,Cartão Crédito,Entregue,App
3446,2024-10-04,279,Danilo Azevedo,M,26-35,Sul,Wand Massager Pro,Vibradores,92.95,2,0.0,Pix,Entregue,Site
1999,2023-02-08,17,Bruno Novaes,M,26-35,Sudeste,Chicote de Couro Soft,Acessórios BDSM,252.88,1,0.0,Cartão Crédito,Entregue,App
664,2024-10-27,75,Caroline Silveira,F,36-45,Sudeste,Fantasia Enfermeira,Lingerie,139.06,2,5.0,Cartão Crédito,Entregue,App
4780,2023-06-03,74,Raquel Cunha,F,46+,Sul,Lubrificante Base Silicone,Lubrificantes,86.59,3,0.0,Pix,Entregue,App
5354,2024-09-12,209,Maria Julia Fernandes,F,36-45,Sudeste,Dominó Erótico,Jogos Adultos,78.74,1,0.0,Cartão Crédito,Entregue,App
3749,2024-01-02,141,Lívia Viana,F,36-45,Sudeste,Camisola Sensual Preta,Lingerie,155.38,2,0.0,Pix,Cancelado,App
4414,2024-11-26,273,Sr. João Guilherme Aparecida,M,18-25,Nordeste,Fantasia Enfermeira,Lingerie,98.88,2,0.0,Pix,Entregue,Site
4745,2024-12-23,74,Raquel Cunha,F,46+,Sul,Gel Térmico Sensação Quente,Cosméticos Íntimos,36.1,1,0.0,Pix,Entregue,App
710,2023-03-16,302,João Pedro Macedo,M,26-35,Sul,Jogo Tabuleiro Casais,Jogos Adultos,121.28,1,0.0,Cartão Crédito,Entregue,Site
1283,2024-03-22,221,Ana Júlia Ferreira,F,26-35,Norte,Mini Vibrador Discreto,Vibradores,476.54,1,0.0,Pix,Entregue,Marketplace
5069,2024-11-29,583,Ravy Sampaio,M,18-25,Sudeste,Lubrificante Sabores Morango,Lubrificantes,77.27,1,10.0,Pix,Entregue,Marketplace
2676,2023-02-02,94,Ryan Cassiano,M,36-45,Sudeste,Lubrificante Base Silicone,Lubrificantes,70.65,1,0.0,Cartão Crédito,Entregue,Site
4030,2023-12-31,123,Giovanna Silva,F,36-45,Sudeste,Conjunto Lingerie Boudoir,Lingerie,73.75,3,0.0,Boleto,Entregue,Site
1307,2023-03-09,328,Ryan Campos,M,18-25,Sul,Spray Prolongador,Cosméticos Íntimos,145.0,2,30.0,Pix,Entregue,App
2238,2024-02-11,57,Maria Cecília das Neves,F,18-25,Centro-Oeste,Vibrador Rabbit Premium,Vibradores,167.91,1,0.0,Cartão Crédito,Entregue,Site
3303,2024-12-21,221,Ana Júlia Ferreira,F,26-35,Norte,Fantasia Enfermeira,Lingerie,67.76,4,0.0,Cartão Crédito,Entregue,Site
2039,2023-04-15,71,Dra. Ana Liz da Conceição,F,36-45,Sul,Camisola Sensual Preta,Lingerie,126.01,1,0.0,Pix,Entregue,Site
1530,2023-12-06,209,Maria Julia Fernandes,F,36-45,Sudeste,Vibrador Ponto G Flex,Vibradores,474.59,2,15.0,Pix,Entregue,App
1664,2023-11-01,187,Dr. Pedro Miguel Pimenta,M,26-35,Sudeste,Mordaça Silicone,Acessórios BDSM,83.76,3,0.0,Cartão Débito,Entregue,Site
5476,2023-02-28,144,Ravy Câmara,M,18-25,Sudeste,Gel Excitante Masculino,Lubrificantes,36.06,1,0.0,Pix,Entregue,Site
5497,2024-02-19,233,Sr. Breno Pastor,M,46+,Sudeste,Lubrificante Base Silicone,Lubrificantes,50.3,1,0.0,Pix,Entregue,Marketplace
3628,2023-10-09,499,Ana Vitória Dias,Não informado,46+,Sudeste,Vibrador Duplo Prazer,Vibradores,280.52,2,0.0,Boleto,Entregue,Site
5148,2024-08-27,544,Matteo Cardoso,M,26-35,Nordeste,Gel Excitante Feminino,Lubrificantes,62.21,2,0.0,Cartão Crédito,Entregue,App
4892,2023-02-26,16,Sra. Zoe Campos,F,18-25,Sudeste,Jogo Tabuleiro Casais,Jogos Adultos,90.03,2,5.0,Pix,Entregue,Site
2694,2023-09-17,170,Luna Martins,F,18-25,Sudeste,Cartas Posições Kamasutra,Jogos Adultos,75.05,2,0.0,Pix,Entregue,Site
3061,2023-07-18,98,Rhavi Montenegro,M,36-45,Sudeste,Dominó Erótico,Jogos Adultos,76.79,1,0.0,Cartão Crédito,Entregue,App
1598,2024-09-27,24,Giovanna Rios,F,26-35,Centro-Oeste,Gel Excitante Feminino,Lubrificantes,31.49,2,0.0,Cartão Crédito,Entregue,Site
2730,2024-07-04,180,Dr. Thales Guerra,M,36-45,Sudeste,Body Rendado Vermelho,Lingerie,157.59,1,0.0,Boleto,Entregue,Marketplace
2626,2023-11-28,683,Julia Rezende,F,36-45,Sudeste,Creme Retardante Masculino,Cosméticos Íntimos,139.78,4,15.0,Cartão Crédito,Entregue,App
3158,2024-10-27,19,Bernardo Aparecida,M,36-45,Sudeste,Vibrador Rabbit Premium,Vibradores,485.47,1,0.0,Cartão Débito,Entregue,Site
3315,2024-08-16,68,Benício Fernandes,M,36-45,Sudeste,Vibrador Rabbit Premium,Vibradores,346.93,1,0.0,Pix,Entregue,Marketplace
1723,2023-05-12,100,Anna Liz Cirino,F,18-25,Centro-Oeste,Meia-Calça Rendada,Lingerie,67.99,2,15.0,Pix,Entregue,Site
5280,2023-02-18,116,Emanuel Macedo,M,46+,Sudeste,Venda para Olhos Satin,Acessórios BDSM,194.09,1,10.0,Cartão Crédito,Entregue,Marketplace
1060,2024-08-25,264,Sra. Júlia das Neves,F,46+,Sul,Jogo de Cartas Sexo Quiz,Jogos Adultos,82.13,1,0.0,Pix,Entregue,App
4637,2023-10-28,110,Dr. Raul Dias,M,36-45,Nordeste,Mini Vibrador Discreto,Vibradores,282.0,2,30.0,Cartão Débito,Entregue,Site
3243,2023-01-31,210,Dra. Maria Luiza Silveira,F,26-35,Nordeste,Vibrador Rabbit Premium,Vibradores,459.98,2,0.0,Pix,Entregue,Site
1679,2023-02-10,53,Daniela Freitas,F,26-35,Sudeste,Lubrificante Sabores Baunilha,Lubrificantes,70.97,1,30.0,Pix,Entregue,App
1758,2023-10-14,182,Srta. Bianca Vasconcelos,F,26-35,Nordeste,Gel Excitante Feminino,Lubrificantes,36.18,1,0.0,Boleto,Devolvido,App
4192,2024-06-30,502,Nathan Almeida,M,36-45,Sudeste,Lubrificante Sabores Baunilha,Lubrificantes,43.96,1,0.0,Cartão Crédito,Entregue,App
5117,2023-10-14,166,Mateus Rocha,M,26-35,Sudeste,Lubrificante Íntimo Aquoso 250ml,Lubrificantes,40.85,1,0.0,Pix,Entregue,App
564,2024-02-04,5,Ana Beatriz Alves,F,18-25,Sul,Lubrificante Base Silicone,Lubrificantes,30.12,2,0.0,Pix,Cancelado,App
2791,2024-09-29,326,Ana Júlia Costela,F,18-25,Centro-Oeste,Lingerie Cropped com Bojo,Lingerie,146.92,1,10.0,Cartão Crédito,Entregue,Marketplace
864,2023-07-27,159,Zoe Rodrigues,F,46+,Sul,Fantasia Policial,Lingerie,107.08,1,0.0,Pix,Entregue,Site
1485,2024-03-16,108,Sra. Isabella da Luz,Não informado,36-45,Centro-Oeste,Fantasia Enfermeira,Lingerie,122.95,1,0.0,Boleto,Entregue,Site
5135,2024-03-17,682,Augusto Ramos,M,36-45,Sul,Vibrador Clássico Silicone,Vibradores,465.32,4,0.0,Cartão Crédito,Entregue,App
207,2024-11-15,30,Ana Laura da Conceição,F,18-25,Sudeste,Body Rendado Vermelho,Lingerie,95.66,1,0.0,Cartão Crédito,Entregue,Site
4489,2024-01-17,389,Sr. Calebe Pires,M,18-25,Sudeste,Camisola Sensual Preta,Lingerie,128.1,4,30.0,Pix,Entregue,Site
871,2024-07-02,129,Julia Castro,F,26-35,Sudeste,Kit Iniciante BDSM 5 Peças,Acessórios BDSM,106.86,1,25.0,Boleto,Entregue,Site
4494,2023-01-20,406,Sr. Ravy Alves,M,36-45,Sudeste,Kit Iniciante BDSM 5 Peças,Acessórios BDSM,50.41,3,0.0,Pix,Entregue,Site
503,2024-03-13,102,Nathan Campos,M,18-25,Sudeste,Lubrificante Sabores Baunilha,Lubrificantes,65.06,2,30.0,Boleto,Entregue,App
1029,2024-02-10,106,Vicente Dias,M,26-35,Sul,Gel Excitante Feminino,Lubrificantes,47.09,2,0.0,Pix,Entregue,Site
3841,2023-02-27,205,Otto Nascimento,M,26-35,Sul,Lubrificante Sabores Morango,Lubrificantes,39.53,2,0.0,Pix,Entregue,App
2691,2023-05-17,205,Otto Nascimento,M,26-35,Sul,Body Coelhinha Plus Size,Lingerie,175.47,1,0.0,Cartão Débito,Entregue,App
5057,2024-02-22,157,Gabriel da Cunha,M,18-25,Sudeste,Camisola Sensual Preta,Lingerie,99.03,1,0.0,Cartão Débito,Entregue,Marketplace
1571,2024-09-13,237,Mariane Ribeiro,F,18-25,Nordeste,Dominó Erótico,Jogos Adultos,42.62,1,25.0,Cartão Débito,Entregue,Site
2774,2024-01-17,168,Agatha da Rosa,F,26-35,Sul,Mini Vibrador Discreto,Vibradores,107.69,1,0.0,Cartão Crédito,Entregue,App
2732,2023-02-14,175,Leonardo Câmara,M,36-45,Sul,Massageador Corporal Wave,Vibradores,474.74,1,0.0,Pix,Cancelado,Site
805,2024-04-12,151,Lucas Alves,M,36-45,Sul,Spray Prolongador,Cosméticos Íntimos,98.38,1,0.0,Boleto,Entregue,Marketplace
3646,2024-01-09,47,João Felipe Vargas,M,18-25,Sul,Creme Retardante Masculino,Cosméticos Íntimos,120.86,1,10.0,Cartão Crédito,Entregue,Site
2455,2023-07-19,234,Dra. Isabelly Caldeira,F,36-45,Centro-Oeste,Lubrificante Base Silicone,Lubrificantes,32.43,3,15.0,Pix,Entregue,Marketplace
4599,2023-11-02,143,Cauê Garcia,M,18-25,Nordeste,Óleo de Massagem Relaxante,Lubrificantes,77.83,3,0.0,Cartão Crédito,Entregue,App
3105,2023-04-16,83,Evelyn Correia,F,26-35,Nordeste,Wand Massager Pro,Vibradores,346.85,1,0.0,Cartão Crédito,Entregue,Site
4876,2023-08-16,274,Yuri da Rocha,M,36-45,Sudeste,Body Coelhinha Plus Size,Lingerie,70.23,1,0.0,Pix,Entregue,App
201,2023-04-03,273,Sr. João Guilherme Aparecida,M,18-25,Nordeste,Lubrificante Sabores Baunilha,Lubrificantes,38.78,1,0.0,Cartão Crédito,Entregue,Site
3100,2024-02-08,155,Sra. Maya Pereira,F,26-35,Sul,Massageador Corporal Wave,Vibradores,289.67,3,0.0,Pix,Entregue,App
2279,2023-02-24,268,Rafaela da Mota,F,26-35,Norte,Creme Excitante Feminino,Cosméticos Íntimos,65.7,1,0.0,Cartão Crédito,Entregue,Site
3562,2024-04-17,435,Antony Cavalcanti,M,36-45,Nordeste,Lubrificante Base Silicone,Lubrificantes,67.64,1,0.0,Cartão Crédito,Entregue,Marketplace
4475,2023-12-28,293,Maria Luísa Machado,F,46+,Sudeste,Lubrificante Base Silicone,Lubrificantes,75.16,1,0.0,Pix,Entregue,Marketplace
4515,2023-02-09,216,Lunna Cunha,F,36-45,Sul,Lubrificante Base Silicone,Lubrificantes,40.09,4,0.0,Pix,Entregue,Site
392,2023-04-19,146,Heloísa Câmara,F,26-35,Nordeste,Vibrador Ponto G Flex,Vibradores,137.74,1,0.0,Cartão Crédito,Cancelado,Marketplace
5259,2023-05-04,148,Dr. Bernardo Vargas,Não informado,26-35,Norte,Conjunto Lingerie Boudoir,Lingerie,129.31,5,0.0,Cartão Crédito,Entregue,App
1496,2024-02-10,292,Ana Vitória Castro,F,36-45,Sul,Lubrificante Base Silicone,Lubrificantes,88.09,4,0.0,Boleto,Cancelado,Site
2696,2024-08-30,198,Srta. Hadassa Azevedo,F,26-35,Nordeste,Cartas Posições Kamasutra,Jogos Adultos,71.55,2,0.0,Boleto,Entregue,Site
2028,2024-05-23,733,Srta. Maria Vitória Pacheco,F,36-45,Norte,Lubrificante Íntimo Aquoso 100ml,Lubrificantes,48.83,3,0.0,Cartão Crédito,Entregue,Marketplace
5249,2024-05-27,167,Srta. Liz Guerra,F,18-25,Sul,Meia-Calça Rendada,Lingerie,134.99,1,0.0,Boleto,Cancelado,Site
2569,2023-12-01,414,Mirella Freitas,F,18-25,Sul,Gel Excitante Masculino,Lubrificantes,69.12,1,0.0,Cartão Débito,Entregue,App
65,2024-12-02,91,Bento Cavalcante,M,26-35,Sul,Dado do Prazer,Jogos Adultos,66.94,2,15.0,Pix,Entregue,App
3885,2023-08-21,523,Luana Martins,F,36-45,Nordeste,Kit Roleplay Surpresa,Jogos Adultos,91.24,2,0.0,Cartão Crédito,Entregue,Site
2063,2023-05-31,417,Sr. Samuel Pimenta,M,36-45,Sul,Gel Excitante Feminino,Lubrificantes,34.77,1,30.0,Cartão Crédito,Entregue,App
5277,2024-03-03,51,Thiago Caldeira,Não informado,36-45,Sul,Gel Excitante Masculino,Lubrificantes,40.92,2,5.0,Cartão Crédito,Entregue,Site
493,2024-12-04,90,Rafaela Cunha,Não informado,36-45,Sudeste,Lubrificante Sabores Baunilha,Lubrificantes,61.19,1,0.0,Pix,Entregue,Marketplace
380,2024-08-22,92,Alexandre Gomes,M,18-25,Sudeste,Creme Retardante Masculino,Cosméticos Íntimos,95.39,2,0.0,Pix,Entregue,App
4860,2024-01-05,525,Laura Barbosa,F,36-45,Sudeste,Jogo de Cartas Sexo Quiz,Jogos Adultos,54.34,1,0.0,Pix,Entregue,Site
3994,2024-10-09,15,Julia Aparecida,F,26-35,Sudeste,Lubrificante Sabores Morango,Lubrificantes,55.62,1,0.0,Cartão Crédito,Entregue,Site
4888,2024-01-30,304,Nathan da Mata,M,26-35,Centro-Oeste,Vibrador Rabbit Premium,Vibradores,481.55,1,0.0,Cartão Crédito,Entregue,Site
1077,2023-05-21,133,Clara Lopes,F,26-35,Sul,Dado do Prazer,Jogos Adultos,81.94,1,5.0,Cartão Crédito,Devolvido,Site
879,2023-06-22,8,Yago Leão,M,26-35,Sudeste,Creme Retardante Masculino,Cosméticos Íntimos,35.44,1,0.0,Boleto,Entregue,Marketplace
338,2023-06-22,320,Luara da Cunha,F,26-35,Nordeste,Spray Prolongador,Cosméticos Íntimos,57.93,3,0.0,Pix,Entregue,Site
1017,2024-05-05,56,Rebeca Almeida,F,26-35,Sul,Gel Excitante Masculino,Lubrificantes,85.22,1,10.0,Cartão Crédito,Entregue,Site
1276,2024-03-22,31,Luara Guerra,F,36-45,Nordeste,Jogo Tabuleiro Casais,Jogos Adultos,77.89,1,0.0,Cartão Crédito,Cancelado,Site
3799,2023-05-16,53,Daniela Freitas,F,26-35,Sudeste,Dominó Erótico,Jogos Adultos,74.18,2,0.0,Cartão Crédito,Entregue,Site
4552,2023-12-08,6,Helena da Conceição,F,26-35,Sul,Dominó Erótico,Jogos Adultos,52.39,1,0.0,Pix,Entregue,App
3343,2023-10-02,267,Dra. Ester Correia,F,36-45,Sudeste,Body Coelhinha Plus Size,Lingerie,197.35,3,0.0,Cartão Crédito,Entregue,App
4912,2024-07-17,218,Lara Sá,F,46+,Sul,Mini Vibrador Discreto,Vibradores,497.28,3,0.0,Cartão Crédito,Entregue,Site
996,2023-09-30,27,Elisa Martins,F,26-35,Sul,Óleo de Massagem Relaxante,Lubrificantes,65.62,1,0.0,Pix,Entregue,Site
1982,2023-05-07,413,Zoe Carvalho,F,26-35,Sudeste,Dominó Erótico,Jogos Adultos,59.5,2,0.0,Pix,Devolvido,Site
4298,2023-02-25,46,Dra. Bruna Rodrigues,F,18-25,Nordeste,Chicote de Couro Soft,Acessórios BDSM,183.58,2,20.0,Pix,Entregue,Marketplace
162,2023-11-30,267,Dra. Ester Correia,F,36-45,Sudeste,Dado do Prazer,Jogos Adultos,89.27,1,0.0,,Entregue,Site
4799,2023-05-26,37,Zoe da Luz,F,46+,Centro-Oeste,Gel Térmico Sensação Quente,Cosméticos Íntimos,47.4,1,0.0,Cartão Crédito,Entregue,Marketplace
1501,2024-11-20,198,Srta. Hadassa Azevedo,F,26-35,Nordeste,Lubrificante Íntimo Aquoso 250ml,Lubrificantes,61.91,2,0.0,Pix,Entregue,Site
3844,2024-02-21,144,Ravy Câmara,M,18-25,Sudeste,Óleo de Massagem Relaxante,Lubrificantes,35.72,1,0.0,Boleto,Entregue,Site
5226,2023-05-01,17,Bruno Novaes,M,26-35,Sudeste,Kit Roleplay Surpresa,Jogos Adultos,124.9,2,0.0,Pix,Entregue,App
2614,2023-02-10,351,Sr. Thales Andrade,M,36-45,Sul,Lubrificante Base Silicone,Lubrificantes,60.84,2,15.0,Pix,Entregue,Site
3462,2023-04-09,48,Sra. Brenda da Rocha,F,26-35,Centro-Oeste,Body Coelhinha Plus Size,Lingerie,143.0,1,25.0,Cartão Crédito,Entregue,Marketplace
1022,2023-08-04,98,Rhavi Montenegro,M,36-45,Sudeste,Wand Massager Pro,Vibradores,105.26,2,10.0,Cartão Crédito,Devolvido,Marketplace
3074,2024-06-11,88,Sr. Caleb Sá,M,26-35,Sudeste,Lubrificante Íntimo Aquoso 250ml,Lubrificantes,77.03,3,0.0,Cartão Crédito,Entregue,App
3944,2023-05-06,137,Luiz Gustavo Vasconcelos,M,26-35,Nordeste,Venda para Olhos Satin,Acessórios BDSM,271.9,2,0.0,Cartão Débito,Entregue,App
1586,2024-04-08,41,Benicio Camargo,M,26-35,Nordeste,Lubrificante Base Silicone,Lubrificantes,57.12,1,0.0,Pix,Entregue,Site
1956,2023-02-26,609,Erick Vasconcelos,M,18-25,Centro-Oeste,Lubrificante Sabores Baunilha,Lubrificantes,57.06,1,0.0,Cartão Crédito,Entregue,App
3153,2023-04-29,321,Danilo Vargas,M,26-35,Nordeste,Body Coelhinha Plus Size,Lingerie,73.71,5,0.0,Cartão Débito,Entregue,Site
35,2023-11-22,687,Rafaela da Cruz,F,46+,Sul,Gel Excitante Feminino,Lubrificantes,38.07,2,0.0,Pix,Entregue,Site
4015,2024-05-15,273,Sr. João Guilherme Aparecida,M,18-25,Nordeste,Wand Massager Pro,Vibradores,341.76,3,25.0,Pix,Entregue,Site
776,2023-03-23,46,Dra. Bruna Rodrigues,F,18-25,Nordeste,Gel Excitante Masculino,Lubrificantes,41.76,3,20.0,Pix,Entregue,Site
2557,2023-04-16,200,Nina Leão,F,18-25,Centro-Oeste,Jogo de Cartas Sexo Quiz,Jogos Adultos,44.93,1,0.0,Cartão Crédito,Entregue,Site
1479,2024-03-31,407,Lunna Pimenta,F,18-25,Sul,Massageador Corporal Wave,Vibradores,150.5,3,25.0,Pix,Entregue,Site
5487,2024-04-28,71,Dra. Ana Liz da Conceição,F,36-45,Sul,Spray Prolongador,Cosméticos Íntimos,120.57,2,25.0,Pix,Entregue,App
1364,2024-10-07,266,Sr. Levi Campos,M,26-35,Centro-Oeste,Fantasia Enfermeira,Lingerie,134.68,1,0.0,Pix,Entregue,Site
2613,2023-05-07,79,Maria Lima,F,18-25,Centro-Oeste,Kit Algemas Veludo,Acessórios BDSM,194.23,2,25.0,Pix,Entregue,App
2825,2023-04-05,107,Gabrielly Rios,F,46+,Nordeste,Fantasia Enfermeira,Lingerie,183.41,5,0.0,Boleto,Entregue,Site
2042,2024-07-16,222,Ana Lívia Vasconcelos,F,36-45,Sul,Chicote de Couro Soft,Acessórios BDSM,164.05,2,10.0,Cartão Crédito,Entregue,Marketplace
242,2023-11-16,656,Eduarda Silva,F,26-35,Nordeste,Mordaça Silicone,Acessórios BDSM,272.93,1,0.0,Pix,Entregue,Site
2062,2024-10-16,195,Lucas Gabriel Dias,M,18-25,Centro-Oeste,Vibrador Ponto G Flex,Vibradores,204.1,3,0.0,Cartão Débito,Entregue,App
2364,2024-09-08,181,Diogo Rezende,M,46+,Sudeste,Conjunto Lingerie Boudoir,Lingerie,140.88,2,0.0,Pix,Entregue,Marketplace
601,2024-04-21,52,Sra. Sofia Pereira,F,18-25,Sudeste,Vibrador Clássico Silicone,Vibradores,466.06,4,10.0,Pix,Entregue,Site
2436,2024-06-15,136,Isadora Rios,F,18-25,Sul,Body Rendado Vermelho,Lingerie,164.59,1,10.0,Pix,Entregue,App
5394,2023-02-06,235,Dr. Dante Vieira,M,18-25,Sudeste,Lubrificante Íntimo Aquoso 100ml,Lubrificantes,86.33,2,0.0,Boleto,Entregue,App
2889,2024-06-11,422,Dr. Bento Gonçalves,M,26-35,Nordeste,Vibrador Rabbit Premium,Vibradores,490.54,1,0.0,Pix,Entregue,Site
647,2024-12-23,242,Maya Cavalcanti,F,46+,Norte,Conjunto Lingerie Boudoir,Lingerie,85.81,3,0.0,Cartão Crédito,Cancelado,App
3891,2024-02-21,362,Dra. Laura da Conceição,F,26-35,Sudeste,Meia-Calça Rendada,Lingerie,136.51,1,0.0,Cartão Crédito,Entregue,Site
3557,2024-05-26,89,Enzo Jesus,M,36-45,Sul,Body Coelhinha Plus Size,Lingerie,79.51,1,25.0,Cartão Crédito,Entregue,Marketplace
3203,2024-11-26,60,Sra. Ana Lívia Teixeira,F,26-35,Sul,Jogo de Cartas Sexo Quiz,Jogos Adultos,46.34,3,5.0,Pix,Entregue,App
1529,2023-08-16,413,Zoe Carvalho,F,26-35,Sudeste,Lubrificante Íntimo Aquoso 100ml,Lubrificantes,47.58,1,0.0,Cartão Crédito,Devolvido,App
1268,2024-01-21,178,Brayan Marques,M,26-35,Sudeste,Corda de Shibari 5m,Acessórios BDSM,232.12,2,20.0,Cartão Crédito,Entregue,Site
1900,2023-12-11,393,Lunna Souza,F,26-35,Nordeste,Dado do Prazer,Jogos Adultos,59.76,1,0.0,Pix,Entregue,Site
4659,2024-07-06,59,Bruno Barros,M,18-25,Sudeste,Lubrificante Íntimo Aquoso 100ml,Lubrificantes,68.24,1,0.0,Cartão Débito,Entregue,Marketplace
3006,2023-01-13,448,Kamilly Pinto,F,36-45,Sul,Body Rendado Vermelho,Lingerie,136.41,1,0.0,Pix,Entregue,Site
2735,2023-11-29,630,Mariane Cavalcante,F,36-45,Sudeste,Lubrificante Sabores Baunilha,Lubrificantes,55.64,1,0.0,Cartão Crédito,Entregue,Site
190,2024-11-04,77,Maria Luísa Correia,F,46+,Sudeste,Fantasia Enfermeira,Lingerie,66.77,1,5.0,Cartão Débito,Entregue,Site
1807,2024-04-16,287,Lorena Nunes,F,36-45,Centro-Oeste,Lubrificante Íntimo Aquoso 100ml,Lubrificantes,54.6,3,0.0,Pix,Entregue,Site
976,2024-06-02,84,Melissa Carvalho,F,26-35,Nordeste,Meia-Calça Rendada,Lingerie,98.36,2,25.0,Cartão Crédito,Entregue,App
2748,2024-06-28,45,Yuri Albuquerque,M,46+,Sudeste,Fantasia Policial,Lingerie,111.91,2,0.0,Cartão Crédito,Entregue,Site
2048,2024-10-10,323,Dra. Nicole Jesus,F,46+,Sul,Vibrador Rabbit Premium,Vibradores,315.92,1,10.0,Pix,Entregue,App
2559,2024-08-17,23,Elisa Freitas,F,18-25,Sudeste,Body Rendado Vermelho,Lingerie,101.02,1,0.0,Boleto,Entregue,App
1083,2023-10-30,148,Dr. Bernardo Vargas,Não informado,26-35,Norte,Body Coelhinha Plus Size,Lingerie,146.51,1,30.0,Pix,Entregue,Marketplace
475,2024-05-17,203,Maria Helena Mendes,F,36-45,Sudeste,Conjunto Lingerie Boudoir,Lingerie,100.21,3,0.0,Cartão Crédito,Entregue,Site
2905,2023-09-24,200,Nina Leão,F,18-25,Centro-Oeste,Gel Excitante Feminino,Lubrificantes,34.45,1,0.0,Cartão Crédito,Entregue,Site
4844,2024-02-22,13,Cauã Borges,M,36-45,Nordeste,Wand Massager Pro,Vibradores,266.05,2,10.0,Cartão Débito,Entregue,Marketplace
4118,2024-06-13,143,Cauê Garcia,M,18-25,Nordeste,Lubrificante Íntimo Aquoso 250ml,Lubrificantes,52.86,1,0.0,Boleto,Entregue,Marketplace
3386,2023-08-14,512,Dra. Clara da Costa,F,36-45,Sul,Lubrificante Base Silicone,Lubrificantes,35.66,1,0.0,Cartão Crédito,Entregue,Marketplace
4556,2023-12-01,224,Alícia Pinto,F,26-35,Nordeste,Jogo de Cartas Sexo Quiz,Jogos Adultos,88.63,2,0.0,Cartão Crédito,Entregue,Site
1185,2024-03-03,31,Luara Guerra,F,36-45,Nordeste,Meia-Calça Rendada,Lingerie,163.1,3,0.0,Boleto,Entregue,Marketplace
5052,2023-06-05,415,Dra. Ágatha Leão,F,26-35,Sudeste,Vibrador Clássico Silicone,Vibradores,301.69,1,0.0,Pix,Entregue,App
5312,2024-02-22,255,Samuel Novais,M,26-35,Sul,Dominó Erótico,Jogos Adultos,94.85,3,0.0,Pix,Cancelado,App
2434,2023-06-21,94,Ryan Cassiano,M,36-45,Sudeste,Óleo de Massagem Relaxante,Lubrificantes,42.19,2,0.0,Cartão Débito,Entregue,Marketplace
2392,2023-12-04,51,Thiago Caldeira,Não informado,36-45,Sul,Mordaça Silicone,Acessórios BDSM,237.79,1,0.0,Cartão Débito,Entregue,Site
770,2023-04-09,434,Isaac Pastor,M,36-45,Nordeste,Lubrificante Base Silicone,Lubrificantes,53.89,1,0.0,Cartão Crédito,Cancelado,App
1686,2023-10-07,487,Pedro Camargo,M,18-25,Sudeste,Óleo de Massagem Relaxante,Lubrificantes,73.48,4,0.0,Cartão Crédito,Cancelado,App
131,2024-10-03,148,Dr. Bernardo Vargas,Não informado,26-35,Norte,Vibrador Clássico Silicone,Vibradores,438.23,2,25.0,Pix,Entregue,Marketplace
2920,2023-10-04,100,Anna Liz Cirino,F,18-25,Centro-Oeste,Camisola Sensual Preta,Lingerie,93.25,3,0.0,Pix,Entregue,App
3172,2023-06-26,84,Melissa Carvalho,F,26-35,Nordeste,Lubrificante Íntimo Aquoso 250ml,Lubrificantes,35.32,1,0.0,Boleto,Entregue,Marketplace
3445,2024-04-04,733,Srta. Maria Vitória Pacheco,F,36-45,Norte,Body Coelhinha Plus Size,Lingerie,80.94,2,0.0,Pix,Entregue,Site
4427,2023-06-05,75,Caroline Silveira,F,36-45,Sudeste,Massageador Corporal Wave,Vibradores,449.46,3,0.0,Boleto,Entregue,Site
5335,2024-05-12,689,Ana Liz Castro,F,26-35,Sul,Lubrificante Íntimo Aquoso 250ml,Lubrificantes,31.58,1,25.0,Boleto,Cancelado,Marketplace
467,2023-03-29,93,Mirella da Paz,F,26-35,Sudeste,Wand Massager Pro,Vibradores,476.09,1,0.0,Boleto,Entregue,Site
3093,2024-03-28,140,Maria Sophia Alves,F,36-45,Sudeste,Fantasia Policial,Lingerie,196.71,1,0.0,Cartão Crédito,Entregue,App
3773,2024-04-09,116,Emanuel Macedo,M,46+,Sudeste,Body Coelhinha Plus Size,Lingerie,129.16,1,0.0,Cartão Débito,Entregue,Site
5192,2024-02-09,317,Sr. Enrico Farias,Não informado,36-45,Nordeste,Kit Iniciante BDSM 5 Peças,Acessórios BDSM,74.07,2,0.0,Cartão Crédito,Devolvido,App
5227,2024-06-25,235,Dr. Dante Vieira,M,18-25,Sudeste,Lingerie Cropped com Bojo,Lingerie,178.1,3,5.0,Cartão Crédito,Entregue,Site
5391,2024-08-27,42,Eduarda Vieira,F,18-25,Sudeste,Vibrador Duplo Prazer,Vibradores,193.94,1,0.0,Pix,Entregue,Site
861,2024-02-27,384,Sra. Kamilly Albuquerque,F,18-25,Sul,Fantasia Enfermeira,Lingerie,110.1,2,0.0,Cartão Débito,Entregue,App
