ID_Transacao,Data_Venda,ID_Cliente,Nome_Cliente,Genero_Cliente,Faixa_Etaria,Regiao,Nome_Produto,Categoria_Produto,Valor_Unitario,Quantidade,Desconto_Pct,Metodo_Pagamento,Status_Pedido,Canal_Venda,Valor_Total,Ano,Mes,AnoMes,DiaSemana
1920,2023-02-10,146,Heloísa Câmara,F,26-35,Nordeste,Body Rendado Vermelho,Lingerie,60.51,2,0.0,Cartão Crédito,Entregue,App,121.02,2023,2,2023-02,Friday
5216,2024-12-05,251,Joana Fernandes,F,46+,Sudeste,Óleo de Massagem Relaxante,Lubrificantes,38.73,1,0.0,Cartão Crédito,Devolvido,Site,38.73,2024,12,2024-12,Thursday
4252,2024-10-11,18,Maria Cecília Oliveira,F,26-35,Centro-Oeste,Gel Excitante Masculino,Lubrificantes,67.32,1,0.0,Cartão Crédito,Entregue,Site,67.32,2024,10,2024-10,Friday
231,2023-12-04,404,Julia Pacheco,F,18-25,Sul,Body Coelhinha Plus Size,Lingerie,145.59,1,30.0,Cartão Crédito,Entregue,App,101.91,2023,12,2023-12,Monday
3361,2024-04-18,406,Sr. Ravy Alves,M,36-45,Sudeste,Kit Algemas Veludo,Acessórios BDSM,130.39,2,10.0,Cartão Crédito,Entregue,Site,234.7,2024,4,2024-04,Thursday
5024,2024-03-22,332,Bruna Martins,F,46+,Sudeste,Lubrificante Sabores Baunilha,Lubrificantes,61.25,2,0.0,Pix,Entregue,App,122.5,2024,3,2024-03,Friday
1085,2023-04-22,634,Ana Vitória Rios,F,26-35,Nordeste,Vibrador Clássico Silicone,Vibradores,152.93,1,0.0,Boleto,Entregue,App,152.93,2023,4,2023-04,Saturday
1965,2024-02-15,228,Maria Eduarda Cavalcante,F,18-25,Sudeste,Lingerie Cropped com Bojo,Lingerie,189.21,1,0.0,Pix,Entregue,Site,189.21,2024,2,2024-02,Thursday
4467,2023-04-24,40,Thomas Monteiro,M,36-45,Sudeste,Lubrificante Sabores Morango,Lubrificantes,72.84,2,0.0,Cartão Crédito,Entregue,Site,145.68,2023,4,2023-04,Monday
382,2024-11-06,314,Maya Porto,F,36-45,Sul,Fantasia Enfermeira,Lingerie,143.09,1,30.0,Cartão Crédito,Entregue,Marketplace,100.16,2024,11,2024-11,Wednesday
3575,2024-10-25,528,Gabriel Duarte,M,18-25,Sudeste,Massageador Corporal Wave,Vibradores,118.23,3,0.0,Cartão Débito,Devolvido,Site,354.69,2024,10,2024-10,Friday
3221,2023-02-26,196,Anna Liz Carvalho,F,26-35,Sul,Lubrificante Íntimo Aquoso 100ml,Lubrificantes,71.73,1,15.0,Cartão Crédito,Entregue,Marketplace,60.97,2023,2,2023-02,Sunday
5145,2023-02-26,143,Cauê Garcia,M,18-25,Nordeste,Kit Algemas Veludo,Acessórios BDSM,282.84,1,0.0,Cartão Crédito,Entregue,Site,282.84,2023,2,2023-02,Sunday
2196,2023-01-13,162,Davi Silveira,M,36-45,Norte,Lubrificante Sabores Baunilha,Lubrificantes,32.51,1,0.0,Pix,Entregue,Site,32.51,2023,1,2023-01,Friday
656,2023-06-16,38,Dra. Mariane Pacheco,F,26-35,Sudeste,Gel Excitante Masculino,Lubrificantes,30.84,1,0.0,Cartão Crédito,Entregue,Site,30.84,2023,6,2023-06,Friday
2537,2024-05-05,351,Sr. Thales Andrade,M,36-45,Sul,Vibrador Clássico Silicone,Vibradores,167.45,3,0.0,Boleto,Entregue,App,502.35,2024,5,2024-05,Sunday
374,2024-12-10,303,Ravi Lucca Sales,M,36-45,Sudeste,Vibrador Ponto G Flex,Vibradores,380.37,2,0.0,Pix,Entregue,Site,760.74,2024,12,2024-12,Tuesday
2796,2023-07-01,242,Maya Cavalcanti,F,46+,Norte,Lubrificante Base Silicone,Lubrificantes,44.56,1,20.0,Pix,Entregue,Site,35.65,2023,7,2023-07,Saturday
1922,2023-06-03,1,Sr. Apollo Sousa,M,18-25,Sudeste,Vibrador Duplo Prazer,Vibradores,297.84,3,0.0,Pix,Entregue,Marketplace,893.52,2023,6,2023-06,Saturday
3636,2023-12-15,181,Diogo Rezende,M,46+,Sudeste,Lubrificante Sabores Morango,Lubrificantes,33.45,2,0.0,Boleto,Entregue,Site,66.9,2023,12,2023-12,Friday
4786,2024-06-19,130,Sra. Mariane Novais,F,46+,Nordeste,Fantasia Policial,Lingerie,141.57,1,20.0,Pix,Entregue,Site,113.26,2024,6,2024-06,Wednesday
577,2023-06-04,45,Yuri Albuquerque,M,46+,Sudeste,Camisola Sensual Preta,Lingerie,155.02,1,0.0,Pix,Entregue,Site,155.02,2023,6,2023-06,Sunday
3291,2024-06-14,20,Sr. João Vitor Barros,M,18-25,Sudeste,Kit Algemas Veludo,Acessórios BDSM,215.25,1,15.0,Pix,Entregue,App,182.96,2024,6,2024-06,Friday
2866,2023-04-25,233,Sr. Breno Pastor,M,46+,Sudeste,Fantasia Enfermeira,Lingerie,134.2,2,0.0,Pix,Entregue,Marketplace,268.4,2023,4,2023-04,Tuesday
1256,2023-06-18,154,Maya Ferreira,F,18-25,Sudeste,Body Coelhinha Plus Size,Lingerie,162.86,3,0.0,Pix,Entregue,App,488.58,2023,6,2023-06,Sunday
24,2023-04-29,126,Ana Júlia Borges,F,36-45,Sudeste,Fantasia Enfermeira,Lingerie,153.15,2,0.0,Pix,Entregue,Site,306.3,2023,4,2023-04,Saturday
1104,2023-04-22,597,Maria da Costa,F,26-35,Sul,Camisola Sensual Preta,Lingerie,176.16,1,10.0,Cartão Crédito,Entregue,Site,158.54,2023,4,2023-04,Saturday
830,2023-05-08,164,Dr. Luan Guerra,M,26-35,Sudeste,Mini Vibrador Discreto,Vibradores,386.95,1,5.0,Cartão Débito,Entregue,Site,367.6,2023,5,2023-05,Monday
5122,2023-10-17,591,Mariah Porto,F,36-45,Sudeste,Lubrificante Íntimo Aquoso 250ml,Lubrificantes,87.6,1,15.0,Boleto,Entregue,Site,74.46,2023,10,2023-10,Tuesday
4029,2024-06-04,349,Augusto Dias,M,26-35,Sudeste,Cartas Posições Kamasutra,Jogos Adultos,81.93,1,15.0,Boleto,Entregue,App,69.64,2024,6,2024-06,Tuesday
2603,2023-03-08,358,Sra. Anna Liz Farias,F,36-45,Sudeste,Lubrificante Íntimo Aquoso 100ml,Lubrificantes,74.27,1,0.0,Cartão Débito,Entregue,Marketplace,74.27,2023,3,2023-03,Wednesday
4461,2024-11-30,141,Lívia Viana,F,36-45,Sudeste,Camisola Sensual Preta,Lingerie,143.07,1,0.0,Cartão Crédito,Entregue,Site,143.07,2024,11,2024-11,Saturday
3140,2024-10-25,20,Sr. João Vitor Barros,M,18-25,Sudeste,Chicote de Couro Soft,Acessórios BDSM,185.94,1,0.0,Pix,Entregue,App,185.94,2024,10,2024-10,Friday
4582,2023-10-18,100,Anna Liz Cirino,F,18-25,Centro-Oeste,Lubrificante Íntimo Aquoso 250ml,Lubrificantes,72.63,2,0.0,Cartão Crédito,Entregue,Site,145.26,2023,10,2023-10,Wednesday
3701,2024-04-30,253,Stella Correia,F,26-35,Sudeste,Kit Algemas Veludo,Acessórios BDSM,115.01,3,0.0,Cartão Crédito,Entregue,Site,345.03,2024,4,2024-04,Tuesday
320,2024-01-20,80,Nina Siqueira,F,26-35,Sul,Gel Excitante Masculino,Lubrificantes,54.77,2,10.0,Pix,Entregue,Site,98.59,2024,1,2024-01,Saturday
3200,2024-02-29,137,Luiz Gustavo Vasconcelos,M,26-35,Nordeste,Mordaça Silicone,Acessórios BDSM,115.66,1,0.0,Cartão Crédito,Devolvido,App,115.66,2024,2,2024-02,Thursday
2226,2023-02-26,172,Sophia Melo,F,36-45,Nordeste,Lubrificante Íntimo Aquoso 250ml,Lubrificantes,54.82,3,0.0,Cartão Crédito,Entregue,Marketplace,164.46,2023,2,2023-02,Sunday
4891,2023-06-28,105,Mariah Ribeiro,F,18-25,Nordeste,Creme Excitante Feminino,Cosméticos Íntimos,149.42,1,30.0,Pix,Devolvido,App,104.59,2023,6,2023-06,Wednesday
1544,2024-07-03,82,Lucca Caldeira,M,26-35,Nordeste,Gel Excitante Masculino,Lubrificantes,81.87,1,5.0,Cartão Débito,Entregue,Site,77.78,2024,7,2024-07,Wednesday
2116,2024-12-23,46,Dra. Bruna Rodrigues,F,18-25,Nordeste,Vibrador Rabbit Premium,Vibradores,391.01,1,5.0,Pix,Entregue,Site,371.46,2024,12,2024-12,Monday
5313,2023-12-06,596,Lavínia Lima,F,36-45,Sudeste,Creme Retardante Masculino,Cosméticos Íntimos,146.47,1,15.0,Cartão Crédito,Entregue,Marketplace,124.5,2023,12,2023-12,Wednesday
1601,2023-05-24,60,Sra. Ana Lívia Teixeira,F,26-35,Sul,Camisola Sensual Preta,Lingerie,112.31,2,10.0,Cartão Débito,Entregue,Site,202.16,2023,5,2023-05,Wednesday
423,2024-12-25,27,Elisa Martins,F,26-35,Sul,Conjunto Lingerie Boudoir,Lingerie,86.84,2,0.0,Pix,Entregue,Site,173.68,2024,12,2024-12,Wednesday
3711,2024-07-16,3,Cauã Rocha,M,18-25,Sudeste,Lubrificante Base Silicone,Lubrificantes,78.09,1,0.0,Cartão Débito,Entregue,Marketplace,78.09,2024,7,2024-07,Tuesday
1102,2023-02-13,697,Rael da Cruz,M,26-35,Nordeste,Mordaça Silicone,Acessórios BDSM,218.84,1,0.0,Pix,Devolvido,Marketplace,218.84,2023,2,2023-02,Monday
4145,2024-11-29,579,Bruno Freitas,M,18-25,Centro-Oeste,Lubrificante Base Silicone,Lubrificantes,43.97,2,0.0,Cartão Crédito,Entregue,Site,87.94,2024,11,2024-11,Friday
3594,2023-12-27,233,Sr. Breno Pastor,M,46+,Sudeste,Fantasia Policial,Lingerie,178.69,1,0.0,Cartão Crédito,Entregue,Site,178.69,2023,12,2023-12,Wednesday
2585,2023-06-08,237,Mariane Ribeiro,F,18-25,Nordeste,Lubrificante Base Silicone,Lubrificantes,56.51,1,0.0,Pix,Entregue,Site,56.51,2023,6,2023-06,Thursday
4820,2024-08-15,62,Sra. Eloah da Luz,F,26-35,Sudeste,Conjunto Lingerie Boudoir,Lingerie,177.11,1,15.0,Boleto,Entregue,Marketplace,150.54,2024,8,2024-08,Thursday
5479,2024-10-04,375,Anthony Martins,M,36-45,Sul,Corda de Shibari 5m,Acessórios BDSM,117.28,1,0.0,Cartão Crédito,Entregue,App,117.28,2024,10,2024-10,Friday
2147,2023-06-07,168,Agatha da Rosa,F,26-35,Sul,Lubrificante Íntimo Aquoso 250ml,Lubrificantes,45.97,2,0.0,Cartão Crédito,Entregue,Site,91.94,2023,6,2023-06,Wednesday
2095,2023-03-18,94,Ryan Cassiano,M,36-45,Sudeste,Vibrador Ponto G Flex,Vibradores,463.32,1,0.0,Pix,Entregue,Site,463.32,2023,3,2023-03,Saturday
4579,2023-07-14,719,Maria Júlia Freitas,F,26-35,Sul,Dado do Prazer,Jogos Adultos,107.73,1,0.0,Cartão Crédito,Entregue,App,107.73,2023,7,2023-07,Friday
3766,2023-05-10,99,Emanuel Araújo,M,26-35,Sudeste,Meia-Calça Rendada,Lingerie,115.83,4,0.0,Cartão Crédito,Devolvido,Marketplace,463.32,2023,5,2023-05,Wednesday
298,2024-05-31,68,Benício Fernandes,M,36-45,Sudeste,Meia-Calça Rendada,Lingerie,173.26,2,0.0,Cartão Crédito,Entregue,App,346.52,2024,5,2024-05,Friday
1236,2023-03-06,126,Ana Júlia Borges,F,36-45,Sudeste,Wand Massager Pro,Vibradores,136.21,3,10.0,Pix,Entregue,App,367.77,2023,3,2023-03,Monday
1893,2023-07-18,410,Danilo Carvalho,M,26-35,Centro-Oeste,Gel Excitante Feminino,Lubrificantes,83.21,4,0.0,Cartão Crédito,Entregue,App,332.84,2023,7,2023-07,Tuesday
3996,2023-06-28,159,Zoe Rodrigues,F,46+,Sul,Vibrador Ponto G Flex,Vibradores,177.2,1,0.0,Cartão Crédito,Entregue,Site,177.2,2023,6,2023-06,Wednesday
904,2023-12-28,235,Dr. Dante Vieira,M,18-25,Sudeste,Lubrificante Sabores Baunilha,Lubrificantes,57.53,1,20.0,Pix,Entregue,Site,46.02,2023,12,2023-12,Thursday
280,2024-10-09,405,Marcelo Caldeira,M,26-35,Nordeste,Vibrador Clássico Silicone,Vibradores,169.07,2,0.0,Cartão Crédito,Entregue,App,338.14,2024,10,2024-10,Wednesday
5244,2023-12-29,563,Sra. Isabel Nascimento,Não informado,26-35,Nordeste,Gel Excitante Feminino,Lubrificantes,86.38,2,0.0,Pix,Entregue,App,172.76,2023,12,2023-12,Friday
4640,2023-08-05,423,Esther Campos,F,18-25,Sudeste,Lubrificante Íntimo Aquoso 250ml,Lubrificantes,58.63,2,15.0,Boleto,Entregue,Site,99.67,2023,8,2023-08,Saturday
5207,2024-05-26,412,Danilo Brito,M,36-45,Sudeste,Vibrador Duplo Prazer,Vibradores,332.68,1,0.0,Cartão Crédito,Entregue,Site,332.68,2024,5,2024-05,Sunday
3616,2024-11-11,26,Srta. Yasmin Siqueira,F,46+,Sul,Lubrificante Sabores Morango,Lubrificantes,54.01,1,0.0,Pix,Entregue,App,54.01,2024,11,2024-11,Monday
978,2023-03-20,15,Julia Aparecida,F,26-35,Sudeste,Lubrificante Íntimo Aquoso 100ml,Lubrificantes,53.14,2,0.0,Pix,Entregue,Site,106.28,2023,3,2023-03,Monday
4664,2023-08-25,443,Srta. Ana Liz Mendes,F,18-25,Nordeste,Mini Vibrador Discreto,Vibradores,201.6,1,25.0,Boleto,Entregue,App,151.2,2023,8,2023-08,Friday
4114,2023-10-10,27,Elisa Martins,F,26-35,Sul,Lingerie Cropped com Bojo,Lingerie,155.78,1,0.0,Boleto,Entregue,Site,155.78,2023,10,2023-10,Tuesday
34,2024-08-04,644,Miguel Dias,M,36-45,Sul,Camisola Sensual Preta,Lingerie,93.05,1,0.0,Boleto,Entregue,App,93.05,2024,8,2024-08,Sunday
4742,2024-12-07,33,Luara Cunha,Não informado,26-35,Norte,Colar e Guia BDSM,Acessórios BDSM,93.1,1,0.0,Pix,Entregue,Site,93.1,2024,12,2024-12,Saturday
2035,2024-09-26,251,Joana Fernandes,F,46+,Sudeste,Fantasia Enfermeira,Lingerie,158.72,2,10.0,Cartão Débito,Entregue,Site,285.7,2024,9,2024-09,Thursday
1346,2023-12-18,152,Joana Cavalcanti,F,26-35,Sul,Vibrador Duplo Prazer,Vibradores,462.29,2,25.0,Boleto,Entregue,Site,693.44,2023,12,2023-12,Monday
1887,2024-06-05,3,Cauã Rocha,M,18-25,Sudeste,Vibrador Ponto G Flex,Vibradores,360.28,1,30.0,Cartão Crédito,Entregue,Site,252.2,2024,6,2024-06,Wednesday
466,2023-08-22,129,Julia Castro,F,26-35,Sudeste,Meia-Calça Rendada,Lingerie,92.62,2,0.0,Cartão Crédito,Entregue,Site,185.24,2023,8,2023-08,Tuesday
4446,2024-03-19,724,Lucas Gabriel Melo,M,46+,Sul,Chicote de Couro Soft,Acessórios BDSM,279.31,2,20.0,Cartão Crédito,Entregue,Site,446.9,2024,3,2024-03,Tuesday
3406,2023-04-18,417,Sr. Samuel Pimenta,M,36-45,Sul,Spray Prolongador,Cosméticos Íntimos,106.1,1,0.0,Pix,Entregue,Site,106.1,2023,4,2023-04,Tuesday
2227,2023-03-25,99,Emanuel Araújo,M,26-35,Sudeste,Vibrador Rabbit Premium,Vibradores,90.4,2,0.0,Pix,Entregue,App,180.8,2023,3,2023-03,Saturday
2479,2024-06-27,38,Dra. Mariane Pacheco,F,26-35,Sudeste,Vibrador Ponto G Flex,Vibradores,345.21,2,0.0,Cartão Crédito,Entregue,Site,690.42,2024,6,2024-06,Thursday
1048,2024-01-06,7,Apollo Novais,M,18-25,Nordeste,Spray Prolongador,Cosméticos Íntimos,149.66,2,0.0,Pix,Entregue,Site,299.32,2024,1,2024-01,Saturday
4988,2024-04-29,246,João Lucas Machado,M,26-35,Sudeste,Lingerie Cropped com Bojo,Lingerie,88.62,1,0.0,Pix,Entregue,Site,88.62,2024,4,2024-04,Monday
1850,2023-02-19,276,Larissa Melo,F,18-25,Sul,Gel Excitante Feminino,Lubrificantes,42.6,2,0.0,Cartão Crédito,Entregue,Site,85.2,2023,2,2023-02,Sunday
3081,2024-03-11,347,Esther Sampaio,F,18-25,Nordeste,Meia-Calça Rendada,Lingerie,123.69,2,30.0,Pix,Entregue,Site,173.17,2024,3,2024-03,Monday
612,2023-04-17,409,Kevin Rezende,M,26-35,Nordeste,Vibrador Ponto G Flex,Vibradores,132.41,2,0.0,Cartão Crédito,Entregue,App,264.82,2023,4,2023-04,Monday
1434,2024-07-19,291,Eduarda da Costa,F,36-45,Sudeste,Kit Algemas Veludo,Acessórios BDSM,293.19,1,0.0,Cartão Crédito,Entregue,Site,293.19,2024,7,2024-07,Friday
1091,2023-02-01,630,Mariane Cavalcante,F,36-45,Sudeste,Vibrador Duplo Prazer,Vibradores,421.17,2,0.0,Pix,Devolvido,Site,842.34,2023,2,2023-02,Wednesday
4190,2023-08-27,317,Sr. Enrico Farias,Não informado,36-45,Nordeste,Body Coelhinha Plus Size,Lingerie,128.5,5,20.0,Cartão Crédito,Entregue,Site,514.0,2023,8,2023-08,Sunday
1213,2023-12-08,50,João Montenegro,M,26-35,Sudeste,Body Coelhinha Plus Size,Lingerie,144.87,1,20.0,Cartão Débito,Entregue,Marketplace,115.9,2023,12,2023-12,Friday
3186,2024-10-27,207,Ryan Câmara,M,26-35,Sudeste,Wand Massager Pro,Vibradores,334.28,1,0.0,Cartão Crédito,Entregue,Site,334.28,2024,10,2024-10,Sunday
291,2024-10-22,9,Pietro Pastor,M,26-35,Sudeste,Massageador Corporal Wave,Vibradores,226.96,3,5.0,Pix,Entregue,App,646.84,2024,10,2024-10,Tuesday
1429,2024-12-05,271,Heloísa Fonseca,F,26-35,Sudeste,Body Rendado Vermelho,Lingerie,60.65,4,25.0,Pix,Entregue,Site,181.95,2024,12,2024-12,Thursday
4803,2023-10-29,562,Larissa Sá,Não informado,36-45,Sudeste,Massageador Corporal Wave,Vibradores,252.48,2,25.0,Pix,Entregue,Site,378.72,2023,10,2023-10,Sunday
2560,2023-06-12,189,Emanuel Souza,M,36-45,Sudeste,Meia-Calça Rendada,Lingerie,141.53,1,0.0,Boleto,Entregue,App,141.53,2023,6,2023-06,Monday
2520,2024-09-17,335,Maria Vitória Mendes,F,46+,Sudeste,Dominó Erótico,Jogos Adultos,96.04,1,0.0,Pix,Entregue,Site,96.04,2024,9,2024-09,Tuesday
1232,2024-12-19,73,Sophie da Costa,F,36-45,Sudeste,Colar e Guia BDSM,Acessórios BDSM,145.83,1,0.0,Cartão Crédito,Entregue,Site,145.83,2024,12,2024-12,Thursday
1026,2024-08-28,175,Leonardo Câmara,M,36-45,Sul,Jogo de Cartas Sexo Quiz,Jogos Adultos,114.07,2,10.0,Boleto,Entregue,Marketplace,205.33,2024,8,2024-08,Wednesday
347,2023-04-10,269,Dra. Valentina Peixoto,F,18-25,Sul,Gel Térmico Sensação Quente,Cosméticos Íntimos,75.3,2,0.0,Cartão Crédito,Entregue,Marketplace,150.6,2023,4,2023-04,Monday
2618,2023-11-20,87,Beatriz Aragão,F,46+,Centro-Oeste,Óleo de Massagem Relaxante,Lubrificantes,73.39,2,0.0,Cartão Crédito,Entregue,Marketplace,146.78,2023,11,2023-11,Monday
3460,2024-06-05,278,Ana Júlia da Cunha,F,26-35,Sul,Lubrificante Íntimo Aquoso 100ml,Lubrificantes,44.79,1,0.0,Pix,Entregue,App,44.79,2024,6,2024-06,Wednesday
1087,2023-11-20,254,Isabella Silveira,F,36-45,Sul,Vibrador Duplo Prazer,Vibradores,417.2,3,0.0,Pix,Entregue,Site,1251.6,2023,11,2023-11,Monday
1401,2024-03-13,51,Thiago Caldeira,Não informado,36-45,Sul,Lubrificante Sabores Morango,Lubrificantes,74.95,1,5.0,Pix,Entregue,Site,71.2,2024,3,2024-03,Wednesday
3832,2023-11-26,419,Dr. Henrique Macedo,M,26-35,Nordeste,Lubrificante Íntimo Aquoso 250ml,Lubrificantes,41.92,4,5.0,Cartão Crédito,Entregue,App,159.3,2023,11,2023-11,Sunday
1619,2023-12-15,220,Antony Souza,M,18-25,Sudeste,Body Rendado Vermelho,Lingerie,199.62,3,0.0,Cartão Crédito,Entregue,Site,598.86,2023,12,2023-12,Friday
4280,2023-07-24,137,Luiz Gustavo Vasconcelos,M,26-35,Nordeste,Lubrificante Íntimo Aquoso 100ml,Lubrificantes,85.89,2,0.0,Boleto,Entregue,Site,171.78,2023,7,2023-07,Monday
4739,2024-05-23,129,Julia Castro,F,26-35,Sudeste,Mini Vibrador Discreto,Vibradores,481.7,1,0.0,Pix,Entregue,App,481.7,2024,5,2024-05,Thursday
535,2023-05-26,378,Letícia Porto,F,26-35,Sudeste,Venda para Olhos Satin,Acessórios BDSM,200.44,1,0.0,Pix,Entregue,Site,200.44,2023,5,2023-05,Friday
697,2023-10-08,94,Ryan Cassiano,M,36-45,Sudeste,Body Rendado Vermelho,Lingerie,77.3,2,0.0,Pix,Entregue,Site,154.6,2023,10,2023-10,Sunday
3165,2024-10-30,17,Bruno Novaes,M,26-35,Sudeste,Gel Excitante Masculino,Lubrificantes,68.35,2,30.0,Pix,Entregue,Marketplace,95.69,2024,10,2024-10,Wednesday
4657,2023-06-29,452,Sr. Yuri Silveira,M,36-45,Sudeste,Gel Excitante Feminino,Lubrificantes,80.89,2,15.0,Pix,Entregue,Site,137.51,2023,6,2023-06,Thursday
725,2024-12-22,230,Luana Caldeira,F,26-35,Nordeste,Jogo Tabuleiro Casais,Jogos Adultos,94.0,2,0.0,Pix,Entregue,Marketplace,188.0,2024,12,2024-12,Sunday
80,2023-06-12,35,Diego da Luz,M,26-35,Sudeste,Kit Algemas Veludo,Acessórios BDSM,82.25,1,0.0,Pix,Entregue,Site,82.25,2023,6,2023-06,Monday
1195,2023-08-01,14,Aylla Fogaça,F,36-45,Sudeste,Dominó Erótico,Jogos Adultos,126.31,1,10.0,Pix,Entregue,App,113.68,2023,8,2023-08,Tuesday
1129,2023-05-31,128,Lívia Vargas,F,26-35,Sudeste,Lubrificante Sabores Baunilha,Lubrificantes,64.27,1,0.0,Cartão Débito,Entregue,App,64.27,2023,5,2023-05,Wednesday
4044,2024-10-10,258,Ayla da Rocha,F,18-25,Sul,Lingerie Cropped com Bojo,Lingerie,83.94,1,0.0,Pix,Entregue,Marketplace,83.94,2024,10,2024-10,Thursday
4273,2024-11-30,46,Dra. Bruna Rodrigues,F,18-25,Nordeste,Lingerie Cropped com Bojo,Lingerie,152.72,3,0.0,Cartão Crédito,Entregue,Site,458.16,2024,11,2024-11,Saturday
3407,2023-05-17,481,Eduarda Sá,F,36-45,Sul,Meia-Calça Rendada,Lingerie,170.02,1,0.0,Pix,Entregue,Marketplace,170.02,2023,5,2023-05,Wednesday
1200,2024-11-01,39,Luiz Miguel Câmara,M,36-45,Sudeste,Sabonete Íntimo pH Neutro,Cosméticos Íntimos,111.6,2,0.0,Cartão Crédito,Entregue,Site,223.2,2024,11,2024-11,Friday
5284,2023-02-13,531,Luigi Silva,M,36-45,Sudeste,Dado do Prazer,Jogos Adultos,120.87,1,0.0,Cartão Crédito,Entregue,App,120.87,2023,2,2023-02,Monday
1371,2023-02-16,703,Theo das Neves,M,36-45,Sudeste,Lubrificante Íntimo Aquoso 250ml,Lubrificantes,77.86,4,0.0,Pix,Entregue,App,311.44,2023,2,2023-02,Thursday
2550,2024-06-06,20,Sr. João Vitor Barros,M,18-25,Sudeste,Fantasia Enfermeira,Lingerie,116.91,1,0.0,Pix,Entregue,Marketplace,116.91,2024,6,2024-06,Thursday
1872,2023-06-09,67,Bárbara da Cruz,Não informado,36-45,Norte,Dominó Erótico,Jogos Adultos,103.18,1,20.0,Cartão Crédito,Entregue,Site,82.54,2023,6,2023-06,Friday
2245,2023-01-07,478,Mirella Fernandes,F,36-45,Sul,Lubrificante Íntimo Aquoso 100ml,Lubrificantes,62.92,1,0.0,Boleto,Entregue,App,62.92,2023,1,2023-01,Saturday
2343,2024-12-18,24,Giovanna Rios,F,26-35,Centro-Oeste,Kit Cuidados Íntimos,Cosméticos Íntimos,86.63,3,0.0,Pix,Entregue,Site,259.89,2024,12,2024-12,Wednesday
316,2024-04-01,313,Sra. Lara Cirino,F,46+,Nordeste,Gel Excitante Feminino,Lubrificantes,64.91,1,15.0,Pix,Entregue,Marketplace,55.17,2024,4,2024-04,Monday
3126,2023-07-18,250,Raquel Cunha,F,26-35,Sudeste,Gel Excitante Feminino,Lubrificantes,63.7,1,0.0,Cartão Crédito,Entregue,Site,63.7,2023,7,2023-07,Tuesday
4551,2024-01-25,608,Maria Nogueira,F,36-45,Centro-Oeste,Meia-Calça Rendada,Lingerie,79.74,1,30.0,Pix,Entregue,Marketplace,55.82,2024,1,2024-01,Thursday
4676,2023-09-11,523,Luana Martins,F,36-45,Nordeste,Wand Massager Pro,Vibradores,221.76,1,30.0,Pix,Entregue,App,155.23,2023,9,2023-09,Monday
3304,2024-10-17,107,Gabrielly Rios,F,46+,Nordeste,Lubrificante Íntimo Aquoso 100ml,Lubrificantes,80.41,1,0.0,Cartão Débito,Entregue,Site,80.41,2024,10,2024-10,Thursday
5098,2024-08-13,84,Melissa Carvalho,F,26-35,Nordeste,Vibrador Rabbit Premium,Vibradores,190.23,1,30.0,Cartão Débito,Entregue,Site,133.16,2024,8,2024-08,Tuesday
5128,2023-04-29,80,Nina Siqueira,F,26-35,Sul,Lubrificante Sabores Baunilha,Lubrificantes,57.47,1,0.0,Boleto,Entregue,Marketplace,57.47,2023,4,2023-04,Saturday
3086,2023-11-08,301,Bento Cavalcante,Não informado,26-35,Norte,Lubrificante Sabores Morango,Lubrificantes,75.79,2,15.0,Pix,Entregue,App,128.84,2023,11,2023-11,Wednesday
1116,2023-02-26,233,Sr. Breno Pastor,M,46+,Sudeste,Vibrador Ponto G Flex,Vibradores,253.01,2,5.0,Pix,Entregue,Site,480.72,2023,2,2023-02,Sunday
4784,2023-03-24,95,Juan Cunha,M,26-35,Sul,Gel Excitante Feminino,Lubrificantes,68.83,1,10.0,Boleto,Entregue,Marketplace,61.95,2023,3,2023-03,Friday
394,2024-07-05,385,Benicio Pereira,M,26-35,Sul,Óleo de Massagem Relaxante,Lubrificantes,38.79,1,0.0,Boleto,Entregue,Site,38.79,2024,7,2024-07,Friday
765,2023-12-11,10,Alana Teixeira,F,36-45,Sul,Massageador Corporal Wave,Vibradores,215.47,1,0.0,Pix,Entregue,Site,215.47,2023,12,2023-12,Monday
325,2024-12-05,659,Guilherme Vieira,M,26-35,Nordeste,Fantasia Policial,Lingerie,175.16,1,0.0,Pix,Entregue,Site,175.16,2024,12,2024-12,Thursday
16,2024-05-04,57,Maria Cecília das Neves,F,18-25,Centro-Oeste,Lubrificante Íntimo Aquoso 250ml,Lubrificantes,36.09,1,0.0,Pix,Entregue,Marketplace,36.09,2024,5,2024-05,Saturday
4690,2024-02-13,716,Thiago Machado,M,36-45,Nordeste,Venda para Olhos Satin,Acessórios BDSM,193.8,2,0.0,Pix,Entregue,Marketplace,387.6,2024,2,2024-02,Tuesday
4240,2023-08-01,111,Anthony Marques,M,26-35,Nordeste,Vibrador Ponto G Flex,Vibradores,286.92,1,0.0,Cartão Crédito,Entregue,App,286.92,2023,8,2023-08,Tuesday
1220,2023-09-12,89,Enzo Jesus,M,36-45,Sul,Massageador Corporal Wave,Vibradores,269.03,1,0.0,Cartão Crédito,Entregue,Site,269.03,2023,9,2023-09,Tuesday
3323,2023-09-21,375,Anthony Martins,M,36-45,Sul,Mordaça Silicone,Acessórios BDSM,126.55,2,0.0,Boleto,Entregue,Marketplace,253.1,2023,9,2023-09,Thursday
3952,2024-10-18,451,Marina Brito,F,26-35,Norte,Óleo de Massagem Relaxante,Lubrificantes,50.95,1,0.0,Pix,Entregue,Site,50.95,2024,10,2024-10,Friday
5482,2024-03-03,96,Vitor Hugo Araújo,M,36-45,Sudeste,Creme Excitante Feminino,Cosméticos Íntimos,52.79,1,0.0,Cartão Crédito,Entregue,Site,52.79,2024,3,2024-03,Sunday
492,2023-02-10,259,Maria Luiza Sales,F,18-25,Norte,Sabonete Íntimo pH Neutro,Cosméticos Íntimos,128.36,2,0.0,Cartão Crédito,Entregue,Site,256.72,2023,2,2023-02,Friday
1506,2024-08-02,140,Maria Sophia Alves,F,36-45,Sudeste,Conjunto Lingerie Boudoir,Lingerie,151.61,1,0.0,Pix,Entregue,Site,151.61,2024,8,2024-08,Friday
2570,2024-01-20,600,Vinicius Nogueira,M,26-35,Sul,Gel Térmico Sensação Quente,Cosméticos Íntimos,79.8,2,5.0,Cartão Débito,Entregue,Marketplace,151.62,2024,1,2024-01,Saturday
85,2024-09-30,103,Isadora Pacheco,F,46+,Nordeste,Sabonete Íntimo pH Neutro,Cosméticos Íntimos,47.33,3,0.0,Pix,Entregue,Site,141.99,2024,9,2024-09,Monday
3868,2024-11-27,298,Dra. Fernanda Lima,F,26-35,Nordeste,Gel Excitante Masculino,Lubrificantes,62.93,1,0.0,Pix,Entregue,Site,62.93,2024,11,2024-11,Wednesday
4363,2023-12-14,373,Cecília da Conceição,F,36-45,Sul,Cartas Posições Kamasutra,Jogos Adultos,108.2,1,0.0,Cartão Crédito,Entregue,App,108.2,2023,12,2023-12,Thursday
2759,2023-06-13,323,Dra. Nicole Jesus,F,46+,Sul,Cartas Posições Kamasutra,Jogos Adultos,66.68,2,0.0,Cartão Crédito,Entregue,App,133.36,2023,6,2023-06,Tuesday
3659,2023-03-02,255,Samuel Novais,M,26-35,Sul,Conjunto Lingerie Boudoir,Lingerie,82.96,2,0.0,Cartão Débito,Entregue,App,165.92,2023,3,2023-03,Thursday
352,2024-06-27,479,Léo das Neves,M,36-45,Sudeste,Wand Massager Pro,Vibradores,121.33,3,0.0,Pix,Entregue,Site,363.99,2024,6,2024-06,Thursday
2571,2023-05-30,142,Josué da Mata,M,26-35,Sudeste,Mordaça Silicone,Acessórios BDSM,293.59,2,0.0,Cartão Crédito,Entregue,Marketplace,587.18,2023,5,2023-05,Tuesday
4535,2023-03-13,219,José Barros,M,26-35,Sudeste,Gel Térmico Sensação Quente,Cosméticos Íntimos,114.8,2,0.0,Pix,Entregue,App,229.6,2023,3,2023-03,Monday
5467,2023-08-27,386,Sra. Laura Vasconcelos,F,26-35,Sudeste,Conjunto Lingerie Boudoir,Lingerie,172.94,1,0.0,Cartão Crédito,Entregue,Site,172.94,2023,8,2023-08,Sunday
1262,2023-02-12,407,Lunna Pimenta,F,18-25,Sul,Body Coelhinha Plus Size,Lingerie,64.55,2,10.0,Pix,Entregue,Marketplace,116.19,2023,2,2023-02,Sunday
866,2024-02-19,221,Ana Júlia Ferreira,F,26-35,Norte,Massageador Corporal Wave,Vibradores,308.36,1,5.0,Boleto,Entregue,Marketplace,292.94,2024,2,2024-02,Monday
2329,2024-04-21,270,Beatriz Correia,F,26-35,Sul,Gel Excitante Masculino,Lubrificantes,61.01,3,5.0,Pix,Entregue,Site,173.88,2024,4,2024-04,Sunday
4511,2023-12-14,54,Ágatha Vasconcelos,F,18-25,Sul,Fantasia Policial,Lingerie,66.52,3,0.0,Pix,Entregue,Site,199.56,2023,12,2023-12,Thursday
1481,2024-06-29,430,Alexandre da Mota,M,26-35,Sul,Meia-Calça Rendada,Lingerie,102.93,2,0.0,Pix,Entregue,Site,205.86,2024,6,2024-06,Saturday
5162,2024-02-25,12,Eduardo Cunha,Não informado,26-35,Sul,Massageador Corporal Wave,Vibradores,101.65,2,0.0,Pix,Entregue,App,203.3,2024,2,2024-02,Sunday
599,2024-04-05,60,Sra. Ana Lívia Teixeira,F,26-35,Sul,Dominó Erótico,Jogos Adultos,43.74,5,0.0,Cartão Crédito,Entregue,App,218.7,2024,4,2024-04,Friday
2953,2024-12-30,328,Ryan Campos,M,18-25,Sul,Conjunto Lingerie Boudoir,Lingerie,92.34,2,0.0,Pix,Devolvido,App,184.68,2024,12,2024-12,Monday
812,2024-02-10,456,Srta. Luara Lima,F,46+,Sudeste,Cartas Posições Kamasutra,Jogos Adultos,99.53,1,0.0,Cartão Crédito,Entregue,Site,99.53,2024,2,2024-02,Saturday
1739,2024-04-24,126,Ana Júlia Borges,F,36-45,Sudeste,Lubrificante Íntimo Aquoso 100ml,Lubrificantes,43.54,2,0.0,Cartão Crédito,Entregue,Site,87.08,2024,4,2024-04,Wednesday
3521,2024-10-09,73,Sophie da Costa,F,36-45,Sudeste,Mini Vibrador Discreto,Vibradores,155.11,1,0.0,Pix,Entregue,App,155.11,2024,10,2024-10,Wednesday
4336,2023-08-05,16,Sra. Zoe Campos,F,18-25,Sudeste,Camisola Sensual Preta,Lingerie,152.13,3,10.0,Pix,Devolvido,Site,410.75,2023,8,2023-08,Saturday
1596,2024-04-03,232,Marcos Vinicius Gonçalves,M,36-45,Sul,Creme Retardante Masculino,Cosméticos Íntimos,102.29,1,0.0,Cartão Crédito,Entregue,Site,102.29,2024,4,2024-04,Wednesday
585,2023-01-31,268,Rafaela da Mota,F,26-35,Norte,Vibrador Rabbit Premium,Vibradores,121.5,2,10.0,Cartão Crédito,Entregue,Site,218.7,2023,1,2023-01,Tuesday
1176,2023-05-13,210,Dra. Maria Luiza Silveira,F,26-35,Nordeste,Camisola Sensual Preta,Lingerie,188.59,1,5.0,Cartão Crédito,Entregue,Site,179.16,2023,5,2023-05,Saturday
1164,2024-08-13,354,Valentina Marques,F,46+,Sudeste,Colar e Guia BDSM,Acessórios BDSM,199.65,1,0.0,Boleto,Entregue,Site,199.65,2024,8,2024-08,Tuesday
5296,2024-05-17,41,Benicio Camargo,M,26-35,Nordeste,Body Rendado Vermelho,Lingerie,67.65,1,0.0,Pix,Entregue,Marketplace,67.65,2024,5,2024-05,Friday
1154,2024-11-03,301,Bento Cavalcante,Não informado,26-35,Norte,Gel Térmico Sensação Quente,Cosméticos Íntimos,66.51,2,5.0,Cartão Crédito,Entregue,Site,126.37,2024,11,2024-11,Sunday
402,2024-05-30,550,Antony Fonseca,M,18-25,Sudeste,Vibrador Ponto G Flex,Vibradores,136.63,1,0.0,Cartão Crédito,Devolvido,App,136.63,2024,5,2024-05,Thursday
3687,2024-12-28,600,Vinicius Nogueira,M,26-35,Sul,Massageador Corporal Wave,Vibradores,472.22,1,0.0,Cartão Débito,Entregue,Marketplace,472.22,2024,12,2024-12,Saturday
1621,2024-02-03,171,Melina Rocha,F,26-35,Nordeste,Lubrificante Íntimo Aquoso 100ml,Lubrificantes,39.83,3,15.0,Cartão Crédito,Entregue,App,101.57,2024,2,2024-02,Saturday
801,2024-06-13,322,Théo Abreu,M,18-25,Sudeste,Camisola Sensual Preta,Lingerie,196.04,2,0.0,Cartão Crédito,Entregue,Site,392.08,2024,6,2024-06,Thursday
4585,2024-06-18,310,Alícia Teixeira,F,36-45,Sudeste,Body Coelhinha Plus Size,Lingerie,83.12,3,10.0,Pix,Entregue,Marketplace,224.42,2024,6,2024-06,Tuesday
2225,2024-01-06,4,Dra. Aurora Pastor,F,26-35,Sul,Body Rendado Vermelho,Lingerie,106.0,2,0.0,Cartão Débito,Entregue,App,212.0,2024,1,2024-01,Saturday
1076,2023-04-09,153,João Andrade,M,26-35,Sul,Body Coelhinha Plus Size,Lingerie,105.36,3,0.0,Cartão Crédito,Entregue,Site,316.08,2023,4,2023-04,Sunday
2289,2023-08-02,179,Gael Silva,M,36-45,Sudeste,Meia-Calça Rendada,Lingerie,121.0,1,0.0,Pix,Entregue,Site,121.0,2023,8,2023-08,Wednesday
692,2023-02-04,152,Joana Cavalcanti,F,26-35,Sul,Fantasia Enfermeira,Lingerie,175.71,1,0.0,Cartão Crédito,Entregue,Marketplace,175.71,2023,2,2023-02,Saturday
5155,2023-07-19,298,Dra. Fernanda Lima,F,26-35,Nordeste,Creme Retardante Masculino,Cosméticos Íntimos,123.96,1,15.0,Cartão Crédito,Entregue,Marketplace,105.37,2023,7,2023-07,Wednesday
4463,2024-02-13,787,Anthony Gabriel Sousa,M,18-25,Nordeste,Massageador Corporal Wave,Vibradores,425.93,3,10.0,Cartão Crédito,Entregue,Site,1150.01,2024,2,2024-02,Tuesday
334,2023-04-20,35,Diego da Luz,M,26-35,Sudeste,Lubrificante Sabores Baunilha,Lubrificantes,55.35,1,0.0,Cartão Crédito,Entregue,Site,55.35,2023,4,2023-04,Thursday
3906,2023-06-24,180,Dr. Thales Guerra,M,36-45,Sudeste,Kit Algemas Veludo,Acessórios BDSM,174.4,1,25.0,Pix,Entregue,Site,130.8,2023,6,2023-06,Saturday
995,2024-02-07,123,Giovanna Silva,F,36-45,Sudeste,Massageador Corporal Wave,Vibradores,470.3,1,25.0,Boleto,Entregue,Não informado,352.72,2024,2,2024-02,Wednesday
2715,2023-10-13,1,Sr. Apollo Sousa,M,18-25,Sudeste,Lubrificante Sabores Morango,Lubrificantes,64.11,2,0.0,Pix,Entregue,Marketplace,128.22,2023,10,2023-10,Friday
133,2023-10-25,36,Josué Souza,M,18-25,Sul,Conjunto Lingerie Boudoir,Lingerie,115.45,1,0.0,Boleto,Entregue,App,115.45,2023,10,2023-10,Wednesday
4936,2024-02-14,119,Letícia Ribeiro,Não informado,18-25,Norte,Dado do Prazer,Jogos Adultos,76.68,1,0.0,Pix,Entregue,Site,76.68,2024,2,2024-02,Wednesday
3949,2023-11-22,50,João Montenegro,M,26-35,Sudeste,Kit Algemas Veludo,Acessórios BDSM,133.29,1,20.0,Cartão Crédito,Entregue,Marketplace,106.63,2023,11,2023-11,Wednesday
81,2024-06-30,488,Ryan Moura,M,36-45,Sudeste,Lubrificante Íntimo Aquoso 100ml,Lubrificantes,83.42,2,0.0,Pix,Entregue,App,166.84,2024,6,2024-06,Sunday
1437,2023-06-21,102,Nathan Campos,M,18-25,Sudeste,Cartas Posições Kamasutra,Jogos Adultos,86.94,3,10.0,Cartão Crédito,Entregue,Site,234.74,2023,6,2023-06,Wednesday
3439,2024-07-08,598,Maria Vitória Cirino,F,26-35,Centro-Oeste,Mini Vibrador Discreto,Vibradores,459.42,1,0.0,Pix,Entregue,App,459.42,2024,7,2024-07,Monday
4309,2024-01-20,443,Srta. Ana Liz Mendes,F,18-25,Nordeste,Vibrador Ponto G Flex,Vibradores,309.12,3,0.0,Cartão Crédito,Entregue,Site,927.36,2024,1,2024-01,Saturday
3264,2023-06-13,6,Helena da Conceição,F,26-35,Sul,Wand Massager Pro,Vibradores,185.25,2,0.0,Pix,Devolvido,App,370.5,2023,6,2023-06,Tuesday
600,2023-10-25,12,Eduardo Cunha,Não informado,26-35,Sul,Conjunto Lingerie Boudoir,Lingerie,91.13,3,0.0,Pix,Entregue,App,273.39,2023,10,2023-10,Wednesday
2054,2024-06-11,637,Maysa Andrade,F,26-35,Sul,Meia-Calça Rendada,Lingerie,161.82,1,0.0,Cartão Débito,Devolvido,App,161.82,2024,6,2024-06,Tuesday
4589,2023-08-04,295,Isabel da Paz,F,36-45,Centro-Oeste,Vibrador Clássico Silicone,Vibradores,141.26,1,10.0,Cartão Crédito,Entregue,Site,127.13,2023,8,2023-08,Friday
2474,2023-02-04,335,Maria Vitória Mendes,F,46+,Sudeste,Gel Excitante Masculino,Lubrificantes,65.91,3,0.0,Pix,Devolvido,Site,197.73,2023,2,2023-02,Saturday
4443,2024-10-23,71,Dra. Ana Liz da Conceição,F,36-45,Sul,Body Rendado Vermelho,Lingerie,147.9,1,0.0,Cartão Crédito,Entregue,Site,147.9,2024,10,2024-10,Wednesday
1394,2023-09-12,199,Maria Luísa Farias,F,46+,Nordeste,Lubrificante Base Silicone,Lubrificantes,45.81,1,0.0,Pix,Entregue,App,45.81,2023,9,2023-09,Tuesday
1243,2024-11-06,380,Fernanda Gomes,F,36-45,Sudeste,Vibrador Rabbit Premium,Vibradores,386.08,2,0.0,Cartão Crédito,Entregue,Site,772.16,2024,11,2024-11,Wednesday
626,2023-09-14,127,Sra. Kamilly Aparecida,F,36-45,Nordeste,Fantasia Enfermeira,Lingerie,194.56,1,25.0,Pix,Entregue,Marketplace,145.92,2023,9,2023-09,Thursday
469,2024-12-08,70,Alana Barbosa,F,26-35,Norte,Lubrificante Íntimo Aquoso 100ml,Lubrificantes,63.95,1,0.0,Cartão Débito,Devolvido,App,63.95,2024,12,2024-12,Sunday
752,2024-09-13,623,Maria Eduarda Moreira,F,26-35,Sudeste,Meia-Calça Rendada,Lingerie,115.66,5,15.0,Cartão Crédito,Devolvido,Marketplace,491.55,2024,9,2024-09,Friday
2498,2024-02-15,492,José Miguel da Rocha,M,26-35,Nordeste,Gel Excitante Masculino,Lubrificantes,62.48,5,0.0,Pix,Entregue,Site,312.4,2024,2,2024-02,Thursday
4435,2024-02-06,22,Rafael Porto,M,36-45,Nordeste,Mini Vibrador Discreto,Vibradores,296.09,2,0.0,Cartão Débito,Entregue,App,592.18,2024,2,2024-02,Tuesday
2058,2024-08-25,145,Natália Ferreira,F,46+,Sul,Vibrador Duplo Prazer,Vibradores,257.52,1,0.0,Cartão Crédito,Entregue,Site,257.52,2024,8,2024-08,Sunday
2026,2024-10-25,84,Melissa Carvalho,F,26-35,Nordeste,Lubrificante Íntimo Aquoso 100ml,Lubrificantes,46.74,1,0.0,Pix,Entregue,App,46.74,2024,10,2024-10,Friday
168,2023-12-12,58,Ana Laura da Costa,F,26-35,Nordeste,Lingerie Cropped com Bojo,Lingerie,178.75,1,0.0,Pix,Entregue,Site,178.75,2023,12,2023-12,Tuesday
3387,2024-05-17,78,Aylla Ribeiro,F,26-35,Nordeste,Lubrificante Íntimo Aquoso 100ml,Lubrificantes,30.64,2,15.0,Cartão Crédito,Entregue,Site,52.09,2024,5,2024-05,Friday
3492,2024-06-25,250,Raquel Cunha,F,26-35,Sudeste,Colar e Guia BDSM,Acessórios BDSM,150.82,1,0.0,Cartão Crédito,Entregue,Site,150.82,2024,6,2024-06,Tuesday
2693,2023-08-05,3,Cauã Rocha,M,18-25,Sudeste,Corda de Shibari 5m,Acessórios BDSM,123.57,1,0.0,Cartão Crédito,Entregue,Site,123.57,2023,8,2023-08,Saturday
2795,2023-04-12,157,Gabriel da Cunha,M,18-25,Sudeste,Vibrador Rabbit Premium,Vibradores,189.27,3,0.0,Cartão Crédito,Entregue,Site,567.81,2023,4,2023-04,Wednesday
3698,2024-10-29,292,Ana Vitória Castro,F,36-45,Sul,Dado do Prazer,Jogos Adultos,59.45,1,0.0,Cartão Débito,Entregue,Site,59.45,2024,10,2024-10,Tuesday
4712,2024-02-03,167,Srta. Liz Guerra,F,18-25,Sul,Body Coelhinha Plus Size,Lingerie,118.95,3,5.0,Boleto,Entregue,Site,339.01,2024,2,2024-02,Saturday
2670,2023-02-01,105,Mariah Ribeiro,F,18-25,Nordeste,Sabonete Íntimo pH Neutro,Cosméticos Íntimos,81.22,1,0.0,Pix,Entregue,Site,81.22,2023,2,2023-02,Wednesday
3227,2024-10-13,77,Maria Luísa Correia,F,46+,Sudeste,Gel Excitante Masculino,Lubrificantes,45.75,1,25.0,Cartão Débito,Entregue,Site,34.31,2024,10,2024-10,Sunday
2989,2023-05-10,332,Bruna Martins,F,46+,Sudeste,Massageador Corporal Wave,Vibradores,247.32,1,10.0,Cartão Débito,Entregue,Site,222.59,2023,5,2023-05,Wednesday
5152,2024-04-16,63,Otávio Cunha,M,26-35,Sudeste,Venda para Olhos Satin,Acessórios BDSM,298.37,2,0.0,Cartão Crédito,Entregue,App,596.74,2024,4,2024-04,Tuesday
3537,2024-09-25,82,Lucca Caldeira,M,26-35,Nordeste,Lubrificante Íntimo Aquoso 250ml,Lubrificantes,32.26,1,5.0,Cartão Crédito,Entregue,App,30.65,2024,9,2024-09,Wednesday
1840,2023-10-07,71,Dra. Ana Liz da Conceição,F,36-45,Sul,Jogo de Cartas Sexo Quiz,Jogos Adultos,75.82,1,0.0,Cartão Débito,Entregue,App,75.82,2023,10,2023-10,Saturday
2481,2024-03-03,89,Enzo Jesus,M,36-45,Sul,Camisola Sensual Preta,Lingerie,87.26,2,0.0,Cartão Crédito,Entregue,Site,174.52,2024,3,2024-03,Sunday
2942,2024-11-14,247,Nicole Nunes,F,26-35,Nordeste,Conjunto Lingerie Boudoir,Lingerie,120.54,5,0.0,Cartão Crédito,Entregue,Marketplace,602.7,2024,11,2024-11,Thursday
3998,2024-11-04,138,Nicolas Pinto,M,36-45,Sudeste,Vibrador Duplo Prazer,Vibradores,331.77,3,15.0,Pix,Entregue,App,846.01,2024,11,2024-11,Monday
3752,2024-08-25,562,Larissa Sá,Não informado,36-45,Sudeste,Lubrificante Sabores Baunilha,Lubrificantes,36.48,1,25.0,Cartão Débito,Entregue,App,27.36,2024,8,2024-08,Sunday
4814,2024-12-26,195,Lucas Gabriel Dias,M,18-25,Centro-Oeste,Lubrificante Sabores Baunilha,Lubrificantes,74.06,2,0.0,Pix,Entregue,Site,148.12,2024,12,2024-12,Thursday
3563,2024-03-26,17,Bruno Novaes,M,26-35,Sudeste,Lubrificante Íntimo Aquoso 100ml,Lubrificantes,58.98,1,0.0,Cartão Crédito,Entregue,App,58.98,2024,3,2024-03,Tuesday
2941,2023-06-05,86,Isadora Barbosa,Não informado,18-25,Sudeste,Vibrador Rabbit Premium,Vibradores,377.31,1,0.0,Cartão Crédito,Entregue,App,377.31,2023,6,2023-06,Monday
1058,2023-08-26,141,Lívia Viana,F,36-45,Sudeste,Lubrificante Íntimo Aquoso 250ml,Lubrificantes,78.59,1,0.0,Cartão Crédito,Entregue,App,78.59,2023,8,2023-08,Saturday
1565,2024-01-28,436,Ana Júlia Cardoso,F,36-45,Sudeste,Gel Excitante Masculino,Lubrificantes,56.01,2,15.0,Pix,Entregue,Site,95.22,2024,1,2024-01,Sunday
297,2023-12-02,379,José Marques,M,26-35,Sudeste,Lubrificante Base Silicone,Lubrificantes,84.73,3,0.0,Pix,Devolvido,App,254.19,2023,12,2023-12,Saturday
916,2023-06-23,157,Gabriel da Cunha,M,18-25,Sudeste,Gel Excitante Masculino,Lubrificantes,88.82,3,0.0,Pix,Entregue,App,266.46,2023,6,2023-06,Friday
1655,2024-02-25,26,Srta. Yasmin Siqueira,F,46+,Sul,Vibrador Rabbit Premium,Vibradores,184.54,1,0.0,Cartão Crédito,Entregue,Marketplace,184.54,2024,2,2024-02,Sunday
1770,2024-10-11,138,Nicolas Pinto,M,36-45,Sudeste,Creme Retardante Masculino,Cosméticos Íntimos,101.04,2,0.0,Boleto,Entregue,Marketplace,202.08,2024,10,2024-10,Friday
764,2024-08-23,354,Valentina Marques,F,46+,Sudeste,Body Rendado Vermelho,Lingerie,105.03,1,0.0,Boleto,Entregue,Site,105.03,2024,8,2024-08,Friday
2246,2023-06-14,200,Nina Leão,F,18-25,Centro-Oeste,Body Coelhinha Plus Size,Lingerie,147.99,1,0.0,Cartão Crédito,Entregue,Site,147.99,2023,6,2023-06,Wednesday
4421,2023-11-25,29,Dra. Hellena Rodrigues,F,26-35,Norte,Gel Excitante Masculino,Lubrificantes,61.83,4,0.0,Pix,Entregue,Site,247.32,2023,11,2023-11,Saturday
5134,2024-02-05,5,Ana Beatriz Alves,F,18-25,Sul,Kit Algemas Veludo,Acessórios BDSM,100.83,1,30.0,Pix,Entregue,App,70.58,2024,2,2024-02,Monday
4649,2023-08-25,503,Eloá Pinto,F,36-45,Sudeste,Venda para Olhos Satin,Acessórios BDSM,275.0,1,0.0,Boleto,Entregue,App,275.0,2023,8,2023-08,Friday
136,2024-10-26,108,Sra. Isabella da Luz,Não informado,36-45,Centro-Oeste,Fantasia Enfermeira,Lingerie,176.78,1,0.0,Pix,Entregue,Site,176.78,2024,10,2024-10,Saturday
5360,2023-10-07,187,Dr. Pedro Miguel Pimenta,M,26-35,Sudeste,Massageador Corporal Wave,Vibradores,448.93,2,0.0,Pix,Devolvido,App,897.86,2023,10,2023-10,Saturday
2665,2023-04-24,251,Joana Fernandes,F,46+,Sudeste,Lubrificante Sabores Morango,Lubrificantes,49.94,2,0.0,Pix,Entregue,App,99.88,2023,4,2023-04,Monday
1075,2023-07-18,755,Luiz Fernando Novais,M,36-45,Sudeste,Lingerie Cropped com Bojo,Lingerie,95.06,3,0.0,Cartão Crédito,Entregue,Marketplace,285.18,2023,7,2023-07,Tuesday
5243,2024-02-24,189,Emanuel Souza,M,36-45,Sudeste,Body Coelhinha Plus Size,Lingerie,171.03,1,15.0,Cartão Débito,Entregue,Site,145.38,2024,2,2024-02,Saturday
2017,2023-05-20,118,Dra. Alexia Rios,F,46+,Sudeste,Gel Térmico Sensação Quente,Cosméticos Íntimos,96.79,2,0.0,Boleto,Entregue,Marketplace,193.58,2023,5,2023-05,Saturday
2030,2023-04-03,282,Kevin Barros,M,36-45,Nordeste,Fantasia Policial,Lingerie,83.37,1,10.0,Pix,Entregue,Site,75.03,2023,4,2023-04,Monday
912,2024-07-29,87,Beatriz Aragão,F,46+,Centro-Oeste,Dado do Prazer,Jogos Adultos,77.27,1,0.0,Pix,Entregue,Site,77.27,2024,7,2024-07,Monday
4455,2023-10-27,493,Dante Abreu,M,18-25,Sul,Lubrificante Base Silicone,Lubrificantes,85.21,1,10.0,Cartão Crédito,Entregue,App,76.69,2023,10,2023-10,Friday
3411,2023-11-16,145,Natália Ferreira,F,46+,Sul,Kit Roleplay Surpresa,Jogos Adultos,74.84,1,10.0,Boleto,Entregue,Site,67.36,2023,11,2023-11,Thursday
1935,2023-12-29,298,Dra. Fernanda Lima,F,26-35,Nordeste,Vibrador Duplo Prazer,Vibradores,350.67,1,0.0,Cartão Crédito,Devolvido,Site,350.67,2023,12,2023-12,Friday
1967,2023-03-12,57,Maria Cecília das Neves,F,18-25,Centro-Oeste,Colar e Guia BDSM,Acessórios BDSM,93.88,1,5.0,Pix,Entregue,Site,89.19,2023,3,2023-03,Sunday
3683,2024-02-27,381,Cauê da Costa,M,26-35,Sudeste,Lubrificante Base Silicone,Lubrificantes,84.07,2,0.0,Pix,Entregue,Site,168.14,2024,2,2024-02,Tuesday
5434,2023-02-25,19,Bernardo Aparecida,M,36-45,Sudeste,Vibrador Clássico Silicone,Vibradores,283.03,2,0.0,Pix,Entregue,App,566.06,2023,2,2023-02,Saturday
5136,2024-03-04,130,Sra. Mariane Novais,F,46+,Nordeste,Creme Retardante Masculino,Cosméticos Íntimos,78.35,2,20.0,Boleto,Entregue,Site,125.36,2024,3,2024-03,Monday
4231,2024-02-18,318,Sabrina da Paz,Não informado,46+,Nordeste,Vibrador Ponto G Flex,Vibradores,374.08,1,0.0,Cartão Débito,Entregue,Site,374.08,2024,2,2024-02,Sunday
5445,2024-12-22,22,Rafael Porto,M,36-45,Nordeste,Lubrificante Sabores Morango,Lubrificantes,43.65,1,0.0,Cartão Crédito,Entregue,Site,43.65,2024,12,2024-12,Sunday
122,2024-08-22,539,Dra. Lívia Azevedo,F,36-45,Sul,Chicote de Couro Soft,Acessórios BDSM,281.91,1,15.0,Cartão Crédito,Entregue,Marketplace,239.62,2024,8,2024-08,Thursday
1818,2024-09-14,378,Letícia Porto,F,26-35,Sudeste,Lubrificante Sabores Morango,Lubrificantes,59.35,1,0.0,Cartão Crédito,Entregue,App,59.35,2024,9,2024-09,Saturday
1040,2024-11-05,105,Mariah Ribeiro,F,18-25,Nordeste,Cartas Posições Kamasutra,Jogos Adultos,118.03,1,10.0,Cartão Débito,Entregue,Site,106.23,2024,11,2024-11,Tuesday
3050,2024-02-07,85,Emilly da Mota,F,26-35,Norte,Lubrificante Íntimo Aquoso 100ml,Lubrificantes,33.6,1,0.0,Cartão Crédito,Entregue,Marketplace,33.6,2024,2,2024-02,Wednesday
5184,2023-07-07,613,Ana Clara Vieira,F,26-35,Sudeste,Wand Massager Pro,Vibradores,290.57,1,0.0,Cartão Crédito,Entregue,Site,290.57,2023,7,2023-07,Friday
1380,2023-11-10,241,Natália Santos,F,46+,Nordeste,Lingerie Cropped com Bojo,Lingerie,129.4,1,0.0,Cartão Crédito,Entregue,Marketplace,129.4,2023,11,2023-11,Friday
2094,2024-05-15,201,Gabrielly Leão,F,36-45,Sul,Mini Vibrador Discreto,Vibradores,310.62,1,0.0,Pix,Entregue,Marketplace,310.62,2024,5,2024-05,Wednesday
3608,2023-07-25,93,Mirella da Paz,F,26-35,Sudeste,Camisola Sensual Preta,Lingerie,88.67,1,0.0,Cartão Débito,Entregue,App,88.67,2023,7,2023-07,Tuesday
3182,2024-10-13,95,Juan Cunha,M,26-35,Sul,Body Rendado Vermelho,Lingerie,74.87,1,0.0,Cartão Débito,Entregue,Site,74.87,2024,10,2024-10,Sunday
2087,2024-02-17,31,Luara Guerra,F,36-45,Nordeste,Kit Iniciante BDSM 5 Peças,Acessórios BDSM,243.25,1,0.0,Cartão Crédito,Entregue,Site,243.25,2024,2,2024-02,Saturday
4672,2023-02-21,512,Dra. Clara da Costa,F,36-45,Sul,Body Coelhinha Plus Size,Lingerie,76.8,1,0.0,Cartão Crédito,Entregue,App,76.8,2023,2,2023-02,Tuesday
2472,2024-01-23,683,Julia Rezende,F,36-45,Sudeste,Óleo de Massagem Relaxante,Lubrificantes,79.19,1,0.0,Boleto,Entregue,Site,79.19,2024,1,2024-01,Tuesday
427,2023-06-23,159,Zoe Rodrigues,F,46+,Sul,Creme Excitante Feminino,Cosméticos Íntimos,38.02,1,0.0,Pix,Entregue,Site,38.02,2023,6,2023-06,Friday
2068,2023-04-23,83,Evelyn Correia,F,26-35,Nordeste,Vibrador Clássico Silicone,Vibradores,125.1,2,0.0,Cartão Crédito,Entregue,Marketplace,250.2,2023,4,2023-04,Sunday
3405,2023-09-25,358,Sra. Anna Liz Farias,F,36-45,Sudeste,Body Rendado Vermelho,Lingerie,69.1,1,15.0,Cartão Crédito,Entregue,App,58.73,2023,9,2023-09,Monday
5346,2023-06-15,209,Maria Julia Fernandes,F,36-45,Sudeste,Body Rendado Vermelho,Lingerie,113.69,1,0.0,Pix,Entregue,Site,113.69,2023,6,2023-06,Thursday
4880,2024-06-29,437,Sra. Valentina Camargo,F,26-35,Sudeste,Vibrador Rabbit Premium,Vibradores,413.18,2,0.0,Boleto,Entregue,Site,826.36,2024,6,2024-06,Saturday
926,2023-07-12,7,Apollo Novais,M,18-25,Nordeste,Gel Excitante Feminino,Lubrificantes,39.65,2,0.0,Cartão Crédito,Entregue,Site,79.3,2023,7,2023-07,Wednesday
502,2023-06-15,208,Maya Mendonça,F,18-25,Sudeste,Mordaça Silicone,Acessórios BDSM,227.8,1,5.0,Cartão Crédito,Entregue,Site,216.41,2023,6,2023-06,Thursday
2403,2023-11-07,144,Ravy Câmara,M,18-25,Sudeste,Corda de Shibari 5m,Acessórios BDSM,279.48,1,30.0,Cartão Crédito,Entregue,App,195.64,2023,11,2023-11,Tuesday
1505,2023-01-13,131,Daniel Barbosa,M,36-45,Sudeste,Óleo de Massagem Relaxante,Lubrificantes,35.27,2,0.0,Cartão Crédito,Entregue,Site,70.54,2023,1,2023-01,Friday
713,2023-04-10,174,Lívia Borges,F,46+,Sudeste,Lubrificante Íntimo Aquoso 100ml,Lubrificantes,63.75,3,0.0,Boleto,Entregue,Site,191.25,2023,4,2023-04,Monday
1269,2024-10-26,246,João Lucas Machado,M,26-35,Sudeste,Gel Excitante Feminino,Lubrificantes,44.2,2,0.0,Pix,Entregue,App,88.4,2024,10,2024-10,Saturday
2442,2024-09-25,211,Ravi Lucca Cardoso,Não informado,26-35,Sudeste,Vibrador Rabbit Premium,Vibradores,396.13,1,0.0,Cartão Crédito,Entregue,App,396.13,2024,9,2024-09,Wednesday
241,2023-04-29,625,Anna Liz Lopes,F,36-45,Sudeste,Sabonete Íntimo pH Neutro,Cosméticos Íntimos,132.43,3,0.0,Boleto,Entregue,App,397.29,2023,4,2023-04,Saturday
2843,2023-08-31,579,Bruno Freitas,M,18-25,Centro-Oeste,Mordaça Silicone,Acessórios BDSM,56.25,1,0.0,Cartão Crédito,Entregue,App,56.25,2023,8,2023-08,Thursday
712,2024-06-05,243,Dr. Vitor Gabriel Vasconcelos,M,26-35,Sudeste,Cartas Posições Kamasutra,Jogos Adultos,93.27,2,0.0,Pix,Entregue,App,186.54,2024,6,2024-06,Wednesday
4024,2024-03-10,440,Rael Montenegro,M,18-25,Nordeste,Lubrificante Base Silicone,Lubrificantes,66.55,2,20.0,Pix,Entregue,Site,106.48,2024,3,2024-03,Sunday
2820,2024-05-25,122,Daniela da Mata,F,26-35,Sul,Lubrificante Base Silicone,Lubrificantes,67.06,3,0.0,Cartão Crédito,Entregue,Site,201.18,2024,5,2024-05,Saturday
4818,2024-05-06,432,Erick Camargo,M,26-35,Sul,Conjunto Lingerie Boudoir,Lingerie,113.51,1,20.0,Pix,Entregue,Site,90.81,2024,5,2024-05,Monday
4881,2023-08-24,64,Gabriela Silva,F,26-35,Sudeste,Perfume Íntimo Floral,Cosméticos Íntimos,104.05,1,0.0,Cartão Crédito,Entregue,App,104.05,2023,8,2023-08,Thursday
3721,2023-03-09,116,Emanuel Macedo,M,46+,Sudeste,Lubrificante Base Silicone,Lubrificantes,81.35,4,0.0,Boleto,Entregue,Site,325.4,2023,3,2023-03,Thursday
2340,2024-05-06,149,Luiz Fernando Ramos,M,36-45,Nordeste,Dado do Prazer,Jogos Adultos,57.26,2,20.0,Cartão Crédito,Entregue,Site,91.62,2024,5,2024-05,Monday
1477,2023-06-13,418,Lara Andrade,F,26-35,Nordeste,Lubrificante Íntimo Aquoso 250ml,Lubrificantes,34.88,2,0.0,Pix,Entregue,App,69.76,2023,6,2023-06,Tuesday
4440,2024-03-29,77,Maria Luísa Correia,F,46+,Sudeste,Conjunto Lingerie Boudoir,Lingerie,66.5,1,0.0,Pix,Entregue,App,66.5,2024,3,2024-03,Friday
1666,2024-09-27,472,Dr. Arthur Cirino,M,26-35,Sudeste,Cartas Posições Kamasutra,Jogos Adultos,124.51,3,0.0,Cartão Débito,Entregue,App,373.53,2024,9,2024-09,Friday
1486,2024-01-01,126,Ana Júlia Borges,F,36-45,Sudeste,Jogo de Cartas Sexo Quiz,Jogos Adultos,74.08,1,25.0,Pix,Entregue,App,55.56,2024,1,2024-01,Monday
2305,2023-10-28,606,Dra. Bella Vargas,Não informado,26-35,Sul,Fantasia Policial,Lingerie,196.32,1,25.0,Cartão Débito,Entregue,Site,147.24,2023,10,2023-10,Saturday
2441,2024-03-29,218,Lara Sá,F,46+,Sul,Body Coelhinha Plus Size,Lingerie,196.63,1,15.0,Pix,Entregue,App,167.14,2024,3,2024-03,Friday
3888,2023-02-25,269,Dra. Valentina Peixoto,F,18-25,Sul,Vibrador Duplo Prazer,Vibradores,497.97,1,30.0,Boleto,Entregue,Site,348.58,2023,2,2023-02,Saturday
2111,2023-04-13,43,Sra. Ana Luiza Gomes,F,46+,Centro-Oeste,Creme Excitante Feminino,Cosméticos Íntimos,101.55,1,0.0,Pix,Entregue,Site,101.55,2023,4,2023-04,Thursday
2222,2024-10-18,210,Dra. Maria Luiza Silveira,F,26-35,Nordeste,Kit Roleplay Surpresa,Jogos Adultos,81.53,1,5.0,Pix,Entregue,Site,77.45,2024,10,2024-10,Friday
4777,2024-02-10,1,Sr. Apollo Sousa,M,18-25,Sudeste,Creme Retardante Masculino,Cosméticos Íntimos,47.43,1,0.0,Cartão Crédito,Entregue,Site,47.43,2024,2,2024-02,Saturday
4945,2024-09-10,403,Camila Marques,F,26-35,Sudeste,Kit Algemas Veludo,Acessórios BDSM,260.07,1,20.0,Pix,Entregue,Marketplace,208.06,2024,9,2024-09,Tuesday
4259,2023-12-16,121,Cauê Souza,M,26-35,Sul,Sabonete Íntimo pH Neutro,Cosméticos Íntimos,113.65,1,0.0,Cartão Crédito,Entregue,Site,113.65,2023,12,2023-12,Saturday
2894,2023-03-17,282,Kevin Barros,M,36-45,Nordeste,Óleo de Massagem Relaxante,Lubrificantes,56.4,1,0.0,Pix,Entregue,Site,56.4,2023,3,2023-03,Friday
209,2024-12-27,2,Isabelly Câmara,F,36-45,Nordeste,Lubrificante Íntimo Aquoso 250ml,Lubrificantes,41.09,1,0.0,Cartão Débito,Entregue,Site,41.09,2024,12,2024-12,Friday
5414,2024-03-11,15,Julia Aparecida,F,26-35,Sudeste,Creme Excitante Feminino,Cosméticos Íntimos,56.44,1,20.0,Boleto,Entregue,Marketplace,45.15,2024,3,2024-03,Monday
813,2023-10-03,37,Zoe da Luz,F,46+,Centro-Oeste,Gel Excitante Masculino,Lubrificantes,52.15,1,30.0,Pix,Entregue,App,36.5,2023,10,2023-10,Tuesday
249,2024-04-17,681,Dr. Asafe Alves,M,36-45,Sudeste,Gel Excitante Feminino,Lubrificantes,62.78,5,0.0,Pix,Entregue,App,313.9,2024,4,2024-04,Wednesday
545,2023-12-20,257,Sra. Melissa Vieira,F,46+,Sul,Body Rendado Vermelho,Lingerie,144.93,4,0.0,Boleto,Entregue,Site,579.72,2023,12,2023-12,Wednesday
1500,2023-07-07,488,Ryan Moura,M,36-45,Sudeste,Vibrador Ponto G Flex,Vibradores,435.11,2,0.0,Pix,Entregue,App,870.22,2023,7,2023-07,Friday
5456,2024-10-14,68,Benício Fernandes,M,36-45,Sudeste,Vibrador Clássico Silicone,Vibradores,222.84,1,5.0,Pix,Entregue,App,211.7,2024,10,2024-10,Monday
454,2024-01-02,557,Sra. Caroline Peixoto,F,36-45,Sul,Massageador Corporal Wave,Vibradores,270.47,2,15.0,Pix,Entregue,Site,459.8,2024,1,2024-01,Tuesday
2943,2023-02-05,97,Sra. Ana Laura Aragão,F,26-35,Sudeste,Vibrador Duplo Prazer,Vibradores,479.71,1,0.0,Cartão Crédito,Entregue,Marketplace,479.71,2023,2,2023-02,Sunday
4395,2024-04-09,637,Maysa Andrade,F,26-35,Sul,Dominó Erótico,Jogos Adultos,111.57,1,0.0,Pix,Entregue,App,111.57,2024,4,2024-04,Tuesday
4362,2024-12-16,248,Mateus Fernandes,M,26-35,Nordeste,Meia-Calça Rendada,Lingerie,135.64,2,0.0,Pix,Entregue,Marketplace,271.28,2024,12,2024-12,Monday
3409,2024-02-10,77,Maria Luísa Correia,F,46+,Sudeste,Jogo de Cartas Sexo Quiz,Jogos Adultos,40.77,1,0.0,Pix,Devolvido,Marketplace,40.77,2024,2,2024-02,Saturday
1224,2024-06-04,632,Luiz Gustavo Pimenta,M,26-35,Sul,Kit Algemas Veludo,Acessórios BDSM,292.53,4,15.0,Cartão Crédito,Entregue,Site,994.6,2024,6,2024-06,Tuesday
4859,2023-11-01,578,Marcelo da Costa,M,36-45,Sudeste,Lubrificante Sabores Baunilha,Lubrificantes,50.01,1,0.0,Cartão Crédito,Entregue,Site,50.01,2023,11,2023-11,Wednesday
4937,2023-02-18,562,Larissa Sá,Não informado,36-45,Sudeste,Massageador Corporal Wave,Vibradores,117.68,1,0.0,Pix,Entregue,App,117.68,2023,2,2023-02,Saturday
5268,2023-03-21,173,Srta. Antonella da Paz,F,18-25,Sudeste,Lubrificante Íntimo Aquoso 100ml,Lubrificantes,83.42,1,0.0,Pix,Entregue,App,83.42,2023,3,2023-03,Tuesday
103,2024-08-25,104,Asafe Pinto,M,46+,Sudeste,Jogo Tabuleiro Casais,Jogos Adultos,99.16,4,0.0,Cartão Crédito,Entregue,Site,396.64,2024,8,2024-08,Sunday
625,2023-05-10,257,Sra. Melissa Vieira,F,46+,Sul,Lubrificante Íntimo Aquoso 250ml,Lubrificantes,50.81,2,0.0,Cartão Crédito,Entregue,App,101.62,2023,5,2023-05,Wednesday
2485,2024-04-28,169,Giovanna Lopes,F,36-45,Sudeste,Wand Massager Pro,Vibradores,426.74,2,0.0,Pix,Entregue,Site,853.48,2024,4,2024-04,Sunday
2705,2024-11-13,379,José Marques,M,26-35,Sudeste,Vibrador Duplo Prazer,Vibradores,468.34,1,0.0,Pix,Entregue,Site,468.34,2024,11,2024-11,Wednesday
5363,2024-11-05,212,Yasmin Alves,F,18-25,Sudeste,Mordaça Silicone,Acessórios BDSM,192.2,1,0.0,Cartão Crédito,Entregue,Site,192.2,2024,11,2024-11,Tuesday
108,2023-02-27,365,Kaique Alves,M,18-25,Sudeste,Venda para Olhos Satin,Acessórios BDSM,295.78,2,0.0,Pix,Entregue,Site,591.56,2023,2,2023-02,Monday
4756,2023-06-21,492,José Miguel da Rocha,M,26-35,Nordeste,Jogo Tabuleiro Casais,Jogos Adultos,106.21,1,0.0,Pix,Entregue,App,106.21,2023,6,2023-06,Wednesday
30,2024-01-13,14,Aylla Fogaça,F,36-45,Sudeste,Fantasia Enfermeira,Lingerie,163.44,1,0.0,Cartão Débito,Devolvido,App,163.44,2024,1,2024-01,Saturday
5266,2024-06-11,195,Lucas Gabriel Dias,M,18-25,Centro-Oeste,Fantasia Enfermeira,Lingerie,142.42,1,10.0,Pix,Entregue,Site,128.18,2024,6,2024-06,Tuesday
4449,2023-07-28,112,Beatriz Barbosa,F,36-45,Nordeste,Vibrador Clássico Silicone,Vibradores,439.24,1,0.0,Boleto,Entregue,Site,439.24,2023,7,2023-07,Friday
1282,2024-05-14,319,Sra. Ana Carolina Marques,F,36-45,Sudeste,Conjunto Lingerie Boudoir,Lingerie,73.42,2,25.0,Pix,Entregue,App,110.13,2024,5,2024-05,Tuesday
1023,2024-05-20,591,Mariah Porto,F,36-45,Sudeste,Fantasia Policial,Lingerie,146.25,5,15.0,Cartão Crédito,Entregue,Marketplace,621.56,2024,5,2024-05,Monday
240,2024-06-20,55,Agatha Peixoto,F,46+,Nordeste,Lubrificante Íntimo Aquoso 250ml,Lubrificantes,79.23,4,0.0,Pix,Entregue,Site,316.92,2024,6,2024-06,Thursday
2092,2024-09-03,684,Oliver Pinto,M,18-25,Centro-Oeste,Fantasia Policial,Lingerie,155.09,1,5.0,Cartão Crédito,Entregue,Marketplace,147.34,2024,9,2024-09,Tuesday
1411,2023-10-24,64,Gabriela Silva,F,26-35,Sudeste,Vibrador Rabbit Premium,Vibradores,244.42,1,25.0,Boleto,Entregue,Marketplace,183.32,2023,10,2023-10,Tuesday
2293,2023-03-05,65,Maria Liz Rios,F,46+,Sul,Vibrador Duplo Prazer,Vibradores,360.6,3,5.0,Cartão Débito,Devolvido,Site,1027.71,2023,3,2023-03,Sunday
4608,2023-09-19,56,Rebeca Almeida,F,26-35,Sul,Kit Algemas Veludo,Acessórios BDSM,272.14,4,0.0,Pix,Entregue,App,1088.56,2023,9,2023-09,Tuesday
5124,2023-02-11,181,Diogo Rezende,M,46+,Sudeste,Gel Excitante Masculino,Lubrificantes,30.66,2,0.0,Boleto,Entregue,App,61.32,2023,2,2023-02,Saturday
1039,2024-02-03,19,Bernardo Aparecida,M,36-45,Sudeste,Lubrificante Sabores Baunilha,Lubrificantes,76.92,3,0.0,Boleto,Entregue,App,230.76,2024,2,2024-02,Saturday
4841,2023-09-30,661,Amanda Fonseca,F,18-25,Sul,Gel Térmico Sensação Quente,Cosméticos Íntimos,69.38,1,0.0,Boleto,Entregue,Site,69.38,2023,9,2023-09,Saturday
3438,2024-06-25,244,Ravi Lucca Lopes,M,26-35,Sul,Gel Excitante Feminino,Lubrificantes,78.46,2,15.0,Pix,Devolvido,Site,133.38,2024,6,2024-06,Tuesday
2084,2024-12-11,562,Larissa Sá,Não informado,36-45,Sudeste,Massageador Corporal Wave,Vibradores,476.36,1,0.0,Pix,Entregue,Site,476.36,2024,12,2024-12,Wednesday
5448,2023-04-03,259,Maria Luiza Sales,F,18-25,Norte,Vibrador Ponto G Flex,Vibradores,449.71,3,0.0,Boleto,Entregue,Site,1349.13,2023,4,2023-04,Monday
4253,2024-05-24,114,Caroline Ferreira,F,36-45,Sudeste,Meia-Calça Rendada,Lingerie,184.86,1,20.0,Pix,Entregue,App,147.89,2024,5,2024-05,Friday
3956,2024-12-24,496,Sr. Theodoro Novais,M,26-35,Nordeste,Conjunto Lingerie Boudoir,Lingerie,133.96,1,0.0,Pix,Entregue,App,133.96,2024,12,2024-12,Tuesday
4117,2024-01-03,577,Benjamim Gonçalves,M,18-25,Sul,Kit Iniciante BDSM 5 Peças,Acessórios BDSM,171.48,1,0.0,Cartão Débito,Entregue,App,171.48,2024,1,2024-01,Wednesday
970,2023-04-21,176,Diogo Alves,M,46+,Sudeste,Dominó Erótico,Jogos Adultos,125.41,1,0.0,Boleto,Entregue,Site,125.41,2023,4,2023-04,Friday
5357,2023-02-14,52,Sra. Sofia Pereira,F,18-25,Sudeste,Creme Retardante Masculino,Cosméticos Íntimos,84.79,1,0.0,Pix,Entregue,Site,84.79,2023,2,2023-02,Tuesday
200,2024-10-09,389,Sr. Calebe Pires,M,18-25,Sudeste,Lubrificante Íntimo Aquoso 100ml,Lubrificantes,49.06,2,0.0,Cartão Crédito,Entregue,App,98.12,2024,10,2024-10,Wednesday
2118,2024-12-17,255,Samuel Novais,M,26-35,Sul,Vibrador Ponto G Flex,Vibradores,295.03,3,15.0,Pix,Entregue,Marketplace,752.33,2024,12,2024-12,Tuesday
1673,2023-08-19,495,Maria Helena Nascimento,F,36-45,Sudeste,Vibrador Clássico Silicone,Vibradores,373.55,1,0.0,Cartão Crédito,Entregue,App,373.55,2023,8,2023-08,Saturday
3827,2024-07-07,171,Melina Rocha,F,26-35,Nordeste,Body Rendado Vermelho,Lingerie,130.76,1,0.0,Pix,Entregue,Site,130.76,2024,7,2024-07,Sunday
1898,2023-12-09,58,Ana Laura da Costa,F,26-35,Nordeste,Conjunto Lingerie Boudoir,Lingerie,71.47,4,0.0,Cartão Crédito,Entregue,Site,285.88,2023,12,2023-12,Saturday
531,2024-10-29,424,Ayla Ribeiro,F,26-35,Sul,Mordaça Silicone,Acessórios BDSM,274.3,1,0.0,Pix,Entregue,Marketplace,274.3,2024,10,2024-10,Tuesday
5119,2023-10-31,367,Juan Fogaça,M,26-35,Sudeste,Perfume Íntimo Floral,Cosméticos Íntimos,129.86,1,0.0,Boleto,Entregue,Site,129.86,2023,10,2023-10,Tuesday
3528,2023-02-18,368,Marina Casa Grande,F,26-35,Sul,Creme Excitante Feminino,Cosméticos Íntimos,101.72,2,25.0,Pix,Devolvido,Site,152.58,2023,2,2023-02,Saturday
777,2024-05-16,72,Ana Beatriz Farias,F,46+,Norte,Mini Vibrador Discreto,Vibradores,371.32,1,0.0,Pix,Entregue,App,371.32,2024,5,2024-05,Thursday
1616,2024-02-25,293,Maria Luísa Machado,F,46+,Sudeste,Fantasia Enfermeira,Lingerie,99.54,1,0.0,Pix,Entregue,Site,99.54,2024,2,2024-02,Sunday
419,2023-05-27,295,Isabel da Paz,F,36-45,Centro-Oeste,Body Rendado Vermelho,Lingerie,191.05,1,0.0,Pix,Entregue,Site,191.05,2023,5,2023-05,Saturday
1159,2024-11-30,501,Oliver da Rocha,M,46+,Sudeste,Fantasia Enfermeira,Lingerie,170.43,3,0.0,Cartão Débito,Entregue,Marketplace,511.29,2024,11,2024-11,Saturday
5290,2023-04-29,333,Daniela Monteiro,F,26-35,Norte,Body Rendado Vermelho,Lingerie,177.64,2,0.0,Pix,Entregue,Site,355.28,2023,4,2023-04,Saturday
2210,2023-02-16,565,Evelyn Freitas,F,26-35,Sul,Jogo Tabuleiro Casais,Jogos Adultos,61.63,2,0.0,Pix,Entregue,Site,123.26,2023,2,2023-02,Thursday
3622,2023-06-07,69,Heloísa Pastor,F,26-35,Sudeste,Wand Massager Pro,Vibradores,149.11,1,0.0,Boleto,Devolvido,Site,149.11,2023,6,2023-06,Wednesday
2056,2024-09-22,293,Maria Luísa Machado,F,46+,Sudeste,Body Coelhinha Plus Size,Lingerie,106.0,2,25.0,Cartão Crédito,Devolvido,Site,159.0,2024,9,2024-09,Sunday
5411,2024-03-16,307,Pedro Sousa,M,36-45,Sul,Fantasia Enfermeira,Lingerie,113.96,4,0.0,Pix,Entregue,Site,455.84,2024,3,2024-03,Saturday
3205,2023-01-14,299,Ísis Câmara,F,26-35,Sul,Lubrificante Íntimo Aquoso 100ml,Lubrificantes,47.47,1,15.0,Cartão Crédito,Entregue,App,40.35,2023,1,2023-01,Saturday
4265,2024-09-19,286,Letícia Pastor,Não informado,36-45,Sul,Massageador Corporal Wave,Vibradores,174.37,3,0.0,Boleto,Entregue,Marketplace,523.11,2024,9,2024-09,Thursday
4857,2023-05-10,44,Ravi Lucca Moura,M,26-35,Sudeste,Fantasia Enfermeira,Lingerie,124.05,4,0.0,Pix,Entregue,App,496.2,2023,5,2023-05,Wednesday
3430,2023-03-24,237,Mariane Ribeiro,F,18-25,Nordeste,Meia-Calça Rendada,Lingerie,118.88,5,0.0,Boleto,Entregue,Marketplace,594.4,2023,3,2023-03,Friday
5380,2023-12-09,76,Renan da Cruz,M,26-35,Nordeste,Dado do Prazer,Jogos Adultos,65.06,3,0.0,Cartão Crédito,Entregue,Marketplace,195.18,2023,12,2023-12,Saturday
5123,2024-10-06,17,Bruno Novaes,M,26-35,Sudeste,Lubrificante Íntimo Aquoso 100ml,Lubrificantes,85.99,1,0.0,Pix,Entregue,Marketplace,85.99,2024,10,2024-10,Sunday
5369,2023-12-21,381,Cauê da Costa,M,26-35,Sudeste,Perfume Íntimo Floral,Cosméticos Íntimos,68.4,2,0.0,Pix,Entregue,Marketplace,136.8,2023,12,2023-12,Thursday
743,2023-11-22,357,Maitê Pinto,F,46+,Sul,Vibrador Clássico Silicone,Vibradores,497.16,1,10.0,Cartão Crédito,Entregue,Site,447.44,2023,11,2023-11,Wednesday
4249,2023-05-23,236,Ana Cecília Ferreira,F,36-45,Sul,Venda para Olhos Satin,Acessórios BDSM,249.43,1,0.0,Pix,Entregue,Site,249.43,2023,5,2023-05,Tuesday
3894,2024-07-23,153,João Andrade,M,26-35,Sul,Chicote de Couro Soft,Acessórios BDSM,294.47,2,0.0,Pix,Devolvido,Site,588.94,2024,7,2024-07,Tuesday
294,2023-02-25,123,Giovanna Silva,F,36-45,Sudeste,Mini Vibrador Discreto,Vibradores,276.45,1,0.0,Cartão Crédito,Entregue,Marketplace,276.45,2023,2,2023-02,Saturday
372,2023-09-30,6,Helena da Conceição,F,26-35,Sul,Lubrificante Base Silicone,Lubrificantes,55.78,1,0.0,Boleto,Entregue,Site,55.78,2023,9,2023-09,Saturday
3195,2024-09-29,121,Cauê Souza,M,26-35,Sul,Gel Excitante Feminino,Lubrificantes,59.04,2,0.0,Pix,Entregue,App,118.08,2024,9,2024-09,Sunday
5084,2024-02-04,76,Renan da Cruz,M,26-35,Nordeste,Camisola Sensual Preta,Lingerie,128.98,1,20.0,Cartão Crédito,Entregue,App,103.18,2024,2,2024-02,Sunday
3728,2023-10-09,27,Elisa Martins,F,26-35,Sul,Spray Prolongador,Cosméticos Íntimos,51.78,2,0.0,Pix,Entregue,Site,103.56,2023,10,2023-10,Monday
3045,2023-06-05,349,Augusto Dias,M,26-35,Sudeste,Dominó Erótico,Jogos Adultos,48.01,1,15.0,Cartão Crédito,Entregue,Site,40.81,2023,6,2023-06,Monday
965,2024-02-22,94,Ryan Cassiano,M,36-45,Sudeste,Gel Excitante Masculino,Lubrificantes,82.99,1,0.0,Cartão Crédito,Entregue,Marketplace,82.99,2024,2,2024-02,Thursday
1331,2023-07-18,219,José Barros,M,26-35,Sudeste,Venda para Olhos Satin,Acessórios BDSM,175.73,1,20.0,Pix,Entregue,App,140.58,2023,7,2023-07,Tuesday
158,2023-07-24,371,Anna Liz Pimenta,F,26-35,Sul,Gel Excitante Masculino,Lubrificantes,42.31,1,0.0,Cartão Crédito,Entregue,Site,42.31,2023,7,2023-07,Monday
66,2024-02-21,211,Ravi Lucca Cardoso,Não informado,26-35,Sudeste,Corda de Shibari 5m,Acessórios BDSM,143.38,1,5.0,Pix,Entregue,Site,136.21,2024,2,2024-02,Wednesday
3363,2023-02-21,311,Sra. Ana Cecília Teixeira,F,36-45,Sudeste,Mini Vibrador Discreto,Vibradores,112.28,1,5.0,Pix,Entregue,Site,106.67,2023,2,2023-02,Tuesday
246,2024-12-16,599,Sr. Vinicius Fonseca,M,18-25,Sul,Óleo de Massagem Relaxante,Lubrificantes,58.13,4,0.0,Boleto,Entregue,Site,232.52,2024,12,2024-12,Monday
3470,2023-12-29,52,Sra. Sofia Pereira,F,18-25,Sudeste,Óleo de Massagem Relaxante,Lubrificantes,72.77,3,0.0,Pix,Entregue,Marketplace,218.31,2023,12,2023-12,Friday
368,2024-12-03,555,Sofia Vargas,F,18-25,Sul,Gel Térmico Sensação Quente,Cosméticos Íntimos,89.91,2,0.0,Cartão Crédito,Entregue,App,179.82,2024,12,2024-12,Tuesday
2419,2023-06-13,9,Pietro Pastor,M,26-35,Sudeste,Venda para Olhos Satin,Acessórios BDSM,166.24,3,10.0,Cartão Crédito,Entregue,Site,448.85,2023,6,2023-06,Tuesday
3607,2024-05-26,439,Sophie Pastor,F,18-25,Sudeste,Vibrador Ponto G Flex,Vibradores,497.36,3,0.0,Cartão Crédito,Entregue,Marketplace,1492.08,2024,5,2024-05,Sunday
1449,2024-04-30,634,Ana Vitória Rios,F,26-35,Nordeste,Jogo de Cartas Sexo Quiz,Jogos Adultos,89.7,1,5.0,Pix,Devolvido,App,85.22,2024,4,2024-04,Tuesday
3312,2023-04-12,284,Henry Gabriel Vasconcelos,M,36-45,Sudeste,Kit Algemas Veludo,Acessórios BDSM,106.82,1,10.0,Cartão Crédito,Entregue,App,96.14,2023,4,2023-04,Wednesday
1096,2024-01-10,54,Ágatha Vasconcelos,F,18-25,Sul,Mini Vibrador Discreto,Vibradores,243.78,1,30.0,Cartão Crédito,Entregue,Site,170.65,2024,1,2024-01,Wednesday
2088,2024-10-15,284,Henry Gabriel Vasconcelos,M,36-45,Sudeste,Vibrador Clássico Silicone,Vibradores,280.56,1,20.0,Cartão Crédito,Entregue,App,224.45,2024,10,2024-10,Tuesday
2139,2024-05-10,58,Ana Laura da Costa,F,26-35,Nordeste,Jogo Tabuleiro Casais,Jogos Adultos,58.17,2,0.0,Boleto,Entregue,App,116.34,2024,5,2024-05,Friday
3247,2024-02-28,188,Dra. Mariane Novaes,F,26-35,Sudeste,Kit Iniciante BDSM 5 Peças,Acessórios BDSM,204.05,1,30.0,Cartão Crédito,Entregue,Marketplace,142.84,2024,2,2024-02,Wednesday
3632,2023-02-13,46,Dra. Bruna Rodrigues,F,18-25,Nordeste,Fantasia Enfermeira,Lingerie,101.8,1,0.0,Pix,Entregue,Site,101.8,2023,2,2023-02,Monday
3725,2024-04-04,128,Lívia Vargas,F,26-35,Sudeste,Óleo de Massagem Relaxante,Lubrificantes,30.01,1,0.0,Pix,Entregue,Site,30.01,2024,4,2024-04,Thursday
554,2023-08-31,222,Ana Lívia Vasconcelos,F,36-45,Sul,Colar e Guia BDSM,Acessórios BDSM,294.01,2,0.0,Pix,Entregue,App,588.02,2023,8,2023-08,Thursday
1700,2023-04-07,215,Benicio da Luz,M,18-25,Nordeste,Mini Vibrador Discreto,Vibradores,270.32,1,0.0,Pix,Entregue,Site,270.32,2023,4,2023-04,Friday
4318,2024-12-01,12,Eduardo Cunha,Não informado,26-35,Sul,Conjunto Lingerie Boudoir,Lingerie,176.45,2,5.0,Pix,Entregue,App,335.25,2024,12,2024-12,Sunday
5308,2023-08-20,135,Ana Cecília Fogaça,F,46+,Nordeste,Lubrificante Sabores Morango,Lubrificantes,50.11,1,0.0,Cartão Crédito,Entregue,App,50.11,2023,8,2023-08,Sunday
3018,2023-12-28,142,Josué da Mata,M,26-35,Sudeste,Jogo de Cartas Sexo Quiz,Jogos Adultos,92.96,1,0.0,Pix,Entregue,Site,92.96,2023,12,2023-12,Thursday
1457,2023-10-29,308,José Alves,M,36-45,Centro-Oeste,Vibrador Ponto G Flex,Vibradores,215.89,3,0.0,Pix,Entregue,Site,647.67,2023,10,2023-10,Sunday
1201,2023-04-10,367,Juan Fogaça,M,26-35,Sudeste,Lubrificante Base Silicone,Lubrificantes,46.43,1,0.0,Pix,Entregue,Site,46.43,2023,4,2023-04,Monday
3654,2024-04-13,52,Sra. Sofia Pereira,F,18-25,Sudeste,Conjunto Lingerie Boudoir,Lingerie,107.89,1,0.0,Pix,Entregue,Site,107.89,2024,4,2024-04,Saturday
3614,2023-02-06,407,Lunna Pimenta,F,18-25,Sul,Kit Roleplay Surpresa,Jogos Adultos,112.15,3,0.0,Pix,Entregue,Site,336.45,2023,2,2023-02,Monday
4607,2023-02-20,465,Luana Fogaça,F,26-35,Nordeste,Gel Excitante Masculino,Lubrificantes,43.33,1,0.0,Pix,Entregue,App,43.33,2023,2,2023-02,Monday
152,2023-02-06,76,Renan da Cruz,M,26-35,Nordeste,Camisola Sensual Preta,Lingerie,72.06,1,0.0,Cartão Crédito,Entregue,Site,72.06,2023,2,2023-02,Monday
1056,2023-10-15,119,Letícia Ribeiro,Não informado,18-25,Norte,Lubrificante Íntimo Aquoso 250ml,Lubrificantes,88.41,1,0.0,Cartão Crédito,Entregue,Site,88.41,2023,10,2023-10,Sunday
1521,2023-08-29,18,Maria Cecília Oliveira,F,26-35,Centro-Oeste,Óleo de Massagem Relaxante,Lubrificantes,74.43,2,0.0,Cartão Crédito,Entregue,App,148.86,2023,8,2023-08,Tuesday
448,2024-08-24,363,Srta. Maya Brito,F,36-45,Sudeste,Mini Vibrador Discreto,Vibradores,382.35,2,25.0,Pix,Entregue,Site,573.53,2024,8,2024-08,Saturday
4903,2024-11-27,37,Zoe da Luz,F,46+,Centro-Oeste,Chicote de Couro Soft,Acessórios BDSM,265.72,1,10.0,Cartão Crédito,Entregue,Não informado,239.15,2024,11,2024-11,Wednesday
2752,2024-12-10,297,Srta. Julia Viana,F,26-35,Sul,Conjunto Lingerie Boudoir,Lingerie,168.39,3,0.0,Pix,Entregue,App,505.17,2024,12,2024-12,Tuesday
1021,2023-02-15,315,Caleb Melo,M,36-45,Sudeste,Creme Excitante Feminino,Cosméticos Íntimos,83.01,1,10.0,Pix,Entregue,Marketplace,74.71,2023,2,2023-02,Wednesday
4196,2024-06-05,58,Ana Laura da Costa,F,26-35,Nordeste,Conjunto Lingerie Boudoir,Lingerie,169.74,4,0.0,Boleto,Entregue,Site,678.96,2024,6,2024-06,Wednesday
5293,2024-09-21,12,Eduardo Cunha,Não informado,26-35,Sul,Massageador Corporal Wave,Vibradores,489.34,3,0.0,Cartão Débito,Entregue,Site,1468.02,2024,9,2024-09,Saturday
5197,2023-12-25,349,Augusto Dias,M,26-35,Sudeste,Dominó Erótico,Jogos Adultos,123.6,1,0.0,Cartão Débito,Entregue,Site,123.6,2023,12,2023-12,Monday
3548,2023-12-10,180,Dr. Thales Guerra,M,36-45,Sudeste,Lubrificante Base Silicone,Lubrificantes,50.47,1,0.0,Pix,Entregue,App,50.47,2023,12,2023-12,Sunday
1599,2023-05-21,25,Brayan Pereira,M,26-35,Sul,Vibrador Duplo Prazer,Vibradores,133.32,1,0.0,Pix,Entregue,Site,133.32,2023,5,2023-05,Sunday
1098,2024-10-21,58,Ana Laura da Costa,F,26-35,Nordeste,Gel Térmico Sensação Quente,Cosméticos Íntimos,136.15,1,0.0,Cartão Crédito,Entregue,App,136.15,2024,10,2024-10,Monday
4386,2024-10-22,220,Antony Souza,M,18-25,Sudeste,Jogo Tabuleiro Casais,Jogos Adultos,55.2,2,0.0,Boleto,Entregue,Site,110.4,2024,10,2024-10,Tuesday
2690,2023-06-07,142,Josué da Mata,M,26-35,Sudeste,Vibrador Duplo Prazer,Vibradores,346.1,1,0.0,Boleto,Entregue,Marketplace,346.1,2023,6,2023-06,Wednesday
3558,2023-12-10,182,Srta. Bianca Vasconcelos,F,26-35,Nordeste,Body Rendado Vermelho,Lingerie,137.81,1,0.0,Pix,Entregue,Site,137.81,2023,12,2023-12,Sunday
2411,2024-09-22,307,Pedro Sousa,M,36-45,Sul,Vibrador Ponto G Flex,Vibradores,417.26,2,0.0,Pix,Entregue,Site,834.52,2024,9,2024-09,Sunday
5019,2024-04-29,221,Ana Júlia Ferreira,F,26-35,Norte,Conjunto Lingerie Boudoir,Lingerie,74.47,4,0.0,Cartão Crédito,Entregue,Site,297.88,2024,4,2024-04,Monday
2830,2024-05-22,9,Pietro Pastor,M,26-35,Sudeste,Conjunto Lingerie Boudoir,Lingerie,110.32,3,0.0,Pix,Entregue,Site,330.96,2024,5,2024-05,Wednesday
4627,2024-07-28,111,Anthony Marques,M,26-35,Nordeste,Lubrificante Íntimo Aquoso 100ml,Lubrificantes,71.16,2,0.0,Pix,Entregue,Site,142.32,2024,7,2024-07,Sunday
556,2023-06-02,142,Josué da Mata,M,26-35,Sudeste,Vibrador Clássico Silicone,Vibradores,202.18,1,0.0,Pix,Entregue,Marketplace,202.18,2023,6,2023-06,Friday
2506,2023-05-14,33,Luara Cunha,Não informado,26-35,Norte,Body Rendado Vermelho,Lingerie,155.04,1,0.0,Pix,Entregue,Site,155.04,2023,5,2023-05,Sunday
1316,2023-11-12,275,Sr. Samuel Caldeira,M,36-45,Norte,Vibrador Clássico Silicone,Vibradores,392.16,1,0.0,Boleto,Entregue,App,392.16,2023,11,2023-11,Sunday
3625,2023-12-07,80,Nina Siqueira,F,26-35,Sul,Meia-Calça Rendada,Lingerie,139.3,2,0.0,Pix,Entregue,Site,278.6,2023,12,2023-12,Thursday
4815,2024-02-28,378,Letícia Porto,F,26-35,Sudeste,Perfume Íntimo Floral,Cosméticos Íntimos,35.14,1,0.0,Pix,Devolvido,App,35.14,2024,2,2024-02,Wednesday
1906,2023-02-28,63,Otávio Cunha,M,26-35,Sudeste,Body Coelhinha Plus Size,Lingerie,198.27,1,0.0,Cartão Crédito,Entregue,App,198.27,2023,2,2023-02,Tuesday
472,2023-03-13,699,Maria Isis Pimenta,F,36-45,Sudeste,Lubrificante Íntimo Aquoso 100ml,Lubrificantes,40.21,3,0.0,Pix,Entregue,App,120.63,2023,3,2023-03,Monday
2214,2023-02-07,679,Enzo Gabriel Pastor,M,18-25,Nordeste,Vibrador Clássico Silicone,Vibradores,271.26,2,5.0,Cartão Débito,Entregue,Site,515.39,2023,2,2023-02,Tuesday
4328,2023-03-31,737,Rhavi Cavalcante,M,36-45,Sudeste,Gel Excitante Feminino,Lubrificantes,31.31,1,0.0,Cartão Crédito,Entregue,App,31.31,2023,3,2023-03,Friday
4335,2024-12-29,132,Srta. Ísis Andrade,F,18-25,Sudeste,Conjunto Lingerie Boudoir,Lingerie,140.52,1,0.0,Pix,Entregue,Marketplace,140.52,2024,12,2024-12,Sunday
3862,2023-11-21,253,Stella Correia,F,26-35,Sudeste,Gel Excitante Masculino,Lubrificantes,46.13,1,0.0,Cartão Crédito,Entregue,Site,46.13,2023,11,2023-11,Tuesday
3201,2024-04-02,218,Lara Sá,F,46+,Sul,Creme Retardante Masculino,Cosméticos Íntimos,146.42,1,30.0,Pix,Entregue,Marketplace,102.49,2024,4,2024-04,Tuesday
3065,2024-03-21,278,Ana Júlia da Cunha,F,26-35,Sul,Mini Vibrador Discreto,Vibradores,422.54,2,20.0,Pix,Entregue,App,676.06,2024,3,2024-03,Thursday
426,2023-09-21,215,Benicio da Luz,M,18-25,Nordeste,Perfume Íntimo Floral,Cosméticos Íntimos,54.24,1,0.0,Pix,Entregue,Site,54.24,2023,9,2023-09,Thursday
4889,2023-06-22,8,Yago Leão,M,26-35,Sudeste,Wand Massager Pro,Vibradores,119.53,1,0.0,Cartão Crédito,Entregue,Site,119.53,2023,6,2023-06,Thursday
933,2023-10-12,744,Olivia Sousa,F,18-25,Sudeste,Óleo de Massagem Relaxante,Lubrificantes,55.87,4,0.0,Cartão Débito,Entregue,Marketplace,223.48,2023,10,2023-10,Thursday
1345,2023-10-05,353,Beatriz Macedo,F,26-35,Nordeste,Perfume Íntimo Floral,Cosméticos Íntimos,124.25,1,20.0,Pix,Entregue,Site,99.4,2023,10,2023-10,Thursday
4586,2023-07-17,687,Rafaela da Cruz,F,46+,Sul,Lubrificante Íntimo Aquoso 250ml,Lubrificantes,43.08,1,0.0,Cartão Crédito,Entregue,App,43.08,2023,7,2023-07,Monday
3524,2024-08-02,30,Ana Laura da Conceição,F,18-25,Sudeste,Wand Massager Pro,Vibradores,430.35,1,0.0,Pix,Entregue,Site,430.35,2024,8,2024-08,Friday
252,2023-03-04,134,Ana Cecília das Neves,F,26-35,Sudeste,Kit Iniciante BDSM 5 Peças,Acessórios BDSM,275.71,2,0.0,Pix,Entregue,App,551.42,2023,3,2023-03,Saturday
3863,2024-06-19,129,Julia Castro,F,26-35,Sudeste,Lingerie Cropped com Bojo,Lingerie,82.66,3,0.0,Pix,Entregue,Marketplace,247.98,2024,6,2024-06,Wednesday
1320,2023-05-25,18,Maria Cecília Oliveira,F,26-35,Centro-Oeste,Lubrificante Base Silicone,Lubrificantes,34.56,1,0.0,Pix,Entregue,Site,34.56,2023,5,2023-05,Thursday
735,2024-10-20,122,Daniela da Mata,F,26-35,Sul,Vibrador Duplo Prazer,Vibradores,489.99,1,0.0,Boleto,Entregue,Site,489.99,2024,10,2024-10,Sunday
1974,2024-05-06,198,Srta. Hadassa Azevedo,F,26-35,Nordeste,Gel Excitante Masculino,Lubrificantes,79.86,1,0.0,Cartão Crédito,Entregue,Site,79.86,2024,5,2024-05,Monday
5067,2023-10-19,175,Leonardo Câmara,M,36-45,Sul,Meia-Calça Rendada,Lingerie,116.27,4,0.0,Pix,Entregue,App,465.08,2023,10,2023-10,Thursday
228,2023-08-01,137,Luiz Gustavo Vasconcelos,M,26-35,Nordeste,Vibrador Duplo Prazer,Vibradores,233.0,1,0.0,Cartão Crédito,Entregue,Site,233.0,2023,8,2023-08,Tuesday
1659,2024-02-14,139,Srta. Isabela Castro,F,18-25,Sudeste,Óleo de Massagem Relaxante,Lubrificantes,56.96,1,20.0,Pix,Entregue,Site,45.57,2024,2,2024-02,Wednesday
4199,2023-02-16,160,Sr. Luiz Otávio Lopes,M,36-45,Nordeste,Vibrador Duplo Prazer,Vibradores,425.3,2,0.0,Pix,Entregue,App,850.6,2023,2,2023-02,Thursday
4718,2023-12-07,784,Evelyn Camargo,F,26-35,Sudeste,Fantasia Policial,Lingerie,89.62,2,25.0,Cartão Crédito,Devolvido,Site,134.43,2023,12,2023-12,Thursday
4312,2024-04-05,626,Fernando Nogueira,M,36-45,Sudeste,Perfume Íntimo Floral,Cosméticos Íntimos,139.39,1,0.0,Pix,Entregue,Marketplace,139.39,2024,4,2024-04,Friday
3110,2023-09-16,254,Isabella Silveira,F,36-45,Sul,Kit Roleplay Surpresa,Jogos Adultos,43.22,1,15.0,Pix,Entregue,Marketplace,36.74,2023,9,2023-09,Saturday
4316,2023-08-04,55,Agatha Peixoto,F,46+,Nordeste,Lubrificante Íntimo Aquoso 100ml,Lubrificantes,68.19,1,0.0,Cartão Crédito,Entregue,Não informado,68.19,2023,8,2023-08,Friday
4508,2023-12-01,7,Apollo Novais,M,18-25,Nordeste,Mini Vibrador Discreto,Vibradores,385.81,1,0.0,Pix,Entregue,App,385.81,2023,12,2023-12,Friday
3327,2023-08-22,413,Zoe Carvalho,F,26-35,Sudeste,Jogo Tabuleiro Casais,Jogos Adultos,123.03,1,0.0,Boleto,Entregue,Marketplace,123.03,2023,8,2023-08,Tuesday
2723,2024-04-02,389,Sr. Calebe Pires,M,18-25,Sudeste,Wand Massager Pro,Vibradores,125.18,1,20.0,Cartão Crédito,Entregue,Site,100.14,2024,4,2024-04,Tuesday
1047,2023-03-23,74,Raquel Cunha,F,46+,Sul,Óleo de Massagem Relaxante,Lubrificantes,31.14,1,15.0,Pix,Entregue,Site,26.47,2023,3,2023-03,Thursday
3679,2023-09-03,411,Ana Carolina da Rosa,F,36-45,Sul,Wand Massager Pro,Vibradores,255.96,2,0.0,Cartão Crédito,Entregue,App,511.92,2023,9,2023-09,Sunday
5393,2024-11-26,495,Maria Helena Nascimento,F,36-45,Sudeste,Vibrador Ponto G Flex,Vibradores,185.46,1,30.0,Cartão Débito,Entregue,Marketplace,129.82,2024,11,2024-11,Tuesday
2821,2024-12-01,594,Allana Pires,F,46+,Nordeste,Massageador Corporal Wave,Vibradores,102.21,3,0.0,Cartão Crédito,Entregue,Site,306.63,2024,12,2024-12,Sunday
3465,2023-03-28,55,Agatha Peixoto,F,46+,Nordeste,Kit Cuidados Íntimos,Cosméticos Íntimos,52.2,3,0.0,Pix,Entregue,Marketplace,156.6,2023,3,2023-03,Tuesday
5361,2023-04-12,248,Mateus Fernandes,M,26-35,Nordeste,Lubrificante Íntimo Aquoso 100ml,Lubrificantes,53.47,1,0.0,Cartão Crédito,Devolvido,Site,53.47,2023,4,2023-04,Wednesday
293,2023-11-30,436,Ana Júlia Cardoso,F,36-45,Sudeste,Vibrador Rabbit Premium,Vibradores,130.11,2,20.0,Boleto,Entregue,App,208.18,2023,11,2023-11,Thursday
1943,2024-06-22,394,Emanuella Costa,F,36-45,Nordeste,Sabonete Íntimo pH Neutro,Cosméticos Íntimos,85.74,1,0.0,Cartão Débito,Entregue,Site,85.74,2024,6,2024-06,Saturday
4823,2024-08-24,130,Sra. Mariane Novais,F,46+,Nordeste,Meia-Calça Rendada,Lingerie,173.78,2,0.0,Pix,Entregue,Marketplace,347.56,2024,8,2024-08,Saturday
2642,2023-02-10,31,Luara Guerra,F,36-45,Nordeste,Lubrificante Íntimo Aquoso 100ml,Lubrificantes,48.56,1,10.0,Cartão Crédito,Entregue,App,43.7,2023,2,2023-02,Friday
321,2024-05-17,215,Benicio da Luz,M,18-25,Nordeste,Corda de Shibari 5m,Acessórios BDSM,196.2,1,10.0,Pix,Entregue,Site,176.58,2024,5,2024-05,Friday
5458,2024-01-30,136,Isadora Rios,F,18-25,Sul,Fantasia Enfermeira,Lingerie,129.44,1,0.0,Cartão Débito,Entregue,App,129.44,2024,1,2024-01,Tuesday
4341,2024-03-18,160,Sr. Luiz Otávio Lopes,M,36-45,Nordeste,Corda de Shibari 5m,Acessórios BDSM,165.0,1,0.0,Pix,Entregue,Site,165.0,2024,3,2024-03,Monday
3568,2024-12-28,291,Eduarda da Costa,F,36-45,Sudeste,Vibrador Ponto G Flex,Vibradores,284.58,1,0.0,Cartão Crédito,Entregue,Site,284.58,2024,12,2024-12,Saturday
5371,2023-05-12,133,Clara Lopes,F,26-35,Sul,Body Coelhinha Plus Size,Lingerie,136.08,1,0.0,Cartão Débito,Entregue,Marketplace,136.08,2023,5,2023-05,Friday
5095,2023-07-13,13,Cauã Borges,M,36-45,Nordeste,Kit Cuidados Íntimos,Cosméticos Íntimos,35.75,2,10.0,Cartão Crédito,Entregue,Site,64.35,2023,7,2023-07,Thursday
2518,2023-12-24,176,Diogo Alves,M,46+,Sudeste,Body Coelhinha Plus Size,Lingerie,98.41,1,0.0,Pix,Entregue,App,98.41,2023,12,2023-12,Sunday
4404,2024-04-05,122,Daniela da Mata,F,26-35,Sul,Spray Prolongador,Cosméticos Íntimos,61.12,1,30.0,Cartão Crédito,Devolvido,Site,42.78,2024,4,2024-04,Friday
4895,2023-08-05,134,Ana Cecília das Neves,F,26-35,Sudeste,Mini Vibrador Discreto,Vibradores,285.3,1,10.0,Cartão Crédito,Entregue,Marketplace,256.77,2023,8,2023-08,Saturday
3117,2024-12-14,349,Augusto Dias,M,26-35,Sudeste,Vibrador Clássico Silicone,Vibradores,151.93,1,0.0,Cartão Crédito,Entregue,App,151.93,2024,12,2024-12,Saturday
1863,2024-02-27,55,Agatha Peixoto,F,46+,Nordeste,Massageador Corporal Wave,Vibradores,457.06,3,0.0,Pix,Entregue,App,1371.18,2024,2,2024-02,Tuesday
1955,2023-07-01,794,Alana da Luz,F,36-45,Sudeste,Colar e Guia BDSM,Acessórios BDSM,235.5,1,0.0,Cartão Crédito,Entregue,Site,235.5,2023,7,2023-07,Saturday
4146,2024-01-06,279,Danilo Azevedo,M,26-35,Sul,Lubrificante Sabores Morango,Lubrificantes,61.08,1,0.0,Cartão Débito,Entregue,Site,61.08,2024,1,2024-01,Saturday
1790,2023-08-03,198,Srta. Hadassa Azevedo,F,26-35,Nordeste,Vibrador Rabbit Premium,Vibradores,353.01,1,0.0,Cartão Débito,Entregue,Site,353.01,2023,8,2023-08,Thursday
2229,2024-02-27,98,Rhavi Montenegro,M,36-45,Sudeste,Spray Prolongador,Cosméticos Íntimos,118.23,1,0.0,Cartão Débito,Entregue,App,118.23,2024,2,2024-02,Tuesday
2528,2024-06-30,665,Pietra Moura,F,36-45,Nordeste,Kit Roleplay Surpresa,Jogos Adultos,50.25,1,0.0,Cartão Crédito,Entregue,App,50.25,2024,6,2024-06,Sunday
3775,2024-04-01,285,Maria Helena Machado,F,36-45,Centro-Oeste,Óleo de Massagem Relaxante,Lubrificantes,50.68,1,0.0,Pix,Entregue,App,50.68,2024,4,2024-04,Monday
506,2023-07-16,50,João Montenegro,M,26-35,Sudeste,Jogo Tabuleiro Casais,Jogos Adultos,79.57,3,0.0,Cartão Crédito,Entregue,Site,238.71,2023,7,2023-07,Sunday
5257,2023-10-06,20,Sr. João Vitor Barros,M,18-25,Sudeste,Lubrificante Sabores Baunilha,Lubrificantes,30.12,3,20.0,Cartão Crédito,Entregue,Marketplace,72.29,2023,10,2023-10,Friday
908,2024-12-11,115,Isabelly Freitas,F,18-25,Sudeste,Camisola Sensual Preta,Lingerie,98.16,2,0.0,Pix,Entregue,App,196.32,2024,12,2024-12,Wednesday
590,2023-12-10,46,Dra. Bruna Rodrigues,F,18-25,Nordeste,Lubrificante Íntimo Aquoso 250ml,Lubrificantes,33.82,2,15.0,Pix,Entregue,Marketplace,57.49,2023,12,2023-12,Sunday
2619,2024-11-16,460,Aylla Souza,Não informado,26-35,Sudeste,Lubrificante Sabores Morango,Lubrificantes,42.28,1,5.0,Pix,Entregue,Site,40.17,2024,11,2024-11,Saturday
3321,2023-02-16,215,Benicio da Luz,M,18-25,Nordeste,Mini Vibrador Discreto,Vibradores,368.19,1,5.0,Boleto,Entregue,App,349.78,2023,2,2023-02,Thursday
107,2024-12-28,145,Natália Ferreira,F,46+,Sul,Fantasia Enfermeira,Lingerie,182.75,1,0.0,Pix,Entregue,Site,182.75,2024,12,2024-12,Saturday
4680,2024-09-10,266,Sr. Levi Campos,M,26-35,Centro-Oeste,Óleo de Massagem Relaxante,Lubrificantes,55.67,1,0.0,Boleto,Entregue,Site,55.67,2024,9,2024-09,Tuesday
738,2024-10-29,428,Giovanna Pastor,F,36-45,Sudeste,Óleo de Massagem Relaxante,Lubrificantes,60.77,3,5.0,Cartão Débito,Entregue,Site,173.19,2024,10,2024-10,Tuesday
4521,2023-02-04,486,Théo Camargo,Não informado,26-35,Sudeste,Chicote de Couro Soft,Acessórios BDSM,149.16,4,0.0,Boleto,Entregue,App,596.64,2023,2,2023-02,Saturday
5368,2023-02-13,128,Lívia Vargas,F,26-35,Sudeste,Meia-Calça Rendada,Lingerie,193.54,1,0.0,Pix,Entregue,Site,193.54,2023,2,2023-02,Monday
1841,2024-07-19,128,Lívia Vargas,F,26-35,Sudeste,Lubrificante Íntimo Aquoso 100ml,Lubrificantes,60.62,1,25.0,Cartão Crédito,Entregue,Marketplace,45.46,2024,7,2024-07,Friday
1221,2024-09-17,649,Pietro Cunha,M,26-35,Norte,Vibrador Duplo Prazer,Vibradores,427.14,1,30.0,Pix,Entregue,Site,299.0,2024,9,2024-09,Tuesday
2689,2023-11-15,185,Isadora Campos,F,36-45,Nordeste,Wand Massager Pro,Vibradores,377.63,1,15.0,Pix,Entregue,App,320.99,2023,11,2023-11,Wednesday
5337,2024-07-26,113,Hadassa Montenegro,F,36-45,Sul,Conjunto Lingerie Boudoir,Lingerie,122.26,3,0.0,Cartão Débito,Entregue,Site,366.78,2024,7,2024-07,Friday
1653,2024-12-17,85,Emilly da Mota,F,26-35,Norte,Lubrificante Sabores Morango,Lubrificantes,76.63,1,0.0,Pix,Entregue,App,76.63,2024,12,2024-12,Tuesday
1034,2023-06-11,36,Josué Souza,M,18-25,Sul,Conjunto Lingerie Boudoir,Lingerie,129.4,1,0.0,Pix,Entregue,Site,129.4,2023,6,2023-06,Sunday
2388,2024-10-08,246,João Lucas Machado,M,26-35,Sudeste,Perfume Íntimo Floral,Cosméticos Íntimos,57.17,1,25.0,Pix,Entregue,Marketplace,42.88,2024,10,2024-10,Tuesday
2219,2024-06-02,502,Nathan Almeida,M,36-45,Sudeste,Body Coelhinha Plus Size,Lingerie,170.89,3,25.0,Pix,Entregue,App,384.5,2024,6,2024-06,Sunday
417,2023-05-11,96,Vitor Hugo Araújo,M,36-45,Sudeste,Lubrificante Íntimo Aquoso 250ml,Lubrificantes,71.57,1,0.0,Não informado,Entregue,Marketplace,71.57,2023,5,2023-05,Thursday
979,2023-08-17,186,Davi Luiz Martins,M,18-25,Norte,Meia-Calça Rendada,Lingerie,91.92,1,5.0,Pix,Entregue,App,87.32,2023,8,2023-08,Thursday
1771,2024-03-01,168,Agatha da Rosa,F,26-35,Sul,Lubrificante Sabores Baunilha,Lubrificantes,89.3,1,5.0,Pix,Entregue,Site,84.84,2024,3,2024-03,Friday
479,2023-09-16,697,Rael da Cruz,M,26-35,Nordeste,Vibrador Clássico Silicone,Vibradores,119.91,2,20.0,Pix,Entregue,Site,191.86,2023,9,2023-09,Saturday
731,2024-11-02,50,João Montenegro,M,26-35,Sudeste,Chicote de Couro Soft,Acessórios BDSM,265.4,1,0.0,Cartão Crédito,Entregue,Site,265.4,2024,11,2024-11,Saturday
180,2023-05-30,42,Eduarda Vieira,F,18-25,Sudeste,Kit Algemas Veludo,Acessórios BDSM,185.7,1,15.0,Boleto,Entregue,Site,157.84,2023,5,2023-05,Tuesday
808,2024-09-07,593,Sara Peixoto,F,18-25,Nordeste,Fantasia Policial,Lingerie,130.92,1,15.0,Pix,Entregue,Site,111.28,2024,9,2024-09,Saturday
4333,2023-10-11,158,Maya Abreu,F,26-35,Sudeste,Dado do Prazer,Jogos Adultos,93.77,2,0.0,Cartão Crédito,Entregue,App,187.54,2023,10,2023-10,Wednesday
1648,2024-03-07,440,Rael Montenegro,M,18-25,Nordeste,Kit Roleplay Surpresa,Jogos Adultos,65.15,1,20.0,Cartão Crédito,Entregue,Site,52.12,2024,3,2024-03,Thursday
5224,2024-11-03,121,Cauê Souza,M,26-35,Sul,Wand Massager Pro,Vibradores,335.58,1,0.0,Cartão Débito,Entregue,Site,335.58,2024,11,2024-11,Sunday
1584,2024-07-17,187,Dr. Pedro Miguel Pimenta,M,26-35,Sudeste,Body Coelhinha Plus Size,Lingerie,163.24,1,0.0,Pix,Entregue,Site,163.24,2024,7,2024-07,Wednesday
2916,2024-06-30,288,Ana Liz Pimenta,F,36-45,Centro-Oeste,Gel Excitante Feminino,Lubrificantes,31.18,1,0.0,Pix,Entregue,App,31.18,2024,6,2024-06,Sunday
2643,2024-04-26,391,Ana Beatriz Pacheco,F,18-25,Sudeste,Sabonete Íntimo pH Neutro,Cosméticos Íntimos,135.7,3,0.0,Pix,Entregue,App,407.1,2024,4,2024-04,Friday
498,2024-04-19,23,Elisa Freitas,F,18-25,Sudeste,Óleo de Massagem Relaxante,Lubrificantes,34.22,1,0.0,Pix,Entregue,Site,34.22,2024,4,2024-04,Friday
706,2024-01-06,763,João Gabriel Novais,M,26-35,Nordeste,Lubrificante Íntimo Aquoso 250ml,Lubrificantes,71.48,1,20.0,Pix,Entregue,App,57.18,2024,1,2024-01,Saturday
2514,2023-12-15,194,João Pedro da Costa,M,26-35,Nordeste,Lingerie Cropped com Bojo,Lingerie,165.51,1,15.0,Cartão Crédito,Entregue,Marketplace,140.68,2023,12,2023-12,Friday
3552,2023-08-16,41,Benicio Camargo,M,26-35,Nordeste,Massageador Corporal Wave,Vibradores,289.84,1,0.0,Cartão Crédito,Entregue,Site,289.84,2023,8,2023-08,Wednesday
1546,2024-06-24,180,Dr. Thales Guerra,M,36-45,Sudeste,Venda para Olhos Satin,Acessórios BDSM,174.07,1,25.0,Pix,Devolvido,Site,130.55,2024,6,2024-06,Monday
473,2023-07-31,13,Cauã Borges,M,36-45,Nordeste,Vibrador Ponto G Flex,Vibradores,425.24,2,0.0,Cartão Crédito,Entregue,Site,850.48,2023,7,2023-07,Monday
3166,2024-12-01,184,Dra. Nicole Aragão,F,36-45,Sul,Lubrificante Sabores Baunilha,Lubrificantes,64.5,2,0.0,Cartão Crédito,Entregue,App,129.0,2024,12,2024-12,Sunday
3170,2024-06-14,144,Ravy Câmara,M,18-25,Sudeste,Óleo de Massagem Relaxante,Lubrificantes,46.02,1,0.0,Pix,Entregue,App,46.02,2024,6,2024-06,Friday
2174,2024-12-09,478,Mirella Fernandes,F,36-45,Sul,Chicote de Couro Soft,Acessórios BDSM,173.94,1,20.0,Cartão Crédito,Entregue,App,139.15,2024,12,2024-12,Monday
5324,2024-09-05,796,Luísa da Rosa,F,36-45,Sudeste,Meia-Calça Rendada,Lingerie,154.58,1,0.0,Pix,Entregue,Site,154.58,2024,9,2024-09,Thursday
474,2024-12-02,531,Luigi Silva,M,36-45,Sudeste,Vibrador Rabbit Premium,Vibradores,272.65,3,0.0,Pix,Entregue,App,817.95,2024,12,2024-12,Monday
839,2024-08-07,234,Dra. Isabelly Caldeira,F,36-45,Centro-Oeste,Vibrador Rabbit Premium,Vibradores,420.13,1,0.0,Cartão Crédito,Entregue,Site,420.13,2024,8,2024-08,Wednesday
1644,2023-03-09,261,Léo Melo,M,26-35,Nordeste,Lubrificante Base Silicone,Lubrificantes,65.94,1,0.0,Boleto,Entregue,Site,65.94,2023,3,2023-03,Thursday
1832,2024-08-29,247,Nicole Nunes,F,26-35,Nordeste,Corda de Shibari 5m,Acessórios BDSM,282.27,1,0.0,Cartão Débito,Entregue,Site,282.27,2024,8,2024-08,Thursday
1182,2024-04-25,115,Isabelly Freitas,F,18-25,Sudeste,Gel Excitante Feminino,Lubrificantes,41.8,2,25.0,Cartão Crédito,Devolvido,Marketplace,62.7,2024,4,2024-04,Thursday
4478,2023-02-13,122,Daniela da Mata,F,26-35,Sul,Lubrificante Íntimo Aquoso 250ml,Lubrificantes,71.96,1,0.0,Boleto,Entregue,App,71.96,2023,2,2023-02,Monday
3414,2024-08-13,123,Giovanna Silva,F,36-45,Sudeste,Gel Térmico Sensação Quente,Cosméticos Íntimos,62.99,3,0.0,Pix,Entregue,Site,188.97,2024,8,2024-08,Tuesday
5355,2024-09-14,206,Dra. Ísis Pereira,F,36-45,Sudeste,Conjunto Lingerie Boudoir,Lingerie,110.86,1,20.0,Cartão Crédito,Entregue,Site,88.69,2024,9,2024-09,Saturday
337,2024-11-21,477,Dra. Helena Garcia,F,18-25,Nordeste,Vibrador Ponto G Flex,Vibradores,304.19,2,0.0,Pix,Entregue,Marketplace,608.38,2024,11,2024-11,Thursday
3791,2024-04-22,67,Bárbara da Cruz,Não informado,36-45,Norte,Meia-Calça Rendada,Lingerie,142.53,1,0.0,Pix,Entregue,Site,142.53,2024,4,2024-04,Monday
2466,2023-12-23,63,Otávio Cunha,M,26-35,Sudeste,Massageador Corporal Wave,Vibradores,147.98,5,0.0,Pix,Entregue,Site,739.9,2023,12,2023-12,Saturday
5239,2023-11-27,11,Otávio Fernandes,M,36-45,Sul,Conjunto Lingerie Boudoir,Lingerie,83.08,1,5.0,Boleto,Entregue,Site,78.93,2023,11,2023-11,Monday
2861,2023-05-24,493,Dante Abreu,M,18-25,Sul,Massageador Corporal Wave,Vibradores,242.2,1,0.0,Cartão Crédito,Entregue,Site,242.2,2023,5,2023-05,Wednesday
3648,2023-08-27,154,Maya Ferreira,F,18-25,Sudeste,Sabonete Íntimo pH Neutro,Cosméticos Íntimos,38.34,1,30.0,Pix,Entregue,Site,26.84,2023,8,2023-08,Sunday
2390,2024-07-29,307,Pedro Sousa,M,36-45,Sul,Jogo Tabuleiro Casais,Jogos Adultos,113.07,1,0.0,Pix,Entregue,App,113.07,2024,7,2024-07,Monday
4373,2024-08-31,15,Julia Aparecida,F,26-35,Sudeste,Spray Prolongador,Cosméticos Íntimos,105.86,1,0.0,Boleto,Entregue,Site,105.86,2024,8,2024-08,Saturday
487,2024-01-13,13,Cauã Borges,M,36-45,Nordeste,Jogo Tabuleiro Casais,Jogos Adultos,67.04,2,5.0,Cartão Crédito,Entregue,Marketplace,127.38,2024,1,2024-01,Saturday
1362,2024-04-15,66,Dr. Pedro Lucas Moreira,M,26-35,Sudeste,Mini Vibrador Discreto,Vibradores,294.01,4,10.0,Boleto,Entregue,Site,1058.44,2024,4,2024-04,Monday
287,2023-06-11,171,Melina Rocha,F,26-35,Nordeste,Lubrificante Íntimo Aquoso 100ml,Lubrificantes,30.33,4,25.0,Boleto,Entregue,Marketplace,90.99,2023,6,2023-06,Sunday
4569,2023-12-28,42,Eduarda Vieira,F,18-25,Sudeste,Vibrador Ponto G Flex,Vibradores,471.54,3,0.0,Pix,Entregue,App,1414.62,2023,12,2023-12,Thursday
5121,2023-03-07,106,Vicente Dias,M,26-35,Sul,Fantasia Policial,Lingerie,160.68,2,0.0,Pix,Entregue,Marketplace,321.36,2023,3,2023-03,Tuesday
3719,2024-07-03,160,Sr. Luiz Otávio Lopes,M,36-45,Nordeste,Massageador Corporal Wave,Vibradores,498.5,2,0.0,Cartão Débito,Entregue,Site,997.0,2024,7,2024-07,Wednesday
255,2024-01-03,52,Sra. Sofia Pereira,F,18-25,Sudeste,Lubrificante Íntimo Aquoso 100ml,Lubrificantes,44.01,2,0.0,Pix,Entregue,Site,88.02,2024,1,2024-01,Wednesday
4021,2023-12-26,145,Natália Ferreira,F,46+,Sul,Chicote de Couro Soft,Acessórios BDSM,66.47,1,0.0,Pix,Entregue,App,66.47,2023,12,2023-12,Tuesday
1194,2024-04-26,259,Maria Luiza Sales,F,18-25,Norte,Meia-Calça Rendada,Lingerie,72.91,4,0.0,Pix,Entregue,Site,291.64,2024,4,2024-04,Friday
4926,2024-05-14,83,Evelyn Correia,F,26-35,Nordeste,Meia-Calça Rendada,Lingerie,126.55,3,0.0,Pix,Entregue,App,379.65,2024,5,2024-05,Tuesday
3317,2023-03-27,180,Dr. Thales Guerra,M,36-45,Sudeste,Lingerie Cropped com Bojo,Lingerie,114.81,3,0.0,Pix,Entregue,Site,344.43,2023,3,2023-03,Monday
2728,2023-05-01,72,Ana Beatriz Farias,F,46+,Norte,Óleo de Massagem Relaxante,Lubrificantes,89.31,5,0.0,Pix,Entregue,App,446.55,2023,5,2023-05,Monday
2100,2023-06-20,138,Nicolas Pinto,M,36-45,Sudeste,Camisola Sensual Preta,Lingerie,105.02,1,0.0,Cartão Débito,Entregue,App,105.02,2023,6,2023-06,Tuesday
4715,2024-07-14,195,Lucas Gabriel Dias,M,18-25,Centro-Oeste,Body Coelhinha Plus Size,Lingerie,170.24,1,0.0,Pix,Entregue,Site,170.24,2024,7,2024-07,Sunday
5242,2023-02-02,150,Maria Liz Rocha,F,36-45,Sul,Vibrador Clássico Silicone,Vibradores,194.79,2,0.0,Cartão Débito,Entregue,Site,389.58,2023,2,2023-02,Thursday
4300,2023-08-03,243,Dr. Vitor Gabriel Vasconcelos,M,26-35,Sudeste,Gel Excitante Feminino,Lubrificantes,38.16,4,0.0,Cartão Crédito,Entregue,Site,152.64,2023,8,2023-08,Thursday
894,2023-09-25,139,Srta. Isabela Castro,F,18-25,Sudeste,Wand Massager Pro,Vibradores,453.0,1,0.0,Boleto,Entregue,App,453.0,2023,9,2023-09,Monday
627,2024-05-14,169,Giovanna Lopes,F,36-45,Sudeste,Gel Excitante Masculino,Lubrificantes,78.85,2,0.0,Pix,Entregue,Site,157.7,2024,5,2024-05,Tuesday
3835,2024-09-01,168,Agatha da Rosa,F,26-35,Sul,Vibrador Duplo Prazer,Vibradores,248.93,2,0.0,Cartão Crédito,Entregue,Site,497.86,2024,9,2024-09,Sunday
1537,2024-11-26,56,Rebeca Almeida,F,26-35,Sul,Lubrificante Base Silicone,Lubrificantes,53.55,5,0.0,Boleto,Entregue,Site,267.75,2024,11,2024-11,Tuesday
1127,2023-08-14,26,Srta. Yasmin Siqueira,F,46+,Sul,Fantasia Policial,Lingerie,150.93,3,0.0,Cartão Crédito,Entregue,Site,452.79,2023,8,2023-08,Monday
5079,2023-05-12,180,Dr. Thales Guerra,M,36-45,Sudeste,Lubrificante Íntimo Aquoso 250ml,Lubrificantes,70.92,2,0.0,Pix,Entregue,Site,141.84,2023,5,2023-05,Friday
897,2023-06-06,96,Vitor Hugo Araújo,M,36-45,Sudeste,Creme Excitante Feminino,Cosméticos Íntimos,75.16,1,0.0,Pix,Entregue,Site,75.16,2023,6,2023-06,Tuesday
2810,2023-08-26,332,Bruna Martins,F,46+,Sudeste,Body Rendado Vermelho,Lingerie,71.69,3,0.0,Cartão Crédito,Entregue,Site,215.07,2023,8,2023-08,Saturday
1184,2023-05-28,606,Dra. Bella Vargas,Não informado,26-35,Sul,Vibrador Duplo Prazer,Vibradores,239.01,4,25.0,Pix,Entregue,Site,717.03,2023,5,2023-05,Sunday
4854,2024-08-30,116,Emanuel Macedo,M,46+,Sudeste,Kit Algemas Veludo,Acessórios BDSM,72.34,2,0.0,Cartão Crédito,Entregue,Site,144.68,2024,8,2024-08,Friday
2408,2023-09-09,68,Benício Fernandes,M,36-45,Sudeste,Kit Iniciante BDSM 5 Peças,Acessórios BDSM,207.78,2,0.0,Cartão Crédito,Entregue,App,415.56,2023,9,2023-09,Saturday
3555,2023-11-26,44,Ravi Lucca Moura,M,26-35,Sudeste,Mini Vibrador Discreto,Vibradores,294.4,2,10.0,Pix,Entregue,Marketplace,529.92,2023,11,2023-11,Sunday
4885,2023-04-04,33,Luara Cunha,Não informado,26-35,Norte,Lubrificante Sabores Baunilha,Lubrificantes,38.21,1,0.0,Cartão Crédito,Entregue,Marketplace,38.21,2023,4,2023-04,Tuesday
5375,2024-07-31,180,Dr. Thales Guerra,M,36-45,Sudeste,Gel Excitante Masculino,Lubrificantes,42.01,1,0.0,Boleto,Entregue,Marketplace,42.01,2024,7,2024-07,Wednesday
4050,2024-06-07,63,Otávio Cunha,M,26-35,Sudeste,Gel Excitante Feminino,Lubrificantes,71.83,1,10.0,Pix,Entregue,Marketplace,64.65,2024,6,2024-06,Friday
3353,2023-10-04,559,Eloah Silveira,F,26-35,Sul,Lingerie Cropped com Bojo,Lingerie,84.51,1,0.0,Pix,Devolvido,Marketplace,84.51,2023,10,2023-10,Wednesday
5106,2024-03-11,32,Ana Luiza Cunha,F,18-25,Sudeste,Venda para Olhos Satin,Acessórios BDSM,165.88,3,15.0,Boleto,Entregue,Site,422.99,2024,3,2024-03,Monday
1972,2024-01-28,447,Diogo Azevedo,M,26-35,Sul,Lubrificante Íntimo Aquoso 250ml,Lubrificantes,32.52,1,0.0,Cartão Débito,Entregue,Site,32.52,2024,1,2024-01,Sunday
1351,2024-12-03,494,Pedro Cavalcanti,M,26-35,Sudeste,Lubrificante Sabores Morango,Lubrificantes,85.09,1,0.0,Pix,Entregue,Site,85.09,2024,12,2024-12,Tuesday
2535,2024-03-13,349,Augusto Dias,M,26-35,Sudeste,Óleo de Massagem Relaxante,Lubrificantes,61.56,2,0.0,Pix,Entregue,Site,123.12,2024,3,2024-03,Wednesday
3549,2024-12-12,100,Anna Liz Cirino,F,18-25,Centro-Oeste,Gel Excitante Feminino,Lubrificantes,70.73,2,0.0,Cartão Crédito,Entregue,Site,141.46,2024,12,2024-12,Thursday
3025,2024-07-25,17,Bruno Novaes,M,26-35,Sudeste,Vibrador Clássico Silicone,Vibradores,353.29,1,25.0,Cartão Crédito,Entregue,Site,264.97,2024,7,2024-07,Thursday
4619,2024-07-01,100,Anna Liz Cirino,F,18-25,Centro-Oeste,Body Rendado Vermelho,Lingerie,154.33,1,0.0,Cartão Crédito,Entregue,Marketplace,154.33,2024,7,2024-07,Monday
229,2023-03-31,532,Thiago Ramos,M,26-35,Sudeste,Lubrificante Base Silicone,Lubrificantes,39.58,1,0.0,Cartão Crédito,Entregue,App,39.58,2023,3,2023-03,Friday
4897,2024-02-04,45,Yuri Albuquerque,M,46+,Sudeste,Chicote de Couro Soft,Acessórios BDSM,145.64,1,0.0,Boleto,Entregue,Site,145.64,2024,2,2024-02,Sunday
3685,2023-11-08,299,Ísis Câmara,F,26-35,Sul,Gel Excitante Feminino,Lubrificantes,70.08,2,20.0,Cartão Crédito,Entregue,App,112.13,2023,11,2023-11,Wednesday
3480,2023-04-30,141,Lívia Viana,F,36-45,Sudeste,Sabonete Íntimo pH Neutro,Cosméticos Íntimos,133.97,2,0.0,Pix,Entregue,Site,267.94,2023,4,2023-04,Sunday
18,2023-08-11,202,Antônio Teixeira,M,36-45,Sul,Wand Massager Pro,Vibradores,140.39,2,0.0,Pix,Entregue,Site,280.78,2023,8,2023-08,Friday
4706,2024-03-19,150,Maria Liz Rocha,F,36-45,Sul,Dominó Erótico,Jogos Adultos,69.36,1,20.0,Cartão Crédito,Entregue,Marketplace,55.49,2024,3,2024-03,Tuesday
5463,2024-06-04,20,Sr. João Vitor Barros,M,18-25,Sudeste,Sabonete Íntimo pH Neutro,Cosméticos Íntimos,143.9,1,0.0,Boleto,Entregue,Site,143.9,2024,6,2024-06,Tuesday
1718,2024-12-24,313,Sra. Lara Cirino,F,46+,Nordeste,Vibrador Duplo Prazer,Vibradores,344.19,1,0.0,Boleto,Entregue,Marketplace,344.19,2024,12,2024-12,Tuesday
444,2023-09-11,127,Sra. Kamilly Aparecida,F,36-45,Nordeste,Lubrificante Sabores Morango,Lubrificantes,79.85,3,0.0,Pix,Entregue,App,239.55,2023,9,2023-09,Monday
1421,2024-06-07,105,Mariah Ribeiro,F,18-25,Nordeste,Dominó Erótico,Jogos Adultos,73.42,1,0.0,Pix,Entregue,Site,73.42,2024,6,2024-06,Friday
38,2023-09-13,29,Dra. Hellena Rodrigues,F,26-35,Norte,Wand Massager Pro,Vibradores,147.22,1,10.0,Pix,Entregue,Site,132.5,2023,9,2023-09,Wednesday
3618,2023-05-09,464,Dr. Benjamim da Paz,M,26-35,Sudeste,Gel Excitante Masculino,Lubrificantes,30.5,1,15.0,Pix,Entregue,Site,25.92,2023,5,2023-05,Tuesday
5190,2024-09-23,89,Enzo Jesus,M,36-45,Sul,Óleo de Massagem Relaxante,Lubrificantes,70.08,1,0.0,Cartão Crédito,Entregue,App,70.08,2024,9,2024-09,Monday
3849,2023-07-25,329,Isaque Santos,M,36-45,Centro-Oeste,Jogo Tabuleiro Casais,Jogos Adultos,74.13,3,5.0,Cartão Débito,Entregue,App,211.27,2023,7,2023-07,Tuesday
4746,2023-01-10,16,Sra. Zoe Campos,F,18-25,Sudeste,Jogo de Cartas Sexo Quiz,Jogos Adultos,54.14,1,0.0,Pix,Entregue,App,54.14,2023,1,2023-01,Tuesday
1393,2024-07-17,52,Sra. Sofia Pereira,F,18-25,Sudeste,Kit Roleplay Surpresa,Jogos Adultos,120.02,1,0.0,Cartão Débito,Entregue,Site,120.02,2024,7,2024-07,Wednesday
1003,2024-05-18,502,Nathan Almeida,M,36-45,Sudeste,Kit Roleplay Surpresa,Jogos Adultos,68.89,1,0.0,Boleto,Entregue,Site,68.89,2024,5,2024-05,Saturday
1875,2024-07-10,344,Zoe Mendes,F,26-35,Sudeste,Creme Excitante Feminino,Cosméticos Íntimos,83.53,1,0.0,Pix,Entregue,Site,83.53,2024,7,2024-07,Wednesday
5003,2024-01-29,476,Ana Borges,F,36-45,Norte,Fantasia Policial,Lingerie,192.37,1,0.0,Pix,Devolvido,App,192.37,2024,1,2024-01,Monday
5062,2023-07-14,587,Yan Siqueira,M,36-45,Sul,Óleo de Massagem Relaxante,Lubrificantes,33.39,2,0.0,Cartão Crédito,Devolvido,Marketplace,66.78,2023,7,2023-07,Friday
5430,2024-06-16,330,Luana Novaes,F,36-45,Sudeste,Body Rendado Vermelho,Lingerie,183.67,2,30.0,Pix,Entregue,Site,257.14,2024,6,2024-06,Sunday
1612,2023-08-13,280,Rebeca Barbosa,F,26-35,Norte,Kit Iniciante BDSM 5 Peças,Acessórios BDSM,204.7,1,0.0,Cartão Crédito,Entregue,App,204.7,2023,8,2023-08,Sunday
1407,2023-04-13,462,Lucas Rios,M,18-25,Sudeste,Vibrador Clássico Silicone,Vibradores,138.78,1,0.0,Pix,Entregue,App,138.78,2023,4,2023-04,Thursday
4898,2023-03-27,98,Rhavi Montenegro,M,36-45,Sudeste,Spray Prolongador,Cosméticos Íntimos,49.52,1,0.0,Boleto,Entregue,Site,49.52,2023,3,2023-03,Monday
2610,2024-06-21,19,Bernardo Aparecida,M,36-45,Sudeste,Lubrificante Sabores Morango,Lubrificantes,62.38,2,20.0,Cartão Crédito,Entregue,Site,99.81,2024,6,2024-06,Friday
3857,2023-02-12,121,Cauê Souza,M,26-35,Sul,Colar e Guia BDSM,Acessórios BDSM,215.36,2,0.0,Cartão Crédito,Entregue,Site,430.72,2023,2,2023-02,Sunday
89,2024-11-18,524,Ana Carolina Araújo,F,46+,Sul,Mini Vibrador Discreto,Vibradores,364.2,1,0.0,Cartão Crédito,Entregue,Site,364.2,2024,11,2024-11,Monday
5271,2024-04-08,60,Sra. Ana Lívia Teixeira,F,26-35,Sul,Lubrificante Sabores Baunilha,Lubrificantes,52.57,2,0.0,Cartão Crédito,Entregue,Marketplace,105.14,2024,4,2024-04,Monday
3049,2024-03-27,139,Srta. Isabela Castro,F,18-25,Sudeste,Fantasia Enfermeira,Lingerie,91.12,3,0.0,Pix,Entregue,Marketplace,273.36,2024,3,2024-03,Wednesday
1472,2023-12-15,349,Augusto Dias,M,26-35,Sudeste,Body Coelhinha Plus Size,Lingerie,176.47,2,0.0,Pix,Entregue,App,352.94,2023,12,2023-12,Friday
3556,2023-09-24,261,Léo Melo,M,26-35,Nordeste,Lubrificante Sabores Baunilha,Lubrificantes,38.55,3,0.0,Pix,Entregue,Site,115.65,2023,9,2023-09,Sunday
1145,2024-07-06,86,Isadora Barbosa,Não informado,18-25,Sudeste,Mini Vibrador Discreto,Vibradores,162.56,2,0.0,Pix,Entregue,App,325.12,2024,7,2024-07,Saturday
3457,2024-12-16,188,Dra. Mariane Novaes,F,26-35,Sudeste,Lubrificante Íntimo Aquoso 250ml,Lubrificantes,63.4,1,30.0,Cartão Crédito,Entregue,App,44.38,2024,12,2024-12,Monday
1488,2023-09-13,313,Sra. Lara Cirino,F,46+,Nordeste,Lingerie Cropped com Bojo,Lingerie,172.91,1,30.0,Pix,Entregue,Site,121.04,2023,9,2023-09,Wednesday
145,2024-12-14,93,Mirella da Paz,F,26-35,Sudeste,Gel Excitante Masculino,Lubrificantes,58.53,1,15.0,Cartão Crédito,Entregue,Site,49.75,2024,12,2024-12,Saturday
3129,2024-12-14,650,Laura Sales,F,36-45,Centro-Oeste,Gel Térmico Sensação Quente,Cosméticos Íntimos,145.49,1,10.0,Pix,Devolvido,Site,130.94,2024,12,2024-12,Saturday
3856,2024-02-29,23,Elisa Freitas,F,18-25,Sudeste,Body Rendado Vermelho,Lingerie,88.9,1,0.0,Pix,Entregue,Site,88.9,2024,2,2024-02,Thursday
3816,2023-11-06,232,Marcos Vinicius Gonçalves,M,36-45,Sul,Vibrador Ponto G Flex,Vibradores,237.25,1,0.0,Pix,Entregue,App,237.25,2023,11,2023-11,Monday
5455,2023-02-03,320,Luara da Cunha,F,26-35,Nordeste,Jogo de Cartas Sexo Quiz,Jogos Adultos,103.46,1,25.0,Cartão Débito,Entregue,App,77.6,2023,2,2023-02,Friday
4946,2024-09-26,626,Fernando Nogueira,M,36-45,Sudeste,Lubrificante Sabores Baunilha,Lubrificantes,57.53,1,0.0,Pix,Entregue,Marketplace,57.53,2024,9,2024-09,Thursday
1510,2024-08-20,374,José Miguel Marques,M,36-45,Norte,Meia-Calça Rendada,Lingerie,171.6,1,0.0,Cartão Crédito,Entregue,Site,171.6,2024,8,2024-08,Tuesday
2536,2023-08-22,450,Laís Marques,Não informado,26-35,Sudeste,Chicote de Couro Soft,Acessórios BDSM,165.51,1,30.0,Pix,Entregue,Marketplace,115.86,2023,8,2023-08,Tuesday
2405,2023-12-15,299,Ísis Câmara,F,26-35,Sul,Lubrificante Íntimo Aquoso 250ml,Lubrificantes,39.31,2,25.0,Boleto,Entregue,Site,58.96,2023,12,2023-12,Friday
486,2023-08-26,548,Dra. Valentina Borges,F,18-25,Sudeste,Lubrificante Base Silicone,Lubrificantes,30.8,2,0.0,Pix,Entregue,App,61.6,2023,8,2023-08,Saturday
997,2023-02-25,577,Benjamim Gonçalves,M,18-25,Sul,Vibrador Clássico Silicone,Vibradores,314.78,1,30.0,Cartão Crédito,Entregue,Marketplace,220.35,2023,2,2023-02,Saturday
1808,2024-02-03,57,Maria Cecília das Neves,F,18-25,Centro-Oeste,Lubrificante Íntimo Aquoso 100ml,Lubrificantes,36.72,2,0.0,Cartão Crédito,Entregue,Site,73.44,2024,2,2024-02,Saturday
4975,2024-08-24,81,Beatriz Araújo,F,26-35,Sul,Venda para Olhos Satin,Acessórios BDSM,149.72,1,0.0,Pix,Entregue,App,149.72,2024,8,2024-08,Saturday
1515,2023-11-16,61,Davi Lucas Cardoso,M,36-45,Norte,Vibrador Duplo Prazer,Vibradores,184.5,3,0.0,Pix,Entregue,App,553.5,2023,11,2023-11,Thursday
3530,2024-11-19,158,Maya Abreu,F,26-35,Sudeste,Vibrador Clássico Silicone,Vibradores,400.39,2,0.0,Pix,Entregue,App,800.78,2024,11,2024-11,Tuesday
4261,2023-02-17,34,Dr. Miguel Ramos,M,18-25,Nordeste,Vibrador Duplo Prazer,Vibradores,266.57,1,0.0,Boleto,Entregue,Site,266.57,2023,2,2023-02,Friday
795,2024-07-04,6,Helena da Conceição,F,26-35,Sul,Mordaça Silicone,Acessórios BDSM,297.2,2,0.0,Boleto,Entregue,Marketplace,594.4,2024,7,2024-07,Thursday
5080,2024-04-07,153,João Andrade,M,26-35,Sul,Body Rendado Vermelho,Lingerie,97.85,1,15.0,Boleto,Entregue,Marketplace,83.17,2024,4,2024-04,Sunday
5416,2024-02-01,134,Ana Cecília das Neves,F,26-35,Sudeste,Kit Iniciante BDSM 5 Peças,Acessórios BDSM,225.93,1,0.0,Pix,Devolvido,Site,225.93,2024,2,2024-02,Thursday
3168,2023-09-04,31,Luara Guerra,F,36-45,Nordeste,Fantasia Policial,Lingerie,197.9,3,20.0,Pix,Entregue,Site,474.96,2023,9,2023-09,Monday
2573,2023-02-25,107,Gabrielly Rios,F,46+,Nordeste,Lubrificante Base Silicone,Lubrificantes,84.89,2,0.0,Pix,Entregue,Marketplace,169.78,2023,2,2023-02,Saturday
2265,2023-08-21,250,Raquel Cunha,F,26-35,Sudeste,Gel Térmico Sensação Quente,Cosméticos Íntimos,67.19,3,30.0,Pix,Entregue,App,141.1,2023,8,2023-08,Monday
1273,2024-10-27,389,Sr. Calebe Pires,M,18-25,Sudeste,Perfume Íntimo Floral,Cosméticos Íntimos,93.59,1,0.0,Pix,Entregue,Marketplace,93.59,2024,10,2024-10,Sunday
749,2023-12-30,557,Sra. Caroline Peixoto,F,36-45,Sul,Conjunto Lingerie Boudoir,Lingerie,183.56,3,30.0,Boleto,Entregue,Marketplace,385.48,2023,12,2023-12,Saturday
1878,2023-08-09,193,Kamilly Macedo,F,26-35,Sul,Corda de Shibari 5m,Acessórios BDSM,50.13,1,0.0,Pix,Entregue,App,50.13,2023,8,2023-08,Wednesday
101,2023-10-26,9,Pietro Pastor,M,26-35,Sudeste,Lubrificante Íntimo Aquoso 250ml,Lubrificantes,32.65,1,0.0,Cartão Crédito,Entregue,Site,32.65,2023,10,2023-10,Thursday
3972,2024-02-21,212,Yasmin Alves,F,18-25,Sudeste,Lubrificante Íntimo Aquoso 250ml,Lubrificantes,44.61,3,0.0,Pix,Entregue,Site,133.83,2024,2,2024-02,Wednesday
5400,2023-06-02,494,Pedro Cavalcanti,M,26-35,Sudeste,Venda para Olhos Satin,Acessórios BDSM,96.98,5,30.0,Pix,Entregue,Marketplace,339.43,2023,6,2023-06,Friday
3350,2024-12-01,77,Maria Luísa Correia,F,46+,Sudeste,Jogo Tabuleiro Casais,Jogos Adultos,65.73,3,0.0,Pix,Entregue,App,197.19,2024,12,2024-12,Sunday
3860,2024-06-28,449,Dr. Mateus Peixoto,M,26-35,Centro-Oeste,Mordaça Silicone,Acessórios BDSM,54.12,1,0.0,Pix,Entregue,App,54.12,2024,6,2024-06,Friday
2230,2024-02-12,99,Emanuel Araújo,M,26-35,Sudeste,Vibrador Ponto G Flex,Vibradores,115.78,2,10.0,Boleto,Entregue,Site,208.4,2024,2,2024-02,Monday
2909,2023-01-14,100,Anna Liz Cirino,F,18-25,Centro-Oeste,Mini Vibrador Discreto,Vibradores,365.22,4,20.0,Pix,Entregue,Site,1168.7,2023,1,2023-01,Saturday
4634,2024-07-16,486,Théo Camargo,Não informado,26-35,Sudeste,Body Rendado Vermelho,Lingerie,81.64,2,0.0,Cartão Crédito,Entregue,App,163.28,2024,7,2024-07,Tuesday
3793,2024-04-22,242,Maya Cavalcanti,F,46+,Norte,Perfume Íntimo Floral,Cosméticos Íntimos,134.99,3,0.0,Cartão Crédito,Entregue,Site,404.97,2024,4,2024-04,Monday
1489,2024-12-14,135,Ana Cecília Fogaça,F,46+,Nordeste,Sabonete Íntimo pH Neutro,Cosméticos Íntimos,137.44,1,30.0,Boleto,Entregue,Site,96.21,2024,12,2024-12,Saturday
110,2024-06-07,23,Elisa Freitas,F,18-25,Sudeste,Chicote de Couro Soft,Acessórios BDSM,223.13,1,0.0,Pix,Entregue,App,223.13,2024,6,2024-06,Friday
2313,2024-06-26,185,Isadora Campos,F,36-45,Nordeste,Lubrificante Íntimo Aquoso 250ml,Lubrificantes,78.4,1,0.0,Pix,Entregue,Site,78.4,2024,6,2024-06,Wednesday
5431,2024-02-13,250,Raquel Cunha,F,26-35,Sudeste,Camisola Sensual Preta,Lingerie,120.1,5,0.0,Pix,Devolvido,Marketplace,600.5,2024,2,2024-02,Tuesday
4667,2024-03-23,31,Luara Guerra,F,36-45,Nordeste,Dado do Prazer,Jogos Adultos,62.61,1,15.0,Pix,Entregue,Site,53.22,2024,3,2024-03,Saturday
2349,2023-03-19,242,Maya Cavalcanti,F,46+,Norte,Conjunto Lingerie Boudoir,Lingerie,111.14,1,0.0,Boleto,Entregue,Site,111.14,2023,3,2023-03,Sunday
1484,2023-09-09,2,Isabelly Câmara,F,36-45,Nordeste,Lubrificante Íntimo Aquoso 100ml,Lubrificantes,72.16,2,0.0,Cartão Débito,Devolvido,Marketplace,144.32,2023,9,2023-09,Saturday
3707,2023-12-04,350,Sra. Maria Helena Gomes,F,46+,Sudeste,Camisola Sensual Preta,Lingerie,85.27,1,0.0,Pix,Entregue,Marketplace,85.27,2023,12,2023-12,Monday
3881,2024-10-05,190,Milena da Luz,Não informado,36-45,Nordeste,Camisola Sensual Preta,Lingerie,130.53,1,0.0,Pix,Entregue,Site,130.53,2024,10,2024-10,Saturday
2132,2024-02-13,4,Dra. Aurora Pastor,F,26-35,Sul,Body Coelhinha Plus Size,Lingerie,107.64,1,0.0,Cartão Crédito,Entregue,Site,107.64,2024,2,2024-02,Tuesday
1756,2024-05-13,411,Ana Carolina da Rosa,F,36-45,Sul,Camisola Sensual Preta,Lingerie,177.48,2,5.0,Pix,Entregue,Site,337.21,2024,5,2024-05,Monday
2489,2024-01-07,239,Sra. Alice Leão,F,18-25,Sudeste,Chicote de Couro Soft,Acessórios BDSM,246.27,4,0.0,Pix,Entregue,Site,985.08,2024,1,2024-01,Sunday
5219,2023-12-30,72,Ana Beatriz Farias,F,46+,Norte,Sabonete Íntimo pH Neutro,Cosméticos Íntimos,104.96,1,0.0,Pix,Entregue,Marketplace,104.96,2023,12,2023-12,Saturday
4561,2024-02-22,333,Daniela Monteiro,F,26-35,Norte,Gel Excitante Masculino,Lubrificantes,38.16,1,5.0,Pix,Entregue,Marketplace,36.25,2024,2,2024-02,Thursday
4018,2023-07-19,538,Ana Júlia Vieira,F,36-45,Nordeste,Lubrificante Sabores Morango,Lubrificantes,31.31,1,0.0,Cartão Crédito,Entregue,App,31.31,2023,7,2023-07,Wednesday
2986,2024-03-25,691,Gabrielly Fernandes,F,36-45,Centro-Oeste,Fantasia Policial,Lingerie,61.2,3,10.0,Cartão Débito,Entregue,App,165.24,2024,3,2024-03,Monday
3979,2024-02-19,15,Julia Aparecida,F,26-35,Sudeste,Conjunto Lingerie Boudoir,Lingerie,112.59,3,0.0,Cartão Crédito,Entregue,Marketplace,337.77,2024,2,2024-02,Monday
4234,2023-11-25,566,Dra. Maysa Martins,F,18-25,Sudeste,Vibrador Duplo Prazer,Vibradores,182.9,1,0.0,Cartão Crédito,Devolvido,App,182.9,2023,11,2023-11,Saturday
5096,2024-08-29,158,Maya Abreu,F,26-35,Sudeste,Vibrador Ponto G Flex,Vibradores,435.74,1,0.0,Cartão Crédito,Entregue,Site,435.74,2024,8,2024-08,Thursday
811,2023-08-07,745,Srta. Cecilia Moreira,F,26-35,Sudeste,Óleo de Massagem Relaxante,Lubrificantes,36.08,1,0.0,Cartão Crédito,Entregue,Site,36.08,2023,8,2023-08,Monday
3839,2023-10-06,610,Sra. Pietra Pires,F,46+,Norte,Meia-Calça Rendada,Lingerie,77.5,1,0.0,Pix,Entregue,App,77.5,2023,10,2023-10,Friday
748,2023-02-23,212,Yasmin Alves,F,18-25,Sudeste,Colar e Guia BDSM,Acessórios BDSM,216.11,1,0.0,Pix,Entregue,Site,216.11,2023,2,2023-02,Thursday
309,2024-08-15,405,Marcelo Caldeira,M,26-35,Nordeste,Fantasia Policial,Lingerie,127.96,2,0.0,Cartão Crédito,Entregue,App,255.92,2024,8,2024-08,Thursday
4322,2023-07-02,615,Sophie Gonçalves,F,26-35,Centro-Oeste,Lingerie Cropped com Bojo,Lingerie,82.85,2,0.0,Boleto,Entregue,Marketplace,165.7,2023,7,2023-07,Sunday
4103,2024-07-28,215,Benicio da Luz,M,18-25,Nordeste,Lubrificante Base Silicone,Lubrificantes,52.77,5,0.0,Pix,Entregue,App,263.85,2024,7,2024-07,Sunday
2046,2024-07-02,335,Maria Vitória Mendes,F,46+,Sudeste,Venda para Olhos Satin,Acessórios BDSM,87.89,1,15.0,Cartão Débito,Entregue,App,74.71,2024,7,2024-07,Tuesday
1874,2023-06-05,458,Olívia Azevedo,F,26-35,Sudeste,Creme Retardante Masculino,Cosméticos Íntimos,137.4,2,0.0,Cartão Crédito,Entregue,Site,274.8,2023,6,2023-06,Monday
2527,2023-02-24,66,Dr. Pedro Lucas Moreira,M,26-35,Sudeste,Chicote de Couro Soft,Acessórios BDSM,254.44,1,5.0,Pix,Entregue,Site,241.72,2023,2,2023-02,Friday
1174,2023-11-21,84,Melissa Carvalho,F,26-35,Nordeste,Massageador Corporal Wave,Vibradores,286.92,1,0.0,Pix,Entregue,App,286.92,2023,11,2023-11,Tuesday
234,2024-02-29,184,Dra. Nicole Aragão,F,36-45,Sul,Gel Excitante Feminino,Lubrificantes,30.58,1,0.0,Cartão Crédito,Entregue,App,30.58,2024,2,2024-02,Thursday
1293,2024-04-24,226,Danilo Nunes,M,36-45,Centro-Oeste,Body Coelhinha Plus Size,Lingerie,181.03,1,0.0,Pix,Devolvido,App,181.03,2024,4,2024-04,Wednesday
2457,2024-02-14,160,Sr. Luiz Otávio Lopes,M,36-45,Nordeste,Camisola Sensual Preta,Lingerie,186.62,2,30.0,Pix,Entregue,Site,261.27,2024,2,2024-02,Wednesday
4726,2024-04-04,1,Sr. Apollo Sousa,M,18-25,Sudeste,Vibrador Clássico Silicone,Vibradores,250.21,3,0.0,Pix,Entregue,Marketplace,750.63,2024,4,2024-04,Thursday
1122,2023-06-19,661,Amanda Fonseca,F,18-25,Sul,Lingerie Cropped com Bojo,Lingerie,167.23,2,0.0,Cartão Crédito,Entregue,App,334.46,2023,6,2023-06,Monday
3902,2023-11-09,131,Daniel Barbosa,M,36-45,Sudeste,Gel Excitante Feminino,Lubrificantes,81.59,1,0.0,Cartão Crédito,Entregue,Site,81.59,2023,11,2023-11,Thursday
3356,2024-02-17,23,Elisa Freitas,F,18-25,Sudeste,Body Rendado Vermelho,Lingerie,195.51,2,0.0,Pix,Entregue,Site,391.02,2024,2,2024-02,Saturday
1555,2023-05-05,72,Ana Beatriz Farias,F,46+,Norte,Vibrador Ponto G Flex,Vibradores,336.91,2,0.0,Boleto,Entregue,App,673.82,2023,5,2023-05,Friday
5175,2023-12-01,161,Luísa Pinto,F,18-25,Sudeste,Mini Vibrador Discreto,Vibradores,324.86,1,15.0,Cartão Crédito,Entregue,App,276.13,2023,12,2023-12,Friday
2317,2024-12-18,89,Enzo Jesus,M,36-45,Sul,Corda de Shibari 5m,Acessórios BDSM,67.61,1,0.0,Pix,Entregue,App,67.61,2024,12,2024-12,Wednesday
4217,2023-01-17,12,Eduardo Cunha,Não informado,26-35,Sul,Lubrificante Sabores Morango,Lubrificantes,55.86,2,0.0,Pix,Entregue,Site,111.72,2023,1,2023-01,Tuesday
45,2023-06-29,83,Evelyn Correia,F,26-35,Nordeste,Vibrador Rabbit Premium,Vibradores,336.58,1,0.0,Pix,Entregue,Marketplace,336.58,2023,6,2023-06,Thursday
5454,2023-02-08,145,Natália Ferreira,F,46+,Sul,Lubrificante Base Silicone,Lubrificantes,61.33,1,10.0,Boleto,Entregue,App,55.2,2023,2,2023-02,Wednesday
747,2024-04-29,133,Clara Lopes,F,26-35,Sul,Vibrador Rabbit Premium,Vibradores,495.43,1,10.0,Pix,Entregue,Site,445.89,2024,4,2024-04,Monday
5025,2023-09-29,602,Maria Julia Melo,F,36-45,Sudeste,Fantasia Enfermeira,Lingerie,100.58,3,0.0,Cartão Crédito,Devolvido,Site,301.74,2023,9,2023-09,Friday
439,2023-05-11,322,Théo Abreu,M,18-25,Sudeste,Body Coelhinha Plus Size,Lingerie,183.24,2,0.0,Boleto,Entregue,Marketplace,366.48,2023,5,2023-05,Thursday
1594,2024-09-04,31,Luara Guerra,F,36-45,Nordeste,Cartas Posições Kamasutra,Jogos Adultos,94.0,1,0.0,Pix,Devolvido,Site,94.0,2024,9,2024-09,Wednesday
3310,2023-12-18,170,Luna Martins,F,18-25,Sudeste,Lubrificante Sabores Morango,Lubrificantes,69.74,1,0.0,Cartão Crédito,Entregue,Site,69.74,2023,12,2023-12,Monday
3318,2023-09-12,2,Isabelly Câmara,F,36-45,Nordeste,Mini Vibrador Discreto,Vibradores,446.31,3,0.0,Cartão Crédito,Entregue,Site,1338.93,2023,9,2023-09,Tuesday
880,2023-06-26,70,Alana Barbosa,F,26-35,Norte,Camisola Sensual Preta,Lingerie,134.83,5,0.0,Cartão Crédito,Entregue,Site,674.15,2023,6,2023-06,Monday
3538,2024-04-12,121,Cauê Souza,M,26-35,Sul,Lubrificante Sabores Baunilha,Lubrificantes,46.19,2,0.0,Cartão Crédito,Entregue,Site,92.38,2024,4,2024-04,Friday
4140,2023-12-12,219,José Barros,M,26-35,Sudeste,Lubrificante Íntimo Aquoso 100ml,Lubrificantes,42.36,2,25.0,Cartão Crédito,Entregue,Marketplace,63.54,2023,12,2023-12,Tuesday
2105,2023-04-24,402,Alice da Luz,F,26-35,Sudeste,Vibrador Rabbit Premium,Vibradores,463.58,1,0.0,Cartão Crédito,Entregue,Marketplace,463.58,2023,4,2023-04,Monday
150,2023-08-16,91,Bento Cavalcante,M,26-35,Sul,Lingerie Cropped com Bojo,Lingerie,190.2,1,0.0,Pix,Devolvido,Site,190.2,2023,8,2023-08,Wednesday
587,2024-05-28,22,Rafael Porto,M,36-45,Nordeste,Lubrificante Base Silicone,Lubrificantes,46.21,1,0.0,Cartão Débito,Entregue,Site,46.21,2024,5,2024-05,Tuesday
438,2024-02-10,435,Antony Cavalcanti,M,36-45,Nordeste,Óleo de Massagem Relaxante,Lubrificantes,40.13,1,30.0,Cartão Crédito,Entregue,Site,28.09,2024,2,2024-02,Saturday
4372,2024-09-04,134,Ana Cecília das Neves,F,26-35,Sudeste,Gel Excitante Feminino,Lubrificantes,53.94,2,30.0,Boleto,Entregue,App,75.52,2024,9,2024-09,Wednesday
13,2023-06-11,447,Diogo Azevedo,M,26-35,Sul,Vibrador Ponto G Flex,Vibradores,172.85,2,0.0,Cartão Crédito,Entregue,Marketplace,345.7,2023,6,2023-06,Sunday
94,2024-09-18,222,Ana Lívia Vasconcelos,F,36-45,Sul,Camisola Sensual Preta,Lingerie,127.53,1,20.0,Pix,Entregue,Site,102.02,2024,9,2024-09,Wednesday
4338,2024-03-13,550,Antony Fonseca,M,18-25,Sudeste,Lubrificante Íntimo Aquoso 250ml,Lubrificantes,60.64,3,25.0,Pix,Entregue,Site,136.44,2024,3,2024-03,Wednesday
184,2023-05-03,509,Ana Vitória Moraes,F,26-35,Sudeste,Lubrificante Íntimo Aquoso 100ml,Lubrificantes,64.76,2,0.0,Pix,Entregue,Site,129.52,2023,5,2023-05,Wednesday
4523,2023-11-24,530,Bento Machado,M,26-35,Centro-Oeste,Óleo de Massagem Relaxante,Lubrificantes,89.56,4,20.0,Cartão Crédito,Entregue,Site,286.59,2023,11,2023-11,Friday
643,2024-04-08,66,Dr. Pedro Lucas Moreira,M,26-35,Sudeste,Mini Vibrador Discreto,Vibradores,124.37,1,0.0,Cartão Crédito,Entregue,Site,124.37,2024,4,2024-04,Monday
878,2024-10-10,285,Maria Helena Machado,F,36-45,Centro-Oeste,Lubrificante Íntimo Aquoso 250ml,Lubrificantes,61.33,1,0.0,Cartão Débito,Entregue,Site,61.33,2024,10,2024-10,Thursday
3706,2024-04-10,521,Sra. Kamilly Pastor,F,36-45,Sudeste,Gel Excitante Masculino,Lubrificantes,30.73,2,0.0,Cartão Débito,Entregue,Marketplace,61.46,2024,4,2024-04,Wednesday
3663,2024-05-19,15,Julia Aparecida,F,26-35,Sudeste,Body Coelhinha Plus Size,Lingerie,152.75,1,0.0,Pix,Entregue,App,152.75,2024,5,2024-05,Sunday
2663,2023-01-12,68,Benício Fernandes,M,36-45,Sudeste,Vibrador Clássico Silicone,Vibradores,204.74,2,0.0,Pix,Entregue,Site,409.48,2023,1,2023-01,Thursday
1613,2024-12-12,206,Dra. Ísis Pereira,F,36-45,Sudeste,Perfume Íntimo Floral,Cosméticos Íntimos,51.41,1,0.0,Pix,Entregue,Marketplace,51.41,2024,12,2024-12,Thursday
2312,2024-02-09,504,Maria Cecília Borges,F,26-35,Sul,Mordaça Silicone,Acessórios BDSM,201.88,1,0.0,Cartão Crédito,Entregue,Marketplace,201.88,2024,2,2024-02,Friday
1748,2023-09-23,84,Melissa Carvalho,F,26-35,Nordeste,Colar e Guia BDSM,Acessórios BDSM,174.0,1,0.0,Pix,Entregue,Marketplace,174.0,2023,9,2023-09,Saturday
2606,2024-04-20,194,João Pedro da Costa,M,26-35,Nordeste,Lubrificante Base Silicone,Lubrificantes,82.76,1,0.0,Pix,Entregue,App,82.76,2024,4,2024-04,Saturday
3244,2024-02-10,314,Maya Porto,F,36-45,Sul,Lubrificante Íntimo Aquoso 250ml,Lubrificantes,78.66,1,0.0,Cartão Crédito,Entregue,Marketplace,78.66,2024,2,2024-02,Saturday
927,2024-03-12,87,Beatriz Aragão,F,46+,Centro-Oeste,Gel Excitante Feminino,Lubrificantes,61.73,2,15.0,Pix,Entregue,Site,104.94,2024,3,2024-03,Tuesday
5091,2024-03-05,11,Otávio Fernandes,M,36-45,Sul,Lubrificante Sabores Morango,Lubrificantes,43.92,1,5.0,Pix,Entregue,Site,41.72,2024,3,2024-03,Tuesday
3397,2024-01-21,439,Sophie Pastor,F,18-25,Sudeste,Body Coelhinha Plus Size,Lingerie,144.63,1,0.0,Cartão Débito,Entregue,App,144.63,2024,1,2024-01,Sunday
654,2023-10-10,355,Cecília Jesus,F,36-45,Sudeste,Mini Vibrador Discreto,Vibradores,377.65,3,0.0,Cartão Crédito,Entregue,App,1132.95,2023,10,2023-10,Tuesday
430,2023-05-09,35,Diego da Luz,M,26-35,Sudeste,Lubrificante Íntimo Aquoso 250ml,Lubrificantes,80.68,1,10.0,Pix,Devolvido,App,72.61,2023,5,2023-05,Tuesday
3383,2024-01-15,9,Pietro Pastor,M,26-35,Sudeste,Fantasia Enfermeira,Lingerie,135.25,1,0.0,Cartão Crédito,Entregue,Site,135.25,2024,1,2024-01,Monday
3338,2023-06-05,368,Marina Casa Grande,F,26-35,Sul,Conjunto Lingerie Boudoir,Lingerie,104.61,1,0.0,Cartão Crédito,Entregue,App,104.61,2023,6,2023-06,Monday
5108,2023-02-14,30,Ana Laura da Conceição,F,18-25,Sudeste,Vibrador Ponto G Flex,Vibradores,317.92,3,0.0,Cartão Débito,Entregue,Marketplace,953.76,2023,2,2023-02,Tuesday
5018,2023-11-18,107,Gabrielly Rios,F,46+,Nordeste,Sabonete Íntimo pH Neutro,Cosméticos Íntimos,42.72,1,0.0,Cartão Crédito,Entregue,Marketplace,42.72,2023,11,2023-11,Saturday
3067,2023-06-01,5,Ana Beatriz Alves,F,18-25,Sul,Dominó Erótico,Jogos Adultos,78.64,3,0.0,Cartão Crédito,Entregue,Site,235.92,2023,6,2023-06,Thursday
3443,2024-09-14,66,Dr. Pedro Lucas Moreira,M,26-35,Sudeste,Cartas Posições Kamasutra,Jogos Adultos,54.61,1,10.0,Pix,Entregue,Site,49.15,2024,9,2024-09,Saturday
4326,2024-10-11,648,João Vasconcelos,M,36-45,Norte,Lubrificante Íntimo Aquoso 250ml,Lubrificantes,86.2,1,5.0,Pix,Entregue,Site,81.89,2024,10,2024-10,Friday
260,2023-03-23,29,Dra. Hellena Rodrigues,F,26-35,Norte,Fantasia Enfermeira,Lingerie,124.99,1,5.0,Pix,Entregue,App,118.74,2023,3,2023-03,Thursday
64,2023-12-06,122,Daniela da Mata,F,26-35,Sul,Vibrador Ponto G Flex,Vibradores,467.44,3,0.0,Boleto,Entregue,Site,1402.32,2023,12,2023-12,Wednesday
1045,2023-02-09,522,Maria Montenegro,F,46+,Nordeste,Fantasia Enfermeira,Lingerie,115.17,1,0.0,Pix,Entregue,Site,115.17,2023,2,2023-02,Thursday
2274,2024-11-24,281,Ana Júlia Cassiano,F,36-45,Sul,Mordaça Silicone,Acessórios BDSM,102.53,5,0.0,Pix,Entregue,Site,512.65,2024,11,2024-11,Sunday
4890,2023-05-17,309,Ian Rocha,M,26-35,Sul,Meia-Calça Rendada,Lingerie,136.07,1,0.0,Pix,Entregue,App,136.07,2023,5,2023-05,Wednesday
1033,2024-02-05,73,Sophie da Costa,F,36-45,Sudeste,Gel Excitante Masculino,Lubrificantes,65.5,2,0.0,Boleto,Entregue,Site,131.0,2024,2,2024-02,Monday
1420,2023-02-11,610,Sra. Pietra Pires,F,46+,Norte,Body Coelhinha Plus Size,Lingerie,158.51,1,5.0,Pix,Entregue,Marketplace,150.58,2023,2,2023-02,Saturday
2749,2023-12-21,422,Dr. Bento Gonçalves,M,26-35,Nordeste,Creme Excitante Feminino,Cosméticos Íntimos,71.4,4,25.0,Pix,Entregue,App,214.2,2023,12,2023-12,Thursday
1216,2023-09-16,69,Heloísa Pastor,F,26-35,Sudeste,Fantasia Enfermeira,Lingerie,141.88,1,5.0,Boleto,Entregue,App,134.79,2023,9,2023-09,Saturday
1198,2024-06-17,696,Ravi Lucca Campos,M,26-35,Sul,Chicote de Couro Soft,Acessórios BDSM,93.93,1,0.0,Cartão Crédito,Entregue,App,93.93,2024,6,2024-06,Monday
3612,2023-04-08,43,Sra. Ana Luiza Gomes,F,46+,Centro-Oeste,Lingerie Cropped com Bojo,Lingerie,189.12,1,0.0,Cartão Crédito,Entregue,App,189.12,2023,4,2023-04,Saturday
2785,2024-12-04,475,Murilo Azevedo,Não informado,26-35,Sudeste,Vibrador Ponto G Flex,Vibradores,297.27,1,0.0,Cartão Débito,Entregue,Site,297.27,2024,12,2024-12,Wednesday
722,2023-08-08,56,Rebeca Almeida,F,26-35,Sul,Mini Vibrador Discreto,Vibradores,340.5,2,0.0,Cartão Crédito,Entregue,App,681.0,2023,8,2023-08,Tuesday
694,2024-08-28,77,Maria Luísa Correia,F,46+,Sudeste,Vibrador Duplo Prazer,Vibradores,429.89,1,0.0,Cartão Crédito,Entregue,Site,429.89,2024,8,2024-08,Wednesday
1567,2023-03-04,292,Ana Vitória Castro,F,36-45,Sul,Gel Excitante Masculino,Lubrificantes,88.62,1,20.0,Pix,Entregue,Site,70.9,2023,3,2023-03,Saturday
5210,2024-06-30,56,Rebeca Almeida,F,26-35,Sul,Mini Vibrador Discreto,Vibradores,139.28,1,0.0,Pix,Entregue,App,139.28,2024,6,2024-06,Sunday
4669,2023-05-05,294,Dra. Olivia da Rocha,F,26-35,Sudeste,Lubrificante Sabores Morango,Lubrificantes,47.55,1,0.0,Cartão Crédito,Entregue,App,47.55,2023,5,2023-05,Friday
288,2023-07-31,211,Ravi Lucca Cardoso,Não informado,26-35,Sudeste,Óleo de Massagem Relaxante,Lubrificantes,54.62,4,0.0,Pix,Entregue,Site,218.48,2023,7,2023-07,Monday
2192,2023-10-12,558,Eduardo Castro,M,36-45,Nordeste,Perfume Íntimo Floral,Cosméticos Íntimos,145.5,1,20.0,Cartão Crédito,Entregue,App,116.4,2023,10,2023-10,Thursday
3830,2023-06-20,70,Alana Barbosa,F,26-35,Norte,Wand Massager Pro,Vibradores,258.07,2,0.0,Cartão Crédito,Entregue,Marketplace,516.14,2023,6,2023-06,Tuesday
1908,2023-08-25,126,Ana Júlia Borges,F,36-45,Sudeste,Creme Retardante Masculino,Cosméticos Íntimos,73.44,3,0.0,Pix,Entregue,App,220.32,2023,8,2023-08,Friday
3444,2023-02-11,783,Sofia Martins,F,46+,Sudeste,Lubrificante Sabores Morango,Lubrificantes,70.89,5,15.0,Pix,Entregue,Site,301.28,2023,2,2023-02,Saturday
5101,2023-12-14,163,Sofia das Neves,F,36-45,Sul,Vibrador Clássico Silicone,Vibradores,89.93,2,0.0,Pix,Entregue,Site,179.86,2023,12,2023-12,Thursday
2331,2024-02-28,83,Evelyn Correia,F,26-35,Nordeste,Massageador Corporal Wave,Vibradores,277.09,3,0.0,Boleto,Entregue,Site,831.27,2024,2,2024-02,Wednesday
3667,2024-10-01,456,Srta. Luara Lima,F,46+,Sudeste,Meia-Calça Rendada,Lingerie,114.65,1,5.0,Cartão Crédito,Entregue,Marketplace,108.92,2024,10,2024-10,Tuesday
562,2023-03-11,67,Bárbara da Cruz,Não informado,36-45,Norte,Body Rendado Vermelho,Lingerie,83.27,1,15.0,Pix,Entregue,App,70.78,2023,3,2023-03,Saturday
2438,2024-11-17,115,Isabelly Freitas,F,18-25,Sudeste,Vibrador Clássico Silicone,Vibradores,466.47,1,30.0,Cartão Crédito,Entregue,Marketplace,326.53,2024,11,2024-11,Sunday
2648,2023-02-10,189,Emanuel Souza,M,36-45,Sudeste,Body Coelhinha Plus Size,Lingerie,109.22,3,10.0,Pix,Entregue,Site,294.89,2023,2,2023-02,Friday
4169,2024-10-18,105,Mariah Ribeiro,F,18-25,Nordeste,Vibrador Duplo Prazer,Vibradores,338.94,1,0.0,Pix,Devolvido,Site,338.94,2024,10,2024-10,Friday
4544,2024-08-26,92,Alexandre Gomes,M,18-25,Sudeste,Lubrificante Sabores Morango,Lubrificantes,64.5,1,0.0,Cartão Crédito,Entregue,Site,64.5,2024,8,2024-08,Monday
5229,2023-09-16,46,Dra. Bruna Rodrigues,F,18-25,Nordeste,Corda de Shibari 5m,Acessórios BDSM,51.55,2,0.0,Cartão Débito,Entregue,Site,103.1,2023,9,2023-09,Saturday
5424,2023-06-04,145,Natália Ferreira,F,46+,Sul,Lubrificante Sabores Morango,Lubrificantes,41.37,2,0.0,Pix,Entregue,App,82.74,2023,6,2023-06,Sunday
945,2024-10-05,64,Gabriela Silva,F,26-35,Sudeste,Lubrificante Base Silicone,Lubrificantes,49.5,3,0.0,Pix,Entregue,App,148.5,2024,10,2024-10,Saturday
4211,2023-05-02,31,Luara Guerra,F,36-45,Nordeste,Creme Retardante Masculino,Cosméticos Íntimos,46.93,2,0.0,Pix,Entregue,App,93.86,2023,5,2023-05,Tuesday
4595,2024-03-14,153,João Andrade,M,26-35,Sul,Óleo de Massagem Relaxante,Lubrificantes,53.7,1,0.0,Cartão Débito,Entregue,App,53.7,2024,3,2024-03,Thursday
4833,2024-10-09,276,Larissa Melo,F,18-25,Sul,Lubrificante Íntimo Aquoso 250ml,Lubrificantes,65.86,1,10.0,Pix,Entregue,App,59.27,2024,10,2024-10,Wednesday
211,2024-10-02,215,Benicio da Luz,M,18-25,Nordeste,Lubrificante Íntimo Aquoso 100ml,Lubrificantes,86.55,4,0.0,Pix,Entregue,Site,346.2,2024,10,2024-10,Wednesday
48,2024-10-26,199,Maria Luísa Farias,F,46+,Nordeste,Fantasia Policial,Lingerie,91.15,2,0.0,Pix,Entregue,Site,182.3,2024,10,2024-10,Saturday
5112,2024-12-24,491,Kevin Cunha,Não informado,26-35,Sul,Vibrador Ponto G Flex,Vibradores,490.05,1,15.0,Cartão Crédito,Entregue,Site,416.54,2024,12,2024-12,Tuesday
857,2024-01-01,11,Otávio Fernandes,M,36-45,Sul,Wand Massager Pro,Vibradores,288.97,2,0.0,Pix,Entregue,Marketplace,577.94,2024,1,2024-01,Monday
4769,2023-07-26,322,Théo Abreu,M,18-25,Sudeste,Kit Roleplay Surpresa,Jogos Adultos,98.38,1,0.0,Pix,Entregue,App,98.38,2023,7,2023-07,Wednesday
1322,2023-06-25,49,Eduarda Marques,F,26-35,Sul,Cartas Posições Kamasutra,Jogos Adultos,110.61,1,30.0,Pix,Entregue,Site,77.43,2023,6,2023-06,Sunday
2169,2024-01-19,298,Dra. Fernanda Lima,F,26-35,Nordeste,Venda para Olhos Satin,Acessórios BDSM,63.64,1,0.0,Boleto,Entregue,Site,63.64,2024,1,2024-01,Friday
2996,2023-12-23,491,Kevin Cunha,Não informado,26-35,Sul,Creme Retardante Masculino,Cosméticos Íntimos,76.78,4,0.0,Pix,Entregue,App,307.12,2023,12,2023-12,Saturday
2630,2024-10-10,135,Ana Cecília Fogaça,F,46+,Nordeste,Lubrificante Íntimo Aquoso 250ml,Lubrificantes,52.88,1,0.0,Não informado,Entregue,Site,52.88,2024,10,2024-10,Thursday
3468,2024-10-17,292,Ana Vitória Castro,F,36-45,Sul,Lubrificante Íntimo Aquoso 100ml,Lubrificantes,55.5,2,0.0,Cartão Crédito,Entregue,Site,111.0,2024,10,2024-10,Thursday
2255,2023-06-13,511,Marcela Ferreira,F,46+,Sul,Camisola Sensual Preta,Lingerie,152.39,5,15.0,Cartão Crédito,Entregue,Marketplace,647.66,2023,6,2023-06,Tuesday
1562,2023-06-09,75,Caroline Silveira,F,36-45,Sudeste,Kit Iniciante BDSM 5 Peças,Acessórios BDSM,246.71,3,0.0,Cartão Crédito,Entregue,Site,740.13,2023,6,2023-06,Friday
4412,2023-09-20,2,Isabelly Câmara,F,36-45,Nordeste,Venda para Olhos Satin,Acessórios BDSM,268.29,2,0.0,Pix,Entregue,App,536.58,2023,9,2023-09,Wednesday
2857,2024-03-16,70,Alana Barbosa,F,26-35,Norte,Vibrador Clássico Silicone,Vibradores,348.39,3,0.0,Cartão Crédito,Entregue,Site,1045.17,2024,3,2024-03,Saturday
5066,2024-03-21,11,Otávio Fernandes,M,36-45,Sul,Fantasia Enfermeira,Lingerie,134.63,2,0.0,Cartão Crédito,Entregue,Site,269.26,2024,3,2024-03,Thursday
3867,2024-07-24,146,Heloísa Câmara,F,26-35,Nordeste,Lubrificante Sabores Morango,Lubrificantes,74.24,1,0.0,Cartão Débito,Devolvido,App,74.24,2024,7,2024-07,Wednesday
1651,2024-02-19,11,Otávio Fernandes,M,36-45,Sul,Jogo de Cartas Sexo Quiz,Jogos Adultos,62.39,1,5.0,Pix,Entregue,Site,59.27,2024,2,2024-02,Monday
3127,2023-03-28,296,Dr. Rafael Barbosa,M,18-25,Sul,Lubrificante Sabores Baunilha,Lubrificantes,30.64,1,0.0,Cartão Crédito,Entregue,Site,30.64,2023,3,2023-03,Tuesday
2975,2024-10-26,133,Clara Lopes,F,26-35,Sul,Conjunto Lingerie Boudoir,Lingerie,147.33,1,0.0,Pix,Entregue,Site,147.33,2024,10,2024-10,Saturday
355,2024-03-21,21,Carlos Eduardo Garcia,Não informado,36-45,Sul,Jogo de Cartas Sexo Quiz,Jogos Adultos,96.95,3,0.0,Pix,Entregue,App,290.85,2024,3,2024-03,Thursday
1306,2023-05-13,499,Ana Vitória Dias,Não informado,46+,Sudeste,Fantasia Policial,Lingerie,159.06,2,0.0,Pix,Entregue,App,318.12,2023,5,2023-05,Saturday
2233,2024-08-04,551,Emilly Cunha,F,26-35,Nordeste,Dado do Prazer,Jogos Adultos,68.07,3,0.0,Pix,Entregue,App,204.21,2024,8,2024-08,Sunday
3426,2023-02-20,258,Ayla da Rocha,F,18-25,Sul,Body Rendado Vermelho,Lingerie,197.11,2,0.0,Cartão Crédito,Devolvido,Site,394.22,2023,2,2023-02,Monday
2198,2023-10-16,490,Benjamin Abreu,M,46+,Sudeste,Vibrador Rabbit Premium,Vibradores,155.53,5,0.0,Pix,Entregue,Marketplace,777.65,2023,10,2023-10,Monday
1989,2024-12-10,157,Gabriel da Cunha,M,18-25,Sudeste,Gel Excitante Feminino,Lubrificantes,72.3,5,10.0,Pix,Entregue,App,325.35,2024,12,2024-12,Tuesday
1667,2023-03-29,65,Maria Liz Rios,F,46+,Sul,Lubrificante Íntimo Aquoso 100ml,Lubrificantes,56.81,1,0.0,Cartão Crédito,Entregue,Marketplace,56.81,2023,3,2023-03,Wednesday
1633,2024-12-11,290,Julia Ribeiro,F,18-25,Sul,Corda de Shibari 5m,Acessórios BDSM,170.29,1,15.0,Cartão Crédito,Entregue,Marketplace,144.75,2024,12,2024-12,Wednesday
415,2024-02-26,266,Sr. Levi Campos,M,26-35,Centro-Oeste,Vibrador Rabbit Premium,Vibradores,285.16,1,0.0,Cartão Crédito,Entregue,App,285.16,2024,2,2024-02,Monday
1375,2024-09-27,79,Maria Lima,F,18-25,Centro-Oeste,Meia-Calça Rendada,Lingerie,116.74,2,0.0,Pix,Entregue,Site,233.48,2024,9,2024-09,Friday
5100,2024-12-31,12,Eduardo Cunha,Não informado,26-35,Sul,Perfume Íntimo Floral,Cosméticos Íntimos,44.65,3,0.0,Cartão Crédito,Entregue,Marketplace,133.95,2024,12,2024-12,Tuesday
4174,2024-02-23,205,Otto Nascimento,M,26-35,Sul,Wand Massager Pro,Vibradores,126.39,1,0.0,Cartão Crédito,Entregue,App,126.39,2024,2,2024-02,Friday
4096,2024-06-28,171,Melina Rocha,F,26-35,Nordeste,Fantasia Policial,Lingerie,188.72,1,0.0,Pix,Entregue,App,188.72,2024,6,2024-06,Friday
3602,2024-12-11,228,Maria Eduarda Cavalcante,F,18-25,Sudeste,Body Rendado Vermelho,Lingerie,149.53,1,0.0,Cartão Crédito,Entregue,Site,149.53,2024,12,2024-12,Wednesday
2276,2024-02-02,246,João Lucas Machado,M,26-35,Sudeste,Vibrador Rabbit Premium,Vibradores,383.25,1,0.0,Pix,Entregue,App,383.25,2024,2,2024-02,Friday
5138,2024-03-02,24,Giovanna Rios,F,26-35,Centro-Oeste,Dado do Prazer,Jogos Adultos,75.45,4,0.0,Cartão Débito,Entregue,Site,301.8,2024,3,2024-03,Saturday
1821,2024-11-08,64,Gabriela Silva,F,26-35,Sudeste,Mini Vibrador Discreto,Vibradores,193.74,1,0.0,Pix,Entregue,Site,193.74,2024,11,2024-11,Friday
2891,2023-12-18,111,Anthony Marques,M,26-35,Nordeste,Fantasia Policial,Lingerie,117.94,3,0.0,Pix,Entregue,Marketplace,353.82,2023,12,2023-12,Monday
1187,2024-03-26,307,Pedro Sousa,M,36-45,Sul,Vibrador Rabbit Premium,Vibradores,363.26,2,20.0,Cartão Crédito,Entregue,App,581.22,2024,3,2024-03,Tuesday
5189,2024-04-20,620,Maya Guerra,F,36-45,Centro-Oeste,Fantasia Policial,Lingerie,150.28,1,25.0,Cartão Crédito,Entregue,App,112.71,2024,4,2024-04,Saturday
253,2024-02-04,472,Dr. Arthur Cirino,M,26-35,Sudeste,Gel Excitante Feminino,Lubrificantes,70.79,1,0.0,Boleto,Entregue,Marketplace,70.79,2024,2,2024-02,Sunday
4076,2024-02-17,230,Luana Caldeira,F,26-35,Nordeste,Kit Iniciante BDSM 5 Peças,Acessórios BDSM,220.92,4,0.0,Boleto,Entregue,App,883.68,2024,2,2024-02,Saturday
655,2023-12-22,155,Sra. Maya Pereira,F,26-35,Sul,Gel Térmico Sensação Quente,Cosméticos Íntimos,141.53,1,0.0,Cartão Crédito,Entregue,App,141.53,2023,12,2023-12,Friday
351,2023-02-18,190,Milena da Luz,Não informado,36-45,Nordeste,Body Coelhinha Plus Size,Lingerie,147.34,4,25.0,Pix,Entregue,Site,442.02,2023,2,2023-02,Saturday
4321,2023-09-20,234,Dra. Isabelly Caldeira,F,36-45,Centro-Oeste,Lubrificante Íntimo Aquoso 100ml,Lubrificantes,88.1,1,0.0,Pix,Entregue,App,88.1,2023,9,2023-09,Wednesday
2378,2024-05-15,398,Maitê Camargo,F,18-25,Sudeste,Dominó Erótico,Jogos Adultos,57.23,4,0.0,Pix,Entregue,Site,228.92,2024,5,2024-05,Wednesday
2182,2023-10-25,67,Bárbara da Cruz,Não informado,36-45,Norte,Meia-Calça Rendada,Lingerie,89.41,1,0.0,Cartão Crédito,Entregue,App,89.41,2023,10,2023-10,Wednesday
4150,2023-03-22,388,Srta. Isis Rocha,F,36-45,Sul,Óleo de Massagem Relaxante,Lubrificantes,33.88,1,0.0,Pix,Entregue,Site,33.88,2023,3,2023-03,Wednesday
5007,2024-12-12,385,Benicio Pereira,M,26-35,Sul,Gel Excitante Masculino,Lubrificantes,44.93,2,0.0,Boleto,Entregue,Site,89.86,2024,12,2024-12,Thursday
799,2024-07-31,314,Maya Porto,F,36-45,Sul,Lubrificante Base Silicone,Lubrificantes,63.96,1,30.0,Pix,Entregue,App,44.77,2024,7,2024-07,Wednesday
3063,2024-12-01,245,Dr. Lorenzo da Cruz,M,18-25,Sul,Meia-Calça Rendada,Lingerie,104.15,2,15.0,Cartão Crédito,Entregue,Site,177.06,2024,12,2024-12,Sunday
3740,2024-07-06,232,Marcos Vinicius Gonçalves,M,36-45,Sul,Kit Iniciante BDSM 5 Peças,Acessórios BDSM,173.76,1,0.0,Boleto,Entregue,Site,173.76,2024,7,2024-07,Saturday
3510,2024-02-29,18,Maria Cecília Oliveira,F,26-35,Centro-Oeste,Vibrador Clássico Silicone,Vibradores,309.1,1,0.0,Boleto,Entregue,Site,309.1,2024,2,2024-02,Thursday
550,2024-02-09,381,Cauê da Costa,M,26-35,Sudeste,Lubrificante Base Silicone,Lubrificantes,62.09,1,30.0,Boleto,Entregue,Site,43.46,2024,2,2024-02,Friday
3207,2024-03-30,482,Benicio Rocha,M,36-45,Nordeste,Vibrador Rabbit Premium,Vibradores,307.34,2,0.0,Cartão Crédito,Entregue,App,614.68,2024,3,2024-03,Saturday
182,2024-04-29,34,Dr. Miguel Ramos,M,18-25,Nordeste,Spray Prolongador,Cosméticos Íntimos,53.14,2,25.0,Cartão Crédito,Entregue,App,79.71,2024,4,2024-04,Monday
3876,2023-11-01,149,Luiz Fernando Ramos,M,36-45,Nordeste,Lubrificante Sabores Morango,Lubrificantes,85.01,2,0.0,Pix,Entregue,App,170.02,2023,11,2023-11,Wednesday
264,2023-10-12,198,Srta. Hadassa Azevedo,F,26-35,Nordeste,Fantasia Enfermeira,Lingerie,180.0,1,0.0,Pix,Entregue,Site,180.0,2023,10,2023-10,Thursday
4419,2023-08-11,113,Hadassa Montenegro,F,36-45,Sul,Meia-Calça Rendada,Lingerie,138.53,1,0.0,Cartão Crédito,Entregue,App,138.53,2023,8,2023-08,Friday
2851,2023-05-26,284,Henry Gabriel Vasconcelos,M,36-45,Sudeste,Lubrificante Sabores Morango,Lubrificantes,46.05,1,0.0,Pix,Entregue,App,46.05,2023,5,2023-05,Friday
3036,2023-03-01,90,Rafaela Cunha,Não informado,36-45,Sudeste,Lubrificante Sabores Morango,Lubrificantes,59.21,2,0.0,Boleto,Entregue,App,118.42,2023,3,2023-03,Wednesday
4732,2023-04-08,20,Sr. João Vitor Barros,M,18-25,Sudeste,Colar e Guia BDSM,Acessórios BDSM,201.44,3,10.0,Boleto,Entregue,App,543.89,2023,4,2023-04,Saturday
5063,2023-10-26,190,Milena da Luz,Não informado,36-45,Nordeste,Lubrificante Sabores Morango,Lubrificantes,61.07,1,0.0,Cartão Crédito,Entregue,Marketplace,61.07,2023,10,2023-10,Thursday
1540,2023-05-30,202,Antônio Teixeira,M,36-45,Sul,Gel Excitante Masculino,Lubrificantes,78.6,1,0.0,Pix,Entregue,Site,78.6,2023,5,2023-05,Tuesday
3155,2024-03-30,160,Sr. Luiz Otávio Lopes,M,36-45,Nordeste,Fantasia Enfermeira,Lingerie,72.84,3,0.0,Pix,Entregue,Site,218.52,2024,3,2024-03,Saturday
3935,2024-07-13,102,Nathan Campos,M,18-25,Sudeste,Cartas Posições Kamasutra,Jogos Adultos,46.61,1,10.0,Pix,Entregue,Site,41.95,2024,7,2024-07,Saturday
5035,2024-04-26,51,Thiago Caldeira,Não informado,36-45,Sul,Body Coelhinha Plus Size,Lingerie,180.03,2,10.0,Boleto,Devolvido,App,324.05,2024,4,2024-04,Friday
3104,2023-11-05,156,Bruna Gomes,F,26-35,Nordeste,Conjunto Lingerie Boudoir,Lingerie,163.32,1,0.0,Cartão Débito,Entregue,Site,163.32,2023,11,2023-11,Sunday
4779,2024-07-11,77,Maria Luísa Correia,F,46+,Sudeste,Gel Térmico Sensação Quente,Cosméticos Íntimos,133.02,3,0.0,Cartão Crédito,Entregue,Site,399.06,2024,7,2024-07,Thursday
3071,2024-02-03,322,Théo Abreu,M,18-25,Sudeste,Vibrador Ponto G Flex,Vibradores,354.57,1,0.0,Boleto,Entregue,App,354.57,2024,2,2024-02,Saturday
1426,2023-02-16,686,Dra. Lavínia Ramos,F,26-35,Sul,Body Coelhinha Plus Size,Lingerie,171.32,1,25.0,Boleto,Entregue,Marketplace,128.49,2023,2,2023-02,Thursday
2655,2024-03-15,376,Ísis Castro,F,46+,Nordeste,Mordaça Silicone,Acessórios BDSM,201.25,4,0.0,Pix,Entregue,Site,805.0,2024,3,2024-03,Friday
1766,2024-12-27,108,Sra. Isabella da Luz,Não informado,36-45,Centro-Oeste,Vibrador Clássico Silicone,Vibradores,231.5,2,0.0,Pix,Entregue,App,463.0,2024,12,2024-12,Friday
3684,2023-10-09,75,Caroline Silveira,F,36-45,Sudeste,Jogo de Cartas Sexo Quiz,Jogos Adultos,87.8,1,0.0,Cartão Crédito,Entregue,App,87.8,2023,10,2023-10,Monday
5158,2023-01-31,366,Luan Vieira,M,36-45,Sul,Perfume Íntimo Floral,Cosméticos Íntimos,79.25,1,0.0,Pix,Entregue,Marketplace,79.25,2023,1,2023-01,Tuesday
4575,2023-02-28,369,Vinícius Jesus,M,36-45,Nordeste,Lubrificante Sabores Baunilha,Lubrificantes,42.47,3,25.0,Cartão Crédito,Entregue,App,95.56,2023,2,2023-02,Tuesday
2553,2023-09-12,419,Dr. Henrique Macedo,M,26-35,Nordeste,Lubrificante Íntimo Aquoso 100ml,Lubrificantes,30.92,1,0.0,Pix,Entregue,Marketplace,30.92,2023,9,2023-09,Tuesday
4094,2023-09-13,600,Vinicius Nogueira,M,26-35,Sul,Cartas Posições Kamasutra,Jogos Adultos,61.8,5,0.0,Pix,Entregue,Marketplace,309.0,2023,9,2023-09,Wednesday
1963,2024-06-25,457,Jade Freitas,F,46+,Sudeste,Corda de Shibari 5m,Acessórios BDSM,195.94,1,0.0,Cartão Crédito,Entregue,Marketplace,195.94,2024,6,2024-06,Tuesday
1871,2024-06-16,430,Alexandre da Mota,M,26-35,Sul,Meia-Calça Rendada,Lingerie,63.29,1,0.0,Pix,Entregue,App,63.29,2024,6,2024-06,Sunday
2918,2024-07-18,468,Marcela Novais,F,26-35,Nordeste,Lubrificante Íntimo Aquoso 250ml,Lubrificantes,34.56,1,0.0,Pix,Entregue,Site,34.56,2024,7,2024-07,Thursday
4692,2023-03-18,122,Daniela da Mata,F,26-35,Sul,Perfume Íntimo Floral,Cosméticos Íntimos,138.15,1,0.0,Pix,Devolvido,App,138.15,2023,3,2023-03,Saturday
70,2024-02-24,752,Letícia Câmara,F,26-35,Sul,Dominó Erótico,Jogos Adultos,40.7,3,0.0,Cartão Crédito,Entregue,Site,122.1,2024,2,2024-02,Saturday
1074,2024-10-04,6,Helena da Conceição,F,26-35,Sul,Camisola Sensual Preta,Lingerie,194.11,1,0.0,Cartão Crédito,Entregue,Site,194.11,2024,10,2024-10,Friday
2645,2023-05-29,14,Aylla Fogaça,F,36-45,Sudeste,Lubrificante Base Silicone,Lubrificantes,50.58,1,0.0,Boleto,Entregue,Marketplace,50.58,2023,5,2023-05,Monday
677,2024-12-16,34,Dr. Miguel Ramos,M,18-25,Nordeste,Vibrador Duplo Prazer,Vibradores,325.15,1,0.0,Pix,Entregue,Site,325.15,2024,12,2024-12,Monday
4498,2023-06-28,40,Thomas Monteiro,M,36-45,Sudeste,Corda de Shibari 5m,Acessórios BDSM,219.1,2,5.0,Cartão Crédito,Entregue,Marketplace,416.29,2023,6,2023-06,Wednesday
204,2023-07-15,543,Cecília Ferreira,F,26-35,Sudeste,Body Rendado Vermelho,Lingerie,167.66,1,0.0,Boleto,Entregue,App,167.66,2023,7,2023-07,Saturday
3621,2023-09-10,296,Dr. Rafael Barbosa,M,18-25,Sul,Lubrificante Íntimo Aquoso 250ml,Lubrificantes,75.61,2,0.0,Pix,Entregue,Marketplace,151.22,2023,9,2023-09,Sunday
1527,2024-12-06,93,Mirella da Paz,F,26-35,Sudeste,Dominó Erótico,Jogos Adultos,59.92,1,15.0,Cartão Débito,Entregue,Marketplace,50.93,2024,12,2024-12,Friday
340,2023-04-21,29,Dra. Hellena Rodrigues,F,26-35,Norte,Gel Excitante Feminino,Lubrificantes,67.6,1,0.0,Pix,Entregue,App,67.6,2023,4,2023-04,Friday
3823,2023-05-22,416,Eduardo Leão,M,18-25,Nordeste,Gel Excitante Masculino,Lubrificantes,64.23,2,30.0,Pix,Entregue,Site,89.92,2023,5,2023-05,Monday
5273,2023-10-24,98,Rhavi Montenegro,M,36-45,Sudeste,Vibrador Clássico Silicone,Vibradores,144.1,1,0.0,Pix,Entregue,App,144.1,2023,10,2023-10,Tuesday
5385,2024-04-19,278,Ana Júlia da Cunha,F,26-35,Sul,Wand Massager Pro,Vibradores,98.24,2,0.0,Boleto,Entregue,Site,196.48,2024,4,2024-04,Friday
480,2023-02-08,201,Gabrielly Leão,F,36-45,Sul,Vibrador Rabbit Premium,Vibradores,224.02,2,0.0,Pix,Entregue,Site,448.04,2023,2,2023-02,Wednesday
388,2024-04-24,55,Agatha Peixoto,F,46+,Nordeste,Jogo Tabuleiro Casais,Jogos Adultos,66.94,5,0.0,Pix,Entregue,Site,334.7,2024,4,2024-04,Wednesday
3399,2024-12-18,80,Nina Siqueira,F,26-35,Sul,Corda de Shibari 5m,Acessórios BDSM,64.21,1,0.0,Pix,Entregue,Site,64.21,2024,12,2024-12,Wednesday
2115,2024-02-23,282,Kevin Barros,M,36-45,Nordeste,Lubrificante Sabores Morango,Lubrificantes,80.98,1,0.0,Pix,Entregue,App,80.98,2024,2,2024-02,Friday
3419,2023-01-19,73,Sophie da Costa,F,36-45,Sudeste,Lubrificante Sabores Morango,Lubrificantes,81.93,1,30.0,Cartão Crédito,Entregue,Marketplace,57.35,2023,1,2023-01,Thursday
2183,2023-08-16,10,Alana Teixeira,F,36-45,Sul,Óleo de Massagem Relaxante,Lubrificantes,87.04,1,0.0,Cartão Crédito,Entregue,Site,87.04,2023,8,2023-08,Wednesday
3631,2023-11-30,360,Dr. Vitor Hugo Andrade,M,36-45,Sudeste,Massageador Corporal Wave,Vibradores,336.47,1,0.0,Cartão Crédito,Entregue,Marketplace,336.47,2023,11,2023-11,Thursday
2963,2023-10-16,113,Hadassa Montenegro,F,36-45,Sul,Vibrador Rabbit Premium,Vibradores,407.12,1,0.0,Pix,Entregue,Site,407.12,2023,10,2023-10,Monday
5070,2024-12-01,4,Dra. Aurora Pastor,F,26-35,Sul,Lubrificante Sabores Baunilha,Lubrificantes,71.63,1,15.0,Pix,Entregue,App,60.89,2024,12,2024-12,Sunday
1335,2024-02-06,713,Murilo Aragão,M,26-35,Sudeste,Body Coelhinha Plus Size,Lingerie,191.34,1,0.0,Pix,Entregue,Marketplace,191.34,2024,2,2024-02,Tuesday
3009,2024-10-13,297,Srta. Julia Viana,F,26-35,Sul,Kit Roleplay Surpresa,Jogos Adultos,121.41,4,15.0,Pix,Entregue,App,412.79,2024,10,2024-10,Sunday
4099,2023-04-28,83,Evelyn Correia,F,26-35,Nordeste,Mordaça Silicone,Acessórios BDSM,295.55,3,15.0,Pix,Entregue,App,753.65,2023,4,2023-04,Friday
3401,2023-02-01,20,Sr. João Vitor Barros,M,18-25,Sudeste,Vibrador Clássico Silicone,Vibradores,278.66,1,10.0,Cartão Crédito,Entregue,App,250.79,2023,2,2023-02,Wednesday
2604,2024-08-26,106,Vicente Dias,M,26-35,Sul,Conjunto Lingerie Boudoir,Lingerie,151.42,1,10.0,Cartão Crédito,Entregue,Site,136.28,2024,8,2024-08,Monday
222,2023-05-26,226,Danilo Nunes,M,36-45,Centro-Oeste,Conjunto Lingerie Boudoir,Lingerie,161.07,1,30.0,Cartão Crédito,Entregue,Site,112.75,2023,5,2023-05,Friday
1210,2024-12-22,789,Evelyn Cavalcanti,Não informado,26-35,Sudeste,Mini Vibrador Discreto,Vibradores,107.3,1,0.0,Cartão Crédito,Entregue,Site,107.3,2024,12,2024-12,Sunday
678,2023-06-15,139,Srta. Isabela Castro,F,18-25,Sudeste,Body Coelhinha Plus Size,Lingerie,71.94,1,5.0,Pix,Entregue,Marketplace,68.34,2023,6,2023-06,Thursday
1778,2024-11-30,157,Gabriel da Cunha,M,18-25,Sudeste,Meia-Calça Rendada,Lingerie,79.6,1,0.0,Cartão Crédito,Entregue,App,79.6,2024,11,2024-11,Saturday
1095,2024-10-13,73,Sophie da Costa,F,36-45,Sudeste,Gel Excitante Masculino,Lubrificantes,61.7,1,0.0,Pix,Entregue,Site,61.7,2024,10,2024-10,Sunday
806,2024-06-19,347,Esther Sampaio,F,18-25,Nordeste,Vibrador Rabbit Premium,Vibradores,330.03,2,0.0,Cartão Crédito,Entregue,Site,660.06,2024,6,2024-06,Wednesday
62,2024-03-05,88,Sr. Caleb Sá,M,26-35,Sudeste,Mini Vibrador Discreto,Vibradores,330.95,2,5.0,Cartão Crédito,Entregue,Site,628.8,2024,3,2024-03,Tuesday
3183,2023-09-24,103,Isadora Pacheco,F,46+,Nordeste,Fantasia Enfermeira,Lingerie,159.51,3,0.0,Pix,Entregue,Site,478.53,2023,9,2023-09,Sunday
4648,2024-08-09,81,Beatriz Araújo,F,26-35,Sul,Lubrificante Sabores Morango,Lubrificantes,69.76,1,0.0,Pix,Entregue,Site,69.76,2024,8,2024-08,Friday
4861,2024-09-19,262,Vitória Ferreira,F,26-35,Nordeste,Lubrificante Íntimo Aquoso 250ml,Lubrificantes,51.34,1,0.0,Cartão Crédito,Entregue,Site,51.34,2024,9,2024-09,Thursday
2406,2023-06-19,249,Sabrina Duarte,F,46+,Nordeste,Body Rendado Vermelho,Lingerie,145.93,2,0.0,Pix,Entregue,Site,291.86,2023,6,2023-06,Monday
1631,2024-03-06,365,Kaique Alves,M,18-25,Sudeste,Cartas Posições Kamasutra,Jogos Adultos,97.71,2,0.0,Cartão Crédito,Entregue,App,195.42,2024,3,2024-03,Wednesday
5485,2023-05-05,311,Sra. Ana Cecília Teixeira,F,36-45,Sudeste,Dominó Erótico,Jogos Adultos,100.47,1,0.0,Pix,Entregue,Site,100.47,2023,5,2023-05,Friday
4051,2024-05-28,611,Catarina Azevedo,F,26-35,Centro-Oeste,Body Coelhinha Plus Size,Lingerie,125.76,1,20.0,Cartão Crédito,Entregue,Site,100.61,2024,5,2024-05,Tuesday
5034,2024-08-21,246,João Lucas Machado,M,26-35,Sudeste,Vibrador Ponto G Flex,Vibradores,116.62,2,10.0,Pix,Entregue,App,209.92,2024,8,2024-08,Wednesday
178,2024-05-18,134,Ana Cecília das Neves,F,26-35,Sudeste,Vibrador Clássico Silicone,Vibradores,487.48,1,15.0,Pix,Entregue,App,414.36,2024,5,2024-05,Saturday
4454,2023-10-09,414,Mirella Freitas,F,18-25,Sul,Óleo de Massagem Relaxante,Lubrificantes,33.55,1,0.0,Pix,Entregue,App,33.55,2023,10,2023-10,Monday
3349,2024-12-17,104,Asafe Pinto,M,46+,Sudeste,Jogo Tabuleiro Casais,Jogos Adultos,115.02,1,0.0,Pix,Entregue,App,115.02,2024,12,2024-12,Tuesday
1730,2023-09-24,255,Samuel Novais,M,26-35,Sul,Meia-Calça Rendada,Lingerie,190.51,1,10.0,Pix,Entregue,App,171.46,2023,9,2023-09,Sunday
2946,2024-02-03,31,Luara Guerra,F,36-45,Nordeste,Lubrificante Íntimo Aquoso 100ml,Lubrificantes,68.13,1,0.0,Pix,Entregue,App,68.13,2024,2,2024-02,Saturday
5426,2024-04-05,231,Apollo das Neves,M,26-35,Nordeste,Massageador Corporal Wave,Vibradores,468.91,3,0.0,Pix,Entregue,App,1406.73,2024,4,2024-04,Friday
4054,2023-11-19,219,José Barros,M,26-35,Sudeste,Meia-Calça Rendada,Lingerie,92.44,1,0.0,Cartão Crédito,Entregue,Site,92.44,2023,11,2023-11,Sunday
2241,2024-03-11,404,Julia Pacheco,F,18-25,Sul,Óleo de Massagem Relaxante,Lubrificantes,81.67,1,0.0,Cartão Débito,Entregue,Marketplace,81.67,2024,3,2024-03,Monday
3471,2024-06-01,6,Helena da Conceição,F,26-35,Sul,Vibrador Duplo Prazer,Vibradores,470.72,1,0.0,Pix,Entregue,Marketplace,470.72,2024,6,2024-06,Saturday
1072,2024-10-22,74,Raquel Cunha,F,46+,Sul,Mini Vibrador Discreto,Vibradores,298.88,4,0.0,Cartão Crédito,Entregue,App,1195.52,2024,10,2024-10,Tuesday
734,2024-01-27,201,Gabrielly Leão,F,36-45,Sul,Lubrificante Sabores Baunilha,Lubrificantes,86.99,2,20.0,Pix,Devolvido,Site,139.18,2024,1,2024-01,Saturday
606,2024-03-05,168,Agatha da Rosa,F,26-35,Sul,Camisola Sensual Preta,Lingerie,195.08,1,25.0,Pix,Entregue,App,146.31,2024,3,2024-03,Tuesday
3781,2024-10-19,140,Maria Sophia Alves,F,36-45,Sudeste,Lubrificante Sabores Morango,Lubrificantes,50.14,1,5.0,Cartão Crédito,Entregue,Marketplace,47.63,2024,10,2024-10,Saturday
5351,2023-12-15,344,Zoe Mendes,F,26-35,Sudeste,Gel Excitante Feminino,Lubrificantes,60.8,2,0.0,Boleto,Entregue,Marketplace,121.6,2023,12,2023-12,Friday
3733,2023-02-01,162,Davi Silveira,M,36-45,Norte,Sabonete Íntimo pH Neutro,Cosméticos Íntimos,147.94,1,0.0,Pix,Entregue,App,147.94,2023,2,2023-02,Wednesday
2523,2024-04-14,98,Rhavi Montenegro,M,36-45,Sudeste,Spray Prolongador,Cosméticos Íntimos,44.95,1,10.0,Pix,Devolvido,Site,40.46,2024,4,2024-04,Sunday
4646,2023-02-24,352,Sarah Pastor,F,46+,Sudeste,Kit Cuidados Íntimos,Cosméticos Íntimos,128.77,1,0.0,Pix,Entregue,Site,128.77,2023,2,2023-02,Friday
4291,2024-04-09,210,Dra. Maria Luiza Silveira,F,26-35,Nordeste,Óleo de Massagem Relaxante,Lubrificantes,44.88,3,0.0,Pix,Entregue,Site,134.64,2024,4,2024-04,Tuesday
3072,2024-11-27,252,Kamilly Novais,F,46+,Sul,Fantasia Policial,Lingerie,123.28,1,25.0,Cartão Crédito,Devolvido,Site,92.46,2024,11,2024-11,Wednesday
1741,2024-02-10,441,Augusto Siqueira,M,46+,Sudeste,Chicote de Couro Soft,Acessórios BDSM,76.41,1,0.0,Cartão Crédito,Entregue,Marketplace,76.41,2024,2,2024-02,Saturday
528,2024-10-27,89,Enzo Jesus,M,36-45,Sul,Meia-Calça Rendada,Lingerie,111.33,1,0.0,Cartão Crédito,Entregue,App,111.33,2024,10,2024-10,Sunday
2224,2023-12-02,77,Maria Luísa Correia,F,46+,Sudeste,Wand Massager Pro,Vibradores,184.52,2,0.0,Pix,Entregue,Marketplace,369.04,2023,12,2023-12,Saturday
2641,2024-10-06,98,Rhavi Montenegro,M,36-45,Sudeste,Kit Algemas Veludo,Acessórios BDSM,298.65,1,15.0,Pix,Entregue,Site,253.85,2024,10,2024-10,Sunday
1245,2024-02-09,370,Emilly Cavalcante,Não informado,36-45,Sudeste,Lubrificante Sabores Baunilha,Lubrificantes,88.45,2,0.0,Cartão Crédito,Entregue,App,176.9,2024,2,2024-02,Friday
682,2024-05-27,83,Evelyn Correia,F,26-35,Nordeste,Conjunto Lingerie Boudoir,Lingerie,141.49,4,30.0,Pix,Entregue,Site,396.17,2024,5,2024-05,Monday
1719,2023-08-01,741,Luara Leão,F,18-25,Sudeste,Lubrificante Sabores Baunilha,Lubrificantes,47.7,1,25.0,Pix,Entregue,Site,35.78,2023,8,2023-08,Tuesday
5178,2023-05-13,26,Srta. Yasmin Siqueira,F,46+,Sul,Massageador Corporal Wave,Vibradores,263.27,4,0.0,Cartão Débito,Entregue,App,1053.08,2023,5,2023-05,Saturday
1050,2023-04-05,6,Helena da Conceição,F,26-35,Sul,Gel Excitante Feminino,Lubrificantes,62.62,1,0.0,Boleto,Entregue,App,62.62,2023,4,2023-04,Wednesday
3571,2023-06-08,104,Asafe Pinto,M,46+,Sudeste,Lubrificante Sabores Baunilha,Lubrificantes,45.01,1,0.0,Pix,Entregue,Site,45.01,2023,6,2023-06,Thursday
3434,2024-05-06,160,Sr. Luiz Otávio Lopes,M,36-45,Nordeste,Lubrificante Sabores Morango,Lubrificantes,52.84,1,0.0,Pix,Entregue,App,52.84,2024,5,2024-05,Monday
2659,2023-08-11,66,Dr. Pedro Lucas Moreira,M,26-35,Sudeste,Gel Excitante Feminino,Lubrificantes,44.22,5,25.0,Cartão Crédito,Entregue,Site,165.82,2023,8,2023-08,Friday
1789,2023-06-30,20,Sr. João Vitor Barros,M,18-25,Sudeste,Lubrificante Íntimo Aquoso 100ml,Lubrificantes,35.64,2,0.0,Pix,Entregue,App,71.28,2023,6,2023-06,Friday
804,2023-02-27,250,Raquel Cunha,F,26-35,Sudeste,Body Coelhinha Plus Size,Lingerie,95.75,2,0.0,Cartão Crédito,Entregue,App,191.5,2023,2,2023-02,Monday
2464,2023-10-07,227,Nina Sampaio,F,26-35,Sul,Gel Excitante Masculino,Lubrificantes,63.86,1,5.0,Cartão Crédito,Entregue,App,60.67,2023,10,2023-10,Saturday
3519,2023-09-14,21,Carlos Eduardo Garcia,Não informado,36-45,Sul,Venda para Olhos Satin,Acessórios BDSM,186.66,2,0.0,Pix,Entregue,Site,373.32,2023,9,2023-09,Thursday
3134,2023-06-08,212,Yasmin Alves,F,18-25,Sudeste,Wand Massager Pro,Vibradores,413.99,2,0.0,Cartão Crédito,Entregue,App,827.98,2023,6,2023-06,Thursday
5109,2024-08-11,375,Anthony Martins,M,36-45,Sul,Creme Retardante Masculino,Cosméticos Íntimos,116.74,4,0.0,Cartão Crédito,Entregue,Site,466.96,2024,8,2024-08,Sunday
3410,2023-03-07,12,Eduardo Cunha,Não informado,26-35,Sul,Dado do Prazer,Jogos Adultos,53.95,1,0.0,Pix,Entregue,Site,53.95,2023,3,2023-03,Tuesday
4229,2024-08-31,171,Melina Rocha,F,26-35,Nordeste,Gel Térmico Sensação Quente,Cosméticos Íntimos,99.54,1,0.0,Cartão Crédito,Entregue,App,99.54,2024,8,2024-08,Saturday
4334,2023-07-29,275,Sr. Samuel Caldeira,M,36-45,Norte,Lubrificante Íntimo Aquoso 100ml,Lubrificantes,31.97,2,0.0,Boleto,Entregue,Marketplace,63.94,2023,7,2023-07,Saturday
4766,2023-01-27,770,Alana Novaes,F,26-35,Sul,Wand Massager Pro,Vibradores,142.7,1,0.0,Pix,Entregue,Site,142.7,2023,1,2023-01,Friday
220,2023-02-09,469,Bruna Teixeira,F,18-25,Centro-Oeste,Lubrificante Íntimo Aquoso 100ml,Lubrificantes,82.57,1,0.0,Cartão Débito,Entregue,Site,82.57,2023,2,2023-02,Thursday
1169,2023-01-07,2,Isabelly Câmara,F,36-45,Nordeste,Wand Massager Pro,Vibradores,300.74,2,20.0,Pix,Entregue,Site,481.18,2023,1,2023-01,Saturday
583,2023-05-23,184,Dra. Nicole Aragão,F,36-45,Sul,Wand Massager Pro,Vibradores,316.02,4,0.0,Pix,Entregue,App,1264.08,2023,5,2023-05,Tuesday
2729,2024-08-12,79,Maria Lima,F,18-25,Centro-Oeste,Fantasia Policial,Lingerie,92.68,2,0.0,Cartão Crédito,Entregue,Site,185.36,2024,8,2024-08,Monday
44,2023-06-27,562,Larissa Sá,Não informado,36-45,Sudeste,Fantasia Policial,Lingerie,187.86,1,0.0,Cartão Crédito,Entregue,Site,187.86,2023,6,2023-06,Tuesday
2415,2023-08-17,191,João Guilherme Vargas,M,26-35,Nordeste,Body Rendado Vermelho,Lingerie,199.77,1,15.0,Cartão Crédito,Entregue,Site,169.8,2023,8,2023-08,Thursday
3054,2024-04-16,94,Ryan Cassiano,M,36-45,Sudeste,Massageador Corporal Wave,Vibradores,212.16,2,5.0,Cartão Crédito,Devolvido,App,403.1,2024,4,2024-04,Tuesday
5241,2024-05-11,726,Sophie Carvalho,Não informado,26-35,Nordeste,Mini Vibrador Discreto,Vibradores,331.55,1,20.0,Boleto,Devolvido,App,265.24,2024,5,2024-05,Saturday
4867,2024-06-08,121,Cauê Souza,M,26-35,Sul,Mordaça Silicone,Acessórios BDSM,58.04,3,0.0,Cartão Débito,Entregue,App,174.12,2024,6,2024-06,Saturday
671,2024-04-14,53,Daniela Freitas,F,26-35,Sudeste,Spray Prolongador,Cosméticos Íntimos,92.47,3,0.0,Boleto,Entregue,App,277.41,2024,4,2024-04,Sunday
3376,2024-02-03,387,Luiz Gustavo Câmara,M,18-25,Sudeste,Óleo de Massagem Relaxante,Lubrificantes,70.99,3,0.0,Cartão Débito,Entregue,Marketplace,212.97,2024,2,2024-02,Saturday
2707,2024-10-13,36,Josué Souza,M,18-25,Sul,Lubrificante Base Silicone,Lubrificantes,56.44,4,0.0,Cartão Crédito,Entregue,Site,225.76,2024,10,2024-10,Sunday
4747,2023-11-14,59,Bruno Barros,M,18-25,Sudeste,Massageador Corporal Wave,Vibradores,239.41,1,0.0,Pix,Entregue,Marketplace,239.41,2023,11,2023-11,Tuesday
3758,2023-10-04,115,Isabelly Freitas,F,18-25,Sudeste,Lingerie Cropped com Bojo,Lingerie,135.98,1,0.0,Pix,Entregue,Site,135.98,2023,10,2023-10,Wednesday
96,2024-09-19,185,Isadora Campos,F,36-45,Nordeste,Camisola Sensual Preta,Lingerie,130.68,1,0.0,Pix,Entregue,Site,130.68,2024,9,2024-09,Thursday
400,2023-06-15,364,Dra. Beatriz Macedo,F,46+,Sudeste,Lubrificante Íntimo Aquoso 250ml,Lubrificantes,69.92,1,0.0,Cartão Crédito,Entregue,Site,69.92,2023,6,2023-06,Thursday
843,2023-12-12,55,Agatha Peixoto,F,46+,Nordeste,Kit Roleplay Surpresa,Jogos Adultos,70.59,3,20.0,Cartão Crédito,Entregue,Site,169.42,2023,12,2023-12,Tuesday
1303,2023-08-28,15,Julia Aparecida,F,26-35,Sudeste,Kit Roleplay Surpresa,Jogos Adultos,102.78,1,0.0,Pix,Entregue,Site,102.78,2023,8,2023-08,Monday
3249,2023-10-05,499,Ana Vitória Dias,Não informado,46+,Sudeste,Body Rendado Vermelho,Lingerie,176.74,3,0.0,Boleto,Entregue,Site,530.22,2023,10,2023-10,Thursday
5102,2024-12-05,232,Marcos Vinicius Gonçalves,M,36-45,Sul,Meia-Calça Rendada,Lingerie,192.05,2,20.0,Pix,Entregue,Site,307.28,2024,12,2024-12,Thursday
2260,2023-05-15,156,Bruna Gomes,F,26-35,Nordeste,Creme Excitante Feminino,Cosméticos Íntimos,77.22,2,15.0,Cartão Crédito,Entregue,Marketplace,131.27,2023,5,2023-05,Monday
4901,2023-08-03,2,Isabelly Câmara,F,36-45,Nordeste,Lubrificante Íntimo Aquoso 250ml,Lubrificantes,33.26,3,0.0,Cartão Crédito,Entregue,Site,99.78,2023,8,2023-08,Thursday
5230,2024-02-16,244,Ravi Lucca Lopes,M,26-35,Sul,Lubrificante Sabores Baunilha,Lubrificantes,59.19,2,0.0,Pix,Entregue,App,118.38,2024,2,2024-02,Friday
2927,2023-03-03,417,Sr. Samuel Pimenta,M,36-45,Sul,Lubrificante Sabores Baunilha,Lubrificantes,33.0,4,0.0,Cartão Crédito,Entregue,Site,132.0,2023,3,2023-03,Friday
3981,2023-09-29,447,Diogo Azevedo,M,26-35,Sul,Vibrador Rabbit Premium,Vibradores,278.27,1,30.0,Pix,Entregue,Site,194.79,2023,9,2023-09,Friday
1727,2023-10-12,193,Kamilly Macedo,F,26-35,Sul,Lingerie Cropped com Bojo,Lingerie,105.05,2,0.0,Cartão Crédito,Entregue,Marketplace,210.1,2023,10,2023-10,Thursday
2719,2023-04-10,466,Sofia Cunha,F,36-45,Sul,Mini Vibrador Discreto,Vibradores,429.73,1,20.0,Pix,Entregue,Site,343.78,2023,4,2023-04,Monday
335,2024-06-16,14,Aylla Fogaça,F,36-45,Sudeste,Mordaça Silicone,Acessórios BDSM,121.97,2,0.0,Cartão Crédito,Entregue,Site,243.94,2024,6,2024-06,Sunday
3541,2023-12-22,66,Dr. Pedro Lucas Moreira,M,26-35,Sudeste,Lingerie Cropped com Bojo,Lingerie,172.59,2,0.0,Pix,Entregue,Site,345.18,2023,12,2023-12,Friday
1783,2023-03-08,169,Giovanna Lopes,F,36-45,Sudeste,Lubrificante Sabores Baunilha,Lubrificantes,40.15,1,20.0,Cartão Crédito,Entregue,Site,32.12,2023,3,2023-03,Wednesday
834,2023-09-12,54,Ágatha Vasconcelos,F,18-25,Sul,Mini Vibrador Discreto,Vibradores,153.76,2,5.0,Cartão Crédito,Entregue,App,292.14,2023,9,2023-09,Tuesday
2188,2024-03-01,375,Anthony Martins,M,36-45,Sul,Óleo de Massagem Relaxante,Lubrificantes,70.3,1,0.0,Pix,Entregue,Marketplace,70.3,2024,3,2024-03,Friday
5433,2023-07-06,299,Ísis Câmara,F,26-35,Sul,Vibrador Duplo Prazer,Vibradores,301.74,4,25.0,Cartão Crédito,Entregue,Site,905.22,2023,7,2023-07,Thursday
1004,2024-12-21,344,Zoe Mendes,F,26-35,Sudeste,Mordaça Silicone,Acessórios BDSM,144.32,2,0.0,Pix,Entregue,Site,288.64,2024,12,2024-12,Saturday
1979,2023-12-23,502,Nathan Almeida,M,36-45,Sudeste,Camisola Sensual Preta,Lingerie,75.99,1,10.0,Pix,Entregue,Marketplace,68.39,2023,12,2023-12,Saturday
732,2023-06-05,426,Isabelly Cardoso,F,26-35,Sul,Lingerie Cropped com Bojo,Lingerie,87.1,2,0.0,Pix,Entregue,Site,174.2,2023,6,2023-06,Monday
292,2023-06-11,11,Otávio Fernandes,M,36-45,Sul,Lubrificante Íntimo Aquoso 250ml,Lubrificantes,34.15,1,0.0,Cartão Crédito,Entregue,App,34.15,2023,6,2023-06,Sunday
185,2024-05-26,83,Evelyn Correia,F,26-35,Nordeste,Body Rendado Vermelho,Lingerie,68.27,2,5.0,Pix,Entregue,Marketplace,129.71,2024,5,2024-05,Sunday
4553,2024-02-05,47,João Felipe Vargas,M,18-25,Sul,Dado do Prazer,Jogos Adultos,72.47,1,0.0,Boleto,Entregue,App,72.47,2024,2,2024-02,Monday
1455,2024-01-19,9,Pietro Pastor,M,26-35,Sudeste,Gel Térmico Sensação Quente,Cosméticos Íntimos,51.2,2,0.0,Boleto,Entregue,Site,102.4,2024,1,2024-01,Friday
4787,2024-05-08,507,Maria Laura das Neves,F,36-45,Sudeste,Lubrificante Íntimo Aquoso 100ml,Lubrificantes,64.76,1,0.0,Boleto,Entregue,App,64.76,2024,5,2024-05,Wednesday
534,2024-12-12,219,José Barros,M,26-35,Sudeste,Kit Roleplay Surpresa,Jogos Adultos,94.46,1,0.0,Cartão Crédito,Entregue,Site,94.46,2024,12,2024-12,Thursday
3579,2023-08-01,352,Sarah Pastor,F,46+,Sudeste,Lingerie Cropped com Bojo,Lingerie,71.98,2,0.0,Cartão Crédito,Devolvido,Marketplace,143.96,2023,8,2023-08,Tuesday
1118,2023-04-22,509,Ana Vitória Moraes,F,26-35,Sudeste,Colar e Guia BDSM,Acessórios BDSM,240.66,2,0.0,Pix,Entregue,Site,481.32,2023,4,2023-04,Saturday
2460,2023-07-20,141,Lívia Viana,F,36-45,Sudeste,Óleo de Massagem Relaxante,Lubrificantes,64.75,3,0.0,Cartão Crédito,Entregue,App,194.25,2023,7,2023-07,Thursday
3485,2024-06-23,235,Dr. Dante Vieira,M,18-25,Sudeste,Lubrificante Base Silicone,Lubrificantes,78.02,1,10.0,Boleto,Entregue,Marketplace,70.22,2024,6,2024-06,Sunday
3796,2023-08-16,285,Maria Helena Machado,F,36-45,Centro-Oeste,Creme Excitante Feminino,Cosméticos Íntimos,59.09,1,0.0,Pix,Entregue,Site,59.09,2023,8,2023-08,Wednesday
2158,2023-02-24,118,Dra. Alexia Rios,F,46+,Sudeste,Massageador Corporal Wave,Vibradores,468.31,2,0.0,Pix,Entregue,Site,936.62,2023,2,2023-02,Friday
3977,2024-11-19,129,Julia Castro,F,26-35,Sudeste,Creme Retardante Masculino,Cosméticos Íntimos,140.04,3,0.0,Pix,Entregue,App,420.12,2024,11,2024-11,Tuesday
899,2023-06-14,4,Dra. Aurora Pastor,F,26-35,Sul,Creme Retardante Masculino,Cosméticos Íntimos,47.71,1,0.0,Pix,Entregue,App,47.71,2023,6,2023-06,Wednesday
429,2024-02-21,119,Letícia Ribeiro,Não informado,18-25,Norte,Vibrador Duplo Prazer,Vibradores,185.73,3,0.0,Cartão Débito,Entregue,Site,557.19,2024,2,2024-02,Wednesday
3617,2024-03-25,220,Antony Souza,M,18-25,Sudeste,Kit Iniciante BDSM 5 Peças,Acessórios BDSM,190.04,1,0.0,Pix,Entregue,Site,190.04,2024,3,2024-03,Monday
4285,2024-03-23,217,Lunna Fernandes,F,26-35,Sudeste,Body Rendado Vermelho,Lingerie,64.9,3,0.0,Boleto,Entregue,Marketplace,194.7,2024,3,2024-03,Saturday
3320,2023-02-27,381,Cauê da Costa,M,26-35,Sudeste,Creme Excitante Feminino,Cosméticos Íntimos,47.44,5,0.0,Cartão Crédito,Entregue,Marketplace,237.2,2023,2,2023-02,Monday
4916,2024-12-03,575,Ayla Câmara,F,46+,Nordeste,Vibrador Duplo Prazer,Vibradores,409.34,1,0.0,Cartão Crédito,Devolvido,Marketplace,409.34,2024,12,2024-12,Tuesday
1177,2023-05-10,389,Sr. Calebe Pires,M,18-25,Sudeste,Wand Massager Pro,Vibradores,354.41,2,0.0,Pix,Entregue,Marketplace,708.82,2023,5,2023-05,Wednesday
4270,2024-12-30,625,Anna Liz Lopes,F,36-45,Sudeste,Lubrificante Base Silicone,Lubrificantes,71.6,1,0.0,Pix,Entregue,App,71.6,2024,12,2024-12,Monday
1433,2024-05-10,183,Henry Cavalcanti,M,26-35,Nordeste,Fantasia Policial,Lingerie,148.8,3,20.0,Pix,Entregue,Site,357.12,2024,5,2024-05,Friday
4679,2024-10-16,300,Srta. Juliana Casa Grande,F,26-35,Sul,Camisola Sensual Preta,Lingerie,167.35,1,0.0,Cartão Crédito,Entregue,Site,167.35,2024,10,2024-10,Wednesday
3995,2023-03-12,184,Dra. Nicole Aragão,F,36-45,Sul,Perfume Íntimo Floral,Cosméticos Íntimos,59.71,3,0.0,Cartão Crédito,Entregue,Site,179.13,2023,3,2023-03,Sunday
3484,2023-02-21,585,Alana Barros,F,26-35,Sudeste,Mordaça Silicone,Acessórios BDSM,253.11,1,0.0,Pix,Entregue,Site,253.11,2023,2,2023-02,Tuesday
2078,2023-12-14,164,Dr. Luan Guerra,M,26-35,Sudeste,Massageador Corporal Wave,Vibradores,344.06,1,10.0,Cartão Crédito,Entregue,App,309.65,2023,12,2023-12,Thursday
3986,2023-12-31,603,Mathias Freitas,M,18-25,Sul,Fantasia Enfermeira,Lingerie,94.36,2,0.0,Boleto,Entregue,App,188.72,2023,12,2023-12,Sunday
3627,2023-10-20,1,Sr. Apollo Sousa,M,18-25,Sudeste,Corda de Shibari 5m,Acessórios BDSM,291.53,3,20.0,Cartão Crédito,Entregue,Site,699.67,2023,10,2023-10,Friday
2451,2024-07-26,87,Beatriz Aragão,F,46+,Centro-Oeste,Conjunto Lingerie Boudoir,Lingerie,143.58,2,5.0,Pix,Entregue,App,272.8,2024,7,2024-07,Friday
5200,2024-07-23,92,Alexandre Gomes,M,18-25,Sudeste,Sabonete Íntimo pH Neutro,Cosméticos Íntimos,81.3,1,0.0,Cartão Crédito,Entregue,App,81.3,2024,7,2024-07,Tuesday
3962,2024-09-20,137,Luiz Gustavo Vasconcelos,M,26-35,Nordeste,Wand Massager Pro,Vibradores,475.36,5,0.0,Pix,Entregue,Site,2376.8,2024,9,2024-09,Friday
3968,2024-04-05,12,Eduardo Cunha,Não informado,26-35,Sul,Meia-Calça Rendada,Lingerie,99.11,1,0.0,Cartão Crédito,Entregue,Site,99.11,2024,4,2024-04,Friday
2747,2023-09-02,232,Marcos Vinicius Gonçalves,M,36-45,Sul,Vibrador Clássico Silicone,Vibradores,134.38,1,15.0,Cartão Crédito,Entregue,Site,114.22,2023,9,2023-09,Saturday
3488,2023-07-09,15,Julia Aparecida,F,26-35,Sudeste,Óleo de Massagem Relaxante,Lubrificantes,37.77,1,0.0,Pix,Entregue,Site,37.77,2023,7,2023-07,Sunday
4673,2023-04-06,338,Thomas Souza,M,26-35,Sudeste,Camisola Sensual Preta,Lingerie,126.22,1,15.0,Boleto,Entregue,App,107.29,2023,4,2023-04,Thursday
1323,2024-05-30,501,Oliver da Rocha,M,46+,Sudeste,Fantasia Policial,Lingerie,136.93,1,0.0,Pix,Entregue,App,136.93,2024,5,2024-05,Thursday
1324,2024-04-26,69,Heloísa Pastor,F,26-35,Sudeste,Lingerie Cropped com Bojo,Lingerie,137.74,1,0.0,Cartão Débito,Entregue,Site,137.74,2024,4,2024-04,Friday
3629,2023-12-09,402,Alice da Luz,F,26-35,Sudeste,Venda para Olhos Satin,Acessórios BDSM,155.25,1,10.0,Pix,Entregue,Site,139.72,2023,12,2023-12,Saturday
71,2024-12-27,381,Cauê da Costa,M,26-35,Sudeste,Lubrificante Sabores Baunilha,Lubrificantes,81.0,1,0.0,Pix,Entregue,App,81.0,2024,12,2024-12,Friday
3668,2023-07-31,49,Eduarda Marques,F,26-35,Sul,Fantasia Policial,Lingerie,66.07,1,0.0,Cartão Débito,Entregue,App,66.07,2023,7,2023-07,Monday
3092,2023-12-25,666,Maria Luísa Oliveira,F,26-35,Nordeste,Gel Excitante Feminino,Lubrificantes,74.0,2,0.0,Pix,Entregue,Marketplace,148.0,2023,12,2023-12,Monday
1254,2024-12-29,38,Dra. Mariane Pacheco,F,26-35,Sudeste,Body Coelhinha Plus Size,Lingerie,182.35,1,0.0,Cartão Débito,Entregue,App,182.35,2024,12,2024-12,Sunday
1658,2023-07-01,101,Bernardo Rocha,M,26-35,Nordeste,Lubrificante Base Silicone,Lubrificantes,65.18,2,30.0,Cartão Crédito,Entregue,App,91.25,2023,7,2023-07,Saturday
832,2024-03-06,164,Dr. Luan Guerra,M,26-35,Sudeste,Kit Roleplay Surpresa,Jogos Adultos,72.34,1,0.0,Cartão Débito,Entregue,Site,72.34,2024,3,2024-03,Wednesday
4931,2024-02-11,151,Lucas Alves,M,36-45,Sul,Creme Retardante Masculino,Cosméticos Íntimos,103.32,1,0.0,Cartão Crédito,Entregue,Site,103.32,2024,2,2024-02,Sunday
1336,2024-02-07,279,Danilo Azevedo,M,26-35,Sul,Kit Algemas Veludo,Acessórios BDSM,145.69,2,5.0,Cartão Crédito,Entregue,Site,276.81,2024,2,2024-02,Wednesday
2804,2023-10-25,672,Davi Moreira,M,36-45,Sudeste,Sabonete Íntimo pH Neutro,Cosméticos Íntimos,59.64,3,0.0,Pix,Entregue,Site,178.92,2023,10,2023-10,Wednesday
2504,2024-08-04,662,Léo Martins,M,18-25,Nordeste,Colar e Guia BDSM,Acessórios BDSM,67.88,3,0.0,Cartão Crédito,Devolvido,Site,203.64,2024,8,2024-08,Sunday
5044,2023-07-31,291,Eduarda da Costa,F,36-45,Sudeste,Body Rendado Vermelho,Lingerie,171.41,2,25.0,Cartão Crédito,Entregue,Marketplace,257.12,2023,7,2023-07,Monday
2865,2023-02-25,157,Gabriel da Cunha,M,18-25,Sudeste,Lubrificante Sabores Baunilha,Lubrificantes,63.91,3,15.0,Pix,Entregue,Site,162.97,2023,2,2023-02,Saturday
2381,2023-10-03,435,Antony Cavalcanti,M,36-45,Nordeste,Vibrador Ponto G Flex,Vibradores,162.99,1,0.0,Pix,Entregue,Site,162.99,2023,10,2023-10,Tuesday
4384,2023-09-20,225,Isaque Cardoso,Não informado,26-35,Sul,Gel Excitante Masculino,Lubrificantes,77.75,1,0.0,Cartão Crédito,Entregue,Site,77.75,2023,9,2023-09,Wednesday
2974,2024-03-05,346,Marcos Vinicius Marques,M,26-35,Sudeste,Dado do Prazer,Jogos Adultos,74.55,3,0.0,Cartão Crédito,Entregue,Marketplace,223.65,2024,3,2024-03,Tuesday
1002,2023-08-26,211,Ravi Lucca Cardoso,Não informado,26-35,Sudeste,Vibrador Duplo Prazer,Vibradores,271.99,1,25.0,Cartão Crédito,Entregue,App,203.99,2023,8,2023-08,Saturday
1889,2024-06-11,339,Bernardo da Mota,M,26-35,Sudeste,Wand Massager Pro,Vibradores,279.33,1,0.0,Cartão Crédito,Entregue,Site,279.33,2024,6,2024-06,Tuesday
1413,2023-01-13,87,Beatriz Aragão,F,46+,Centro-Oeste,Vibrador Rabbit Premium,Vibradores,94.13,1,0.0,Cartão Crédito,Entregue,Site,94.13,2023,1,2023-01,Friday
958,2024-01-17,14,Aylla Fogaça,F,36-45,Sudeste,Lubrificante Íntimo Aquoso 100ml,Lubrificantes,47.75,1,0.0,Pix,Entregue,Marketplace,47.75,2024,1,2024-01,Wednesday
5297,2024-10-07,172,Sophia Melo,F,36-45,Nordeste,Vibrador Rabbit Premium,Vibradores,360.71,1,30.0,Boleto,Entregue,Site,252.5,2024,10,2024-10,Monday
2813,2024-02-15,291,Eduarda da Costa,F,36-45,Sudeste,Vibrador Ponto G Flex,Vibradores,351.5,3,20.0,Boleto,Entregue,Site,843.6,2024,2,2024-02,Thursday
3967,2023-06-07,101,Bernardo Rocha,M,26-35,Nordeste,Vibrador Clássico Silicone,Vibradores,372.88,2,0.0,Pix,Entregue,App,745.76,2023,6,2023-06,Wednesday
2621,2023-09-20,398,Maitê Camargo,F,18-25,Sudeste,Lingerie Cropped com Bojo,Lingerie,134.92,3,5.0,Boleto,Entregue,Site,384.52,2023,9,2023-09,Wednesday
5331,2023-02-03,83,Evelyn Correia,F,26-35,Nordeste,Mini Vibrador Discreto,Vibradores,341.89,1,0.0,Cartão Crédito,Entregue,App,341.89,2023,2,2023-02,Friday
4406,2023-05-09,304,Nathan da Mata,M,26-35,Centro-Oeste,Sabonete Íntimo pH Neutro,Cosméticos Íntimos,125.61,2,0.0,Cartão Débito,Entregue,Marketplace,251.22,2023,5,2023-05,Tuesday
2634,2024-09-14,51,Thiago Caldeira,Não informado,36-45,Sul,Vibrador Clássico Silicone,Vibradores,206.44,2,0.0,Cartão Crédito,Entregue,App,412.88,2024,9,2024-09,Saturday
1559,2023-10-27,457,Jade Freitas,F,46+,Sudeste,Lubrificante Íntimo Aquoso 100ml,Lubrificantes,47.99,1,0.0,Boleto,Entregue,Site,47.99,2023,10,2023-10,Friday
1035,2023-11-10,23,Elisa Freitas,F,18-25,Sudeste,Lingerie Cropped com Bojo,Lingerie,118.42,4,15.0,Cartão Crédito,Entregue,Site,402.63,2023,11,2023-11,Friday
2620,2024-08-24,104,Asafe Pinto,M,46+,Sudeste,Creme Excitante Feminino,Cosméticos Íntimos,40.67,1,0.0,Cartão Crédito,Entregue,App,40.67,2024,8,2024-08,Saturday
932,2023-08-11,451,Marina Brito,F,26-35,Norte,Lubrificante Base Silicone,Lubrificantes,46.15,1,0.0,Pix,Entregue,Marketplace,46.15,2023,8,2023-08,Friday
5068,2023-02-18,113,Hadassa Montenegro,F,36-45,Sul,Lubrificante Íntimo Aquoso 100ml,Lubrificantes,57.81,1,0.0,Cartão Débito,Entregue,Site,57.81,2023,2,2023-02,Saturday
2880,2023-07-07,58,Ana Laura da Costa,F,26-35,Nordeste,Lubrificante Íntimo Aquoso 250ml,Lubrificantes,55.22,1,0.0,Pix,Entregue,Site,55.22,2023,7,2023-07,Friday
634,2024-06-24,206,Dra. Ísis Pereira,F,36-45,Sudeste,Conjunto Lingerie Boudoir,Lingerie,125.69,3,0.0,Pix,Entregue,Site,377.07,2024,6,2024-06,Monday
1514,2024-12-20,6,Helena da Conceição,F,26-35,Sul,Lingerie Cropped com Bojo,Lingerie,95.64,2,25.0,Cartão Crédito,Entregue,Site,143.46,2024,12,2024-12,Friday
499,2024-08-25,712,Sra. Maria Luiza Fonseca,F,18-25,Sul,Jogo de Cartas Sexo Quiz,Jogos Adultos,74.53,2,0.0,Pix,Entregue,Marketplace,149.06,2024,8,2024-08,Sunday
1545,2024-01-15,680,Daniela Cavalcante,F,26-35,Nordeste,Fantasia Enfermeira,Lingerie,71.42,2,0.0,Pix,Entregue,Site,142.84,2024,1,2024-01,Monday
416,2024-02-09,163,Sofia das Neves,F,36-45,Sul,Lingerie Cropped com Bojo,Lingerie,199.41,2,30.0,Cartão Débito,Entregue,Não informado,279.17,2024,2,2024-02,Friday
3297,2024-02-28,278,Ana Júlia da Cunha,F,26-35,Sul,Lubrificante Base Silicone,Lubrificantes,60.23,2,25.0,Cartão Débito,Entregue,Site,90.34,2024,2,2024-02,Wednesday
2278,2023-11-19,192,Raquel Pires,Não informado,26-35,Nordeste,Lubrificante Sabores Morango,Lubrificantes,71.56,2,15.0,Cartão Crédito,Entregue,App,121.65,2023,11,2023-11,Sunday
1408,2024-09-20,416,Eduardo Leão,M,18-25,Nordeste,Jogo de Cartas Sexo Quiz,Jogos Adultos,80.8,1,15.0,Cartão Crédito,Entregue,Marketplace,68.68,2024,9,2024-09,Friday
758,2024-12-14,206,Dra. Ísis Pereira,F,36-45,Sudeste,Creme Retardante Masculino,Cosméticos Íntimos,48.27,1,10.0,Pix,Entregue,Site,43.44,2024,12,2024-12,Saturday
1704,2024-12-11,192,Raquel Pires,Não informado,26-35,Nordeste,Lubrificante Íntimo Aquoso 250ml,Lubrificantes,62.42,1,0.0,Cartão Crédito,Entregue,Site,62.42,2024,12,2024-12,Wednesday
1042,2024-12-29,400,Miguel Novais,M,46+,Sudeste,Fantasia Policial,Lingerie,60.28,1,25.0,Pix,Entregue,App,45.21,2024,12,2024-12,Sunday
2772,2024-12-25,89,Enzo Jesus,M,36-45,Sul,Vibrador Duplo Prazer,Vibradores,151.5,3,20.0,Cartão Crédito,Entregue,Site,363.6,2024,12,2024-12,Wednesday
2551,2023-08-04,118,Dra. Alexia Rios,F,46+,Sudeste,Lubrificante Íntimo Aquoso 250ml,Lubrificantes,81.43,1,30.0,Pix,Entregue,Site,57.0,2023,8,2023-08,Friday
2678,2024-02-23,17,Bruno Novaes,M,26-35,Sudeste,Fantasia Enfermeira,Lingerie,193.05,1,0.0,Cartão Crédito,Entregue,Marketplace,193.05,2024,2,2024-02,Friday
1744,2024-11-28,4,Dra. Aurora Pastor,F,26-35,Sul,Wand Massager Pro,Vibradores,307.05,3,20.0,Cartão Crédito,Entregue,App,736.92,2024,11,2024-11,Thursday
597,2024-05-25,292,Ana Vitória Castro,F,36-45,Sul,Gel Excitante Masculino,Lubrificantes,39.59,1,0.0,Pix,Entregue,App,39.59,2024,5,2024-05,Saturday
1894,2023-04-21,64,Gabriela Silva,F,26-35,Sudeste,Lingerie Cropped com Bojo,Lingerie,108.88,1,20.0,Pix,Entregue,App,87.1,2023,4,2023-04,Friday
3354,2024-02-28,192,Raquel Pires,Não informado,26-35,Nordeste,Vibrador Ponto G Flex,Vibradores,114.0,2,10.0,Pix,Entregue,Site,205.2,2024,2,2024-02,Wednesday
653,2024-10-16,237,Mariane Ribeiro,F,18-25,Nordeste,Óleo de Massagem Relaxante,Lubrificantes,89.14,3,0.0,Boleto,Entregue,Site,267.42,2024,10,2024-10,Wednesday
1412,2023-07-20,33,Luara Cunha,Não informado,26-35,Norte,Gel Excitante Masculino,Lubrificantes,56.47,3,0.0,Cartão Crédito,Entregue,App,169.41,2023,7,2023-07,Thursday
4090,2024-08-11,13,Cauã Borges,M,36-45,Nordeste,Kit Iniciante BDSM 5 Peças,Acessórios BDSM,224.79,1,0.0,Cartão Crédito,Entregue,Site,224.79,2024,8,2024-08,Sunday
2487,2023-09-27,180,Dr. Thales Guerra,M,36-45,Sudeste,Conjunto Lingerie Boudoir,Lingerie,62.03,1,0.0,Pix,Entregue,App,62.03,2023,9,2023-09,Wednesday
5012,2024-12-12,322,Théo Abreu,M,18-25,Sudeste,Fantasia Policial,Lingerie,70.52,3,0.0,Pix,Entregue,App,211.56,2024,12,2024-12,Thursday
2459,2024-10-20,183,Henry Cavalcanti,M,26-35,Nordeste,Vibrador Clássico Silicone,Vibradores,363.46,1,0.0,Cartão Crédito,Entregue,App,363.46,2024,10,2024-10,Sunday
76,2023-07-05,341,Juliana Abreu,F,26-35,Nordeste,Gel Excitante Masculino,Lubrificantes,73.41,2,30.0,Boleto,Entregue,Site,102.77,2023,7,2023-07,Wednesday
4306,2023-11-14,24,Giovanna Rios,F,26-35,Centro-Oeste,Conjunto Lingerie Boudoir,Lingerie,112.16,2,0.0,Boleto,Entregue,Site,224.32,2023,11,2023-11,Tuesday
3114,2023-06-24,27,Elisa Martins,F,26-35,Sul,Massageador Corporal Wave,Vibradores,168.33,1,0.0,Pix,Entregue,Site,168.33,2023,6,2023-06,Saturday
4821,2024-11-24,93,Mirella da Paz,F,26-35,Sudeste,Cartas Posições Kamasutra,Jogos Adultos,54.98,1,5.0,Pix,Entregue,App,52.23,2024,11,2024-11,Sunday
1845,2024-01-23,631,Sra. Marcela Machado,F,18-25,Nordeste,Lubrificante Sabores Morango,Lubrificantes,57.03,1,10.0,Cartão Crédito,Entregue,Site,51.33,2024,1,2024-01,Tuesday
2597,2024-04-26,88,Sr. Caleb Sá,M,26-35,Sudeste,Fantasia Policial,Lingerie,113.2,1,0.0,Pix,Entregue,App,113.2,2024,4,2024-04,Friday
1731,2024-03-12,101,Bernardo Rocha,M,26-35,Nordeste,Corda de Shibari 5m,Acessórios BDSM,129.47,1,0.0,Pix,Entregue,Site,129.47,2024,3,2024-03,Tuesday
2146,2024-05-20,434,Isaac Pastor,M,36-45,Nordeste,Gel Excitante Feminino,Lubrificantes,53.77,2,0.0,Pix,Entregue,Site,107.54,2024,5,2024-05,Monday
4314,2023-10-13,506,Murilo Moura,M,26-35,Sul,Lubrificante Íntimo Aquoso 250ml,Lubrificantes,85.5,2,0.0,Cartão Crédito,Entregue,Site,171.0,2023,10,2023-10,Friday
1011,2024-02-08,70,Alana Barbosa,F,26-35,Norte,Vibrador Rabbit Premium,Vibradores,436.98,1,0.0,Pix,Entregue,Site,436.98,2024,2,2024-02,Thursday
1030,2023-03-26,443,Srta. Ana Liz Mendes,F,18-25,Nordeste,Vibrador Duplo Prazer,Vibradores,93.38,1,0.0,Pix,Devolvido,Marketplace,93.38,2023,3,2023-03,Sunday
1722,2023-11-04,36,Josué Souza,M,18-25,Sul,Dominó Erótico,Jogos Adultos,54.45,1,0.0,Cartão Crédito,Entregue,Marketplace,54.45,2023,11,2023-11,Saturday
829,2024-01-20,348,Maria Isis da Conceição,F,36-45,Sul,Dominó Erótico,Jogos Adultos,58.67,1,0.0,Pix,Entregue,App,58.67,2024,1,2024-01,Saturday
3653,2023-10-01,441,Augusto Siqueira,M,46+,Sudeste,Fantasia Policial,Lingerie,191.11,1,0.0,Pix,Entregue,Site,191.11,2023,10,2023-10,Sunday
97,2023-02-21,200,Nina Leão,F,18-25,Centro-Oeste,Lingerie Cropped com Bojo,Lingerie,116.36,1,0.0,Boleto,Entregue,Marketplace,116.36,2023,2,2023-02,Tuesday
4528,2024-01-28,569,Cecilia da Cunha,F,46+,Nordeste,Lubrificante Íntimo Aquoso 250ml,Lubrificantes,62.29,3,0.0,Cartão Débito,Entregue,Site,186.87,2024,1,2024-01,Sunday
4481,2023-07-18,49,Eduarda Marques,F,26-35,Sul,Kit Iniciante BDSM 5 Peças,Acessórios BDSM,285.7,4,0.0,Pix,Entregue,Marketplace,1142.8,2023,7,2023-07,Tuesday
2955,2023-10-16,584,Olivia Machado,F,26-35,Sul,Mordaça Silicone,Acessórios BDSM,259.85,1,0.0,Pix,Entregue,App,259.85,2023,10,2023-10,Monday
567,2024-02-23,137,Luiz Gustavo Vasconcelos,M,26-35,Nordeste,Lubrificante Íntimo Aquoso 100ml,Lubrificantes,67.46,1,0.0,Cartão Crédito,Entregue,Site,67.46,2024,2,2024-02,Friday
544,2023-05-20,295,Isabel da Paz,F,36-45,Centro-Oeste,Conjunto Lingerie Boudoir,Lingerie,116.67,2,0.0,Pix,Entregue,App,233.34,2023,5,2023-05,Saturday
1615,2023-07-24,112,Beatriz Barbosa,F,36-45,Nordeste,Wand Massager Pro,Vibradores,264.4,1,0.0,Pix,Devolvido,Marketplace,264.4,2023,7,2023-07,Monday
2699,2023-05-20,383,Juan Almeida,M,26-35,Sudeste,Kit Cuidados Íntimos,Cosméticos Íntimos,46.88,1,0.0,Cartão Crédito,Entregue,Site,46.88,2023,5,2023-05,Saturday
2928,2023-09-08,745,Srta. Cecilia Moreira,F,26-35,Sudeste,Spray Prolongador,Cosméticos Íntimos,50.82,2,0.0,Pix,Entregue,Marketplace,101.64,2023,9,2023-09,Friday
3913,2023-02-26,2,Isabelly Câmara,F,36-45,Nordeste,Gel Excitante Masculino,Lubrificantes,89.4,2,0.0,Pix,Entregue,Site,178.8,2023,2,2023-02,Sunday
1695,2023-02-14,126,Ana Júlia Borges,F,36-45,Sudeste,Fantasia Enfermeira,Lingerie,156.99,4,0.0,Pix,Entregue,App,627.96,2023,2,2023-02,Tuesday
1427,2023-04-25,2,Isabelly Câmara,F,36-45,Nordeste,Jogo Tabuleiro Casais,Jogos Adultos,53.71,2,0.0,Cartão Crédito,Entregue,App,107.42,2023,4,2023-04,Tuesday
196,2023-08-16,118,Dra. Alexia Rios,F,46+,Sudeste,Gel Excitante Masculino,Lubrificantes,85.05,1,0.0,Cartão Crédito,Entregue,Site,85.05,2023,8,2023-08,Wednesday
1225,2023-12-31,149,Luiz Fernando Ramos,M,36-45,Nordeste,Body Coelhinha Plus Size,Lingerie,139.85,1,0.0,Pix,Entregue,Site,139.85,2023,12,2023-12,Sunday
4079,2023-07-23,377,Melina Ferreira,F,18-25,Nordeste,Mini Vibrador Discreto,Vibradores,122.35,1,0.0,Boleto,Entregue,Site,122.35,2023,7,2023-07,Sunday
5341,2023-02-18,422,Dr. Bento Gonçalves,M,26-35,Nordeste,Lubrificante Sabores Baunilha,Lubrificantes,60.6,1,10.0,Cartão Débito,Entregue,App,54.54,2023,2,2023-02,Saturday
803,2023-07-27,231,Apollo das Neves,M,26-35,Nordeste,Vibrador Duplo Prazer,Vibradores,130.42,1,0.0,Cartão Crédito,Entregue,App,130.42,2023,7,2023-07,Thursday
3690,2024-12-23,6,Helena da Conceição,F,26-35,Sul,Lingerie Cropped com Bojo,Lingerie,110.37,1,0.0,Cartão Crédito,Entregue,App,110.37,2024,12,2024-12,Monday
3482,2024-02-01,229,Bruna Vasconcelos,F,26-35,Sul,Spray Prolongador,Cosméticos Íntimos,87.59,3,0.0,Pix,Entregue,App,262.77,2024,2,2024-02,Thursday
2007,2023-10-27,163,Sofia das Neves,F,36-45,Sul,Dominó Erótico,Jogos Adultos,56.16,1,0.0,Cartão Débito,Entregue,App,56.16,2023,10,2023-10,Friday
4353,2023-07-06,147,Evelyn Guerra,F,36-45,Sul,Wand Massager Pro,Vibradores,142.94,1,0.0,Cartão Crédito,Entregue,Site,142.94,2023,7,2023-07,Thursday
3136,2024-04-17,256,Renan Ramos,M,26-35,Nordeste,Massageador Corporal Wave,Vibradores,475.01,1,10.0,Pix,Entregue,App,427.51,2024,4,2024-04,Wednesday
3587,2024-11-30,165,Sra. Carolina Correia,F,18-25,Sudeste,Lubrificante Íntimo Aquoso 100ml,Lubrificantes,30.18,5,0.0,Cartão Crédito,Entregue,Marketplace,150.9,2024,11,2024-11,Saturday
1298,2024-05-30,31,Luara Guerra,F,36-45,Nordeste,Lubrificante Base Silicone,Lubrificantes,48.98,1,30.0,Cartão Débito,Entregue,Marketplace,34.29,2024,5,2024-05,Thursday
4282,2024-12-15,345,Lucas Gabriel Novaes,M,18-25,Sudeste,Colar e Guia BDSM,Acessórios BDSM,115.67,1,0.0,Cartão Crédito,Entregue,Site,115.67,2024,12,2024-12,Sunday
645,2024-10-23,36,Josué Souza,M,18-25,Sul,Vibrador Clássico Silicone,Vibradores,111.69,1,0.0,Pix,Entregue,Site,111.69,2024,10,2024-10,Wednesday
1469,2024-06-08,499,Ana Vitória Dias,Não informado,46+,Sudeste,Conjunto Lingerie Boudoir,Lingerie,109.77,2,0.0,Pix,Entregue,Site,219.54,2024,6,2024-06,Saturday
4166,2023-05-01,135,Ana Cecília Fogaça,F,46+,Nordeste,Lubrificante Sabores Baunilha,Lubrificantes,68.34,1,20.0,Pix,Entregue,Site,54.67,2023,5,2023-05,Monday
5374,2024-08-19,390,Sr. Leonardo Viana,M,18-25,Sudeste,Venda para Olhos Satin,Acessórios BDSM,239.26,1,0.0,Pix,Entregue,Marketplace,239.26,2024,8,2024-08,Monday
121,2024-02-22,418,Lara Andrade,F,26-35,Nordeste,Lingerie Cropped com Bojo,Lingerie,104.2,1,0.0,Pix,Entregue,Site,104.2,2024,2,2024-02,Thursday
2517,2023-12-26,6,Helena da Conceição,F,26-35,Sul,Corda de Shibari 5m,Acessórios BDSM,115.86,1,0.0,Cartão Crédito,Entregue,Site,115.86,2023,12,2023-12,Tuesday
4359,2024-08-12,228,Maria Eduarda Cavalcante,F,18-25,Sudeste,Fantasia Policial,Lingerie,76.29,1,10.0,Cartão Crédito,Entregue,Marketplace,68.66,2024,8,2024-08,Monday
2338,2023-05-20,127,Sra. Kamilly Aparecida,F,36-45,Nordeste,Fantasia Policial,Lingerie,85.96,1,0.0,Pix,Entregue,Site,85.96,2023,5,2023-05,Saturday
2958,2023-06-24,486,Théo Camargo,Não informado,26-35,Sudeste,Meia-Calça Rendada,Lingerie,95.34,1,0.0,Pix,Entregue,Site,95.34,2023,6,2023-06,Saturday
3880,2023-06-19,73,Sophie da Costa,F,36-45,Sudeste,Óleo de Massagem Relaxante,Lubrificantes,66.94,1,5.0,Cartão Crédito,Entregue,Site,63.59,2023,6,2023-06,Monday
2999,2023-07-11,95,Juan Cunha,M,26-35,Sul,Lubrificante Sabores Morango,Lubrificantes,35.14,3,20.0,Cartão Crédito,Entregue,Marketplace,84.34,2023,7,2023-07,Tuesday
4437,2024-06-26,119,Letícia Ribeiro,Não informado,18-25,Norte,Sabonete Íntimo pH Neutro,Cosméticos Íntimos,57.4,1,0.0,Cartão Crédito,Entregue,Marketplace,57.4,2024,6,2024-06,Wednesday
3716,2024-03-10,103,Isadora Pacheco,F,46+,Nordeste,Lingerie Cropped com Bojo,Lingerie,146.33,1,30.0,Cartão Crédito,Entregue,Marketplace,102.43,2024,3,2024-03,Sunday
135,2023-08-26,630,Mariane Cavalcante,F,36-45,Sudeste,Lubrificante Íntimo Aquoso 100ml,Lubrificantes,70.02,1,20.0,Cartão Crédito,Entregue,Site,56.02,2023,8,2023-08,Saturday
4837,2023-08-02,130,Sra. Mariane Novais,F,46+,Nordeste,Fantasia Policial,Lingerie,188.1,5,0.0,Pix,Entregue,App,940.5,2023,8,2023-08,Wednesday
1558,2024-01-08,145,Natália Ferreira,F,46+,Sul,Kit Cuidados Íntimos,Cosméticos Íntimos,109.51,2,10.0,Pix,Entregue,App,197.12,2024,1,2024-01,Monday
3198,2023-01-25,507,Maria Laura das Neves,F,36-45,Sudeste,Jogo Tabuleiro Casais,Jogos Adultos,112.54,4,0.0,Pix,Entregue,Site,450.16,2023,1,2023-01,Wednesday
63,2024-02-25,443,Srta. Ana Liz Mendes,F,18-25,Nordeste,Meia-Calça Rendada,Lingerie,65.15,1,0.0,Cartão Crédito,Entregue,Site,65.15,2024,2,2024-02,Sunday
3700,2024-12-17,86,Isadora Barbosa,Não informado,18-25,Sudeste,Gel Excitante Masculino,Lubrificantes,62.64,1,0.0,Cartão Crédito,Entregue,App,62.64,2024,12,2024-12,Tuesday
5090,2023-10-19,36,Josué Souza,M,18-25,Sul,Body Rendado Vermelho,Lingerie,170.35,1,10.0,Cartão Crédito,Entregue,App,153.32,2023,10,2023-10,Thursday
2802,2023-01-13,559,Eloah Silveira,F,26-35,Sul,Dominó Erótico,Jogos Adultos,59.22,1,0.0,Pix,Entregue,App,59.22,2023,1,2023-01,Friday
3277,2023-02-22,461,Dr. Davi Lucca Novais,M,36-45,Sul,Sabonete Íntimo pH Neutro,Cosméticos Íntimos,98.66,1,0.0,Pix,Entregue,App,98.66,2023,2,2023-02,Wednesday
3609,2024-05-11,596,Lavínia Lima,F,36-45,Sudeste,Chicote de Couro Soft,Acessórios BDSM,101.86,1,0.0,Pix,Devolvido,Marketplace,101.86,2024,5,2024-05,Saturday
123,2024-11-07,106,Vicente Dias,M,26-35,Sul,Vibrador Rabbit Premium,Vibradores,145.82,1,25.0,Pix,Entregue,Site,109.36,2024,11,2024-11,Thursday
3275,2023-01-06,452,Sr. Yuri Silveira,M,36-45,Sudeste,Vibrador Duplo Prazer,Vibradores,422.79,3,5.0,Cartão Crédito,Entregue,Marketplace,1204.95,2023,1,2023-01,Friday
3536,2024-04-30,39,Luiz Miguel Câmara,M,36-45,Sudeste,Lubrificante Sabores Baunilha,Lubrificantes,33.58,1,0.0,Cartão Crédito,Entregue,App,33.58,2024,4,2024-04,Tuesday
3539,2024-02-16,296,Dr. Rafael Barbosa,M,18-25,Sul,Vibrador Clássico Silicone,Vibradores,310.5,1,10.0,Pix,Entregue,Site,279.45,2024,2,2024-02,Friday
4188,2023-12-14,232,Marcos Vinicius Gonçalves,M,36-45,Sul,Gel Excitante Feminino,Lubrificantes,80.71,1,0.0,Boleto,Entregue,App,80.71,2023,12,2023-12,Thursday
1211,2023-02-18,152,Joana Cavalcanti,F,26-35,Sul,Gel Excitante Masculino,Lubrificantes,59.42,1,0.0,Pix,Entregue,Site,59.42,2023,2,2023-02,Saturday
568,2024-08-20,157,Gabriel da Cunha,M,18-25,Sudeste,Lingerie Cropped com Bojo,Lingerie,192.29,1,0.0,Cartão Crédito,Entregue,Site,192.29,2024,8,2024-08,Tuesday
4840,2023-05-26,89,Enzo Jesus,M,36-45,Sul,Vibrador Ponto G Flex,Vibradores,386.89,1,0.0,Cartão Débito,Entregue,Site,386.89,2023,5,2023-05,Friday
865,2024-07-27,141,Lívia Viana,F,36-45,Sudeste,Camisola Sensual Preta,Lingerie,115.62,2,0.0,Pix,Entregue,Marketplace,231.24,2024,7,2024-07,Saturday
4699,2023-03-09,42,Eduarda Vieira,F,18-25,Sudeste,Cartas Posições Kamasutra,Jogos Adultos,98.01,1,30.0,Cartão Crédito,Entregue,Site,68.61,2023,3,2023-03,Thursday
3866,2023-10-30,121,Cauê Souza,M,26-35,Sul,Vibrador Rabbit Premium,Vibradores,373.72,2,0.0,Cartão Crédito,Entregue,Site,747.44,2023,10,2023-10,Monday
4344,2023-06-16,440,Rael Montenegro,M,18-25,Nordeste,Vibrador Rabbit Premium,Vibradores,193.3,3,0.0,Cartão Débito,Entregue,Site,579.9,2023,6,2023-06,Friday
1372,2023-03-15,56,Rebeca Almeida,F,26-35,Sul,Mordaça Silicone,Acessórios BDSM,135.46,1,0.0,Cartão Débito,Entregue,App,135.46,2023,3,2023-03,Wednesday
721,2023-09-29,620,Maya Guerra,F,36-45,Centro-Oeste,Lubrificante Base Silicone,Lubrificantes,73.91,1,0.0,Boleto,Devolvido,Marketplace,73.91,2023,9,2023-09,Friday
4949,2024-10-11,415,Dra. Ágatha Leão,F,26-35,Sudeste,Lubrificante Íntimo Aquoso 250ml,Lubrificantes,30.69,1,0.0,Pix,Entregue,Marketplace,30.69,2024,10,2024-10,Friday
2488,2024-09-03,489,Sra. Ana Clara Câmara,F,26-35,Centro-Oeste,Óleo de Massagem Relaxante,Lubrificantes,48.61,4,0.0,Cartão Crédito,Entregue,Site,194.44,2024,9,2024-09,Tuesday
691,2024-06-17,108,Sra. Isabella da Luz,Não informado,36-45,Centro-Oeste,Body Coelhinha Plus Size,Lingerie,77.08,2,5.0,Cartão Débito,Entregue,App,146.45,2024,6,2024-06,Monday
603,2024-08-04,54,Ágatha Vasconcelos,F,18-25,Sul,Lingerie Cropped com Bojo,Lingerie,68.64,3,20.0,Pix,Entregue,Site,164.74,2024,8,2024-08,Sunday
1439,2023-12-25,63,Otávio Cunha,M,26-35,Sudeste,Vibrador Duplo Prazer,Vibradores,96.72,2,30.0,Pix,Entregue,Marketplace,135.41,2023,12,2023-12,Monday
1733,2023-02-19,203,Maria Helena Mendes,F,36-45,Sudeste,Body Coelhinha Plus Size,Lingerie,64.16,2,30.0,Pix,Entregue,App,89.82,2023,2,2023-02,Sunday
4025,2023-02-13,296,Dr. Rafael Barbosa,M,18-25,Sul,Mordaça Silicone,Acessórios BDSM,62.21,1,0.0,Pix,Entregue,Marketplace,62.21,2023,2,2023-02,Monday
1581,2023-03-24,73,Sophie da Costa,F,36-45,Sudeste,Wand Massager Pro,Vibradores,106.03,1,0.0,Pix,Entregue,Site,106.03,2023,3,2023-03,Friday
2828,2023-11-04,28,Júlia Porto,F,26-35,Centro-Oeste,Fantasia Policial,Lingerie,70.34,2,0.0,Boleto,Entregue,Site,140.68,2023,11,2023-11,Saturday
319,2024-02-29,48,Sra. Brenda da Rocha,F,26-35,Centro-Oeste,Conjunto Lingerie Boudoir,Lingerie,80.01,1,25.0,Cartão Débito,Entregue,Marketplace,60.01,2024,2,2024-02,Thursday
4442,2024-06-14,445,Rebeca Silva,F,26-35,Nordeste,Corda de Shibari 5m,Acessórios BDSM,137.22,2,0.0,Cartão Débito,Entregue,Marketplace,274.44,2024,6,2024-06,Friday
275,2024-03-27,194,João Pedro da Costa,M,26-35,Nordeste,Creme Excitante Feminino,Cosméticos Íntimos,105.08,1,0.0,Pix,Entregue,Site,105.08,2024,3,2024-03,Wednesday
5384,2023-09-30,3,Cauã Rocha,M,18-25,Sudeste,Cartas Posições Kamasutra,Jogos Adultos,82.03,2,0.0,Pix,Entregue,App,164.06,2023,9,2023-09,Saturday
1398,2023-02-18,79,Maria Lima,F,18-25,Centro-Oeste,Kit Iniciante BDSM 5 Peças,Acessórios BDSM,285.98,1,0.0,Pix,Entregue,Marketplace,285.98,2023,2,2023-02,Saturday
3808,2023-08-10,118,Dra. Alexia Rios,F,46+,Sudeste,Body Rendado Vermelho,Lingerie,131.83,2,20.0,Cartão Crédito,Entregue,App,210.93,2023,8,2023-08,Thursday
1787,2023-02-07,270,Beatriz Correia,F,26-35,Sul,Massageador Corporal Wave,Vibradores,392.7,2,0.0,Cartão Débito,Entregue,Marketplace,785.4,2023,2,2023-02,Tuesday
3001,2024-11-16,296,Dr. Rafael Barbosa,M,18-25,Sul,Gel Térmico Sensação Quente,Cosméticos Íntimos,113.99,1,20.0,Cartão Crédito,Entregue,App,91.19,2024,11,2024-11,Saturday
5220,2024-05-20,17,Bruno Novaes,M,26-35,Sudeste,Meia-Calça Rendada,Lingerie,137.84,1,20.0,Pix,Entregue,Site,110.27,2024,5,2024-05,Monday
4371,2023-11-18,63,Otávio Cunha,M,26-35,Sudeste,Conjunto Lingerie Boudoir,Lingerie,149.74,1,0.0,Pix,Entregue,Marketplace,149.74,2023,11,2023-11,Saturday
5353,2023-02-02,94,Ryan Cassiano,M,36-45,Sudeste,Lubrificante Sabores Baunilha,Lubrificantes,55.06,1,0.0,Pix,Entregue,Site,55.06,2023,2,2023-02,Thursday
296,2023-03-30,200,Nina Leão,F,18-25,Centro-Oeste,Body Coelhinha Plus Size,Lingerie,142.72,3,0.0,Cartão Crédito,Entregue,Site,428.16,2023,3,2023-03,Thursday
4918,2023-03-05,128,Lívia Vargas,F,26-35,Sudeste,Meia-Calça Rendada,Lingerie,173.1,1,0.0,Pix,Entregue,Site,173.1,2023,3,2023-03,Sunday
5358,2024-08-02,721,Fernanda Pereira,F,26-35,Sudeste,Gel Excitante Feminino,Lubrificantes,44.81,1,0.0,Cartão Crédito,Entregue,Site,44.81,2024,8,2024-08,Friday
299,2024-12-10,260,Leandro Ribeiro,M,26-35,Sudeste,Creme Excitante Feminino,Cosméticos Íntimos,76.12,1,5.0,Cartão Crédito,Entregue,App,72.31,2024,12,2024-12,Tuesday
69,2024-12-06,22,Rafael Porto,M,36-45,Nordeste,Vibrador Clássico Silicone,Vibradores,156.69,2,10.0,Cartão Crédito,Entregue,Site,282.04,2024,12,2024-12,Friday
737,2023-02-07,137,Luiz Gustavo Vasconcelos,M,26-35,Nordeste,Lingerie Cropped com Bojo,Lingerie,181.9,1,0.0,Cartão Crédito,Entregue,Site,181.9,2023,2,2023-02,Tuesday
4688,2024-12-19,4,Dra. Aurora Pastor,F,26-35,Sul,Óleo de Massagem Relaxante,Lubrificantes,89.18,2,15.0,Pix,Entregue,Site,151.61,2024,12,2024-12,Thursday
1554,2024-07-16,520,Olivia Macedo,F,26-35,Nordeste,Lubrificante Íntimo Aquoso 100ml,Lubrificantes,30.78,2,0.0,Pix,Entregue,Site,61.56,2024,7,2024-07,Tuesday
3551,2024-11-26,414,Mirella Freitas,F,18-25,Sul,Conjunto Lingerie Boudoir,Lingerie,109.06,5,0.0,Cartão Crédito,Entregue,App,545.3,2024,11,2024-11,Tuesday
151,2024-03-25,560,Ana Clara Jesus,F,26-35,Sudeste,Cartas Posições Kamasutra,Jogos Adultos,65.64,1,0.0,Cartão Crédito,Entregue,Site,65.64,2024,3,2024-03,Monday
757,2024-12-06,259,Maria Luiza Sales,F,18-25,Norte,Vibrador Duplo Prazer,Vibradores,435.17,4,0.0,Cartão Crédito,Entregue,Site,1740.68,2024,12,2024-12,Friday
4490,2023-09-30,224,Alícia Pinto,F,26-35,Nordeste,Vibrador Ponto G Flex,Vibradores,247.22,3,0.0,Pix,Entregue,Site,741.66,2023,9,2023-09,Saturday
4402,2024-12-29,198,Srta. Hadassa Azevedo,F,26-35,Nordeste,Lubrificante Sabores Baunilha,Lubrificantes,56.98,1,0.0,Cartão Crédito,Entregue,Site,56.98,2024,12,2024-12,Sunday
5330,2023-06-16,194,João Pedro da Costa,M,26-35,Nordeste,Kit Roleplay Surpresa,Jogos Adultos,83.19,1,0.0,Pix,Entregue,Site,83.19,2023,6,2023-06,Friday
3248,2024-03-01,146,Heloísa Câmara,F,26-35,Nordeste,Fantasia Policial,Lingerie,97.69,2,0.0,Pix,Entregue,App,195.38,2024,3,2024-03,Friday
2524,2023-01-31,122,Daniela da Mata,F,26-35,Sul,Vibrador Duplo Prazer,Vibradores,450.49,1,0.0,Boleto,Entregue,App,450.49,2023,1,2023-01,Tuesday
377,2024-03-16,463,Noah Fogaça,M,36-45,Sudeste,Cartas Posições Kamasutra,Jogos Adultos,114.56,4,0.0,Pix,Entregue,App,458.24,2024,3,2024-03,Saturday
1895,2023-08-29,219,José Barros,M,26-35,Sudeste,Kit Algemas Veludo,Acessórios BDSM,54.27,2,0.0,Cartão Débito,Entregue,Marketplace,108.54,2023,8,2023-08,Tuesday
2516,2024-02-25,595,Isaque Silva,M,36-45,Sudeste,Jogo de Cartas Sexo Quiz,Jogos Adultos,55.04,1,0.0,Boleto,Entregue,Marketplace,55.04,2024,2,2024-02,Sunday
3490,2023-05-16,151,Lucas Alves,M,36-45,Sul,Meia-Calça Rendada,Lingerie,90.44,1,0.0,Pix,Entregue,App,90.44,2023,5,2023-05,Tuesday
1868,2023-02-25,50,João Montenegro,M,26-35,Sudeste,Corda de Shibari 5m,Acessórios BDSM,161.73,1,0.0,Cartão Crédito,Entregue,Site,161.73,2023,2,2023-02,Saturday
379,2024-05-21,426,Isabelly Cardoso,F,26-35,Sul,Óleo de Massagem Relaxante,Lubrificantes,57.37,1,10.0,Pix,Entregue,Marketplace,51.63,2024,5,2024-05,Tuesday
1891,2024-05-01,30,Ana Laura da Conceição,F,18-25,Sudeste,Jogo de Cartas Sexo Quiz,Jogos Adultos,50.78,2,0.0,Pix,Entregue,Site,101.56,2024,5,2024-05,Wednesday
1295,2023-03-26,410,Danilo Carvalho,M,26-35,Centro-Oeste,Corda de Shibari 5m,Acessórios BDSM,67.58,1,0.0,Pix,Entregue,App,67.58,2023,3,2023-03,Sunday
2856,2024-01-29,191,João Guilherme Vargas,M,26-35,Nordeste,Gel Excitante Feminino,Lubrificantes,33.57,3,0.0,Pix,Entregue,Site,100.71,2024,1,2024-01,Monday
4504,2024-05-27,2,Isabelly Câmara,F,36-45,Nordeste,Conjunto Lingerie Boudoir,Lingerie,181.28,1,0.0,Pix,Entregue,Site,181.28,2024,5,2024-05,Monday
4131,2023-12-10,88,Sr. Caleb Sá,M,26-35,Sudeste,Chicote de Couro Soft,Acessórios BDSM,238.53,1,0.0,Cartão Crédito,Entregue,App,238.53,2023,12,2023-12,Sunday
5130,2024-12-31,473,Leonardo Fernandes,M,18-25,Norte,Perfume Íntimo Floral,Cosméticos Íntimos,123.45,1,0.0,Pix,Entregue,Site,123.45,2024,12,2024-12,Tuesday
3066,2024-02-02,86,Isadora Barbosa,Não informado,18-25,Sudeste,Gel Excitante Feminino,Lubrificantes,43.94,3,0.0,Cartão Crédito,Entregue,Site,131.82,2024,2,2024-02,Friday
2223,2024-02-07,29,Dra. Hellena Rodrigues,F,26-35,Norte,Mini Vibrador Discreto,Vibradores,309.3,2,0.0,Cartão Débito,Entregue,App,618.6,2024,2,2024-02,Wednesday
2510,2024-11-13,534,Sra. Maysa Moura,F,46+,Sudeste,Lubrificante Íntimo Aquoso 100ml,Lubrificantes,64.94,1,0.0,Pix,Entregue,Site,64.94,2024,11,2024-11,Wednesday
176,2024-02-09,54,Ágatha Vasconcelos,F,18-25,Sul,Lingerie Cropped com Bojo,Lingerie,175.88,1,0.0,Cartão Crédito,Entregue,App,175.88,2024,2,2024-02,Friday
1499,2024-09-22,131,Daniel Barbosa,M,36-45,Sudeste,Creme Excitante Feminino,Cosméticos Íntimos,51.48,1,5.0,Cartão Crédito,Entregue,Site,48.91,2024,9,2024-09,Sunday
928,2024-05-20,211,Ravi Lucca Cardoso,Não informado,26-35,Sudeste,Lingerie Cropped com Bojo,Lingerie,71.09,2,5.0,Cartão Débito,Entregue,Site,135.07,2024,5,2024-05,Monday
2816,2023-12-10,380,Fernanda Gomes,F,36-45,Sudeste,Lubrificante Sabores Baunilha,Lubrificantes,57.78,1,0.0,Boleto,Entregue,App,57.78,2023,12,2023-12,Sunday
46,2023-12-15,288,Ana Liz Pimenta,F,36-45,Centro-Oeste,Kit Roleplay Surpresa,Jogos Adultos,45.26,1,10.0,Cartão Crédito,Entregue,Marketplace,40.73,2023,12,2023-12,Friday
1261,2023-02-01,87,Beatriz Aragão,F,46+,Centro-Oeste,Kit Iniciante BDSM 5 Peças,Acessórios BDSM,144.78,1,0.0,Cartão Crédito,Entregue,App,144.78,2023,2,2023-02,Wednesday
1097,2024-06-22,69,Heloísa Pastor,F,26-35,Sudeste,Massageador Corporal Wave,Vibradores,418.72,4,15.0,Boleto,Entregue,App,1423.65,2024,6,2024-06,Saturday
4917,2023-12-28,110,Dr. Raul Dias,M,36-45,Nordeste,Vibrador Ponto G Flex,Vibradores,314.18,1,0.0,Pix,Entregue,Marketplace,314.18,2023,12,2023-12,Thursday
1663,2024-05-22,581,Lívia Vieira,F,36-45,Sudeste,Cartas Posições Kamasutra,Jogos Adultos,82.21,1,0.0,Pix,Entregue,App,82.21,2024,5,2024-05,Wednesday
5215,2023-11-08,137,Luiz Gustavo Vasconcelos,M,26-35,Nordeste,Camisola Sensual Preta,Lingerie,129.37,1,0.0,Cartão Crédito,Entregue,Site,129.37,2023,11,2023-11,Wednesday
2583,2024-10-04,190,Milena da Luz,Não informado,36-45,Nordeste,Fantasia Policial,Lingerie,77.19,1,0.0,Cartão Crédito,Entregue,Marketplace,77.19,2024,10,2024-10,Friday
5327,2024-12-11,24,Giovanna Rios,F,26-35,Centro-Oeste,Body Rendado Vermelho,Lingerie,127.36,1,0.0,Pix,Entregue,App,127.36,2024,12,2024-12,Wednesday
3853,2023-12-31,254,Isabella Silveira,F,36-45,Sul,Kit Algemas Veludo,Acessórios BDSM,125.86,1,0.0,Boleto,Entregue,App,125.86,2023,12,2023-12,Sunday
2178,2024-06-01,274,Yuri da Rocha,M,36-45,Sudeste,Kit Algemas Veludo,Acessórios BDSM,77.23,1,0.0,Cartão Crédito,Entregue,Marketplace,77.23,2024,6,2024-06,Saturday
284,2023-04-10,28,Júlia Porto,F,26-35,Centro-Oeste,Mini Vibrador Discreto,Vibradores,116.12,3,0.0,Cartão Crédito,Entregue,Site,348.36,2023,4,2023-04,Monday
2155,2023-06-10,30,Ana Laura da Conceição,F,18-25,Sudeste,Body Coelhinha Plus Size,Lingerie,97.73,1,0.0,Pix,Entregue,App,97.73,2023,6,2023-06,Saturday
2143,2024-02-12,325,Theo Pires,M,46+,Sudeste,Lubrificante Base Silicone,Lubrificantes,69.41,2,0.0,Boleto,Entregue,Site,138.82,2024,2,2024-02,Monday
2852,2023-10-17,76,Renan da Cruz,M,26-35,Nordeste,Fantasia Policial,Lingerie,125.67,1,25.0,Pix,Entregue,Site,94.25,2023,10,2023-10,Tuesday
1966,2023-04-11,238,Bernardo Montenegro,M,46+,Sul,Kit Iniciante BDSM 5 Peças,Acessórios BDSM,169.36,1,10.0,Cartão Crédito,Entregue,App,152.42,2023,4,2023-04,Tuesday
5386,2024-12-16,194,João Pedro da Costa,M,26-35,Nordeste,Óleo de Massagem Relaxante,Lubrificantes,83.38,2,15.0,Cartão Crédito,Entregue,Site,141.75,2024,12,2024-12,Monday
3985,2023-04-25,429,Igor Farias,M,36-45,Centro-Oeste,Vibrador Duplo Prazer,Vibradores,172.63,3,0.0,Cartão Crédito,Entregue,Site,517.89,2023,4,2023-04,Tuesday
3661,2023-02-15,193,Kamilly Macedo,F,26-35,Sul,Lubrificante Base Silicone,Lubrificantes,58.65,1,30.0,Cartão Crédito,Entregue,Site,41.06,2023,2,2023-02,Wednesday
3831,2023-09-18,132,Srta. Ísis Andrade,F,18-25,Sudeste,Body Rendado Vermelho,Lingerie,84.22,1,0.0,Cartão Crédito,Entregue,Site,84.22,2023,9,2023-09,Monday
2532,2024-12-17,443,Srta. Ana Liz Mendes,F,18-25,Nordeste,Creme Excitante Feminino,Cosméticos Íntimos,103.87,1,5.0,Boleto,Entregue,Site,98.68,2024,12,2024-12,Tuesday
4267,2023-11-04,278,Ana Júlia da Cunha,F,26-35,Sul,Fantasia Policial,Lingerie,101.96,3,0.0,Cartão Crédito,Devolvido,Site,305.88,2023,11,2023-11,Saturday
1882,2024-02-17,503,Eloá Pinto,F,36-45,Sudeste,Gel Excitante Masculino,Lubrificantes,56.74,1,25.0,Pix,Entregue,Marketplace,42.56,2024,2,2024-02,Saturday
2252,2023-01-05,563,Sra. Isabel Nascimento,Não informado,26-35,Nordeste,Fantasia Enfermeira,Lingerie,170.33,1,0.0,Pix,Entregue,Site,170.33,2023,1,2023-01,Thursday
3299,2024-01-22,129,Julia Castro,F,26-35,Sudeste,Jogo Tabuleiro Casais,Jogos Adultos,89.03,1,0.0,Pix,Entregue,Site,89.03,2024,1,2024-01,Monday
3389,2024-04-07,12,Eduardo Cunha,Não informado,26-35,Sul,Lubrificante Base Silicone,Lubrificantes,67.7,1,0.0,Cartão Crédito,Entregue,Site,67.7,2024,4,2024-04,Sunday
1438,2023-04-30,320,Luara da Cunha,F,26-35,Nordeste,Conjunto Lingerie Boudoir,Lingerie,109.23,2,0.0,Cartão Crédito,Entregue,App,218.46,2023,4,2023-04,Sunday
5061,2023-04-20,608,Maria Nogueira,F,36-45,Centro-Oeste,Corda de Shibari 5m,Acessórios BDSM,117.69,3,15.0,Pix,Entregue,App,300.11,2023,4,2023-04,Thursday
258,2024-12-13,313,Sra. Lara Cirino,F,46+,Nordeste,Lubrificante Base Silicone,Lubrificantes,57.16,1,20.0,Pix,Entregue,App,45.73,2024,12,2024-12,Friday
508,2023-02-12,435,Antony Cavalcanti,M,36-45,Nordeste,Body Rendado Vermelho,Lingerie,112.49,1,15.0,Cartão Débito,Entregue,Site,95.62,2023,2,2023-02,Sunday
4438,2023-04-08,391,Ana Beatriz Pacheco,F,18-25,Sudeste,Venda para Olhos Satin,Acessórios BDSM,213.05,1,0.0,Cartão Crédito,Entregue,Site,213.05,2023,4,2023-04,Saturday
100,2023-12-06,32,Ana Luiza Cunha,F,18-25,Sudeste,Meia-Calça Rendada,Lingerie,160.23,1,0.0,Pix,Entregue,Site,160.23,2023,12,2023-12,Wednesday
3619,2023-12-08,405,Marcelo Caldeira,M,26-35,Nordeste,Chicote de Couro Soft,Acessórios BDSM,245.34,1,30.0,Cartão Débito,Entregue,Site,171.74,2023,12,2023-12,Friday
1618,2023-02-02,288,Ana Liz Pimenta,F,36-45,Centro-Oeste,Fantasia Enfermeira,Lingerie,144.52,1,15.0,Boleto,Entregue,Site,122.84,2023,2,2023-02,Thursday
5287,2023-02-14,741,Luara Leão,F,18-25,Sudeste,Fantasia Enfermeira,Lingerie,79.64,2,0.0,Cartão Crédito,Entregue,Site,159.28,2023,2,2023-02,Tuesday
3657,2023-03-18,115,Isabelly Freitas,F,18-25,Sudeste,Vibrador Rabbit Premium,Vibradores,221.88,1,0.0,Pix,Entregue,App,221.88,2023,3,2023-03,Saturday
5399,2023-12-08,138,Nicolas Pinto,M,36-45,Sudeste,Lubrificante Sabores Baunilha,Lubrificantes,61.48,3,10.0,Pix,Entregue,Site,166.0,2023,12,2023-12,Friday
1925,2023-09-02,403,Camila Marques,F,26-35,Sudeste,Mordaça Silicone,Acessórios BDSM,121.97,1,20.0,Boleto,Entregue,Marketplace,97.58,2023,9,2023-09,Saturday
2145,2024-02-12,174,Lívia Borges,F,46+,Sudeste,Fantasia Policial,Lingerie,100.83,1,10.0,Pix,Entregue,Site,90.75,2024,2,2024-02,Monday
4546,2023-03-14,423,Esther Campos,F,18-25,Sudeste,Wand Massager Pro,Vibradores,173.88,1,0.0,Cartão Crédito,Entregue,Marketplace,173.88,2023,3,2023-03,Tuesday
367,2024-10-18,675,Manuella Moreira,F,36-45,Nordeste,Gel Excitante Masculino,Lubrificantes,48.72,1,0.0,Cartão Crédito,Devolvido,Marketplace,48.72,2024,10,2024-10,Friday
4900,2023-08-26,565,Evelyn Freitas,F,26-35,Sul,Creme Retardante Masculino,Cosméticos Íntimos,43.12,2,0.0,Pix,Entregue,Site,86.24,2023,8,2023-08,Saturday
2846,2023-12-20,122,Daniela da Mata,F,26-35,Sul,Massageador Corporal Wave,Vibradores,492.79,2,0.0,Pix,Entregue,Site,985.58,2023,12,2023-12,Wednesday
4303,2023-03-05,364,Dra. Beatriz Macedo,F,46+,Sudeste,Wand Massager Pro,Vibradores,126.89,1,30.0,Cartão Crédito,Entregue,Site,88.82,2023,3,2023-03,Sunday
3108,2023-11-13,3,Cauã Rocha,M,18-25,Sudeste,Lubrificante Íntimo Aquoso 100ml,Lubrificantes,67.75,2,0.0,Cartão Crédito,Entregue,Site,135.5,2023,11,2023-11,Monday
950,2024-06-06,244,Ravi Lucca Lopes,M,26-35,Sul,Lubrificante Sabores Baunilha,Lubrificantes,62.9,1,0.0,Pix,Entregue,Site,62.9,2024,6,2024-06,Thursday
5132,2024-01-12,196,Anna Liz Carvalho,F,26-35,Sul,Fantasia Policial,Lingerie,65.02,1,0.0,Cartão Crédito,Devolvido,Site,65.02,2024,1,2024-01,Friday
1946,2023-08-09,197,Isabel Gomes,F,18-25,Nordeste,Lubrificante Íntimo Aquoso 100ml,Lubrificantes,48.41,1,30.0,Pix,Entregue,Site,33.89,2023,8,2023-08,Wednesday
669,2024-05-02,58,Ana Laura da Costa,F,26-35,Nordeste,Lubrificante Íntimo Aquoso 250ml,Lubrificantes,87.45,1,0.0,Pix,Entregue,Site,87.45,2024,5,2024-05,Thursday
219,2023-02-12,279,Danilo Azevedo,M,26-35,Sul,Mordaça Silicone,Acessórios BDSM,128.12,2,25.0,Cartão Crédito,Entregue,App,192.18,2023,2,2023-02,Sunday
4641,2023-02-13,637,Maysa Andrade,F,26-35,Sul,Jogo de Cartas Sexo Quiz,Jogos Adultos,114.08,1,0.0,Pix,Entregue,Site,114.08,2023,2,2023-02,Monday
2310,2023-02-27,117,Kevin Pimenta,M,26-35,Norte,Lubrificante Íntimo Aquoso 250ml,Lubrificantes,50.85,2,0.0,Pix,Entregue,App,101.7,2023,2,2023-02,Monday
2171,2024-12-16,306,Anna Liz Peixoto,F,36-45,Sul,Vibrador Duplo Prazer,Vibradores,425.21,2,20.0,Pix,Entregue,App,680.34,2024,12,2024-12,Monday
4041,2024-10-10,492,José Miguel da Rocha,M,26-35,Nordeste,Vibrador Duplo Prazer,Vibradores,270.23,3,0.0,Cartão Crédito,Entregue,Site,810.69,2024,10,2024-10,Thursday
4658,2023-06-12,215,Benicio da Luz,M,18-25,Nordeste,Vibrador Duplo Prazer,Vibradores,364.9,1,0.0,Pix,Entregue,Site,364.9,2023,6,2023-06,Monday
3713,2024-12-30,322,Théo Abreu,M,18-25,Sudeste,Wand Massager Pro,Vibradores,194.43,2,0.0,Pix,Entregue,Site,388.86,2024,12,2024-12,Monday
4246,2024-10-16,612,Sra. Ana Carolina da Rocha,Não informado,46+,Centro-Oeste,Corda de Shibari 5m,Acessórios BDSM,63.17,2,0.0,Cartão Crédito,Entregue,App,126.34,2024,10,2024-10,Wednesday
778,2023-07-03,335,Maria Vitória Mendes,F,46+,Sudeste,Óleo de Massagem Relaxante,Lubrificantes,49.38,2,0.0,Pix,Entregue,App,98.76,2023,7,2023-07,Monday
4415,2024-11-11,145,Natália Ferreira,F,46+,Sul,Fantasia Enfermeira,Lingerie,102.07,1,0.0,Pix,Entregue,Site,102.07,2024,11,2024-11,Monday
1019,2024-06-13,573,Enrico da Mata,Não informado,26-35,Nordeste,Jogo Tabuleiro Casais,Jogos Adultos,78.91,1,0.0,Cartão Crédito,Entregue,App,78.91,2024,6,2024-06,Thursday
4003,2023-04-06,369,Vinícius Jesus,M,36-45,Nordeste,Jogo Tabuleiro Casais,Jogos Adultos,106.02,1,0.0,Cartão Débito,Entregue,App,106.02,2023,4,2023-04,Thursday
4705,2023-02-26,147,Evelyn Guerra,F,36-45,Sul,Meia-Calça Rendada,Lingerie,63.52,3,0.0,Cartão Crédito,Entregue,App,190.56,2023,2,2023-02,Sunday
1670,2024-05-22,429,Igor Farias,M,36-45,Centro-Oeste,Vibrador Ponto G Flex,Vibradores,496.04,1,0.0,Pix,Entregue,App,496.04,2024,5,2024-05,Wednesday
4059,2024-01-23,529,Olívia Montenegro,F,18-25,Sudeste,Body Coelhinha Plus Size,Lingerie,106.47,1,25.0,Boleto,Entregue,Site,79.85,2024,1,2024-01,Tuesday
2973,2024-02-01,395,Ágatha Fonseca,F,36-45,Sudeste,Gel Excitante Feminino,Lubrificantes,54.51,1,0.0,Pix,Entregue,Site,54.51,2024,2,2024-02,Thursday
4510,2023-04-12,627,Luna Caldeira,F,26-35,Sudeste,Lubrificante Base Silicone,Lubrificantes,62.83,2,25.0,Cartão Crédito,Entregue,Marketplace,94.24,2023,4,2023-04,Wednesday
518,2023-11-15,422,Dr. Bento Gonçalves,M,26-35,Nordeste,Lingerie Cropped com Bojo,Lingerie,197.08,1,0.0,Cartão Crédito,Entregue,App,197.08,2023,11,2023-11,Wednesday
1838,2023-10-12,114,Caroline Ferreira,F,36-45,Sudeste,Jogo de Cartas Sexo Quiz,Jogos Adultos,114.97,2,0.0,Cartão Crédito,Entregue,Site,229.94,2023,10,2023-10,Thursday
1958,2023-02-15,150,Maria Liz Rocha,F,36-45,Sul,Lubrificante Base Silicone,Lubrificantes,56.68,1,15.0,Pix,Entregue,Site,48.18,2023,2,2023-02,Wednesday
2358,2023-04-03,20,Sr. João Vitor Barros,M,18-25,Sudeste,Body Rendado Vermelho,Lingerie,110.54,3,0.0,Cartão Crédito,Entregue,App,331.62,2023,4,2023-04,Monday
218,2023-03-09,356,Srta. Ana Vitória Melo,F,36-45,Sul,Gel Térmico Sensação Quente,Cosméticos Íntimos,134.62,1,0.0,Cartão Crédito,Entregue,Site,134.62,2023,3,2023-03,Thursday
1422,2023-01-09,192,Raquel Pires,Não informado,26-35,Nordeste,Fantasia Policial,Lingerie,96.6,1,0.0,Cartão Débito,Entregue,Marketplace,96.6,2023,1,2023-01,Monday
2847,2024-08-27,396,Sarah da Mata,F,46+,Nordeste,Mordaça Silicone,Acessórios BDSM,273.53,4,15.0,Cartão Crédito,Entregue,Marketplace,930.0,2024,8,2024-08,Tuesday
5076,2023-05-24,198,Srta. Hadassa Azevedo,F,26-35,Nordeste,Fantasia Enfermeira,Lingerie,89.29,2,0.0,Pix,Entregue,App,178.58,2023,5,2023-05,Wednesday
2888,2024-03-10,144,Ravy Câmara,M,18-25,Sudeste,Gel Excitante Masculino,Lubrificantes,58.71,1,0.0,Pix,Devolvido,Site,58.71,2024,3,2024-03,Sunday
4588,2023-10-15,39,Luiz Miguel Câmara,M,36-45,Sudeste,Jogo de Cartas Sexo Quiz,Jogos Adultos,56.8,2,0.0,Cartão Crédito,Entregue,Site,113.6,2023,10,2023-10,Sunday
1053,2024-04-13,622,Theo Sales,M,18-25,Sudeste,Body Coelhinha Plus Size,Lingerie,185.9,1,0.0,Cartão Crédito,Entregue,App,185.9,2024,4,2024-04,Saturday
1685,2024-02-17,40,Thomas Monteiro,M,36-45,Sudeste,Kit Cuidados Íntimos,Cosméticos Íntimos,113.53,5,0.0,Pix,Entregue,Site,567.65,2024,2,2024-02,Saturday
760,2023-07-02,398,Maitê Camargo,F,18-25,Sudeste,Lingerie Cropped com Bojo,Lingerie,91.53,1,10.0,Cartão Débito,Entregue,Site,82.38,2023,7,2023-07,Sunday
3266,2023-02-25,20,Sr. João Vitor Barros,M,18-25,Sudeste,Conjunto Lingerie Boudoir,Lingerie,83.78,2,0.0,Cartão Crédito,Entregue,Site,167.56,2023,2,2023-02,Saturday
2836,2023-06-18,581,Lívia Vieira,F,36-45,Sudeste,Vibrador Rabbit Premium,Vibradores,123.27,1,5.0,Pix,Devolvido,Site,117.11,2023,6,2023-06,Sunday
215,2024-02-26,327,Caroline da Paz,F,26-35,Sudeste,Fantasia Enfermeira,Lingerie,81.17,1,0.0,Pix,Devolvido,App,81.17,2024,2,2024-02,Monday
1579,2023-07-03,250,Raquel Cunha,F,26-35,Sudeste,Dominó Erótico,Jogos Adultos,77.09,4,0.0,Cartão Crédito,Entregue,Marketplace,308.36,2023,7,2023-07,Monday
2365,2024-08-27,232,Marcos Vinicius Gonçalves,M,36-45,Sul,Vibrador Duplo Prazer,Vibradores,178.85,1,30.0,Boleto,Entregue,Site,125.2,2024,8,2024-08,Tuesday
4324,2024-09-04,179,Gael Silva,M,36-45,Sudeste,Jogo Tabuleiro Casais,Jogos Adultos,112.8,3,25.0,Cartão Débito,Devolvido,Site,253.8,2024,9,2024-09,Wednesday
2590,2024-12-05,328,Ryan Campos,M,18-25,Sul,Venda para Olhos Satin,Acessórios BDSM,141.14,2,0.0,Pix,Entregue,Site,282.28,2024,12,2024-12,Thursday
4254,2024-04-22,191,João Guilherme Vargas,M,26-35,Nordeste,Massageador Corporal Wave,Vibradores,250.77,2,0.0,Cartão Crédito,Devolvido,App,501.54,2024,4,2024-04,Monday
2410,2024-05-31,165,Sra. Carolina Correia,F,18-25,Sudeste,Vibrador Duplo Prazer,Vibradores,373.44,1,0.0,Pix,Entregue,App,373.44,2024,5,2024-05,Friday
2651,2024-02-14,65,Maria Liz Rios,F,46+,Sul,Lubrificante Sabores Baunilha,Lubrificantes,60.17,2,0.0,Cartão Crédito,Entregue,Marketplace,120.34,2024,2,2024-02,Wednesday
4111,2023-12-08,224,Alícia Pinto,F,26-35,Nordeste,Camisola Sensual Preta,Lingerie,100.42,1,0.0,Cartão Débito,Entregue,App,100.42,2023,12,2023-12,Friday
1057,2023-10-19,376,Ísis Castro,F,46+,Nordeste,Camisola Sensual Preta,Lingerie,190.3,2,15.0,Pix,Devolvido,App,323.51,2023,10,2023-10,Thursday
1892,2023-07-23,141,Lívia Viana,F,36-45,Sudeste,Body Rendado Vermelho,Lingerie,121.86,1,0.0,Boleto,Entregue,Site,121.86,2023,7,2023-07,Sunday
888,2024-06-04,76,Renan da Cruz,M,26-35,Nordeste,Body Coelhinha Plus Size,Lingerie,73.71,4,30.0,Pix,Entregue,Site,206.39,2024,6,2024-06,Tuesday
4591,2023-11-14,230,Luana Caldeira,F,26-35,Nordeste,Lubrificante Sabores Morango,Lubrificantes,44.76,1,0.0,Cartão Crédito,Entregue,Site,44.76,2023,11,2023-11,Tuesday
3674,2024-03-21,33,Luara Cunha,Não informado,26-35,Norte,Lubrificante Íntimo Aquoso 100ml,Lubrificantes,46.64,3,0.0,Boleto,Entregue,Site,139.92,2024,3,2024-03,Thursday
3493,2023-11-01,515,Ana Vitória Cavalcanti,F,18-25,Sul,Fantasia Policial,Lingerie,141.67,2,15.0,Cartão Crédito,Entregue,App,240.84,2023,11,2023-11,Wednesday
569,2023-11-29,553,Cecilia Cassiano,F,18-25,Centro-Oeste,Lingerie Cropped com Bojo,Lingerie,81.69,1,15.0,Pix,Entregue,Site,69.44,2023,11,2023-11,Wednesday
3138,2024-01-12,349,Augusto Dias,M,26-35,Sudeste,Lingerie Cropped com Bojo,Lingerie,170.14,1,0.0,Cartão Crédito,Entregue,Marketplace,170.14,2024,1,2024-01,Friday
1468,2024-03-21,143,Cauê Garcia,M,18-25,Nordeste,Fantasia Policial,Lingerie,85.32,1,0.0,Pix,Entregue,Marketplace,85.32,2024,3,2024-03,Thursday
3280,2024-06-06,401,Caleb Vieira,M,26-35,Sul,Lubrificante Íntimo Aquoso 100ml,Lubrificantes,56.56,1,0.0,Pix,Entregue,Marketplace,56.56,2024,6,2024-06,Thursday
140,2023-05-31,704,Antônio Borges,M,26-35,Nordeste,Lubrificante Base Silicone,Lubrificantes,60.9,1,30.0,Pix,Entregue,App,42.63,2023,5,2023-05,Wednesday
1607,2024-07-22,20,Sr. João Vitor Barros,M,18-25,Sudeste,Massageador Corporal Wave,Vibradores,93.44,1,0.0,Cartão Crédito,Entregue,App,93.44,2024,7,2024-07,Monday
2700,2024-01-16,382,Maria Alice Oliveira,F,26-35,Nordeste,Mordaça Silicone,Acessórios BDSM,220.0,2,0.0,Pix,Entregue,App,440.0,2024,1,2024-01,Tuesday
2096,2023-11-18,402,Alice da Luz,F,26-35,Sudeste,Kit Iniciante BDSM 5 Peças,Acessórios BDSM,153.41,2,30.0,Pix,Devolvido,Site,214.77,2023,11,2023-11,Saturday
4973,2024-01-30,202,Antônio Teixeira,M,36-45,Sul,Mini Vibrador Discreto,Vibradores,428.68,3,5.0,Boleto,Entregue,App,1221.74,2024,1,2024-01,Tuesday
2768,2023-04-23,77,Maria Luísa Correia,F,46+,Sudeste,Gel Excitante Feminino,Lubrificantes,63.94,2,0.0,Cartão Crédito,Entregue,Site,127.88,2023,4,2023-04,Sunday
464,2023-12-04,235,Dr. Dante Vieira,M,18-25,Sudeste,Fantasia Enfermeira,Lingerie,86.59,2,0.0,Boleto,Entregue,App,173.18,2023,12,2023-12,Monday
2859,2024-04-19,11,Otávio Fernandes,M,36-45,Sul,Kit Roleplay Surpresa,Jogos Adultos,108.77,1,0.0,Pix,Entregue,Marketplace,108.77,2024,4,2024-04,Friday
2671,2024-06-06,275,Sr. Samuel Caldeira,M,36-45,Norte,Mini Vibrador Discreto,Vibradores,133.38,5,0.0,Pix,Entregue,Site,666.9,2024,6,2024-06,Thursday
4772,2024-10-30,142,Josué da Mata,M,26-35,Sudeste,Gel Excitante Feminino,Lubrificantes,39.68,4,5.0,Pix,Entregue,App,150.78,2024,10,2024-10,Wednesday
595,2023-05-15,540,Calebe Novais,M,26-35,Norte,Lubrificante Sabores Baunilha,Lubrificantes,32.3,2,0.0,Pix,Devolvido,App,64.6,2023,5,2023-05,Monday
451,2024-03-08,386,Sra. Laura Vasconcelos,F,26-35,Sudeste,Sabonete Íntimo pH Neutro,Cosméticos Íntimos,139.38,2,0.0,Cartão Crédito,Entregue,Marketplace,278.76,2024,3,2024-03,Friday
2324,2024-09-25,102,Nathan Campos,M,18-25,Sudeste,Perfume Íntimo Floral,Cosméticos Íntimos,87.92,1,0.0,Pix,Entregue,Site,87.92,2024,9,2024-09,Wednesday
4693,2024-05-03,116,Emanuel Macedo,M,46+,Sudeste,Lubrificante Íntimo Aquoso 250ml,Lubrificantes,85.62,1,0.0,Boleto,Entregue,Site,85.62,2024,5,2024-05,Friday
2978,2023-11-09,4,Dra. Aurora Pastor,F,26-35,Sul,Vibrador Duplo Prazer,Vibradores,201.31,2,0.0,Pix,Entregue,Marketplace,402.62,2023,11,2023-11,Thursday
3909,2023-10-02,229,Bruna Vasconcelos,F,26-35,Sul,Mordaça Silicone,Acessórios BDSM,144.27,1,0.0,Pix,Entregue,Site,144.27,2023,10,2023-10,Monday
1753,2024-05-15,4,Dra. Aurora Pastor,F,26-35,Sul,Lubrificante Íntimo Aquoso 100ml,Lubrificantes,82.28,1,0.0,Pix,Entregue,App,82.28,2024,5,2024-05,Wednesday
1551,2023-02-27,650,Laura Sales,F,36-45,Centro-Oeste,Lubrificante Sabores Baunilha,Lubrificantes,36.25,1,0.0,Pix,Entregue,Marketplace,36.25,2023,2,2023-02,Monday
2285,2024-11-19,42,Eduarda Vieira,F,18-25,Sudeste,Venda para Olhos Satin,Acessórios BDSM,211.44,1,10.0,Cartão Crédito,Entregue,Site,190.3,2024,11,2024-11,Tuesday
1175,2023-10-18,268,Rafaela da Mota,F,26-35,Norte,Cartas Posições Kamasutra,Jogos Adultos,95.42,1,0.0,Cartão Crédito,Entregue,Marketplace,95.42,2023,10,2023-10,Wednesday
3892,2024-08-10,205,Otto Nascimento,M,26-35,Sul,Óleo de Massagem Relaxante,Lubrificantes,75.45,5,20.0,Boleto,Entregue,Site,301.8,2024,8,2024-08,Saturday
452,2023-12-10,220,Antony Souza,M,18-25,Sudeste,Lubrificante Base Silicone,Lubrificantes,36.19,3,20.0,Pix,Entregue,Site,86.86,2023,12,2023-12,Sunday
4670,2023-02-23,314,Maya Porto,F,36-45,Sul,Dado do Prazer,Jogos Adultos,87.17,2,20.0,Pix,Entregue,Site,139.47,2023,2,2023-02,Thursday
3920,2023-12-20,416,Eduardo Leão,M,18-25,Nordeste,Lubrificante Íntimo Aquoso 100ml,Lubrificantes,81.25,1,0.0,Boleto,Entregue,App,81.25,2023,12,2023-12,Wednesday
3590,2024-11-22,61,Davi Lucas Cardoso,M,36-45,Norte,Massageador Corporal Wave,Vibradores,454.54,1,0.0,Pix,Entregue,App,454.54,2024,11,2024-11,Friday
3971,2024-02-29,710,Anthony Caldeira,M,36-45,Nordeste,Spray Prolongador,Cosméticos Íntimos,134.37,5,30.0,Cartão Crédito,Entregue,Site,470.29,2024,2,2024-02,Thursday
2465,2024-05-28,259,Maria Luiza Sales,F,18-25,Norte,Mordaça Silicone,Acessórios BDSM,286.07,1,0.0,Cartão Crédito,Entregue,App,286.07,2024,5,2024-05,Tuesday
5198,2023-02-18,19,Bernardo Aparecida,M,36-45,Sudeste,Massageador Corporal Wave,Vibradores,488.28,3,0.0,Cartão Débito,Entregue,App,1464.84,2023,2,2023-02,Saturday
1000,2024-09-23,161,Luísa Pinto,F,18-25,Sudeste,Mini Vibrador Discreto,Vibradores,393.49,5,0.0,Cartão Crédito,Entregue,Marketplace,1967.45,2024,9,2024-09,Monday
3258,2024-11-04,64,Gabriela Silva,F,26-35,Sudeste,Venda para Olhos Satin,Acessórios BDSM,152.58,1,0.0,Cartão Débito,Entregue,Site,152.58,2024,11,2024-11,Monday
3718,2024-12-04,23,Elisa Freitas,F,18-25,Sudeste,Óleo de Massagem Relaxante,Lubrificantes,35.42,1,0.0,Pix,Entregue,Site,35.42,2024,12,2024-12,Wednesday
3391,2023-01-21,108,Sra. Isabella da Luz,Não informado,36-45,Centro-Oeste,Lubrificante Base Silicone,Lubrificantes,68.05,1,0.0,Cartão Crédito,Entregue,App,68.05,2023,1,2023-01,Saturday
193,2024-11-21,546,Maria Flor Ramos,F,26-35,Sul,Conjunto Lingerie Boudoir,Lingerie,83.25,1,0.0,Pix,Entregue,Marketplace,83.25,2024,11,2024-11,Thursday
4347,2023-01-04,410,Danilo Carvalho,M,26-35,Centro-Oeste,Body Rendado Vermelho,Lingerie,114.04,1,10.0,Pix,Entregue,Site,102.64,2023,1,2023-01,Wednesday
5002,2023-03-10,175,Leonardo Câmara,M,36-45,Sul,Gel Excitante Masculino,Lubrificantes,82.61,3,0.0,Pix,Entregue,Site,247.83,2023,3,2023-03,Friday
5415,2024-12-29,15,Julia Aparecida,F,26-35,Sudeste,Meia-Calça Rendada,Lingerie,138.72,4,0.0,Pix,Entregue,Site,554.88,2024,12,2024-12,Sunday
1703,2024-12-31,103,Isadora Pacheco,F,46+,Nordeste,Óleo de Massagem Relaxante,Lubrificantes,53.66,4,0.0,Cartão Crédito,Entregue,Marketplace,214.64,2024,12,2024-12,Tuesday
4689,2023-10-14,212,Yasmin Alves,F,18-25,Sudeste,Jogo Tabuleiro Casais,Jogos Adultos,105.72,1,20.0,Cartão Crédito,Entregue,Site,84.58,2023,10,2023-10,Saturday
4914,2023-12-15,61,Davi Lucas Cardoso,M,36-45,Norte,Conjunto Lingerie Boudoir,Lingerie,71.17,2,20.0,Cartão Débito,Entregue,Site,113.87,2023,12,2023-12,Friday
1339,2023-09-19,21,Carlos Eduardo Garcia,Não informado,36-45,Sul,Lubrificante Base Silicone,Lubrificantes,85.08,2,25.0,Cartão Crédito,Entregue,Site,127.62,2023,9,2023-09,Tuesday
3432,2024-04-01,765,Isaque da Cruz,M,26-35,Sudeste,Wand Massager Pro,Vibradores,437.51,2,0.0,Boleto,Entregue,Marketplace,875.02,2024,4,2024-04,Monday
3495,2023-09-16,285,Maria Helena Machado,F,36-45,Centro-Oeste,Meia-Calça Rendada,Lingerie,98.72,1,0.0,Pix,Entregue,App,98.72,2023,9,2023-09,Saturday
2421,2024-08-21,49,Eduarda Marques,F,26-35,Sul,Fantasia Enfermeira,Lingerie,190.88,1,5.0,Pix,Entregue,Marketplace,181.34,2024,8,2024-08,Wednesday
4866,2023-05-03,269,Dra. Valentina Peixoto,F,18-25,Sul,Massageador Corporal Wave,Vibradores,191.64,4,0.0,Cartão Crédito,Entregue,Site,766.56,2023,5,2023-05,Wednesday
1294,2024-02-28,308,José Alves,M,36-45,Centro-Oeste,Mini Vibrador Discreto,Vibradores,415.04,1,0.0,Cartão Crédito,Entregue,Marketplace,415.04,2024,2,2024-02,Wednesday
4185,2024-06-05,40,Thomas Monteiro,M,36-45,Sudeste,Gel Excitante Feminino,Lubrificantes,31.32,1,20.0,Cartão Crédito,Entregue,App,25.06,2024,6,2024-06,Wednesday
4650,2024-05-27,52,Sra. Sofia Pereira,F,18-25,Sudeste,Fantasia Policial,Lingerie,92.97,1,10.0,Cartão Crédito,Entregue,Marketplace,83.67,2024,5,2024-05,Monday
1993,2023-12-11,252,Kamilly Novais,F,46+,Sul,Gel Excitante Masculino,Lubrificantes,36.08,1,0.0,Cartão Crédito,Entregue,Marketplace,36.08,2023,12,2023-12,Monday
2300,2024-10-18,114,Caroline Ferreira,F,36-45,Sudeste,Óleo de Massagem Relaxante,Lubrificantes,88.06,2,0.0,Pix,Entregue,App,176.12,2024,10,2024-10,Friday
3255,2023-04-10,113,Hadassa Montenegro,F,36-45,Sul,Lubrificante Íntimo Aquoso 100ml,Lubrificantes,86.74,2,0.0,Boleto,Entregue,Site,173.48,2023,4,2023-04,Monday
5439,2023-06-05,9,Pietro Pastor,M,26-35,Sudeste,Spray Prolongador,Cosméticos Íntimos,139.43,1,25.0,Pix,Entregue,Site,104.57,2023,6,2023-06,Monday
369,2023-07-23,61,Davi Lucas Cardoso,M,36-45,Norte,Lubrificante Sabores Baunilha,Lubrificantes,82.48,4,10.0,Pix,Entregue,App,296.93,2023,7,2023-07,Sunday
2314,2024-02-05,318,Sabrina da Paz,Não informado,46+,Nordeste,Massageador Corporal Wave,Vibradores,331.07,1,0.0,Cartão Débito,Entregue,App,331.07,2024,2,2024-02,Monday
1152,2024-10-25,453,Marina Machado,F,36-45,Centro-Oeste,Kit Roleplay Surpresa,Jogos Adultos,116.05,2,0.0,Pix,Entregue,Site,232.1,2024,10,2024-10,Friday
3505,2024-10-10,541,Sra. Larissa da Cunha,F,36-45,Nordeste,Lingerie Cropped com Bojo,Lingerie,143.71,1,0.0,Pix,Entregue,Site,143.71,2024,10,2024-10,Thursday
5459,2023-12-12,718,Dra. Bárbara Cardoso,F,18-25,Sudeste,Kit Iniciante BDSM 5 Peças,Acessórios BDSM,257.3,3,0.0,Pix,Entregue,App,771.9,2023,12,2023-12,Tuesday
3077,2024-08-08,639,Sra. Maria Cecília Gomes,F,18-25,Sudeste,Lubrificante Base Silicone,Lubrificantes,47.33,1,0.0,Boleto,Entregue,Site,47.33,2024,8,2024-08,Thursday
5457,2024-01-31,126,Ana Júlia Borges,F,36-45,Sudeste,Meia-Calça Rendada,Lingerie,125.25,2,0.0,Pix,Entregue,Marketplace,250.5,2024,1,2024-01,Wednesday
192,2024-06-15,541,Sra. Larissa da Cunha,F,36-45,Nordeste,Lingerie Cropped com Bojo,Lingerie,86.42,1,0.0,Cartão Crédito,Entregue,App,86.42,2024,6,2024-06,Saturday
4238,2024-06-26,375,Anthony Martins,M,36-45,Sul,Fantasia Policial,Lingerie,115.13,1,0.0,Cartão Crédito,Entregue,Site,115.13,2024,6,2024-06,Wednesday
109,2024-07-08,72,Ana Beatriz Farias,F,46+,Norte,Kit Algemas Veludo,Acessórios BDSM,203.93,2,0.0,Pix,Entregue,Site,407.86,2024,7,2024-07,Monday
4302,2024-05-25,623,Maria Eduarda Moreira,F,26-35,Sudeste,Gel Excitante Masculino,Lubrificantes,36.23,2,0.0,Pix,Entregue,Site,72.46,2024,5,2024-05,Saturday
2903,2023-08-17,1,Sr. Apollo Sousa,M,18-25,Sudeste,Gel Excitante Feminino,Lubrificantes,89.12,1,0.0,Pix,Entregue,App,89.12,2023,8,2023-08,Thursday
3322,2023-09-16,20,Sr. João Vitor Barros,M,18-25,Sudeste,Vibrador Clássico Silicone,Vibradores,479.59,1,0.0,Cartão Débito,Devolvido,Marketplace,479.59,2023,9,2023-09,Saturday
1746,2023-05-02,179,Gael Silva,M,36-45,Sudeste,Body Rendado Vermelho,Lingerie,197.2,3,0.0,Cartão Crédito,Entregue,Site,591.6,2023,5,2023-05,Tuesday
4839,2024-09-23,12,Eduardo Cunha,Não informado,26-35,Sul,Body Coelhinha Plus Size,Lingerie,151.87,1,20.0,Cartão Crédito,Entregue,Site,121.5,2024,9,2024-09,Monday
5401,2024-08-17,78,Aylla Ribeiro,F,26-35,Nordeste,Conjunto Lingerie Boudoir,Lingerie,195.76,5,5.0,Pix,Entregue,App,929.86,2024,8,2024-08,Saturday
2437,2024-11-11,134,Ana Cecília das Neves,F,26-35,Sudeste,Lubrificante Sabores Morango,Lubrificantes,67.71,1,0.0,Pix,Entregue,Marketplace,67.71,2024,11,2024-11,Monday
2751,2024-08-11,135,Ana Cecília Fogaça,F,46+,Nordeste,Cartas Posições Kamasutra,Jogos Adultos,79.26,1,0.0,Cartão Crédito,Entregue,Marketplace,79.26,2024,8,2024-08,Sunday
3858,2024-08-02,216,Lunna Cunha,F,36-45,Sul,Creme Retardante Masculino,Cosméticos Íntimos,145.9,2,30.0,Cartão Débito,Entregue,App,204.26,2024,8,2024-08,Friday
477,2023-02-14,22,Rafael Porto,M,36-45,Nordeste,Kit Roleplay Surpresa,Jogos Adultos,119.33,1,0.0,Pix,Entregue,Marketplace,119.33,2023,2,2023-02,Tuesday
1587,2024-08-23,313,Sra. Lara Cirino,F,46+,Nordeste,Lubrificante Íntimo Aquoso 100ml,Lubrificantes,60.24,1,0.0,Pix,Entregue,Marketplace,60.24,2024,8,2024-08,Friday
3869,2024-12-08,285,Maria Helena Machado,F,36-45,Centro-Oeste,Creme Retardante Masculino,Cosméticos Íntimos,146.85,2,0.0,Cartão Crédito,Entregue,Site,293.7,2024,12,2024-12,Sunday
313,2023-11-05,8,Yago Leão,M,26-35,Sudeste,Vibrador Ponto G Flex,Vibradores,404.99,4,10.0,Pix,Entregue,Marketplace,1457.96,2023,11,2023-11,Sunday
509,2024-03-15,646,Francisco Monteiro,Não informado,46+,Sudeste,Fantasia Policial,Lingerie,199.82,3,30.0,Pix,Entregue,Marketplace,419.62,2024,3,2024-03,Friday
167,2024-02-26,107,Gabrielly Rios,F,46+,Nordeste,Cartas Posições Kamasutra,Jogos Adultos,57.81,2,0.0,Pix,Entregue,Site,115.62,2024,2,2024-02,Monday
3586,2023-01-02,110,Dr. Raul Dias,M,36-45,Nordeste,Conjunto Lingerie Boudoir,Lingerie,77.78,1,15.0,Cartão Crédito,Entregue,App,66.11,2023,1,2023-01,Monday
4418,2023-12-10,7,Apollo Novais,M,18-25,Nordeste,Corda de Shibari 5m,Acessórios BDSM,101.9,1,20.0,Cartão Crédito,Entregue,Marketplace,81.52,2023,12,2023-12,Sunday
1025,2023-09-09,633,Kamilly Porto,F,26-35,Sul,Vibrador Ponto G Flex,Vibradores,201.5,4,0.0,Cartão Débito,Devolvido,Site,806.0,2023,9,2023-09,Saturday
1222,2023-04-19,46,Dra. Bruna Rodrigues,F,18-25,Nordeste,Vibrador Rabbit Premium,Vibradores,360.81,2,0.0,Cartão Crédito,Entregue,Marketplace,721.62,2023,4,2023-04,Wednesday
3185,2024-06-15,196,Anna Liz Carvalho,F,26-35,Sul,Conjunto Lingerie Boudoir,Lingerie,91.43,5,0.0,Cartão Débito,Entregue,Site,457.15,2024,6,2024-06,Saturday
1120,2024-06-25,39,Luiz Miguel Câmara,M,36-45,Sudeste,Vibrador Rabbit Premium,Vibradores,354.41,2,0.0,Pix,Entregue,App,708.82,2024,6,2024-06,Tuesday
4999,2023-10-24,427,Gustavo Azevedo,M,36-45,Sudeste,Mini Vibrador Discreto,Vibradores,183.84,2,0.0,Boleto,Entregue,App,367.68,2023,10,2023-10,Tuesday
4804,2023-11-15,59,Bruno Barros,M,18-25,Sudeste,Mordaça Silicone,Acessórios BDSM,292.66,3,0.0,Boleto,Entregue,Marketplace,877.98,2023,11,2023-11,Wednesday
2760,2024-09-06,18,Maria Cecília Oliveira,F,26-35,Centro-Oeste,Dado do Prazer,Jogos Adultos,86.29,3,0.0,Boleto,Entregue,Site,258.87,2024,9,2024-09,Friday
3520,2023-08-04,66,Dr. Pedro Lucas Moreira,M,26-35,Sudeste,Lubrificante Íntimo Aquoso 100ml,Lubrificantes,87.25,2,0.0,Boleto,Entregue,Site,174.5,2023,8,2023-08,Friday
2342,2023-01-24,21,Carlos Eduardo Garcia,Não informado,36-45,Sul,Massageador Corporal Wave,Vibradores,107.02,2,0.0,Pix,Entregue,Site,214.04,2023,1,2023-01,Tuesday
2351,2023-10-30,269,Dra. Valentina Peixoto,F,18-25,Sul,Lubrificante Sabores Morango,Lubrificantes,66.6,1,0.0,Boleto,Entregue,App,66.6,2023,10,2023-10,Monday
4959,2023-09-21,58,Ana Laura da Costa,F,26-35,Nordeste,Kit Roleplay Surpresa,Jogos Adultos,69.22,2,0.0,Cartão Crédito,Entregue,App,138.44,2023,9,2023-09,Thursday
1781,2024-12-05,11,Otávio Fernandes,M,36-45,Sul,Massageador Corporal Wave,Vibradores,206.92,1,0.0,Pix,Entregue,Site,206.92,2024,12,2024-12,Thursday
1836,2024-01-30,284,Henry Gabriel Vasconcelos,M,36-45,Sudeste,Lubrificante Íntimo Aquoso 100ml,Lubrificantes,70.32,1,0.0,Cartão Crédito,Entregue,Site,70.32,2024,1,2024-01,Tuesday
1563,2023-04-24,389,Sr. Calebe Pires,M,18-25,Sudeste,Colar e Guia BDSM,Acessórios BDSM,276.8,1,0.0,Pix,Entregue,App,276.8,2023,4,2023-04,Monday
3882,2023-06-11,343,Rebeca Cassiano,F,36-45,Sudeste,Vibrador Rabbit Premium,Vibradores,403.94,3,0.0,Pix,Entregue,App,1211.82,2023,6,2023-06,Sunday
153,2024-07-16,44,Ravi Lucca Moura,M,26-35,Sudeste,Kit Iniciante BDSM 5 Peças,Acessórios BDSM,136.92,4,0.0,Cartão Crédito,Entregue,Marketplace,547.68,2024,7,2024-07,Tuesday
2232,2024-06-30,14,Aylla Fogaça,F,36-45,Sudeste,Jogo Tabuleiro Casais,Jogos Adultos,112.35,3,0.0,Boleto,Entregue,App,337.05,2024,6,2024-06,Sunday
5206,2023-05-12,130,Sra. Mariane Novais,F,46+,Nordeste,Body Coelhinha Plus Size,Lingerie,114.18,1,0.0,Cartão Débito,Entregue,Marketplace,114.18,2023,5,2023-05,Friday
2458,2024-02-02,263,Luísa Fogaça,Não informado,26-35,Sul,Kit Algemas Veludo,Acessórios BDSM,157.23,1,0.0,Pix,Entregue,Site,157.23,2024,2,2024-02,Friday
1927,2023-08-13,238,Bernardo Montenegro,M,46+,Sul,Fantasia Enfermeira,Lingerie,113.21,1,0.0,Cartão Crédito,Entregue,Site,113.21,2023,8,2023-08,Sunday
1504,2024-08-20,115,Isabelly Freitas,F,18-25,Sudeste,Óleo de Massagem Relaxante,Lubrificantes,66.19,1,0.0,Pix,Entregue,App,66.19,2024,8,2024-08,Tuesday
2211,2023-12-07,363,Srta. Maya Brito,F,36-45,Sudeste,Venda para Olhos Satin,Acessórios BDSM,130.43,1,0.0,Pix,Entregue,Site,130.43,2023,12,2023-12,Thursday
3514,2023-07-04,429,Igor Farias,M,36-45,Centro-Oeste,Lingerie Cropped com Bojo,Lingerie,77.45,5,0.0,Pix,Entregue,Site,387.25,2023,7,2023-07,Tuesday
4592,2023-06-09,65,Maria Liz Rios,F,46+,Sul,Vibrador Duplo Prazer,Vibradores,312.79,2,0.0,Cartão Débito,Entregue,Site,625.58,2023,6,2023-06,Friday
5349,2024-05-09,163,Sofia das Neves,F,36-45,Sul,Vibrador Duplo Prazer,Vibradores,116.4,1,0.0,Pix,Entregue,Marketplace,116.4,2024,5,2024-05,Thursday
4323,2024-02-12,295,Isabel da Paz,F,36-45,Centro-Oeste,Vibrador Duplo Prazer,Vibradores,444.87,1,0.0,Cartão Crédito,Entregue,App,444.87,2024,2,2024-02,Monday
3342,2024-10-29,233,Sr. Breno Pastor,M,46+,Sudeste,Lingerie Cropped com Bojo,Lingerie,176.91,1,0.0,Pix,Entregue,Site,176.91,2024,10,2024-10,Tuesday
32,2023-11-11,52,Sra. Sofia Pereira,F,18-25,Sudeste,Body Coelhinha Plus Size,Lingerie,118.67,4,10.0,Cartão Crédito,Entregue,Marketplace,427.21,2023,11,2023-11,Saturday
1226,2023-01-27,271,Heloísa Fonseca,F,26-35,Sudeste,Vibrador Ponto G Flex,Vibradores,221.18,2,10.0,Boleto,Entregue,Site,398.12,2023,1,2023-01,Friday
938,2023-09-13,571,Bella Silva,F,36-45,Sudeste,Lubrificante Íntimo Aquoso 100ml,Lubrificantes,48.71,3,0.0,Pix,Entregue,App,146.13,2023,9,2023-09,Wednesday
2367,2023-03-29,37,Zoe da Luz,F,46+,Centro-Oeste,Conjunto Lingerie Boudoir,Lingerie,146.47,3,20.0,Pix,Entregue,Marketplace,351.53,2023,3,2023-03,Wednesday
753,2024-10-09,264,Sra. Júlia das Neves,F,46+,Sul,Vibrador Duplo Prazer,Vibradores,448.62,2,5.0,Pix,Entregue,App,852.38,2024,10,2024-10,Wednesday
4555,2023-03-15,167,Srta. Liz Guerra,F,18-25,Sul,Spray Prolongador,Cosméticos Íntimos,83.66,1,5.0,Pix,Entregue,App,79.48,2023,3,2023-03,Wednesday
310,2023-11-10,88,Sr. Caleb Sá,M,26-35,Sudeste,Óleo de Massagem Relaxante,Lubrificantes,52.21,1,10.0,Pix,Entregue,Site,46.99,2023,11,2023-11,Friday
4355,2024-08-17,211,Ravi Lucca Cardoso,Não informado,26-35,Sudeste,Lubrificante Íntimo Aquoso 100ml,Lubrificantes,30.83,2,0.0,Cartão Crédito,Entregue,App,61.66,2024,8,2024-08,Saturday
2101,2023-11-23,573,Enrico da Mata,Não informado,26-35,Nordeste,Gel Excitante Masculino,Lubrificantes,52.55,1,0.0,Pix,Entregue,Site,52.55,2023,11,2023-11,Thursday
3829,2024-01-25,458,Olívia Azevedo,F,26-35,Sudeste,Corda de Shibari 5m,Acessórios BDSM,136.96,1,0.0,Pix,Entregue,Marketplace,136.96,2024,1,2024-01,Thursday
1913,2024-09-12,786,José Miguel Silva,M,26-35,Sudeste,Sabonete Íntimo pH Neutro,Cosméticos Íntimos,134.2,2,5.0,Pix,Entregue,Site,254.98,2024,9,2024-09,Thursday
2581,2023-10-30,37,Zoe da Luz,F,46+,Centro-Oeste,Chicote de Couro Soft,Acessórios BDSM,204.43,1,20.0,Pix,Entregue,App,163.54,2023,10,2023-10,Monday
3015,2023-08-20,259,Maria Luiza Sales,F,18-25,Norte,Spray Prolongador,Cosméticos Íntimos,137.63,5,0.0,Cartão Crédito,Entregue,Marketplace,688.15,2023,8,2023-08,Sunday
496,2024-05-07,120,Catarina da Luz,F,18-25,Sul,Gel Térmico Sensação Quente,Cosméticos Íntimos,78.34,1,0.0,Cartão Crédito,Entregue,Site,78.34,2024,5,2024-05,Tuesday
1406,2023-12-18,175,Leonardo Câmara,M,36-45,Sul,Chicote de Couro Soft,Acessórios BDSM,228.05,3,10.0,Cartão Débito,Entregue,App,615.74,2023,12,2023-12,Monday
4487,2023-03-25,8,Yago Leão,M,26-35,Sudeste,Lubrificante Base Silicone,Lubrificantes,56.32,5,0.0,Boleto,Entregue,App,281.6,2023,3,2023-03,Saturday
206,2023-10-22,3,Cauã Rocha,M,18-25,Sudeste,Conjunto Lingerie Boudoir,Lingerie,102.62,1,0.0,Cartão Crédito,Entregue,App,102.62,2023,10,2023-10,Sunday
1435,2024-09-15,42,Eduarda Vieira,F,18-25,Sudeste,Body Coelhinha Plus Size,Lingerie,108.81,1,30.0,Boleto,Entregue,Site,76.17,2024,9,2024-09,Sunday
3272,2024-05-14,3,Cauã Rocha,M,18-25,Sudeste,Vibrador Clássico Silicone,Vibradores,343.62,1,15.0,Pix,Entregue,Marketplace,292.08,2024,5,2024-05,Tuesday
306,2023-03-09,716,Thiago Machado,M,36-45,Nordeste,Jogo de Cartas Sexo Quiz,Jogos Adultos,47.12,3,0.0,Cartão Débito,Entregue,Site,141.36,2023,3,2023-03,Thursday
3613,2023-06-23,129,Julia Castro,F,26-35,Sudeste,Camisola Sensual Preta,Lingerie,174.97,5,0.0,Cartão Crédito,Entregue,Site,874.85,2023,6,2023-06,Friday
1193,2024-11-10,117,Kevin Pimenta,M,26-35,Norte,Óleo de Massagem Relaxante,Lubrificantes,46.53,3,0.0,Pix,Entregue,Marketplace,139.59,2024,11,2024-11,Sunday
4380,2024-12-22,191,João Guilherme Vargas,M,26-35,Nordeste,Lubrificante Íntimo Aquoso 100ml,Lubrificantes,34.76,1,0.0,Pix,Entregue,App,34.76,2024,12,2024-12,Sunday
4562,2023-12-30,94,Ryan Cassiano,M,36-45,Sudeste,Conjunto Lingerie Boudoir,Lingerie,196.47,2,0.0,Cartão Crédito,Entregue,Site,392.94,2023,12,2023-12,Saturday
1535,2023-01-26,146,Heloísa Câmara,F,26-35,Nordeste,Vibrador Rabbit Premium,Vibradores,92.71,1,30.0,Cartão Débito,Devolvido,Site,64.9,2023,1,2023-01,Thursday
844,2024-06-15,675,Manuella Moreira,F,36-45,Nordeste,Colar e Guia BDSM,Acessórios BDSM,210.47,4,0.0,Pix,Entregue,Site,841.88,2024,6,2024-06,Saturday
3329,2023-02-25,42,Eduarda Vieira,F,18-25,Sudeste,Jogo Tabuleiro Casais,Jogos Adultos,124.78,1,0.0,Cartão Crédito,Entregue,Marketplace,124.78,2023,2,2023-02,Saturday
2766,2024-08-06,666,Maria Luísa Oliveira,F,26-35,Nordeste,Mini Vibrador Discreto,Vibradores,440.32,1,0.0,Boleto,Entregue,Marketplace,440.32,2024,8,2024-08,Tuesday
1539,2024-09-30,56,Rebeca Almeida,F,26-35,Sul,Lubrificante Íntimo Aquoso 250ml,Lubrificantes,69.64,2,0.0,Pix,Entregue,Marketplace,139.28,2024,9,2024-09,Monday
212,2024-11-25,310,Alícia Teixeira,F,36-45,Sudeste,Body Coelhinha Plus Size,Lingerie,118.33,2,0.0,Pix,Entregue,Site,236.66,2024,11,2024-11,Monday
1341,2024-12-29,83,Evelyn Correia,F,26-35,Nordeste,Lingerie Cropped com Bojo,Lingerie,96.81,1,0.0,Pix,Entregue,Marketplace,96.81,2024,12,2024-12,Sunday
1109,2024-02-03,313,Sra. Lara Cirino,F,46+,Nordeste,Kit Cuidados Íntimos,Cosméticos Íntimos,81.73,2,5.0,Pix,Entregue,Marketplace,155.29,2024,2,2024-02,Saturday
5009,2024-03-08,56,Rebeca Almeida,F,26-35,Sul,Vibrador Clássico Silicone,Vibradores,298.04,1,5.0,Pix,Entregue,Marketplace,283.14,2024,3,2024-03,Friday
680,2024-03-25,491,Kevin Cunha,Não informado,26-35,Sul,Lubrificante Íntimo Aquoso 250ml,Lubrificantes,64.05,1,0.0,Pix,Entregue,Site,64.05,2024,3,2024-03,Monday
2756,2024-08-08,95,Juan Cunha,M,26-35,Sul,Lubrificante Sabores Morango,Lubrificantes,73.76,1,30.0,Pix,Entregue,Site,51.63,2024,8,2024-08,Thursday
3593,2024-05-27,226,Danilo Nunes,M,36-45,Centro-Oeste,Vibrador Ponto G Flex,Vibradores,216.95,5,0.0,Pix,Entregue,Site,1084.75,2024,5,2024-05,Monday
566,2023-02-22,239,Sra. Alice Leão,F,18-25,Sudeste,Gel Excitante Feminino,Lubrificantes,61.98,1,0.0,Cartão Crédito,Entregue,Site,61.98,2023,2,2023-02,Wednesday
4369,2023-08-17,50,João Montenegro,M,26-35,Sudeste,Chicote de Couro Soft,Acessórios BDSM,55.7,2,0.0,Pix,Entregue,Marketplace,111.4,2023,8,2023-08,Thursday
1533,2023-12-26,330,Luana Novaes,F,36-45,Sudeste,Massageador Corporal Wave,Vibradores,477.97,2,0.0,Cartão Crédito,Entregue,Site,955.94,2023,12,2023-12,Tuesday
4255,2024-09-08,49,Eduarda Marques,F,26-35,Sul,Lubrificante Íntimo Aquoso 100ml,Lubrificantes,64.32,1,0.0,Pix,Entregue,Marketplace,64.32,2024,9,2024-09,Sunday
681,2024-07-07,429,Igor Farias,M,36-45,Centro-Oeste,Gel Excitante Masculino,Lubrificantes,85.24,1,5.0,Boleto,Entregue,Site,80.98,2024,7,2024-07,Sunday
181,2023-09-12,115,Isabelly Freitas,F,18-25,Sudeste,Creme Excitante Feminino,Cosméticos Íntimos,119.73,1,0.0,Cartão Crédito,Entregue,Marketplace,119.73,2023,9,2023-09,Tuesday
3254,2024-05-18,35,Diego da Luz,M,26-35,Sudeste,Lubrificante Íntimo Aquoso 250ml,Lubrificantes,74.22,1,5.0,Cartão Crédito,Entregue,App,70.51,2024,5,2024-05,Saturday
1780,2023-06-02,458,Olívia Azevedo,F,26-35,Sudeste,Vibrador Duplo Prazer,Vibradores,410.38,1,0.0,Cartão Crédito,Entregue,Site,410.38,2023,6,2023-06,Friday
2842,2024-03-20,364,Dra. Beatriz Macedo,F,46+,Sudeste,Lubrificante Íntimo Aquoso 250ml,Lubrificantes,32.32,2,0.0,Cartão Crédito,Entregue,Site,64.64,2024,3,2024-03,Wednesday
5321,2024-01-09,92,Alexandre Gomes,M,18-25,Sudeste,Body Coelhinha Plus Size,Lingerie,74.02,1,15.0,Boleto,Entregue,Site,62.92,2024,1,2024-01,Tuesday
279,2023-12-15,318,Sabrina da Paz,Não informado,46+,Nordeste,Gel Excitante Masculino,Lubrificantes,68.77,1,0.0,Pix,Entregue,App,68.77,2023,12,2023-12,Friday
1877,2024-09-05,240,Bianca Lopes,F,26-35,Sudeste,Fantasia Policial,Lingerie,188.31,1,5.0,Pix,Entregue,Site,178.89,2024,9,2024-09,Thursday
3845,2024-10-14,49,Eduarda Marques,F,26-35,Sul,Chicote de Couro Soft,Acessórios BDSM,294.21,2,5.0,Pix,Entregue,App,559.0,2024,10,2024-10,Monday
1205,2024-12-01,182,Srta. Bianca Vasconcelos,F,26-35,Nordeste,Vibrador Duplo Prazer,Vibradores,381.14,1,0.0,Pix,Entregue,Marketplace,381.14,2024,12,2024-12,Sunday
1880,2023-03-04,224,Alícia Pinto,F,26-35,Nordeste,Lubrificante Íntimo Aquoso 250ml,Lubrificantes,50.81,1,0.0,Pix,Entregue,Site,50.81,2023,3,2023-03,Saturday
433,2023-12-17,257,Sra. Melissa Vieira,F,46+,Sul,Sabonete Íntimo pH Neutro,Cosméticos Íntimos,86.96,1,15.0,Pix,Devolvido,Site,73.92,2023,12,2023-12,Sunday
290,2023-10-11,240,Bianca Lopes,F,26-35,Sudeste,Vibrador Rabbit Premium,Vibradores,370.85,4,0.0,Pix,Entregue,Site,1483.4,2023,10,2023-10,Wednesday
1028,2023-02-28,463,Noah Fogaça,M,36-45,Sudeste,Venda para Olhos Satin,Acessórios BDSM,153.46,5,0.0,Pix,Entregue,Site,767.3,2023,2,2023-02,Tuesday
536,2023-09-19,634,Ana Vitória Rios,F,26-35,Nordeste,Camisola Sensual Preta,Lingerie,115.91,1,0.0,Pix,Entregue,App,115.91,2023,9,2023-09,Tuesday
994,2024-05-23,240,Bianca Lopes,F,26-35,Sudeste,Gel Excitante Masculino,Lubrificantes,85.85,1,0.0,Pix,Entregue,Site,85.85,2024,5,2024-05,Thursday
1188,2023-12-01,20,Sr. João Vitor Barros,M,18-25,Sudeste,Perfume Íntimo Floral,Cosméticos Íntimos,62.85,1,5.0,Pix,Entregue,App,59.71,2023,12,2023-12,Friday
189,2023-04-24,204,Maria da Rosa,F,36-45,Sudeste,Body Rendado Vermelho,Lingerie,176.83,1,10.0,Pix,Entregue,Site,159.15,2023,4,2023-04,Monday
4743,2023-11-30,11,Otávio Fernandes,M,36-45,Sul,Lubrificante Sabores Morango,Lubrificantes,30.82,2,30.0,Pix,Entregue,Site,43.15,2023,11,2023-11,Thursday
2234,2024-10-06,473,Leonardo Fernandes,M,18-25,Norte,Lingerie Cropped com Bojo,Lingerie,130.92,3,5.0,Pix,Devolvido,Site,373.12,2024,10,2024-10,Sunday
3768,2024-12-18,156,Bruna Gomes,F,26-35,Nordeste,Gel Excitante Feminino,Lubrificantes,63.78,1,20.0,Pix,Entregue,Marketplace,51.02,2024,12,2024-12,Wednesday
707,2024-09-11,107,Gabrielly Rios,F,46+,Nordeste,Venda para Olhos Satin,Acessórios BDSM,192.24,3,0.0,Cartão Crédito,Entregue,Site,576.72,2024,9,2024-09,Wednesday
1721,2023-01-17,43,Sra. Ana Luiza Gomes,F,46+,Centro-Oeste,Vibrador Duplo Prazer,Vibradores,274.58,2,10.0,Pix,Entregue,App,494.24,2023,1,2023-01,Tuesday
271,2024-07-14,420,Isaac Fonseca,M,26-35,Sul,Vibrador Clássico Silicone,Vibradores,94.8,1,0.0,Pix,Entregue,Site,94.8,2024,7,2024-07,Sunday
5395,2024-06-23,331,Maria Luísa Borges,F,18-25,Sul,Vibrador Duplo Prazer,Vibradores,433.41,1,0.0,Cartão Crédito,Entregue,Site,433.41,2024,6,2024-06,Sunday
4536,2023-06-15,238,Bernardo Montenegro,M,46+,Sul,Venda para Olhos Satin,Acessórios BDSM,83.18,3,0.0,Cartão Débito,Entregue,Site,249.54,2023,6,2023-06,Thursday
1244,2024-12-12,463,Noah Fogaça,M,36-45,Sudeste,Vibrador Ponto G Flex,Vibradores,122.13,2,0.0,Boleto,Entregue,App,244.26,2024,12,2024-12,Thursday
2639,2023-04-08,649,Pietro Cunha,M,26-35,Norte,Massageador Corporal Wave,Vibradores,451.79,1,0.0,Boleto,Entregue,Site,451.79,2023,4,2023-04,Saturday
5254,2023-04-02,25,Brayan Pereira,M,26-35,Sul,Lingerie Cropped com Bojo,Lingerie,76.33,3,0.0,Pix,Entregue,Site,228.99,2023,4,2023-04,Sunday
4317,2023-12-21,335,Maria Vitória Mendes,F,46+,Sudeste,Corda de Shibari 5m,Acessórios BDSM,174.88,2,0.0,Cartão Crédito,Entregue,Site,349.76,2023,12,2023-12,Thursday
112,2024-09-09,49,Eduarda Marques,F,26-35,Sul,Body Coelhinha Plus Size,Lingerie,101.08,1,0.0,Pix,Entregue,App,101.08,2024,9,2024-09,Monday
1171,2023-05-22,257,Sra. Melissa Vieira,F,46+,Sul,Lubrificante Sabores Morango,Lubrificantes,88.89,3,0.0,Cartão Crédito,Entregue,Site,266.67,2023,5,2023-05,Monday
1392,2024-09-16,22,Rafael Porto,M,36-45,Nordeste,Vibrador Duplo Prazer,Vibradores,237.7,1,0.0,Pix,Entregue,Site,237.7,2024,9,2024-09,Monday
3681,2024-02-13,360,Dr. Vitor Hugo Andrade,M,36-45,Sudeste,Lubrificante Base Silicone,Lubrificantes,37.41,1,0.0,Boleto,Entregue,Site,37.41,2024,2,2024-02,Tuesday
628,2024-04-05,357,Maitê Pinto,F,46+,Sul,Mini Vibrador Discreto,Vibradores,193.66,1,0.0,Boleto,Devolvido,App,193.66,2024,4,2024-04,Friday
3337,2024-04-28,560,Ana Clara Jesus,F,26-35,Sudeste,Conjunto Lingerie Boudoir,Lingerie,81.75,1,0.0,Cartão Crédito,Entregue,Site,81.75,2024,4,2024-04,Sunday
2788,2023-05-27,61,Davi Lucas Cardoso,M,36-45,Norte,Camisola Sensual Preta,Lingerie,128.2,2,0.0,Boleto,Entregue,App,256.4,2023,5,2023-05,Saturday
84,2024-02-18,19,Bernardo Aparecida,M,36-45,Sudeste,Lubrificante Base Silicone,Lubrificantes,42.57,1,0.0,Pix,Entregue,App,42.57,2024,2,2024-02,Sunday
2969,2023-02-07,640,Arthur Gabriel Pereira,M,18-25,Sul,Body Rendado Vermelho,Lingerie,140.53,1,0.0,Cartão Crédito,Entregue,App,140.53,2023,2,2023-02,Tuesday
791,2024-02-25,47,João Felipe Vargas,M,18-25,Sul,Vibrador Rabbit Premium,Vibradores,146.71,2,25.0,Cartão Crédito,Entregue,Site,220.06,2024,2,2024-02,Sunday
5199,2024-12-18,135,Ana Cecília Fogaça,F,46+,Nordeste,Gel Excitante Feminino,Lubrificantes,57.44,5,0.0,Cartão Crédito,Entregue,App,287.2,2024,12,2024-12,Wednesday
462,2024-03-12,278,Ana Júlia da Cunha,F,26-35,Sul,Lubrificante Sabores Morango,Lubrificantes,78.17,1,0.0,Pix,Entregue,App,78.17,2024,3,2024-03,Tuesday
5465,2023-04-05,86,Isadora Barbosa,Não informado,18-25,Sudeste,Dominó Erótico,Jogos Adultos,44.4,1,0.0,Pix,Entregue,App,44.4,2023,4,2023-04,Wednesday
552,2023-06-14,473,Leonardo Fernandes,M,18-25,Norte,Sabonete Íntimo pH Neutro,Cosméticos Íntimos,147.94,1,0.0,Cartão Crédito,Entregue,Site,147.94,2023,6,2023-06,Wednesday
5403,2024-06-05,667,Carolina Dias,F,26-35,Sudeste,Lubrificante Sabores Morango,Lubrificantes,78.99,1,0.0,Pix,Entregue,App,78.99,2024,6,2024-06,Wednesday
4503,2023-07-16,94,Ryan Cassiano,M,36-45,Sudeste,Wand Massager Pro,Vibradores,297.97,1,0.0,Cartão Crédito,Entregue,Site,297.97,2023,7,2023-07,Sunday
3287,2023-05-07,135,Ana Cecília Fogaça,F,46+,Nordeste,Wand Massager Pro,Vibradores,211.7,1,0.0,Cartão Crédito,Entregue,App,211.7,2023,5,2023-05,Sunday
199,2023-12-09,524,Ana Carolina Araújo,F,46+,Sul,Colar e Guia BDSM,Acessórios BDSM,282.46,1,30.0,Cartão Crédito,Entregue,Site,197.72,2023,12,2023-12,Saturday
3169,2024-12-20,373,Cecília da Conceição,F,36-45,Sul,Jogo de Cartas Sexo Quiz,Jogos Adultos,62.77,1,0.0,Cartão Crédito,Entregue,App,62.77,2024,12,2024-12,Friday
3870,2024-09-18,21,Carlos Eduardo Garcia,Não informado,36-45,Sul,Gel Excitante Masculino,Lubrificantes,74.79,2,25.0,Pix,Entregue,Marketplace,112.18,2024,9,2024-09,Wednesday
403,2023-02-17,191,João Guilherme Vargas,M,26-35,Nordeste,Camisola Sensual Preta,Lingerie,179.38,3,0.0,Pix,Entregue,Marketplace,538.14,2023,2,2023-02,Friday
3755,2023-01-24,88,Sr. Caleb Sá,M,26-35,Sudeste,Lubrificante Sabores Baunilha,Lubrificantes,50.14,1,30.0,Cartão Crédito,Entregue,Site,35.1,2023,1,2023-01,Tuesday
5498,2023-10-19,527,Ana Cecília Machado,F,46+,Sul,Lubrificante Base Silicone,Lubrificantes,37.72,1,0.0,Cartão Crédito,Entregue,Site,37.72,2023,10,2023-10,Thursday
5288,2023-11-24,15,Julia Aparecida,F,26-35,Sudeste,Perfume Íntimo Floral,Cosméticos Íntimos,100.05,1,0.0,Cartão Crédito,Devolvido,App,100.05,2023,11,2023-11,Friday
3003,2024-04-05,80,Nina Siqueira,F,26-35,Sul,Conjunto Lingerie Boudoir,Lingerie,197.13,1,0.0,Cartão Crédito,Entregue,App,197.13,2024,4,2024-04,Friday
4709,2023-06-20,433,Sr. Davi Lucca Albuquerque,M,26-35,Sudeste,Lubrificante Base Silicone,Lubrificantes,38.36,2,0.0,Cartão Débito,Devolvido,App,76.72,2023,6,2023-06,Tuesday
651,2023-12-28,26,Srta. Yasmin Siqueira,F,46+,Sul,Óleo de Massagem Relaxante,Lubrificantes,36.67,2,5.0,Pix,Entregue,Site,69.67,2023,12,2023-12,Thursday
4447,2024-03-29,56,Rebeca Almeida,F,26-35,Sul,Lubrificante Sabores Baunilha,Lubrificantes,33.98,5,0.0,Cartão Débito,Entregue,Site,169.9,2024,3,2024-03,Friday
3270,2024-09-29,308,José Alves,M,36-45,Centro-Oeste,Vibrador Ponto G Flex,Vibradores,458.49,2,0.0,Pix,Devolvido,Site,916.98,2024,9,2024-09,Sunday
5010,2024-07-06,154,Maya Ferreira,F,18-25,Sudeste,Body Coelhinha Plus Size,Lingerie,126.09,1,0.0,Pix,Entregue,App,126.09,2024,7,2024-07,Saturday
4902,2024-04-26,180,Dr. Thales Guerra,M,36-45,Sudeste,Lubrificante Íntimo Aquoso 100ml,Lubrificantes,60.57,1,0.0,Cartão Débito,Entregue,Site,60.57,2024,4,2024-04,Friday
4101,2024-02-05,266,Sr. Levi Campos,M,26-35,Centro-Oeste,Fantasia Enfermeira,Lingerie,179.83,1,0.0,Cartão Crédito,Entregue,Site,179.83,2024,2,2024-02,Monday
1425,2023-05-13,751,Evelyn da Cruz,F,26-35,Sudeste,Conjunto Lingerie Boudoir,Lingerie,145.37,2,0.0,Pix,Entregue,Site,290.74,2023,5,2023-05,Saturday
1217,2024-12-25,24,Giovanna Rios,F,26-35,Centro-Oeste,Lubrificante Íntimo Aquoso 100ml,Lubrificantes,48.8,2,15.0,Cartão Crédito,Entregue,App,82.96,2024,12,2024-12,Wednesday
3699,2023-08-18,609,Erick Vasconcelos,M,18-25,Centro-Oeste,Lubrificante Sabores Baunilha,Lubrificantes,72.43,2,0.0,Cartão Crédito,Entregue,Site,144.86,2023,8,2023-08,Friday
2315,2023-06-25,773,Laura Duarte,F,36-45,Sudeste,Massageador Corporal Wave,Vibradores,272.03,1,0.0,Cartão Crédito,Entregue,Site,272.03,2023,6,2023-06,Sunday
315,2024-03-28,452,Sr. Yuri Silveira,M,36-45,Sudeste,Vibrador Ponto G Flex,Vibradores,458.97,1,0.0,Pix,Entregue,Marketplace,458.97,2024,3,2024-03,Thursday
4564,2024-01-20,15,Julia Aparecida,F,26-35,Sudeste,Lubrificante Íntimo Aquoso 250ml,Lubrificantes,85.09,1,0.0,Pix,Entregue,App,85.09,2024,1,2024-01,Saturday
2887,2024-11-08,192,Raquel Pires,Não informado,26-35,Nordeste,Lubrificante Íntimo Aquoso 250ml,Lubrificantes,72.51,1,25.0,Cartão Crédito,Entregue,App,54.38,2024,11,2024-11,Friday
1428,2024-06-23,651,Gabriela Campos,F,36-45,Sul,Vibrador Duplo Prazer,Vibradores,171.56,2,0.0,Pix,Entregue,Site,343.12,2024,6,2024-06,Sunday
5041,2023-04-26,371,Anna Liz Pimenta,F,26-35,Sul,Vibrador Clássico Silicone,Vibradores,316.8,2,0.0,Boleto,Devolvido,Marketplace,633.6,2023,4,2023-04,Wednesday
114,2024-09-03,419,Dr. Henrique Macedo,M,26-35,Nordeste,Perfume Íntimo Floral,Cosméticos Íntimos,131.86,1,25.0,Pix,Entregue,Site,98.9,2024,9,2024-09,Tuesday
961,2024-02-27,25,Brayan Pereira,M,26-35,Sul,Vibrador Clássico Silicone,Vibradores,359.11,4,30.0,Pix,Entregue,Marketplace,1005.51,2024,2,2024-02,Tuesday
3574,2023-06-08,761,Jade Souza,F,26-35,Nordeste,Venda para Olhos Satin,Acessórios BDSM,52.42,1,25.0,Pix,Entregue,App,39.32,2023,6,2023-06,Thursday
2819,2023-06-02,3,Cauã Rocha,M,18-25,Sudeste,Dominó Erótico,Jogos Adultos,92.83,2,0.0,Cartão Crédito,Entregue,App,185.66,2023,6,2023-06,Friday
1115,2024-10-07,241,Natália Santos,F,46+,Nordeste,Venda para Olhos Satin,Acessórios BDSM,172.99,1,0.0,Cartão Crédito,Entregue,App,172.99,2024,10,2024-10,Monday
4084,2024-08-07,357,Maitê Pinto,F,46+,Sul,Body Rendado Vermelho,Lingerie,96.67,2,0.0,Cartão Débito,Entregue,Site,193.34,2024,8,2024-08,Wednesday
5192,2024-02-09,317,Sr. Enrico Farias,Não informado,36-45,Nordeste,Kit Iniciante BDSM 5 Peças,Acessórios BDSM,74.07,2,0.0,Cartão Crédito,Devolvido,App,148.14,2024,2,2024-02,Friday
3506,2023-11-20,260,Leandro Ribeiro,M,26-35,Sudeste,Gel Excitante Masculino,Lubrificantes,83.44,1,0.0,Cartão Crédito,Entregue,Site,83.44,2023,11,2023-11,Monday
5032,2023-05-30,206,Dra. Ísis Pereira,F,36-45,Sudeste,Colar e Guia BDSM,Acessórios BDSM,243.61,3,10.0,Pix,Entregue,Marketplace,657.75,2023,5,2023-05,Tuesday
4153,2024-03-10,326,Ana Júlia Costela,F,18-25,Centro-Oeste,Creme Retardante Masculino,Cosméticos Íntimos,121.91,3,0.0,Pix,Entregue,App,365.73,2024,3,2024-03,Sunday
5029,2023-04-08,338,Thomas Souza,M,26-35,Sudeste,Vibrador Rabbit Premium,Vibradores,179.67,2,0.0,Boleto,Entregue,App,359.34,2023,4,2023-04,Saturday
4052,2023-08-08,308,José Alves,M,36-45,Centro-Oeste,Vibrador Duplo Prazer,Vibradores,480.76,1,0.0,Cartão Crédito,Entregue,Site,480.76,2023,8,2023-08,Tuesday
3692,2024-02-04,201,Gabrielly Leão,F,36-45,Sul,Vibrador Clássico Silicone,Vibradores,499.47,1,0.0,Cartão Débito,Entregue,App,499.47,2024,2,2024-02,Sunday
2288,2024-09-12,111,Anthony Marques,M,26-35,Nordeste,Meia-Calça Rendada,Lingerie,63.23,2,30.0,Pix,Entregue,Site,88.52,2024,9,2024-09,Thursday
1635,2024-02-16,596,Lavínia Lima,F,36-45,Sudeste,Lubrificante Sabores Baunilha,Lubrificantes,53.35,1,0.0,Pix,Entregue,App,53.35,2024,2,2024-02,Friday
2868,2023-05-28,368,Marina Casa Grande,F,26-35,Sul,Body Rendado Vermelho,Lingerie,96.0,4,0.0,Boleto,Devolvido,Marketplace,384.0,2023,5,2023-05,Sunday
2348,2024-05-31,124,Gustavo Rodrigues,M,26-35,Nordeste,Jogo Tabuleiro Casais,Jogos Adultos,52.84,1,0.0,Cartão Crédito,Entregue,Marketplace,52.84,2024,5,2024-05,Friday
2413,2024-08-14,181,Diogo Rezende,M,46+,Sudeste,Jogo de Cartas Sexo Quiz,Jogos Adultos,57.34,1,0.0,Pix,Entregue,Marketplace,57.34,2024,8,2024-08,Wednesday
1870,2024-12-17,338,Thomas Souza,M,26-35,Sudeste,Fantasia Enfermeira,Lingerie,187.4,5,20.0,Boleto,Entregue,Site,749.6,2024,12,2024-12,Tuesday
327,2024-12-30,218,Lara Sá,F,46+,Sul,Kit Algemas Veludo,Acessórios BDSM,154.24,3,0.0,Pix,Entregue,Site,462.72,2024,12,2024-12,Monday
605,2024-06-21,36,Josué Souza,M,18-25,Sul,Dado do Prazer,Jogos Adultos,114.65,1,15.0,Cartão Débito,Entregue,Site,97.45,2024,6,2024-06,Friday
5115,2024-12-30,93,Mirella da Paz,F,26-35,Sudeste,Kit Algemas Veludo,Acessórios BDSM,175.75,2,0.0,Pix,Entregue,App,351.5,2024,12,2024-12,Monday
4970,2024-07-09,152,Joana Cavalcanti,F,26-35,Sul,Óleo de Massagem Relaxante,Lubrificantes,61.25,4,0.0,Cartão Crédito,Entregue,Marketplace,245.0,2024,7,2024-07,Tuesday
2237,2024-08-13,533,Ana Cecília da Cruz,F,26-35,Sul,Vibrador Duplo Prazer,Vibradores,389.09,4,20.0,Pix,Entregue,Marketplace,1245.09,2024,8,2024-08,Tuesday
3159,2023-11-21,438,Srta. Olívia Machado,F,46+,Sul,Vibrador Ponto G Flex,Vibradores,386.25,2,25.0,Boleto,Entregue,Site,579.38,2023,11,2023-11,Tuesday
4808,2024-11-26,660,Isaac Vieira,M,18-25,Sudeste,Massageador Corporal Wave,Vibradores,346.84,1,0.0,Cartão Crédito,Entregue,Marketplace,346.84,2024,11,2024-11,Tuesday
1742,2023-02-01,345,Lucas Gabriel Novaes,M,18-25,Sudeste,Lubrificante Sabores Baunilha,Lubrificantes,72.89,2,0.0,Pix,Entregue,Marketplace,145.78,2023,2,2023-02,Wednesday
2168,2024-11-26,38,Dra. Mariane Pacheco,F,26-35,Sudeste,Vibrador Rabbit Premium,Vibradores,263.37,1,0.0,Pix,Entregue,Site,263.37,2024,11,2024-11,Tuesday
1289,2024-01-18,10,Alana Teixeira,F,36-45,Sul,Wand Massager Pro,Vibradores,233.99,2,0.0,Cartão Débito,Entregue,App,467.98,2024,1,2024-01,Thursday
4004,2024-06-07,47,João Felipe Vargas,M,18-25,Sul,Gel Excitante Masculino,Lubrificantes,48.38,3,0.0,Cartão Crédito,Entregue,Site,145.14,2024,6,2024-06,Friday
4115,2024-06-14,246,João Lucas Machado,M,26-35,Sudeste,Conjunto Lingerie Boudoir,Lingerie,88.13,1,0.0,Pix,Entregue,Site,88.13,2024,6,2024-06,Friday
2446,2024-08-19,100,Anna Liz Cirino,F,18-25,Centro-Oeste,Conjunto Lingerie Boudoir,Lingerie,119.54,1,0.0,Pix,Devolvido,Site,119.54,2024,8,2024-08,Monday
2318,2023-11-26,138,Nicolas Pinto,M,36-45,Sudeste,Kit Algemas Veludo,Acessórios BDSM,110.59,3,0.0,Cartão Crédito,Entregue,Marketplace,331.77,2023,11,2023-11,Sunday
4087,2023-02-18,39,Luiz Miguel Câmara,M,36-45,Sudeste,Lubrificante Íntimo Aquoso 100ml,Lubrificantes,64.96,5,0.0,Pix,Entregue,Site,324.8,2023,2,2023-02,Saturday
2081,2024-07-31,8,Yago Leão,M,26-35,Sudeste,Vibrador Clássico Silicone,Vibradores,430.23,1,0.0,Boleto,Entregue,Marketplace,430.23,2024,7,2024-07,Wednesday
2835,2024-12-17,139,Srta. Isabela Castro,F,18-25,Sudeste,Lubrificante Íntimo Aquoso 100ml,Lubrificantes,55.38,3,0.0,Pix,Entregue,Site,166.14,2024,12,2024-12,Tuesday
2654,2023-12-29,15,Julia Aparecida,F,26-35,Sudeste,Conjunto Lingerie Boudoir,Lingerie,63.53,1,0.0,Pix,Entregue,Marketplace,63.53,2023,12,2023-12,Friday
790,2024-06-29,640,Arthur Gabriel Pereira,M,18-25,Sul,Jogo Tabuleiro Casais,Jogos Adultos,108.01,1,10.0,Cartão Débito,Entregue,Site,97.21,2024,6,2024-06,Saturday
1627,2024-06-15,63,Otávio Cunha,M,26-35,Sudeste,Body Rendado Vermelho,Lingerie,191.27,1,0.0,Cartão Crédito,Entregue,Site,191.27,2024,6,2024-06,Saturday
5028,2024-10-26,16,Sra. Zoe Campos,F,18-25,Sudeste,Jogo Tabuleiro Casais,Jogos Adultos,123.76,1,30.0,Cartão Crédito,Entregue,App,86.63,2024,10,2024-10,Saturday
2119,2024-01-27,25,Brayan Pereira,M,26-35,Sul,Vibrador Ponto G Flex,Vibradores,193.78,3,30.0,Cartão Crédito,Entregue,Site,406.94,2024,1,2024-01,Saturday
322,2024-04-28,329,Isaque Santos,M,36-45,Centro-Oeste,Fantasia Enfermeira,Lingerie,118.3,1,0.0,Pix,Entregue,Site,118.3,2024,4,2024-04,Sunday
872,2023-02-24,88,Sr. Caleb Sá,M,26-35,Sudeste,Lubrificante Sabores Baunilha,Lubrificantes,33.78,5,0.0,Pix,Entregue,Marketplace,168.9,2023,2,2023-02,Friday
170,2024-12-18,240,Bianca Lopes,F,26-35,Sudeste,Vibrador Ponto G Flex,Vibradores,132.13,1,25.0,Pix,Entregue,App,99.1,2024,12,2024-12,Wednesday
4012,2024-09-10,137,Luiz Gustavo Vasconcelos,M,26-35,Nordeste,Lubrificante Íntimo Aquoso 100ml,Lubrificantes,35.74,1,0.0,Cartão Crédito,Entregue,App,35.74,2024,9,2024-09,Tuesday
2496,2024-05-30,184,Dra. Nicole Aragão,F,36-45,Sul,Creme Excitante Feminino,Cosméticos Íntimos,90.19,2,10.0,Pix,Entregue,Site,162.34,2024,5,2024-05,Thursday
1942,2024-03-01,112,Beatriz Barbosa,F,36-45,Nordeste,Gel Excitante Masculino,Lubrificantes,53.02,5,0.0,Pix,Entregue,Site,265.1,2024,3,2024-03,Friday
4358,2023-12-22,262,Vitória Ferreira,F,26-35,Nordeste,Lubrificante Sabores Morango,Lubrificantes,38.81,1,0.0,Boleto,Entregue,App,38.81,2023,12,2023-12,Friday
5050,2023-12-23,199,Maria Luísa Farias,F,46+,Nordeste,Mordaça Silicone,Acessórios BDSM,275.15,1,0.0,Cartão Crédito,Entregue,Site,275.15,2023,12,2023-12,Saturday
74,2024-02-18,427,Gustavo Azevedo,M,36-45,Sudeste,Body Rendado Vermelho,Lingerie,151.66,5,0.0,Pix,Entregue,Site,758.3,2024,2,2024-02,Sunday
421,2024-09-12,401,Caleb Vieira,M,26-35,Sul,Vibrador Duplo Prazer,Vibradores,278.88,1,0.0,Boleto,Entregue,App,278.88,2024,9,2024-09,Thursday
4411,2024-12-28,23,Elisa Freitas,F,18-25,Sudeste,Lubrificante Sabores Baunilha,Lubrificantes,48.77,1,0.0,Cartão Crédito,Entregue,App,48.77,2024,12,2024-12,Saturday
4760,2023-08-12,759,João Vitor Aparecida,Não informado,46+,Sudeste,Vibrador Duplo Prazer,Vibradores,286.97,1,0.0,Cartão Crédito,Entregue,App,286.97,2023,8,2023-08,Saturday
4519,2024-06-07,61,Davi Lucas Cardoso,M,36-45,Norte,Mini Vibrador Discreto,Vibradores,189.39,1,0.0,Cartão Crédito,Entregue,Site,189.39,2024,6,2024-06,Friday
93,2024-12-13,370,Emilly Cavalcante,Não informado,36-45,Sudeste,Kit Cuidados Íntimos,Cosméticos Íntimos,53.23,1,0.0,Boleto,Entregue,Site,53.23,2024,12,2024-12,Friday
5077,2024-02-16,255,Samuel Novais,M,26-35,Sul,Chicote de Couro Soft,Acessórios BDSM,297.6,1,0.0,Cartão Crédito,Entregue,Site,297.6,2024,2,2024-02,Friday
1624,2023-02-03,666,Maria Luísa Oliveira,F,26-35,Nordeste,Lubrificante Íntimo Aquoso 250ml,Lubrificantes,45.61,1,0.0,Boleto,Entregue,App,45.61,2023,2,2023-02,Friday
1823,2024-09-11,255,Samuel Novais,M,26-35,Sul,Body Coelhinha Plus Size,Lingerie,197.26,1,0.0,Cartão Débito,Entregue,Site,197.26,2024,9,2024-09,Wednesday
4388,2024-02-16,14,Aylla Fogaça,F,36-45,Sudeste,Fantasia Enfermeira,Lingerie,150.1,1,10.0,Pix,Devolvido,Site,135.09,2024,2,2024-02,Friday
3542,2023-04-17,420,Isaac Fonseca,M,26-35,Sul,Corda de Shibari 5m,Acessórios BDSM,296.45,1,0.0,Boleto,Entregue,Site,296.45,2023,4,2023-04,Monday
2299,2023-12-16,32,Ana Luiza Cunha,F,18-25,Sudeste,Lubrificante Sabores Baunilha,Lubrificantes,31.9,1,25.0,Cartão Crédito,Entregue,Site,23.92,2023,12,2023-12,Saturday
4939,2024-11-22,371,Anna Liz Pimenta,F,26-35,Sul,Meia-Calça Rendada,Lingerie,65.09,3,0.0,Pix,Entregue,Site,195.27,2024,11,2024-11,Friday
2053,2024-03-22,51,Thiago Caldeira,Não informado,36-45,Sul,Body Coelhinha Plus Size,Lingerie,64.84,3,0.0,Boleto,Entregue,Site,194.52,2024,3,2024-03,Friday
495,2023-11-15,170,Luna Martins,F,18-25,Sudeste,Vibrador Ponto G Flex,Vibradores,162.24,1,0.0,Pix,Entregue,Site,162.24,2023,11,2023-11,Wednesday
1376,2024-05-10,499,Ana Vitória Dias,Não informado,46+,Sudeste,Corda de Shibari 5m,Acessórios BDSM,96.24,1,0.0,Cartão Crédito,Entregue,Site,96.24,2024,5,2024-05,Friday
3847,2023-09-27,702,Sara Moraes,F,36-45,Centro-Oeste,Massageador Corporal Wave,Vibradores,217.01,3,25.0,Pix,Entregue,Site,488.27,2023,9,2023-09,Wednesday
4399,2024-06-09,52,Sra. Sofia Pereira,F,18-25,Sudeste,Mini Vibrador Discreto,Vibradores,153.84,5,15.0,Pix,Entregue,Marketplace,653.82,2024,6,2024-06,Sunday
1962,2024-04-12,145,Natália Ferreira,F,46+,Sul,Lubrificante Sabores Morango,Lubrificantes,82.18,1,0.0,Cartão Crédito,Entregue,Site,82.18,2024,4,2024-04,Friday
1165,2023-02-08,49,Eduarda Marques,F,26-35,Sul,Lubrificante Sabores Baunilha,Lubrificantes,48.35,1,0.0,Pix,Entregue,Site,48.35,2023,2,2023-02,Wednesday
3712,2023-01-08,330,Luana Novaes,F,36-45,Sudeste,Lubrificante Sabores Baunilha,Lubrificantes,72.06,3,0.0,Cartão Débito,Entregue,Site,216.18,2023,1,2023-01,Sunday
1271,2023-04-30,313,Sra. Lara Cirino,F,46+,Nordeste,Lubrificante Íntimo Aquoso 100ml,Lubrificantes,30.88,2,0.0,Pix,Entregue,Marketplace,61.76,2023,4,2023-04,Sunday
2292,2024-10-30,91,Bento Cavalcante,M,26-35,Sul,Camisola Sensual Preta,Lingerie,123.46,1,0.0,Cartão Crédito,Entregue,App,123.46,2024,10,2024-10,Wednesday
3600,2024-02-04,287,Lorena Nunes,F,36-45,Centro-Oeste,Body Coelhinha Plus Size,Lingerie,160.05,1,0.0,Cartão Crédito,Entregue,App,160.05,2024,2,2024-02,Sunday
4938,2023-11-01,227,Nina Sampaio,F,26-35,Sul,Lubrificante Sabores Baunilha,Lubrificantes,81.41,2,0.0,Cartão Débito,Entregue,App,162.82,2023,11,2023-11,Wednesday
4007,2023-12-11,123,Giovanna Silva,F,36-45,Sudeste,Lingerie Cropped com Bojo,Lingerie,119.78,1,0.0,Cartão Crédito,Entregue,App,119.78,2023,12,2023-12,Monday
619,2024-01-02,417,Sr. Samuel Pimenta,M,36-45,Sul,Body Coelhinha Plus Size,Lingerie,101.47,1,0.0,Cartão Crédito,Entregue,App,101.47,2024,1,2024-01,Tuesday
4759,2023-09-20,168,Agatha da Rosa,F,26-35,Sul,Lubrificante Íntimo Aquoso 100ml,Lubrificantes,56.22,1,20.0,Cartão Débito,Entregue,Marketplace,44.98,2023,9,2023-09,Wednesday
125,2023-03-29,72,Ana Beatriz Farias,F,46+,Norte,Fantasia Policial,Lingerie,89.54,3,10.0,Pix,Entregue,Marketplace,241.76,2023,3,2023-03,Wednesday
1861,2024-12-14,385,Benicio Pereira,M,26-35,Sul,Lubrificante Íntimo Aquoso 250ml,Lubrificantes,42.33,1,0.0,Cartão Crédito,Entregue,Site,42.33,2024,12,2024-12,Saturday
2440,2024-12-29,47,João Felipe Vargas,M,18-25,Sul,Body Rendado Vermelho,Lingerie,152.19,1,0.0,Cartão Débito,Entregue,Site,152.19,2024,12,2024-12,Sunday
2724,2024-10-01,167,Srta. Liz Guerra,F,18-25,Sul,Fantasia Policial,Lingerie,90.23,1,0.0,Pix,Entregue,Marketplace,90.23,2024,10,2024-10,Tuesday
2555,2023-05-01,21,Carlos Eduardo Garcia,Não informado,36-45,Sul,Gel Excitante Feminino,Lubrificantes,50.51,1,0.0,Cartão Crédito,Entregue,App,50.51,2023,5,2023-05,Monday
3800,2024-01-25,226,Danilo Nunes,M,36-45,Centro-Oeste,Mini Vibrador Discreto,Vibradores,441.39,2,0.0,Cartão Débito,Entregue,Site,882.78,2024,1,2024-01,Thursday
4942,2023-10-26,156,Bruna Gomes,F,26-35,Nordeste,Vibrador Duplo Prazer,Vibradores,180.18,1,0.0,Pix,Entregue,Site,180.18,2023,10,2023-10,Thursday
4349,2023-09-28,440,Rael Montenegro,M,18-25,Nordeste,Conjunto Lingerie Boudoir,Lingerie,164.04,2,0.0,Pix,Entregue,App,328.08,2023,9,2023-09,Thursday
4383,2023-01-20,230,Luana Caldeira,F,26-35,Nordeste,Dado do Prazer,Jogos Adultos,112.3,1,0.0,Pix,Entregue,Site,112.3,2023,1,2023-01,Friday
870,2024-01-01,638,Ana Lívia da Costa,F,18-25,Sudeste,Fantasia Policial,Lingerie,180.29,5,0.0,Cartão Crédito,Entregue,Marketplace,901.45,2024,1,2024-01,Monday
3334,2023-08-23,61,Davi Lucas Cardoso,M,36-45,Norte,Gel Térmico Sensação Quente,Cosméticos Íntimos,75.18,1,0.0,Cartão Crédito,Entregue,Marketplace,75.18,2023,8,2023-08,Wednesday
1043,2024-06-01,106,Vicente Dias,M,26-35,Sul,Gel Excitante Feminino,Lubrificantes,56.0,4,20.0,Cartão Débito,Entregue,Site,179.2,2024,6,2024-06,Saturday
2165,2023-02-23,174,Lívia Borges,F,46+,Sudeste,Gel Excitante Feminino,Lubrificantes,37.4,2,0.0,Cartão Crédito,Entregue,App,74.8,2023,2,2023-02,Thursday
3640,2023-06-26,65,Maria Liz Rios,F,46+,Sul,Vibrador Duplo Prazer,Vibradores,241.18,3,0.0,Pix,Entregue,App,723.54,2023,6,2023-06,Monday
357,2023-06-13,8,Yago Leão,M,26-35,Sudeste,Wand Massager Pro,Vibradores,419.35,2,0.0,Boleto,Devolvido,Site,838.7,2023,6,2023-06,Tuesday
1163,2023-11-29,113,Hadassa Montenegro,F,36-45,Sul,Óleo de Massagem Relaxante,Lubrificantes,76.28,1,0.0,Pix,Entregue,App,76.28,2023,11,2023-11,Wednesday
3899,2024-11-28,210,Dra. Maria Luiza Silveira,F,26-35,Nordeste,Body Coelhinha Plus Size,Lingerie,171.39,2,10.0,Pix,Entregue,Site,308.5,2024,11,2024-11,Thursday
3394,2024-02-04,109,Caroline Rios,F,36-45,Sudeste,Lubrificante Sabores Morango,Lubrificantes,80.6,2,0.0,Cartão Crédito,Entregue,Site,161.2,2024,2,2024-02,Sunday
1860,2023-03-27,340,Manuela Viana,F,18-25,Nordeste,Kit Iniciante BDSM 5 Peças,Acessórios BDSM,127.79,1,0.0,Cartão Crédito,Entregue,Site,127.79,2023,3,2023-03,Monday
2647,2024-08-13,664,Benício das Neves,M,18-25,Sul,Gel Excitante Feminino,Lubrificantes,88.11,2,20.0,Cartão Crédito,Entregue,Site,140.98,2024,8,2024-08,Tuesday
4790,2023-09-02,111,Anthony Marques,M,26-35,Nordeste,Venda para Olhos Satin,Acessórios BDSM,144.72,1,0.0,Pix,Entregue,App,144.72,2023,9,2023-09,Saturday
5143,2023-02-28,234,Dra. Isabelly Caldeira,F,36-45,Centro-Oeste,Lubrificante Base Silicone,Lubrificantes,48.36,2,15.0,Pix,Entregue,Site,82.21,2023,2,2023-02,Tuesday
2764,2023-04-10,162,Davi Silveira,M,36-45,Norte,Lubrificante Sabores Baunilha,Lubrificantes,36.25,3,0.0,Pix,Entregue,App,108.75,2023,4,2023-04,Monday
580,2023-10-13,83,Evelyn Correia,F,26-35,Nordeste,Lubrificante Base Silicone,Lubrificantes,40.81,1,0.0,Pix,Entregue,Site,40.81,2023,10,2023-10,Friday
4289,2023-02-25,117,Kevin Pimenta,M,26-35,Norte,Fantasia Enfermeira,Lingerie,95.76,1,0.0,Pix,Entregue,App,95.76,2023,2,2023-02,Saturday
2750,2023-12-03,269,Dra. Valentina Peixoto,F,18-25,Sul,Lubrificante Sabores Baunilha,Lubrificantes,84.73,1,30.0,Não informado,Entregue,App,59.31,2023,12,2023-12,Sunday
4292,2024-02-16,23,Elisa Freitas,F,18-25,Sudeste,Óleo de Massagem Relaxante,Lubrificantes,34.88,1,0.0,Cartão Crédito,Entregue,Marketplace,34.88,2024,2,2024-02,Friday
1859,2023-12-31,460,Aylla Souza,Não informado,26-35,Sudeste,Vibrador Rabbit Premium,Vibradores,245.11,2,30.0,Cartão Crédito,Entregue,Marketplace,343.15,2023,12,2023-12,Sunday
1692,2023-05-27,190,Milena da Luz,Não informado,36-45,Nordeste,Massageador Corporal Wave,Vibradores,228.88,2,20.0,Cartão Crédito,Entregue,App,366.21,2023,5,2023-05,Saturday
2277,2024-09-10,354,Valentina Marques,F,46+,Sudeste,Spray Prolongador,Cosméticos Íntimos,113.34,1,0.0,Pix,Devolvido,Site,113.34,2024,9,2024-09,Tuesday
3472,2023-06-20,388,Srta. Isis Rocha,F,36-45,Sul,Lingerie Cropped com Bojo,Lingerie,65.15,1,0.0,Pix,Entregue,Marketplace,65.15,2023,6,2023-06,Tuesday
3498,2024-10-04,523,Luana Martins,F,36-45,Nordeste,Óleo de Massagem Relaxante,Lubrificantes,80.15,4,20.0,Cartão Crédito,Entregue,App,256.48,2024,10,2024-10,Friday
333,2024-07-04,5,Ana Beatriz Alves,F,18-25,Sul,Body Coelhinha Plus Size,Lingerie,188.77,3,0.0,Cartão Crédito,Entregue,App,566.31,2024,7,2024-07,Thursday
4791,2023-11-08,32,Ana Luiza Cunha,F,18-25,Sudeste,Conjunto Lingerie Boudoir,Lingerie,165.51,3,0.0,Cartão Crédito,Entregue,Site,496.53,2023,11,2023-11,Wednesday
4904,2023-12-13,102,Nathan Campos,M,18-25,Sudeste,Óleo de Massagem Relaxante,Lubrificantes,53.43,1,0.0,Boleto,Entregue,Site,53.43,2023,12,2023-12,Wednesday
1745,2023-12-15,147,Evelyn Guerra,F,36-45,Sul,Lubrificante Íntimo Aquoso 100ml,Lubrificantes,85.91,4,0.0,Cartão Crédito,Entregue,App,343.64,2023,12,2023-12,Friday
3765,2023-07-09,185,Isadora Campos,F,36-45,Nordeste,Óleo de Massagem Relaxante,Lubrificantes,60.03,3,0.0,Boleto,Entregue,Marketplace,180.09,2023,7,2023-07,Sunday
1259,2023-12-13,19,Bernardo Aparecida,M,36-45,Sudeste,Jogo de Cartas Sexo Quiz,Jogos Adultos,49.93,4,0.0,Cartão Crédito,Entregue,App,199.72,2023,12,2023-12,Wednesday
4304,2023-03-23,237,Mariane Ribeiro,F,18-25,Nordeste,Venda para Olhos Satin,Acessórios BDSM,258.57,2,0.0,Pix,Entregue,App,517.14,2023,3,2023-03,Thursday
1452,2023-10-29,257,Sra. Melissa Vieira,F,46+,Sul,Meia-Calça Rendada,Lingerie,187.86,3,0.0,Cartão Crédito,Entregue,Marketplace,563.58,2023,10,2023-10,Sunday
2379,2024-03-25,162,Davi Silveira,M,36-45,Norte,Lubrificante Sabores Baunilha,Lubrificantes,83.82,1,0.0,Cartão Crédito,Entregue,Site,83.82,2024,3,2024-03,Monday
1117,2023-08-06,27,Elisa Martins,F,26-35,Sul,Vibrador Rabbit Premium,Vibradores,194.05,1,0.0,Pix,Entregue,Site,194.05,2023,8,2023-08,Sunday
1542,2024-02-14,32,Ana Luiza Cunha,F,18-25,Sudeste,Gel Excitante Masculino,Lubrificantes,68.47,1,0.0,Cartão Crédito,Entregue,App,68.47,2024,2,2024-02,Wednesday
2370,2024-10-30,341,Juliana Abreu,F,26-35,Nordeste,Lubrificante Sabores Baunilha,Lubrificantes,75.25,1,0.0,Boleto,Entregue,Marketplace,75.25,2024,10,2024-10,Wednesday
4237,2023-10-28,17,Bruno Novaes,M,26-35,Sudeste,Vibrador Duplo Prazer,Vibradores,490.47,2,30.0,Pix,Entregue,Site,686.66,2023,10,2023-10,Saturday
2005,2023-02-22,88,Sr. Caleb Sá,M,26-35,Sudeste,Óleo de Massagem Relaxante,Lubrificantes,84.39,1,10.0,Cartão Crédito,Entregue,Marketplace,75.95,2023,2,2023-02,Wednesday
4809,2023-01-11,79,Maria Lima,F,18-25,Centro-Oeste,Kit Algemas Veludo,Acessórios BDSM,71.78,2,0.0,Cartão Crédito,Entregue,Site,143.56,2023,1,2023-01,Wednesday
4210,2023-11-22,17,Bruno Novaes,M,26-35,Sudeste,Gel Excitante Masculino,Lubrificantes,35.95,1,0.0,Pix,Entregue,Site,35.95,2023,11,2023-11,Wednesday
4014,2024-06-14,60,Sra. Ana Lívia Teixeira,F,26-35,Sul,Vibrador Clássico Silicone,Vibradores,461.76,5,0.0,Pix,Entregue,Site,2308.8,2024,6,2024-06,Friday
5486,2023-12-30,754,Rebeca Dias,F,46+,Sudeste,Conjunto Lingerie Boudoir,Lingerie,162.68,3,0.0,Cartão Crédito,Entregue,Marketplace,488.04,2023,12,2023-12,Saturday
4691,2023-06-27,127,Sra. Kamilly Aparecida,F,36-45,Nordeste,Wand Massager Pro,Vibradores,427.66,2,20.0,Cartão Crédito,Entregue,App,684.26,2023,6,2023-06,Tuesday
446,2024-03-28,640,Arthur Gabriel Pereira,M,18-25,Sul,Lingerie Cropped com Bojo,Lingerie,69.11,2,0.0,Pix,Entregue,Site,138.22,2024,3,2024-03,Thursday
4884,2024-02-13,56,Rebeca Almeida,F,26-35,Sul,Vibrador Rabbit Premium,Vibradores,297.97,1,0.0,Pix,Entregue,App,297.97,2024,2,2024-02,Tuesday
4148,2024-06-29,141,Lívia Viana,F,36-45,Sudeste,Fantasia Enfermeira,Lingerie,89.65,1,0.0,Pix,Entregue,App,89.65,2024,6,2024-06,Saturday
4574,2024-10-13,367,Juan Fogaça,M,26-35,Sudeste,Gel Excitante Masculino,Lubrificantes,87.21,1,5.0,Pix,Entregue,Site,82.85,2024,10,2024-10,Sunday
1414,2023-11-17,17,Bruno Novaes,M,26-35,Sudeste,Meia-Calça Rendada,Lingerie,95.93,2,0.0,Pix,Entregue,Site,191.86,2023,11,2023-11,Friday
453,2023-08-07,151,Lucas Alves,M,36-45,Sul,Fantasia Policial,Lingerie,172.92,1,0.0,Boleto,Entregue,Site,172.92,2023,8,2023-08,Monday
5274,2023-05-17,389,Sr. Calebe Pires,M,18-25,Sudeste,Jogo Tabuleiro Casais,Jogos Adultos,48.01,2,0.0,Pix,Entregue,Site,96.02,2023,5,2023-05,Wednesday
4864,2024-04-12,112,Beatriz Barbosa,F,36-45,Nordeste,Gel Excitante Feminino,Lubrificantes,53.31,1,0.0,Pix,Entregue,Marketplace,53.31,2024,4,2024-04,Friday
4967,2024-02-01,691,Gabrielly Fernandes,F,36-45,Centro-Oeste,Lubrificante Íntimo Aquoso 250ml,Lubrificantes,84.67,1,0.0,Pix,Entregue,App,84.67,2024,2,2024-02,Thursday
2858,2023-06-12,12,Eduardo Cunha,Não informado,26-35,Sul,Mini Vibrador Discreto,Vibradores,188.42,1,30.0,Cartão Débito,Entregue,Site,131.89,2023,6,2023-06,Monday
4952,2024-05-24,15,Julia Aparecida,F,26-35,Sudeste,Perfume Íntimo Floral,Cosméticos Íntimos,73.07,2,15.0,Pix,Devolvido,Site,124.22,2024,5,2024-05,Friday
15,2023-01-02,56,Rebeca Almeida,F,26-35,Sul,Mini Vibrador Discreto,Vibradores,182.64,2,0.0,Cartão Crédito,Entregue,Marketplace,365.28,2023,1,2023-01,Monday
4741,2024-12-13,332,Bruna Martins,F,46+,Sudeste,Body Coelhinha Plus Size,Lingerie,79.98,1,0.0,Cartão Crédito,Entregue,App,79.98,2024,12,2024-12,Friday
3211,2023-10-27,49,Eduarda Marques,F,26-35,Sul,Fantasia Enfermeira,Lingerie,111.07,4,0.0,Boleto,Entregue,App,444.28,2023,10,2023-10,Friday
946,2024-06-07,4,Dra. Aurora Pastor,F,26-35,Sul,Camisola Sensual Preta,Lingerie,129.43,4,0.0,Pix,Entregue,App,517.72,2024,6,2024-06,Friday
5299,2023-12-05,153,João Andrade,M,26-35,Sul,Lubrificante Sabores Morango,Lubrificantes,61.56,1,0.0,Boleto,Entregue,Site,61.56,2023,12,2023-12,Tuesday
4441,2023-10-31,504,Maria Cecília Borges,F,26-35,Sul,Gel Excitante Masculino,Lubrificantes,67.88,1,20.0,Cartão Débito,Entregue,App,54.3,2023,10,2023-10,Tuesday
248,2023-12-23,690,Maria Vitória Mendes,F,18-25,Norte,Vibrador Clássico Silicone,Vibradores,256.23,2,0.0,Cartão Crédito,Entregue,Site,512.46,2023,12,2023-12,Saturday
3959,2024-01-22,15,Julia Aparecida,F,26-35,Sudeste,Fantasia Policial,Lingerie,170.0,3,0.0,Cartão Crédito,Entregue,Site,510.0,2024,1,2024-01,Monday
361,2024-03-26,135,Ana Cecília Fogaça,F,46+,Nordeste,Jogo de Cartas Sexo Quiz,Jogos Adultos,84.03,1,15.0,Cartão Crédito,Entregue,Site,71.43,2024,3,2024-03,Tuesday
5169,2024-10-05,63,Otávio Cunha,M,26-35,Sudeste,Mini Vibrador Discreto,Vibradores,199.17,3,0.0,Cartão Crédito,Entregue,Site,597.51,2024,10,2024-10,Saturday
1777,2023-02-16,307,Pedro Sousa,M,36-45,Sul,Cartas Posições Kamasutra,Jogos Adultos,69.0,5,15.0,Pix,Entregue,Marketplace,293.25,2023,2,2023-02,Thursday
4391,2024-01-02,57,Maria Cecília das Neves,F,18-25,Centro-Oeste,Lubrificante Íntimo Aquoso 250ml,Lubrificantes,57.57,2,0.0,Boleto,Entregue,App,115.14,2024,1,2024-01,Tuesday
4154,2023-11-21,121,Cauê Souza,M,26-35,Sul,Sabonete Íntimo pH Neutro,Cosméticos Íntimos,46.84,1,25.0,Pix,Entregue,App,35.13,2023,11,2023-11,Tuesday
4352,2023-02-22,245,Dr. Lorenzo da Cruz,M,18-25,Sul,Body Rendado Vermelho,Lingerie,131.12,1,0.0,Cartão Crédito,Entregue,App,131.12,2023,2,2023-02,Wednesday
1593,2023-08-25,39,Luiz Miguel Câmara,M,36-45,Sudeste,Corda de Shibari 5m,Acessórios BDSM,117.27,1,0.0,Cartão Crédito,Entregue,Site,117.27,2023,8,2023-08,Friday
1724,2023-10-05,30,Ana Laura da Conceição,F,18-25,Sudeste,Chicote de Couro Soft,Acessórios BDSM,178.73,2,0.0,Cartão Crédito,Entregue,Site,357.46,2023,10,2023-10,Thursday
4530,2024-12-03,56,Rebeca Almeida,F,26-35,Sul,Gel Excitante Feminino,Lubrificantes,81.62,1,0.0,Cartão Crédito,Entregue,App,81.62,2024,12,2024-12,Tuesday
4348,2023-08-26,218,Lara Sá,F,46+,Sul,Lubrificante Sabores Morango,Lubrificantes,49.06,1,0.0,Cartão Crédito,Entregue,Site,49.06,2023,8,2023-08,Saturday
3717,2023-07-04,115,Isabelly Freitas,F,18-25,Sudeste,Camisola Sensual Preta,Lingerie,77.53,1,0.0,Boleto,Entregue,Site,77.53,2023,7,2023-07,Tuesday
5421,2024-10-27,60,Sra. Ana Lívia Teixeira,F,26-35,Sul,Vibrador Clássico Silicone,Vibradores,141.83,1,10.0,Cartão Crédito,Entregue,Site,127.65,2024,10,2024-10,Sunday
3122,2024-12-04,79,Maria Lima,F,18-25,Centro-Oeste,Lubrificante Sabores Baunilha,Lubrificantes,83.75,2,0.0,Pix,Entregue,Site,167.5,2024,12,2024-12,Wednesday
4547,2024-10-12,4,Dra. Aurora Pastor,F,26-35,Sul,Venda para Olhos Satin,Acessórios BDSM,66.57,4,0.0,Boleto,Entregue,Site,266.28,2024,10,2024-10,Saturday
491,2023-07-26,166,Mateus Rocha,M,26-35,Sudeste,Vibrador Clássico Silicone,Vibradores,187.51,2,20.0,Cartão Crédito,Entregue,Site,300.02,2023,7,2023-07,Wednesday
4161,2023-05-01,196,Anna Liz Carvalho,F,26-35,Sul,Wand Massager Pro,Vibradores,233.52,1,0.0,Cartão Crédito,Entregue,Site,233.52,2023,5,2023-05,Monday
863,2023-04-02,201,Gabrielly Leão,F,36-45,Sul,Body Coelhinha Plus Size,Lingerie,104.21,1,5.0,Cartão Crédito,Entregue,Site,99.0,2023,4,2023-04,Sunday
2716,2023-04-28,99,Emanuel Araújo,M,26-35,Sudeste,Lubrificante Íntimo Aquoso 100ml,Lubrificantes,41.76,1,25.0,Cartão Crédito,Entregue,Site,31.32,2023,4,2023-04,Friday
1384,2023-12-10,83,Evelyn Correia,F,26-35,Nordeste,Gel Excitante Masculino,Lubrificantes,54.74,1,0.0,Pix,Entregue,Marketplace,54.74,2023,12,2023-12,Sunday
2385,2023-01-28,106,Vicente Dias,M,26-35,Sul,Dominó Erótico,Jogos Adultos,64.44,2,0.0,Pix,Entregue,App,128.88,2023,1,2023-01,Saturday
4074,2024-09-18,248,Mateus Fernandes,M,26-35,Nordeste,Jogo Tabuleiro Casais,Jogos Adultos,102.34,1,0.0,Pix,Entregue,Site,102.34,2024,9,2024-09,Wednesday
2997,2023-10-01,48,Sra. Brenda da Rocha,F,26-35,Centro-Oeste,Vibrador Rabbit Premium,Vibradores,230.81,2,0.0,Boleto,Entregue,App,461.62,2023,10,2023-10,Sunday
2216,2023-12-17,101,Bernardo Rocha,M,26-35,Nordeste,Mini Vibrador Discreto,Vibradores,494.01,1,0.0,Boleto,Entregue,Site,494.01,2023,12,2023-12,Sunday
1363,2023-06-09,261,Léo Melo,M,26-35,Nordeste,Gel Excitante Feminino,Lubrificantes,83.48,2,0.0,Cartão Débito,Entregue,Marketplace,166.96,2023,6,2023-06,Friday
3936,2023-06-12,214,Sra. Catarina Martins,F,46+,Sul,Wand Massager Pro,Vibradores,284.48,1,5.0,Pix,Entregue,Marketplace,270.26,2023,6,2023-06,Monday
507,2023-05-08,565,Evelyn Freitas,F,26-35,Sul,Gel Excitante Feminino,Lubrificantes,58.57,2,0.0,Pix,Entregue,Site,117.14,2023,5,2023-05,Monday
1418,2024-03-22,37,Zoe da Luz,F,46+,Centro-Oeste,Camisola Sensual Preta,Lingerie,150.31,1,0.0,Pix,Entregue,Site,150.31,2024,3,2024-03,Friday
4851,2023-09-19,733,Srta. Maria Vitória Pacheco,F,36-45,Norte,Meia-Calça Rendada,Lingerie,116.46,1,0.0,Pix,Entregue,App,116.46,2023,9,2023-09,Tuesday
26,2024-06-20,394,Emanuella Costa,F,36-45,Nordeste,Conjunto Lingerie Boudoir,Lingerie,129.36,1,0.0,Boleto,Entregue,Site,129.36,2024,6,2024-06,Thursday
4417,2024-02-17,147,Evelyn Guerra,F,36-45,Sul,Conjunto Lingerie Boudoir,Lingerie,191.76,1,15.0,Pix,Entregue,Marketplace,163.0,2024,2,2024-02,Saturday
2433,2023-07-23,742,Maria Sophia Sales,F,26-35,Sudeste,Vibrador Ponto G Flex,Vibradores,178.95,1,5.0,Pix,Entregue,Marketplace,170.0,2023,7,2023-07,Sunday
1223,2023-03-27,155,Sra. Maya Pereira,F,26-35,Sul,Meia-Calça Rendada,Lingerie,186.02,3,0.0,Pix,Entregue,Marketplace,558.06,2023,3,2023-03,Monday
2448,2023-02-13,60,Sra. Ana Lívia Teixeira,F,26-35,Sul,Lubrificante Sabores Morango,Lubrificantes,61.17,1,0.0,Pix,Entregue,App,61.17,2023,2,2023-02,Monday
1114,2023-04-05,208,Maya Mendonça,F,18-25,Sudeste,Vibrador Duplo Prazer,Vibradores,441.38,1,0.0,Pix,Entregue,Marketplace,441.38,2023,4,2023-04,Wednesday
2949,2024-01-19,127,Sra. Kamilly Aparecida,F,36-45,Nordeste,Lubrificante Íntimo Aquoso 100ml,Lubrificantes,89.33,2,20.0,Pix,Entregue,App,142.93,2024,1,2024-01,Friday
1553,2024-05-11,431,Caroline Nogueira,F,26-35,Norte,Óleo de Massagem Relaxante,Lubrificantes,82.6,2,0.0,Boleto,Entregue,Site,165.2,2024,5,2024-05,Saturday
4752,2024-06-13,160,Sr. Luiz Otávio Lopes,M,36-45,Nordeste,Gel Excitante Masculino,Lubrificantes,67.84,2,20.0,Boleto,Entregue,Marketplace,108.54,2024,6,2024-06,Thursday
4156,2024-02-26,4,Dra. Aurora Pastor,F,26-35,Sul,Vibrador Duplo Prazer,Vibradores,199.35,1,0.0,Boleto,Entregue,Site,199.35,2024,2,2024-02,Monday
3695,2023-03-14,117,Kevin Pimenta,M,26-35,Norte,Fantasia Enfermeira,Lingerie,108.49,2,0.0,Pix,Entregue,App,216.98,2023,3,2023-03,Tuesday
2319,2024-06-28,150,Maria Liz Rocha,F,36-45,Sul,Venda para Olhos Satin,Acessórios BDSM,86.85,3,0.0,Pix,Devolvido,Site,260.55,2024,6,2024-06,Friday
4656,2023-10-09,52,Sra. Sofia Pereira,F,18-25,Sudeste,Óleo de Massagem Relaxante,Lubrificantes,77.19,3,0.0,Cartão Crédito,Entregue,Site,231.57,2023,10,2023-10,Monday
2526,2023-09-11,91,Bento Cavalcante,M,26-35,Sul,Dado do Prazer,Jogos Adultos,121.21,1,25.0,Cartão Crédito,Entregue,App,90.91,2023,9,2023-09,Monday
3879,2023-12-12,220,Antony Souza,M,18-25,Sudeste,Lubrificante Íntimo Aquoso 100ml,Lubrificantes,48.68,1,15.0,Pix,Entregue,Site,41.38,2023,12,2023-12,Tuesday
5309,2024-12-24,525,Laura Barbosa,F,36-45,Sudeste,Conjunto Lingerie Boudoir,Lingerie,70.83,1,0.0,Cartão Crédito,Entregue,App,70.83,2024,12,2024-12,Tuesday
3479,2023-11-19,182,Srta. Bianca Vasconcelos,F,26-35,Nordeste,Fantasia Enfermeira,Lingerie,76.11,2,0.0,Pix,Entregue,Site,152.22,2023,11,2023-11,Sunday
4401,2023-10-25,37,Zoe da Luz,F,46+,Centro-Oeste,Meia-Calça Rendada,Lingerie,140.41,1,15.0,Cartão Débito,Entregue,App,119.35,2023,10,2023-10,Wednesday
2834,2024-02-03,94,Ryan Cassiano,M,36-45,Sudeste,Wand Massager Pro,Vibradores,444.52,2,0.0,Pix,Entregue,Site,889.04,2024,2,2024-02,Saturday
3898,2024-06-08,448,Kamilly Pinto,F,36-45,Sul,Lubrificante Íntimo Aquoso 250ml,Lubrificantes,44.46,1,0.0,Não informado,Entregue,Site,44.46,2024,6,2024-06,Saturday
2608,2023-06-02,90,Rafaela Cunha,Não informado,36-45,Sudeste,Jogo de Cartas Sexo Quiz,Jogos Adultos,127.28,1,0.0,Cartão Débito,Entregue,Marketplace,127.28,2023,6,2023-06,Friday
4828,2024-07-02,51,Thiago Caldeira,Não informado,36-45,Sul,Mini Vibrador Discreto,Vibradores,432.3,2,25.0,Pix,Entregue,Site,648.45,2024,7,2024-07,Tuesday
2099,2023-03-11,407,Lunna Pimenta,F,18-25,Sul,Lingerie Cropped com Bojo,Lingerie,119.98,2,0.0,Pix,Entregue,Site,239.96,2023,3,2023-03,Saturday
412,2023-09-22,647,Mathias Novais,M,18-25,Sudeste,Mordaça Silicone,Acessórios BDSM,155.59,1,15.0,Pix,Entregue,Site,132.25,2023,9,2023-09,Friday
2616,2024-08-26,30,Ana Laura da Conceição,F,18-25,Sudeste,Conjunto Lingerie Boudoir,Lingerie,123.19,2,0.0,Pix,Entregue,Site,246.38,2024,8,2024-08,Monday
4408,2023-02-17,43,Sra. Ana Luiza Gomes,F,46+,Centro-Oeste,Lubrificante Sabores Baunilha,Lubrificantes,83.81,1,0.0,Pix,Entregue,App,83.81,2023,2,2023-02,Friday
3660,2024-10-20,564,Luana Viana,F,46+,Nordeste,Fantasia Enfermeira,Lingerie,162.52,1,0.0,Boleto,Entregue,Marketplace,162.52,2024,10,2024-10,Sunday
195,2024-04-08,114,Caroline Ferreira,F,36-45,Sudeste,Lubrificante Íntimo Aquoso 100ml,Lubrificantes,88.88,2,0.0,Cartão Débito,Entregue,Site,177.76,2024,4,2024-04,Monday
616,2024-02-05,584,Olivia Machado,F,26-35,Sul,Body Rendado Vermelho,Lingerie,172.09,2,0.0,Cartão Crédito,Devolvido,Site,344.18,2024,2,2024-02,Monday
644,2023-10-07,110,Dr. Raul Dias,M,36-45,Nordeste,Vibrador Ponto G Flex,Vibradores,390.02,1,0.0,Pix,Entregue,App,390.02,2023,10,2023-10,Saturday
3810,2023-09-02,16,Sra. Zoe Campos,F,18-25,Sudeste,Wand Massager Pro,Vibradores,148.58,5,0.0,Pix,Entregue,Marketplace,742.9,2023,9,2023-09,Saturday
2228,2024-10-01,245,Dr. Lorenzo da Cruz,M,18-25,Sul,Lingerie Cropped com Bojo,Lingerie,126.83,1,5.0,Pix,Entregue,App,120.49,2024,10,2024-10,Tuesday
1069,2024-03-23,121,Cauê Souza,M,26-35,Sul,Vibrador Ponto G Flex,Vibradores,154.93,2,30.0,Cartão Crédito,Entregue,Site,216.9,2024,3,2024-03,Saturday
5272,2024-06-03,39,Luiz Miguel Câmara,M,36-45,Sudeste,Gel Excitante Feminino,Lubrificantes,39.59,1,10.0,Cartão Crédito,Entregue,Site,35.63,2024,6,2024-06,Monday
4208,2024-10-01,211,Ravi Lucca Cardoso,Não informado,26-35,Sudeste,Lubrificante Sabores Baunilha,Lubrificantes,55.31,3,10.0,Boleto,Entregue,App,149.34,2024,10,2024-10,Tuesday
3817,2024-12-24,123,Giovanna Silva,F,36-45,Sudeste,Vibrador Rabbit Premium,Vibradores,131.68,1,0.0,Pix,Entregue,Site,131.68,2024,12,2024-12,Tuesday
4701,2023-01-27,80,Nina Siqueira,F,26-35,Sul,Dado do Prazer,Jogos Adultos,101.05,1,0.0,Pix,Entregue,Site,101.05,2023,1,2023-01,Friday
2003,2024-04-11,556,Vinicius Andrade,M,36-45,Sul,Gel Excitante Masculino,Lubrificantes,74.27,2,0.0,Pix,Devolvido,Site,148.54,2024,4,2024-04,Thursday
331,2023-07-24,121,Cauê Souza,M,26-35,Sul,Lubrificante Íntimo Aquoso 250ml,Lubrificantes,38.63,2,0.0,Cartão Crédito,Entregue,Marketplace,77.26,2023,7,2023-07,Monday
2104,2023-03-24,313,Sra. Lara Cirino,F,46+,Nordeste,Camisola Sensual Preta,Lingerie,63.81,1,0.0,Pix,Entregue,Site,63.81,2023,3,2023-03,Friday
3236,2024-01-30,74,Raquel Cunha,F,46+,Sul,Body Coelhinha Plus Size,Lingerie,102.81,1,5.0,Cartão Crédito,Entregue,Marketplace,97.67,2024,1,2024-01,Tuesday
2789,2024-11-29,650,Laura Sales,F,36-45,Centro-Oeste,Wand Massager Pro,Vibradores,365.41,1,0.0,Boleto,Devolvido,Site,365.41,2024,11,2024-11,Friday
623,2023-02-02,127,Sra. Kamilly Aparecida,F,36-45,Nordeste,Lubrificante Sabores Morango,Lubrificantes,58.93,2,0.0,Pix,Entregue,Marketplace,117.86,2023,2,2023-02,Thursday
3024,2023-09-21,112,Beatriz Barbosa,F,36-45,Nordeste,Camisola Sensual Preta,Lingerie,165.06,2,0.0,Cartão Crédito,Entregue,Site,330.12,2023,9,2023-09,Thursday
1671,2023-02-16,132,Srta. Ísis Andrade,F,18-25,Sudeste,Lubrificante Íntimo Aquoso 250ml,Lubrificantes,65.35,1,0.0,Cartão Crédito,Entregue,App,65.35,2023,2,2023-02,Thursday
4605,2024-10-10,361,Ana Lívia da Costa,F,26-35,Sudeste,Corda de Shibari 5m,Acessórios BDSM,80.44,1,0.0,Pix,Entregue,Marketplace,80.44,2024,10,2024-10,Thursday
484,2023-01-15,264,Sra. Júlia das Neves,F,46+,Sul,Vibrador Duplo Prazer,Vibradores,115.8,4,0.0,Boleto,Entregue,App,463.2,2023,1,2023-01,Sunday
3564,2023-09-13,149,Luiz Fernando Ramos,M,36-45,Nordeste,Lubrificante Íntimo Aquoso 100ml,Lubrificantes,59.62,2,0.0,Cartão Crédito,Entregue,App,119.24,2023,9,2023-09,Wednesday
2706,2023-01-17,418,Lara Andrade,F,26-35,Nordeste,Sabonete Íntimo pH Neutro,Cosméticos Íntimos,134.89,1,10.0,Pix,Entregue,Site,121.4,2023,1,2023-01,Tuesday
3504,2024-06-03,9,Pietro Pastor,M,26-35,Sudeste,Vibrador Clássico Silicone,Vibradores,413.74,2,15.0,Pix,Entregue,Site,703.36,2024,6,2024-06,Monday
2019,2023-09-03,7,Apollo Novais,M,18-25,Nordeste,Óleo de Massagem Relaxante,Lubrificantes,46.78,1,0.0,Cartão Débito,Entregue,Site,46.78,2023,9,2023-09,Sunday
3324,2023-07-17,236,Ana Cecília Ferreira,F,36-45,Sul,Dominó Erótico,Jogos Adultos,116.38,1,5.0,Pix,Entregue,App,110.56,2023,7,2023-07,Monday
4603,2023-05-27,562,Larissa Sá,Não informado,36-45,Sudeste,Conjunto Lingerie Boudoir,Lingerie,130.51,2,0.0,Cartão Crédito,Entregue,App,261.02,2023,5,2023-05,Saturday
4855,2023-10-27,264,Sra. Júlia das Neves,F,46+,Sul,Lubrificante Sabores Baunilha,Lubrificantes,79.47,2,0.0,Cartão Crédito,Entregue,App,158.94,2023,10,2023-10,Friday
756,2024-11-11,403,Camila Marques,F,26-35,Sudeste,Mordaça Silicone,Acessórios BDSM,65.27,1,10.0,Cartão Crédito,Entregue,Site,58.74,2024,11,2024-11,Monday
519,2023-04-20,753,João Pedro Santos,M,18-25,Sudeste,Meia-Calça Rendada,Lingerie,104.13,3,0.0,Pix,Entregue,Site,312.39,2023,4,2023-04,Thursday
4910,2023-08-20,214,Sra. Catarina Martins,F,46+,Sul,Meia-Calça Rendada,Lingerie,62.99,3,20.0,Cartão Crédito,Entregue,Site,151.18,2023,8,2023-08,Sunday
33,2024-06-16,19,Bernardo Aparecida,M,36-45,Sudeste,Jogo Tabuleiro Casais,Jogos Adultos,127.61,1,0.0,Pix,Entregue,Site,127.61,2024,6,2024-06,Sunday
3605,2023-08-03,69,Heloísa Pastor,F,26-35,Sudeste,Body Coelhinha Plus Size,Lingerie,108.7,3,0.0,Cartão Crédito,Entregue,Marketplace,326.1,2023,8,2023-08,Thursday
4375,2023-06-22,194,João Pedro da Costa,M,26-35,Nordeste,Lubrificante Íntimo Aquoso 100ml,Lubrificantes,75.64,3,0.0,Pix,Entregue,Site,226.92,2023,6,2023-06,Thursday
3620,2024-12-29,54,Ágatha Vasconcelos,F,18-25,Sul,Vibrador Rabbit Premium,Vibradores,208.58,1,0.0,Pix,Entregue,Site,208.58,2024,12,2024-12,Sunday
3099,2024-11-29,3,Cauã Rocha,M,18-25,Sudeste,Fantasia Enfermeira,Lingerie,144.88,1,0.0,Pix,Entregue,App,144.88,2024,11,2024-11,Friday
1158,2024-06-20,514,Erick Pereira,M,36-45,Sudeste,Body Coelhinha Plus Size,Lingerie,79.55,3,0.0,Pix,Entregue,Marketplace,238.65,2024,6,2024-06,Thursday
1445,2023-12-18,495,Maria Helena Nascimento,F,36-45,Sudeste,Conjunto Lingerie Boudoir,Lingerie,199.51,1,0.0,Pix,Entregue,Site,199.51,2023,12,2023-12,Monday
2073,2024-05-22,64,Gabriela Silva,F,26-35,Sudeste,Body Coelhinha Plus Size,Lingerie,115.21,2,25.0,Cartão Crédito,Entregue,App,172.82,2024,5,2024-05,Wednesday
745,2023-11-10,74,Raquel Cunha,F,46+,Sul,Chicote de Couro Soft,Acessórios BDSM,190.18,2,0.0,Cartão Crédito,Entregue,Site,380.36,2023,11,2023-11,Friday
5113,2024-05-10,246,João Lucas Machado,M,26-35,Sudeste,Vibrador Ponto G Flex,Vibradores,320.89,1,10.0,Pix,Devolvido,Site,288.8,2024,5,2024-05,Friday
175,2024-05-03,276,Larissa Melo,F,18-25,Sul,Corda de Shibari 5m,Acessórios BDSM,123.13,1,0.0,Pix,Entregue,App,123.13,2024,5,2024-05,Friday
1706,2023-05-17,32,Ana Luiza Cunha,F,18-25,Sudeste,Gel Térmico Sensação Quente,Cosméticos Íntimos,68.15,1,10.0,Pix,Entregue,Marketplace,61.34,2023,5,2023-05,Wednesday
4105,2023-07-31,97,Sra. Ana Laura Aragão,F,26-35,Sudeste,Conjunto Lingerie Boudoir,Lingerie,148.09,1,15.0,Pix,Entregue,Marketplace,125.88,2023,7,2023-07,Monday
2264,2023-03-04,160,Sr. Luiz Otávio Lopes,M,36-45,Nordeste,Fantasia Enfermeira,Lingerie,124.09,2,0.0,Cartão Crédito,Entregue,Marketplace,248.18,2023,3,2023-03,Saturday
1819,2023-03-23,262,Vitória Ferreira,F,26-35,Nordeste,Fantasia Enfermeira,Lingerie,145.95,1,5.0,Cartão Crédito,Devolvido,Site,138.65,2023,3,2023-03,Thursday
2236,2023-02-27,241,Natália Santos,F,46+,Nordeste,Dominó Erótico,Jogos Adultos,119.89,2,0.0,Cartão Débito,Entregue,Marketplace,239.78,2023,2,2023-02,Monday
104,2023-05-12,193,Kamilly Macedo,F,26-35,Sul,Fantasia Policial,Lingerie,130.48,1,30.0,Cartão Crédito,Entregue,Marketplace,91.34,2023,5,2023-05,Friday
2863,2023-05-27,648,João Vasconcelos,M,36-45,Norte,Vibrador Rabbit Premium,Vibradores,418.02,1,0.0,Pix,Entregue,App,418.02,2023,5,2023-05,Saturday
784,2023-08-15,117,Kevin Pimenta,M,26-35,Norte,Body Coelhinha Plus Size,Lingerie,68.82,1,20.0,Cartão Crédito,Entregue,Site,55.06,2023,8,2023-08,Tuesday
4479,2023-08-29,242,Maya Cavalcanti,F,46+,Norte,Massageador Corporal Wave,Vibradores,493.4,2,0.0,Cartão Crédito,Entregue,Marketplace,986.8,2023,8,2023-08,Tuesday
4613,2023-05-27,181,Diogo Rezende,M,46+,Sudeste,Massageador Corporal Wave,Vibradores,381.83,2,0.0,Pix,Entregue,Marketplace,763.66,2023,5,2023-05,Saturday
2373,2024-12-03,311,Sra. Ana Cecília Teixeira,F,36-45,Sudeste,Dado do Prazer,Jogos Adultos,128.71,1,0.0,Pix,Entregue,App,128.71,2024,12,2024-12,Tuesday
3559,2023-07-30,24,Giovanna Rios,F,26-35,Centro-Oeste,Dado do Prazer,Jogos Adultos,70.29,1,0.0,Cartão Débito,Entregue,Site,70.29,2023,7,2023-07,Sunday
230,2023-11-27,266,Sr. Levi Campos,M,26-35,Centro-Oeste,Lubrificante Íntimo Aquoso 250ml,Lubrificantes,75.41,3,0.0,Cartão Crédito,Entregue,Marketplace,226.23,2023,11,2023-11,Monday
858,2024-12-26,174,Lívia Borges,F,46+,Sudeste,Lingerie Cropped com Bojo,Lingerie,144.83,3,0.0,Pix,Entregue,Marketplace,434.49,2024,12,2024-12,Thursday
1212,2024-03-21,164,Dr. Luan Guerra,M,26-35,Sudeste,Fantasia Policial,Lingerie,122.45,2,0.0,Cartão Crédito,Entregue,App,244.9,2024,3,2024-03,Thursday
1402,2023-06-24,51,Thiago Caldeira,Não informado,36-45,Sul,Vibrador Duplo Prazer,Vibradores,466.24,2,0.0,Cartão Crédito,Entregue,Marketplace,932.48,2023,6,2023-06,Saturday
2895,2023-12-27,46,Dra. Bruna Rodrigues,F,18-25,Nordeste,Venda para Olhos Satin,Acessórios BDSM,176.94,5,30.0,Cartão Débito,Entregue,Site,619.29,2023,12,2023-12,Wednesday
409,2023-10-30,555,Sofia Vargas,F,18-25,Sul,Dominó Erótico,Jogos Adultos,89.72,1,15.0,Pix,Entregue,App,76.26,2023,10,2023-10,Monday
171,2023-03-27,299,Ísis Câmara,F,26-35,Sul,Conjunto Lingerie Boudoir,Lingerie,151.58,3,0.0,Pix,Entregue,App,454.74,2023,3,2023-03,Monday
541,2024-02-17,657,Dra. Emanuella Vieira,F,26-35,Sudeste,Vibrador Clássico Silicone,Vibradores,371.43,2,0.0,Pix,Entregue,Site,742.86,2024,2,2024-02,Saturday
4083,2023-08-29,262,Vitória Ferreira,F,26-35,Nordeste,Fantasia Enfermeira,Lingerie,67.8,1,0.0,Pix,Entregue,Site,67.8,2023,8,2023-08,Tuesday
4526,2023-12-14,154,Maya Ferreira,F,18-25,Sudeste,Body Coelhinha Plus Size,Lingerie,103.59,2,15.0,Cartão Crédito,Entregue,Marketplace,176.1,2023,12,2023-12,Thursday
2827,2023-05-31,341,Juliana Abreu,F,26-35,Nordeste,Massageador Corporal Wave,Vibradores,198.61,2,0.0,Cartão Crédito,Entregue,Site,397.22,2023,5,2023-05,Wednesday
1804,2024-03-28,97,Sra. Ana Laura Aragão,F,26-35,Sudeste,Gel Excitante Masculino,Lubrificantes,80.2,2,30.0,Pix,Entregue,Site,112.28,2024,3,2024-03,Thursday
3144,2024-01-28,209,Maria Julia Fernandes,F,36-45,Sudeste,Conjunto Lingerie Boudoir,Lingerie,198.46,2,0.0,Pix,Entregue,Site,396.92,2024,1,2024-01,Sunday
614,2024-04-20,24,Giovanna Rios,F,26-35,Centro-Oeste,Mordaça Silicone,Acessórios BDSM,246.06,1,10.0,Cartão Crédito,Entregue,App,221.45,2024,4,2024-04,Saturday
4862,2024-04-15,419,Dr. Henrique Macedo,M,26-35,Nordeste,Mini Vibrador Discreto,Vibradores,213.13,1,0.0,Cartão Crédito,Entregue,Marketplace,213.13,2024,4,2024-04,Monday
2345,2024-03-17,627,Luna Caldeira,F,26-35,Sudeste,Lubrificante Base Silicone,Lubrificantes,72.6,2,0.0,Cartão Crédito,Entregue,App,145.2,2024,3,2024-03,Sunday
3204,2024-07-05,482,Benicio Rocha,M,36-45,Nordeste,Body Rendado Vermelho,Lingerie,139.83,3,15.0,Cartão Débito,Entregue,App,356.57,2024,7,2024-07,Friday
675,2024-05-02,145,Natália Ferreira,F,46+,Sul,Gel Excitante Feminino,Lubrificantes,36.23,3,20.0,Cartão Crédito,Entregue,Site,86.95,2024,5,2024-05,Thursday
1162,2024-05-31,39,Luiz Miguel Câmara,M,36-45,Sudeste,Fantasia Policial,Lingerie,111.11,4,0.0,Pix,Entregue,Marketplace,444.44,2024,5,2024-05,Friday
2519,2023-09-17,307,Pedro Sousa,M,36-45,Sul,Óleo de Massagem Relaxante,Lubrificantes,59.61,2,0.0,Cartão Crédito,Entregue,App,119.22,2023,9,2023-09,Sunday
2898,2023-12-18,92,Alexandre Gomes,M,18-25,Sudeste,Vibrador Duplo Prazer,Vibradores,482.11,3,25.0,Boleto,Entregue,App,1084.75,2023,12,2023-12,Monday
1873,2024-02-09,191,João Guilherme Vargas,M,26-35,Nordeste,Camisola Sensual Preta,Lingerie,178.72,2,20.0,Pix,Entregue,Marketplace,285.95,2024,2,2024-02,Friday
3786,2024-12-04,31,Luara Guerra,F,36-45,Nordeste,Óleo de Massagem Relaxante,Lubrificantes,55.06,2,0.0,Pix,Entregue,Site,110.12,2024,12,2024-12,Wednesday
1816,2024-12-23,693,Sra. Manuella Guerra,F,18-25,Sudeste,Body Rendado Vermelho,Lingerie,199.39,1,0.0,Boleto,Entregue,Marketplace,199.39,2024,12,2024-12,Monday
1701,2023-12-01,687,Rafaela da Cruz,F,46+,Sul,Body Rendado Vermelho,Lingerie,159.25,4,15.0,Pix,Entregue,Site,541.45,2023,12,2023-12,Friday
1984,2024-02-20,180,Dr. Thales Guerra,M,36-45,Sudeste,Mini Vibrador Discreto,Vibradores,251.92,2,0.0,Pix,Entregue,App,503.84,2024,2,2024-02,Tuesday
3897,2024-04-25,44,Ravi Lucca Moura,M,26-35,Sudeste,Gel Excitante Masculino,Lubrificantes,82.75,2,30.0,Não informado,Entregue,Site,115.85,2024,4,2024-04,Thursday
1610,2024-03-30,210,Dra. Maria Luiza Silveira,F,26-35,Nordeste,Lubrificante Íntimo Aquoso 100ml,Lubrificantes,45.64,3,0.0,Boleto,Devolvido,Site,136.92,2024,3,2024-03,Saturday
2102,2023-03-20,206,Dra. Ísis Pereira,F,36-45,Sudeste,Wand Massager Pro,Vibradores,371.79,2,30.0,Pix,Entregue,Marketplace,520.51,2023,3,2023-03,Monday
5240,2024-05-30,126,Ana Júlia Borges,F,36-45,Sudeste,Chicote de Couro Soft,Acessórios BDSM,64.89,1,0.0,Boleto,Entregue,Site,64.89,2024,5,2024-05,Thursday
2697,2023-05-05,299,Ísis Câmara,F,26-35,Sul,Kit Algemas Veludo,Acessórios BDSM,166.85,3,0.0,Cartão Débito,Entregue,App,500.55,2023,5,2023-05,Friday
565,2024-06-21,119,Letícia Ribeiro,Não informado,18-25,Norte,Kit Roleplay Surpresa,Jogos Adultos,103.64,2,0.0,Pix,Entregue,Site,207.28,2024,6,2024-06,Friday
4685,2024-12-03,384,Sra. Kamilly Albuquerque,F,18-25,Sul,Lubrificante Sabores Baunilha,Lubrificantes,46.68,3,0.0,Pix,Entregue,App,140.04,2024,12,2024-12,Tuesday
4248,2024-01-19,36,Josué Souza,M,18-25,Sul,Fantasia Policial,Lingerie,160.46,2,10.0,Boleto,Entregue,App,288.83,2024,1,2024-01,Friday
4710,2024-02-16,278,Ana Júlia da Cunha,F,26-35,Sul,Camisola Sensual Preta,Lingerie,163.61,3,0.0,Pix,Entregue,Marketplace,490.83,2024,2,2024-02,Friday
2334,2023-01-30,306,Anna Liz Peixoto,F,36-45,Sul,Dominó Erótico,Jogos Adultos,86.9,1,0.0,Pix,Entregue,App,86.9,2023,1,2023-01,Monday
3787,2024-08-10,231,Apollo das Neves,M,26-35,Nordeste,Vibrador Clássico Silicone,Vibradores,391.15,1,25.0,Pix,Entregue,Site,293.36,2024,8,2024-08,Saturday
1549,2024-02-02,13,Cauã Borges,M,36-45,Nordeste,Massageador Corporal Wave,Vibradores,370.23,2,5.0,Cartão Crédito,Entregue,App,703.44,2024,2,2024-02,Friday
2032,2024-11-29,224,Alícia Pinto,F,26-35,Nordeste,Jogo Tabuleiro Casais,Jogos Adultos,67.81,3,0.0,Pix,Entregue,Marketplace,203.43,2024,11,2024-11,Friday
5470,2023-09-11,123,Giovanna Silva,F,36-45,Sudeste,Camisola Sensual Preta,Lingerie,184.72,1,5.0,Pix,Entregue,Site,175.48,2023,9,2023-09,Monday
2701,2024-06-27,200,Nina Leão,F,18-25,Centro-Oeste,Lubrificante Base Silicone,Lubrificantes,57.5,2,0.0,Cartão Débito,Entregue,App,115.0,2024,6,2024-06,Thursday
356,2023-04-27,274,Yuri da Rocha,M,36-45,Sudeste,Wand Massager Pro,Vibradores,429.06,1,0.0,Pix,Entregue,Site,429.06,2023,4,2023-04,Thursday
2595,2024-02-20,43,Sra. Ana Luiza Gomes,F,46+,Centro-Oeste,Óleo de Massagem Relaxante,Lubrificantes,85.64,1,0.0,Pix,Entregue,Marketplace,85.64,2024,2,2024-02,Tuesday
2933,2024-09-17,23,Elisa Freitas,F,18-25,Sudeste,Fantasia Enfermeira,Lingerie,72.54,2,30.0,Pix,Entregue,App,101.56,2024,9,2024-09,Tuesday
3044,2023-02-06,142,Josué da Mata,M,26-35,Sudeste,Lubrificante Sabores Baunilha,Lubrificantes,53.48,2,0.0,Cartão Crédito,Entregue,Site,106.96,2023,2,2023-02,Monday
3820,2024-05-05,177,Isabelly Melo,F,18-25,Sudeste,Conjunto Lingerie Boudoir,Lingerie,89.61,3,0.0,Cartão Crédito,Entregue,App,268.83,2024,5,2024-05,Sunday
1173,2023-02-13,266,Sr. Levi Campos,M,26-35,Centro-Oeste,Gel Excitante Feminino,Lubrificantes,65.08,3,0.0,Pix,Entregue,Marketplace,195.24,2023,2,2023-02,Monday
5481,2023-10-17,423,Esther Campos,F,18-25,Sudeste,Vibrador Clássico Silicone,Vibradores,220.17,2,0.0,Pix,Devolvido,Site,440.34,2023,10,2023-10,Tuesday
326,2023-06-16,349,Augusto Dias,M,26-35,Sudeste,Vibrador Rabbit Premium,Vibradores,430.85,2,0.0,Cartão Crédito,Devolvido,Marketplace,861.7,2023,6,2023-06,Friday
1052,2024-03-18,204,Maria da Rosa,F,36-45,Sudeste,Lingerie Cropped com Bojo,Lingerie,89.63,1,0.0,Cartão Crédito,Entregue,Site,89.63,2024,3,2024-03,Monday
3615,2023-01-05,126,Ana Júlia Borges,F,36-45,Sudeste,Camisola Sensual Preta,Lingerie,126.16,3,0.0,Pix,Entregue,Site,378.48,2023,1,2023-01,Thursday
4048,2023-10-11,224,Alícia Pinto,F,26-35,Nordeste,Mini Vibrador Discreto,Vibradores,495.97,1,0.0,Cartão Crédito,Entregue,App,495.97,2023,10,2023-10,Wednesday
3076,2024-08-26,492,José Miguel da Rocha,M,26-35,Nordeste,Lubrificante Íntimo Aquoso 250ml,Lubrificantes,56.19,1,0.0,Pix,Entregue,App,56.19,2024,8,2024-08,Monday
3545,2023-05-10,490,Benjamin Abreu,M,46+,Sudeste,Vibrador Clássico Silicone,Vibradores,377.87,1,0.0,Cartão Crédito,Entregue,Marketplace,377.87,2023,5,2023-05,Wednesday
3130,2023-02-03,455,Murilo Leão,M,26-35,Nordeste,Cartas Posições Kamasutra,Jogos Adultos,120.0,1,0.0,Pix,Entregue,Marketplace,120.0,2023,2,2023-02,Friday
1752,2024-07-13,68,Benício Fernandes,M,36-45,Sudeste,Dominó Erótico,Jogos Adultos,110.92,1,0.0,Cartão Crédito,Entregue,App,110.92,2024,7,2024-07,Saturday
2478,2024-10-12,400,Miguel Novais,M,46+,Sudeste,Kit Iniciante BDSM 5 Peças,Acessórios BDSM,240.41,1,5.0,Cartão Crédito,Entregue,Site,228.39,2024,10,2024-10,Saturday
2128,2024-04-12,51,Thiago Caldeira,Não informado,36-45,Sul,Lubrificante Íntimo Aquoso 100ml,Lubrificantes,75.31,1,0.0,Boleto,Entregue,Site,75.31,2024,4,2024-04,Friday
1773,2024-03-07,532,Thiago Ramos,M,26-35,Sudeste,Body Rendado Vermelho,Lingerie,73.03,3,0.0,Pix,Entregue,Site,219.09,2024,3,2024-03,Thursday
1197,2023-09-12,709,Dra. Olivia da Paz,F,46+,Sudeste,Body Coelhinha Plus Size,Lingerie,65.08,2,0.0,Pix,Entregue,App,130.16,2023,9,2023-09,Tuesday
1879,2024-12-26,98,Rhavi Montenegro,M,36-45,Sudeste,Body Rendado Vermelho,Lingerie,90.24,1,0.0,Cartão Crédito,Entregue,Site,90.24,2024,12,2024-12,Thursday
621,2023-04-20,57,Maria Cecília das Neves,F,18-25,Centro-Oeste,Lubrificante Base Silicone,Lubrificantes,35.47,1,0.0,Boleto,Entregue,Site,35.47,2023,4,2023-04,Thursday
2322,2024-01-31,328,Ryan Campos,M,18-25,Sul,Vibrador Rabbit Premium,Vibradores,473.44,4,0.0,Cartão Crédito,Entregue,Site,1893.76,2024,1,2024-01,Wednesday
2006,2024-04-03,368,Marina Casa Grande,F,26-35,Sul,Lubrificante Sabores Morango,Lubrificantes,55.03,2,0.0,Pix,Entregue,App,110.06,2024,4,2024-04,Wednesday
4563,2024-12-18,513,Diogo da Cunha,M,26-35,Sudeste,Óleo de Massagem Relaxante,Lubrificantes,56.86,1,0.0,Pix,Entregue,App,56.86,2024,12,2024-12,Wednesday
4980,2024-06-05,12,Eduardo Cunha,Não informado,26-35,Sul,Camisola Sensual Preta,Lingerie,60.93,4,15.0,Cartão Crédito,Entregue,Marketplace,207.16,2024,6,2024-06,Wednesday
1483,2024-06-27,212,Yasmin Alves,F,18-25,Sudeste,Lubrificante Sabores Baunilha,Lubrificantes,38.29,1,0.0,Pix,Entregue,Site,38.29,2024,6,2024-06,Thursday
1190,2024-03-24,323,Dra. Nicole Jesus,F,46+,Sul,Vibrador Duplo Prazer,Vibradores,385.94,3,0.0,Pix,Entregue,App,1157.82,2024,3,2024-03,Sunday
329,2023-11-11,149,Luiz Fernando Ramos,M,36-45,Nordeste,Vibrador Clássico Silicone,Vibradores,264.07,2,0.0,Pix,Entregue,Site,528.14,2023,11,2023-11,Saturday
649,2024-04-28,398,Maitê Camargo,F,18-25,Sudeste,Kit Iniciante BDSM 5 Peças,Acessórios BDSM,219.91,1,0.0,Cartão Crédito,Entregue,App,219.91,2024,4,2024-04,Sunday
2134,2024-06-28,203,Maria Helena Mendes,F,36-45,Sudeste,Creme Excitante Feminino,Cosméticos Íntimos,47.16,4,0.0,Cartão Crédito,Entregue,Site,188.64,2024,6,2024-06,Friday
898,2023-03-07,539,Dra. Lívia Azevedo,F,36-45,Sul,Fantasia Policial,Lingerie,152.02,1,5.0,Boleto,Entregue,Site,144.42,2023,3,2023-03,Tuesday
31,2023-09-09,250,Raquel Cunha,F,26-35,Sudeste,Creme Retardante Masculino,Cosméticos Íntimos,61.69,1,5.0,Cartão Débito,Entregue,App,58.61,2023,9,2023-09,Saturday
1124,2023-04-16,420,Isaac Fonseca,M,26-35,Sul,Chicote de Couro Soft,Acessórios BDSM,192.27,2,10.0,Boleto,Entregue,Marketplace,346.09,2023,4,2023-04,Sunday
4798,2024-05-26,392,Caroline Borges,F,18-25,Nordeste,Colar e Guia BDSM,Acessórios BDSM,154.34,5,0.0,Pix,Entregue,App,771.7,2024,5,2024-05,Sunday
2125,2023-12-26,743,Maria Sophia Montenegro,F,26-35,Sul,Óleo de Massagem Relaxante,Lubrificantes,39.0,1,0.0,Pix,Entregue,Marketplace,39.0,2023,12,2023-12,Tuesday
2025,2024-05-29,149,Luiz Fernando Ramos,M,36-45,Nordeste,Kit Cuidados Íntimos,Cosméticos Íntimos,141.75,1,0.0,Cartão Crédito,Entregue,Site,141.75,2024,5,2024-05,Wednesday
4394,2023-02-22,14,Aylla Fogaça,F,36-45,Sudeste,Dominó Erótico,Jogos Adultos,59.95,1,30.0,Pix,Entregue,Site,41.96,2023,2,2023-02,Wednesday
3591,2023-12-19,650,Laura Sales,F,36-45,Centro-Oeste,Wand Massager Pro,Vibradores,428.61,5,10.0,Cartão Débito,Entregue,Site,1928.74,2023,12,2023-12,Tuesday
4654,2024-12-13,469,Bruna Teixeira,F,18-25,Centro-Oeste,Conjunto Lingerie Boudoir,Lingerie,89.63,1,15.0,Pix,Entregue,Site,76.19,2024,12,2024-12,Friday
4236,2024-03-06,105,Mariah Ribeiro,F,18-25,Nordeste,Fantasia Enfermeira,Lingerie,190.87,1,0.0,Pix,Entregue,Site,190.87,2024,3,2024-03,Wednesday
4623,2023-04-05,45,Yuri Albuquerque,M,46+,Sudeste,Wand Massager Pro,Vibradores,273.32,2,30.0,Pix,Entregue,Site,382.65,2023,4,2023-04,Wednesday
2952,2024-11-27,314,Maya Porto,F,36-45,Sul,Vibrador Ponto G Flex,Vibradores,447.81,1,0.0,Boleto,Entregue,Site,447.81,2024,11,2024-11,Wednesday
3164,2023-08-28,190,Milena da Luz,Não informado,36-45,Nordeste,Gel Excitante Masculino,Lubrificantes,64.73,1,0.0,Cartão Crédito,Entregue,Site,64.73,2023,8,2023-08,Monday
5238,2024-08-13,287,Lorena Nunes,F,36-45,Centro-Oeste,Meia-Calça Rendada,Lingerie,76.24,1,0.0,Pix,Entregue,Marketplace,76.24,2024,8,2024-08,Tuesday
1520,2023-05-05,596,Lavínia Lima,F,36-45,Sudeste,Lubrificante Íntimo Aquoso 100ml,Lubrificantes,31.29,4,20.0,Cartão Crédito,Entregue,Site,100.13,2023,5,2023-05,Friday
2882,2024-06-20,477,Dra. Helena Garcia,F,18-25,Nordeste,Lubrificante Sabores Baunilha,Lubrificantes,30.17,2,0.0,Pix,Entregue,Site,60.34,2024,6,2024-06,Thursday
1379,2023-12-24,123,Giovanna Silva,F,36-45,Sudeste,Gel Excitante Masculino,Lubrificantes,63.68,1,20.0,Pix,Entregue,Site,50.94,2023,12,2023-12,Sunday
4113,2023-11-10,21,Carlos Eduardo Garcia,Não informado,36-45,Sul,Gel Térmico Sensação Quente,Cosméticos Íntimos,114.15,1,0.0,Pix,Entregue,App,114.15,2023,11,2023-11,Friday
1024,2023-12-05,702,Sara Moraes,F,36-45,Centro-Oeste,Lubrificante Base Silicone,Lubrificantes,69.97,3,0.0,Cartão Crédito,Entregue,App,209.91,2023,12,2023-12,Tuesday
4921,2023-05-13,652,Ana Sophia Machado,F,36-45,Sudeste,Vibrador Clássico Silicone,Vibradores,267.22,1,25.0,Cartão Crédito,Entregue,App,200.42,2023,5,2023-05,Saturday
4327,2023-11-04,7,Apollo Novais,M,18-25,Nordeste,Venda para Olhos Satin,Acessórios BDSM,289.48,3,15.0,Pix,Entregue,App,738.17,2023,11,2023-11,Saturday
2482,2023-07-10,509,Ana Vitória Moraes,F,26-35,Sudeste,Lubrificante Sabores Morango,Lubrificantes,36.91,3,30.0,Cartão Crédito,Entregue,Site,77.51,2023,7,2023-07,Monday
3834,2023-05-11,133,Clara Lopes,F,26-35,Sul,Lubrificante Íntimo Aquoso 100ml,Lubrificantes,54.96,2,10.0,Boleto,Entregue,Site,98.93,2023,5,2023-05,Thursday
4039,2023-02-21,286,Letícia Pastor,Não informado,36-45,Sul,Kit Iniciante BDSM 5 Peças,Acessórios BDSM,280.56,1,5.0,Boleto,Entregue,Marketplace,266.53,2023,2,2023-02,Tuesday
913,2024-03-31,261,Léo Melo,M,26-35,Nordeste,Vibrador Ponto G Flex,Vibradores,283.75,1,25.0,Cartão Crédito,Entregue,Marketplace,212.81,2024,3,2024-03,Sunday
810,2024-05-22,34,Dr. Miguel Ramos,M,18-25,Nordeste,Vibrador Ponto G Flex,Vibradores,365.82,1,15.0,Cartão Crédito,Entregue,Site,310.95,2024,5,2024-05,Wednesday
5311,2024-02-11,113,Hadassa Montenegro,F,36-45,Sul,Lingerie Cropped com Bojo,Lingerie,118.87,1,0.0,Cartão Crédito,Devolvido,Marketplace,118.87,2024,2,2024-02,Sunday
1676,2023-04-08,101,Bernardo Rocha,M,26-35,Nordeste,Chicote de Couro Soft,Acessórios BDSM,117.71,3,0.0,Pix,Entregue,Site,353.13,2023,4,2023-04,Saturday
1747,2024-03-14,6,Helena da Conceição,F,26-35,Sul,Óleo de Massagem Relaxante,Lubrificantes,33.24,3,0.0,Cartão Crédito,Entregue,Site,99.72,2024,3,2024-03,Thursday
3380,2024-09-16,316,Maria Luísa Farias,F,46+,Sudeste,Spray Prolongador,Cosméticos Íntimos,134.24,4,0.0,Pix,Entregue,Site,536.96,2024,9,2024-09,Monday
1737,2023-12-11,163,Sofia das Neves,F,36-45,Sul,Body Rendado Vermelho,Lingerie,79.55,5,0.0,Cartão Crédito,Entregue,Site,397.75,2023,12,2023-12,Monday
1630,2024-10-22,163,Sofia das Neves,F,36-45,Sul,Wand Massager Pro,Vibradores,255.77,2,5.0,Cartão Crédito,Entregue,App,485.96,2024,10,2024-10,Tuesday
3296,2024-05-26,20,Sr. João Vitor Barros,M,18-25,Sudeste,Fantasia Policial,Lingerie,73.8,2,0.0,Pix,Entregue,App,147.6,2024,5,2024-05,Sunday
431,2024-09-27,43,Sra. Ana Luiza Gomes,F,46+,Centro-Oeste,Creme Retardante Masculino,Cosméticos Íntimos,41.82,4,0.0,Pix,Entregue,Marketplace,167.28,2024,9,2024-09,Friday
1809,2023-03-25,54,Ágatha Vasconcelos,F,18-25,Sul,Gel Excitante Masculino,Lubrificantes,42.83,3,0.0,Cartão Crédito,Entregue,Marketplace,128.49,2023,3,2023-03,Saturday
3051,2024-02-03,64,Gabriela Silva,F,26-35,Sudeste,Óleo de Massagem Relaxante,Lubrificantes,82.11,4,30.0,Pix,Entregue,Marketplace,229.91,2024,2,2024-02,Saturday
2064,2024-05-15,168,Agatha da Rosa,F,26-35,Sul,Fantasia Enfermeira,Lingerie,72.08,2,15.0,Cartão Débito,Entregue,Marketplace,122.54,2024,5,2024-05,Wednesday
2945,2024-06-07,368,Marina Casa Grande,F,26-35,Sul,Lubrificante Íntimo Aquoso 100ml,Lubrificantes,52.86,5,0.0,Pix,Entregue,Site,264.3,2024,6,2024-06,Friday
3011,2024-12-07,215,Benicio da Luz,M,18-25,Nordeste,Camisola Sensual Preta,Lingerie,114.33,3,0.0,Pix,Entregue,Marketplace,342.99,2024,12,2024-12,Saturday
4480,2023-08-18,231,Apollo das Neves,M,26-35,Nordeste,Jogo Tabuleiro Casais,Jogos Adultos,112.38,1,0.0,Pix,Entregue,Marketplace,112.38,2023,8,2023-08,Friday
2790,2023-04-18,780,Bianca Farias,F,36-45,Sul,Massageador Corporal Wave,Vibradores,335.69,2,0.0,Pix,Entregue,App,671.38,2023,4,2023-04,Tuesday
4955,2024-03-25,163,Sofia das Neves,F,36-45,Sul,Lubrificante Sabores Morango,Lubrificantes,84.46,1,5.0,Cartão Crédito,Entregue,Site,80.24,2024,3,2024-03,Monday
3502,2024-04-08,413,Zoe Carvalho,F,26-35,Sudeste,Lubrificante Sabores Baunilha,Lubrificantes,47.72,4,15.0,Cartão Débito,Entregue,Site,162.25,2024,4,2024-04,Monday
4933,2023-11-07,676,Bruno da Cunha,M,26-35,Norte,Creme Retardante Masculino,Cosméticos Íntimos,142.04,5,20.0,Pix,Entregue,Marketplace,568.16,2023,11,2023-11,Tuesday
1996,2023-09-05,284,Henry Gabriel Vasconcelos,M,36-45,Sudeste,Lingerie Cropped com Bojo,Lingerie,141.53,4,0.0,Pix,Entregue,Site,566.12,2023,9,2023-09,Tuesday
2743,2023-11-15,61,Davi Lucas Cardoso,M,36-45,Norte,Lubrificante Base Silicone,Lubrificantes,34.14,1,0.0,Cartão Crédito,Entregue,App,34.14,2023,11,2023-11,Wednesday
1107,2024-07-11,138,Nicolas Pinto,M,36-45,Sudeste,Creme Excitante Feminino,Cosméticos Íntimos,103.13,2,0.0,Pix,Entregue,Site,206.26,2024,7,2024-07,Thursday
819,2024-03-24,16,Sra. Zoe Campos,F,18-25,Sudeste,Fantasia Enfermeira,Lingerie,137.83,3,0.0,Pix,Entregue,Marketplace,413.49,2024,3,2024-03,Sunday
3546,2023-05-12,47,João Felipe Vargas,M,18-25,Sul,Vibrador Ponto G Flex,Vibradores,288.34,3,0.0,Pix,Entregue,Site,865.02,2023,5,2023-05,Friday
1698,2023-02-01,41,Benicio Camargo,M,26-35,Nordeste,Lubrificante Base Silicone,Lubrificantes,75.37,3,0.0,Pix,Entregue,Marketplace,226.11,2023,2,2023-02,Wednesday
4635,2023-04-06,42,Eduarda Vieira,F,18-25,Sudeste,Meia-Calça Rendada,Lingerie,167.6,2,0.0,Cartão Débito,Devolvido,Marketplace,335.2,2023,4,2023-04,Thursday
137,2023-12-20,198,Srta. Hadassa Azevedo,F,26-35,Nordeste,Lubrificante Íntimo Aquoso 100ml,Lubrificantes,60.01,1,0.0,Pix,Entregue,Site,60.01,2023,12,2023-12,Wednesday
5059,2024-10-17,220,Antony Souza,M,18-25,Sudeste,Body Rendado Vermelho,Lingerie,72.59,1,0.0,Cartão Crédito,Entregue,Site,72.59,2024,10,2024-10,Thursday
2522,2023-05-04,41,Benicio Camargo,M,26-35,Nordeste,Fantasia Enfermeira,Lingerie,196.54,1,0.0,Pix,Entregue,Site,196.54,2023,5,2023-05,Thursday
4927,2023-10-01,171,Melina Rocha,F,26-35,Nordeste,Vibrador Rabbit Premium,Vibradores,344.36,1,0.0,Pix,Entregue,Site,344.36,2023,10,2023-10,Sunday
1181,2024-04-09,680,Daniela Cavalcante,F,26-35,Nordeste,Body Coelhinha Plus Size,Lingerie,162.04,1,0.0,Pix,Entregue,Site,162.04,2024,4,2024-04,Tuesday
4403,2024-03-31,78,Aylla Ribeiro,F,26-35,Nordeste,Lubrificante Base Silicone,Lubrificantes,42.39,1,10.0,Pix,Entregue,Site,38.15,2024,3,2024-03,Sunday
889,2023-01-16,30,Ana Laura da Conceição,F,18-25,Sudeste,Lubrificante Íntimo Aquoso 250ml,Lubrificantes,85.36,1,0.0,Boleto,Entregue,Marketplace,85.36,2023,1,2023-01,Monday
4258,2023-06-26,164,Dr. Luan Guerra,M,26-35,Sudeste,Body Rendado Vermelho,Lingerie,142.34,1,0.0,Pix,Entregue,App,142.34,2023,6,2023-06,Monday
2499,2023-12-15,732,Maria Eduarda Farias,F,26-35,Nordeste,Conjunto Lingerie Boudoir,Lingerie,75.65,1,0.0,Boleto,Entregue,Site,75.65,2023,12,2023-12,Friday
818,2024-04-28,140,Maria Sophia Alves,F,36-45,Sudeste,Fantasia Policial,Lingerie,196.71,2,10.0,Cartão Crédito,Entregue,App,354.08,2024,4,2024-04,Sunday
3729,2024-04-02,50,João Montenegro,M,26-35,Sudeste,Wand Massager Pro,Vibradores,414.47,1,0.0,Cartão Crédito,Entregue,Site,414.47,2024,4,2024-04,Tuesday
1265,2023-09-25,4,Dra. Aurora Pastor,F,26-35,Sul,Mini Vibrador Discreto,Vibradores,176.11,1,0.0,Pix,Entregue,Site,176.11,2023,9,2023-09,Monday
991,2024-11-29,409,Kevin Rezende,M,26-35,Nordeste,Camisola Sensual Preta,Lingerie,125.61,1,0.0,Pix,Entregue,App,125.61,2024,11,2024-11,Friday
2793,2024-08-22,227,Nina Sampaio,F,26-35,Sul,Wand Massager Pro,Vibradores,413.79,1,25.0,Cartão Débito,Entregue,Marketplace,310.34,2024,8,2024-08,Thursday
1740,2024-12-04,147,Evelyn Guerra,F,36-45,Sul,Vibrador Clássico Silicone,Vibradores,295.25,2,0.0,Cartão Crédito,Entregue,App,590.5,2024,12,2024-12,Wednesday
3253,2023-10-07,249,Sabrina Duarte,F,46+,Nordeste,Gel Excitante Masculino,Lubrificantes,75.33,1,30.0,Cartão Crédito,Entregue,App,52.73,2023,10,2023-10,Saturday
354,2024-04-23,50,João Montenegro,M,26-35,Sudeste,Lingerie Cropped com Bojo,Lingerie,190.75,2,0.0,Pix,Entregue,Site,381.5,2024,4,2024-04,Tuesday
4239,2024-08-04,318,Sabrina da Paz,Não informado,46+,Nordeste,Lubrificante Base Silicone,Lubrificantes,80.75,2,0.0,Pix,Entregue,Site,161.5,2024,8,2024-08,Sunday
4644,2023-07-16,40,Thomas Monteiro,M,36-45,Sudeste,Camisola Sensual Preta,Lingerie,155.57,1,0.0,Cartão Crédito,Entregue,Site,155.57,2023,7,2023-07,Sunday
4181,2023-12-05,141,Lívia Viana,F,36-45,Sudeste,Mordaça Silicone,Acessórios BDSM,221.67,2,0.0,Cartão Débito,Entregue,Site,443.34,2023,12,2023-12,Tuesday
1490,2023-02-08,163,Sofia das Neves,F,36-45,Sul,Body Rendado Vermelho,Lingerie,78.85,5,0.0,Pix,Entregue,Site,394.25,2023,2,2023-02,Wednesday
3404,2024-05-31,109,Caroline Rios,F,36-45,Sudeste,Gel Excitante Masculino,Lubrificantes,71.81,1,0.0,Cartão Crédito,Devolvido,Site,71.81,2024,5,2024-05,Friday
1229,2024-10-12,742,Maria Sophia Sales,F,26-35,Sudeste,Massageador Corporal Wave,Vibradores,183.93,1,5.0,Cartão Crédito,Entregue,Site,174.73,2024,10,2024-10,Saturday
2593,2023-11-20,217,Lunna Fernandes,F,26-35,Sudeste,Body Coelhinha Plus Size,Lingerie,99.72,2,10.0,Cartão Débito,Entregue,Site,179.5,2023,11,2023-11,Monday
5261,2023-10-16,64,Gabriela Silva,F,26-35,Sudeste,Lubrificante Sabores Morango,Lubrificantes,74.35,1,0.0,Pix,Entregue,Marketplace,74.35,2023,10,2023-10,Monday
53,2023-04-06,622,Theo Sales,M,18-25,Sudeste,Gel Térmico Sensação Quente,Cosméticos Íntimos,115.92,1,0.0,Cartão Crédito,Entregue,Site,115.92,2023,4,2023-04,Thursday
2695,2024-03-21,681,Dr. Asafe Alves,M,36-45,Sudeste,Camisola Sensual Preta,Lingerie,114.52,1,0.0,Cartão Crédito,Entregue,Marketplace,114.52,2024,3,2024-03,Thursday
3544,2023-03-22,116,Emanuel Macedo,M,46+,Sudeste,Kit Iniciante BDSM 5 Peças,Acessórios BDSM,55.07,1,5.0,Pix,Entregue,Marketplace,52.32,2023,3,2023-03,Wednesday
5472,2024-03-05,104,Asafe Pinto,M,46+,Sudeste,Body Rendado Vermelho,Lingerie,125.71,3,0.0,Pix,Entregue,Site,377.13,2024,3,2024-03,Tuesday
4332,2024-03-19,40,Thomas Monteiro,M,36-45,Sudeste,Fantasia Policial,Lingerie,90.15,3,0.0,Cartão Crédito,Entregue,Site,270.45,2024,3,2024-03,Tuesday
1590,2023-02-05,331,Maria Luísa Borges,F,18-25,Sul,Vibrador Rabbit Premium,Vibradores,232.78,1,0.0,Pix,Entregue,Site,232.78,2023,2,2023-02,Sunday
1480,2024-11-15,156,Bruna Gomes,F,26-35,Nordeste,Vibrador Ponto G Flex,Vibradores,98.09,2,0.0,Pix,Entregue,Site,196.18,2024,11,2024-11,Friday
1470,2024-05-05,391,Ana Beatriz Pacheco,F,18-25,Sudeste,Lubrificante Base Silicone,Lubrificantes,65.45,1,15.0,Pix,Entregue,Site,55.63,2024,5,2024-05,Sunday
2930,2023-05-29,137,Luiz Gustavo Vasconcelos,M,26-35,Nordeste,Lubrificante Sabores Baunilha,Lubrificantes,76.27,2,0.0,Boleto,Entregue,Marketplace,152.54,2023,5,2023-05,Monday
2079,2024-05-02,746,Lunna Ribeiro,F,26-35,Sudeste,Lubrificante Sabores Morango,Lubrificantes,52.65,1,20.0,Pix,Entregue,App,42.12,2024,5,2024-05,Thursday
2982,2023-11-27,75,Caroline Silveira,F,36-45,Sudeste,Camisola Sensual Preta,Lingerie,109.54,2,0.0,Pix,Entregue,Site,219.08,2023,11,2023-11,Monday
3997,2024-09-23,112,Beatriz Barbosa,F,36-45,Nordeste,Meia-Calça Rendada,Lingerie,138.07,1,0.0,Cartão Crédito,Entregue,Site,138.07,2024,9,2024-09,Monday
437,2023-08-15,22,Rafael Porto,M,36-45,Nordeste,Lubrificante Sabores Morango,Lubrificantes,32.11,1,25.0,Pix,Entregue,Marketplace,24.08,2023,8,2023-08,Tuesday
5359,2023-08-13,475,Murilo Azevedo,Não informado,26-35,Sudeste,Lingerie Cropped com Bojo,Lingerie,95.99,1,0.0,Cartão Crédito,Entregue,App,95.99,2023,8,2023-08,Sunday
1589,2023-06-19,153,João Andrade,M,26-35,Sul,Massageador Corporal Wave,Vibradores,408.32,4,10.0,Cartão Crédito,Entregue,App,1469.95,2023,6,2023-06,Monday
4093,2023-03-24,177,Isabelly Melo,F,18-25,Sudeste,Kit Iniciante BDSM 5 Peças,Acessórios BDSM,62.2,1,0.0,Cartão Crédito,Entregue,Site,62.2,2023,3,2023-03,Friday
1591,2023-02-11,311,Sra. Ana Cecília Teixeira,F,36-45,Sudeste,Lubrificante Sabores Morango,Lubrificantes,50.54,5,0.0,Boleto,Entregue,Site,252.7,2023,2,2023-02,Saturday
2808,2024-05-28,49,Eduarda Marques,F,26-35,Sul,Lingerie Cropped com Bojo,Lingerie,189.97,1,0.0,Cartão Crédito,Entregue,Site,189.97,2024,5,2024-05,Tuesday
974,2024-12-02,67,Bárbara da Cruz,Não informado,36-45,Norte,Vibrador Clássico Silicone,Vibradores,484.63,2,0.0,Pix,Entregue,Site,969.26,2024,12,2024-12,Monday
1239,2024-03-15,694,Léo Moraes,M,26-35,Sudeste,Vibrador Rabbit Premium,Vibradores,375.68,1,20.0,Pix,Entregue,App,300.54,2024,3,2024-03,Friday
2136,2023-05-16,529,Olívia Montenegro,F,18-25,Sudeste,Colar e Guia BDSM,Acessórios BDSM,189.18,5,0.0,Cartão Crédito,Devolvido,App,945.9,2023,5,2023-05,Tuesday
4138,2023-12-11,108,Sra. Isabella da Luz,Não informado,36-45,Centro-Oeste,Lubrificante Íntimo Aquoso 250ml,Lubrificantes,79.98,1,0.0,Pix,Entregue,Marketplace,79.98,2023,12,2023-12,Monday
2389,2023-02-03,321,Danilo Vargas,M,26-35,Nordeste,Vibrador Ponto G Flex,Vibradores,419.35,2,5.0,Pix,Entregue,App,796.76,2023,2,2023-02,Friday
1498,2024-12-22,170,Luna Martins,F,18-25,Sudeste,Camisola Sensual Preta,Lingerie,97.8,5,0.0,Cartão Crédito,Entregue,App,489.0,2024,12,2024-12,Sunday
450,2023-05-31,25,Brayan Pereira,M,26-35,Sul,Fantasia Enfermeira,Lingerie,111.54,1,0.0,Cartão Crédito,Entregue,App,111.54,2023,5,2023-05,Wednesday
4606,2023-11-14,540,Calebe Novais,M,26-35,Norte,Lubrificante Base Silicone,Lubrificantes,79.98,1,0.0,Boleto,Entregue,App,79.98,2023,11,2023-11,Tuesday
4990,2023-01-21,378,Letícia Porto,F,26-35,Sudeste,Creme Retardante Masculino,Cosméticos Íntimos,96.01,2,0.0,Pix,Entregue,App,192.02,2023,1,2023-01,Saturday
2586,2023-02-14,262,Vitória Ferreira,F,26-35,Nordeste,Vibrador Clássico Silicone,Vibradores,460.67,4,0.0,Pix,Entregue,Site,1842.68,2023,2,2023-02,Tuesday
1552,2023-06-08,247,Nicole Nunes,F,26-35,Nordeste,Mini Vibrador Discreto,Vibradores,450.34,2,15.0,Cartão Crédito,Entregue,App,765.58,2023,6,2023-06,Thursday
4929,2024-07-12,354,Valentina Marques,F,46+,Sudeste,Venda para Olhos Satin,Acessórios BDSM,57.23,1,0.0,Cartão Crédito,Entregue,Site,57.23,2024,7,2024-07,Friday
1147,2024-05-23,407,Lunna Pimenta,F,18-25,Sul,Lubrificante Base Silicone,Lubrificantes,81.51,1,20.0,Cartão Crédito,Entregue,Marketplace,65.21,2024,5,2024-05,Thursday
4351,2024-05-02,393,Lunna Souza,F,26-35,Nordeste,Camisola Sensual Preta,Lingerie,120.05,1,30.0,Cartão Débito,Entregue,Site,84.04,2024,5,2024-05,Thursday
2093,2024-02-16,64,Gabriela Silva,F,26-35,Sudeste,Gel Excitante Feminino,Lubrificantes,77.34,1,0.0,Boleto,Entregue,App,77.34,2024,2,2024-02,Friday
1314,2023-12-09,429,Igor Farias,M,36-45,Centro-Oeste,Vibrador Duplo Prazer,Vibradores,232.55,1,0.0,Cartão Débito,Entregue,Site,232.55,2023,12,2023-12,Saturday
2016,2024-03-07,145,Natália Ferreira,F,46+,Sul,Body Rendado Vermelho,Lingerie,122.69,1,0.0,Pix,Entregue,Site,122.69,2024,3,2024-03,Thursday
5237,2023-03-03,310,Alícia Teixeira,F,36-45,Sudeste,Gel Excitante Masculino,Lubrificantes,49.86,3,0.0,Pix,Entregue,App,149.58,2023,3,2023-03,Friday
2771,2023-09-15,23,Elisa Freitas,F,18-25,Sudeste,Wand Massager Pro,Vibradores,320.91,2,0.0,Pix,Entregue,App,641.82,2023,9,2023-09,Friday
4717,2023-01-27,243,Dr. Vitor Gabriel Vasconcelos,M,26-35,Sudeste,Vibrador Duplo Prazer,Vibradores,418.81,2,0.0,Cartão Crédito,Entregue,Marketplace,837.62,2023,1,2023-01,Friday
3705,2023-06-17,640,Arthur Gabriel Pereira,M,18-25,Sul,Lubrificante Sabores Baunilha,Lubrificantes,87.75,1,0.0,Cartão Crédito,Entregue,Site,87.75,2023,6,2023-06,Saturday
2806,2023-02-11,721,Fernanda Pereira,F,26-35,Sudeste,Óleo de Massagem Relaxante,Lubrificantes,71.05,4,0.0,Cartão Crédito,Entregue,Marketplace,284.2,2023,2,2023-02,Saturday
414,2023-08-28,229,Bruna Vasconcelos,F,26-35,Sul,Lubrificante Base Silicone,Lubrificantes,72.76,1,0.0,Pix,Entregue,Marketplace,72.76,2023,8,2023-08,Monday
942,2023-01-12,218,Lara Sá,F,46+,Sul,Massageador Corporal Wave,Vibradores,100.27,2,5.0,Pix,Entregue,Marketplace,190.51,2023,1,2023-01,Thursday
802,2024-06-21,46,Dra. Bruna Rodrigues,F,18-25,Nordeste,Lubrificante Sabores Baunilha,Lubrificantes,30.75,4,0.0,Pix,Entregue,Site,123.0,2024,6,2024-06,Friday
2844,2024-03-05,649,Pietro Cunha,M,26-35,Norte,Óleo de Massagem Relaxante,Lubrificantes,84.33,1,15.0,Boleto,Entregue,Site,71.68,2024,3,2024-03,Tuesday
257,2023-05-18,615,Sophie Gonçalves,F,26-35,Centro-Oeste,Camisola Sensual Preta,Lingerie,160.89,1,0.0,Cartão Débito,Entregue,App,160.89,2023,5,2023-05,Thursday
5444,2024-12-18,655,Ágatha da Rocha,F,26-35,Nordeste,Gel Excitante Masculino,Lubrificantes,40.94,1,0.0,Pix,Entregue,Site,40.94,2024,12,2024-12,Wednesday
648,2023-06-24,300,Srta. Juliana Casa Grande,F,26-35,Sul,Vibrador Rabbit Premium,Vibradores,226.08,1,30.0,Cartão Crédito,Entregue,Site,158.26,2023,6,2023-06,Saturday
1768,2023-04-12,176,Diogo Alves,M,46+,Sudeste,Corda de Shibari 5m,Acessórios BDSM,118.26,1,0.0,Pix,Entregue,Marketplace,118.26,2023,4,2023-04,Wednesday
3572,2024-01-30,209,Maria Julia Fernandes,F,36-45,Sudeste,Vibrador Ponto G Flex,Vibradores,107.84,1,0.0,Cartão Crédito,Entregue,Marketplace,107.84,2024,1,2024-01,Tuesday
2154,2024-06-15,440,Rael Montenegro,M,18-25,Nordeste,Lingerie Cropped com Bojo,Lingerie,110.57,1,30.0,Boleto,Entregue,App,77.4,2024,6,2024-06,Saturday
2575,2023-07-01,71,Dra. Ana Liz da Conceição,F,36-45,Sul,Lubrificante Íntimo Aquoso 250ml,Lubrificantes,88.74,1,0.0,Cartão Crédito,Entregue,Site,88.74,2023,7,2023-07,Saturday
2269,2024-08-05,75,Caroline Silveira,F,36-45,Sudeste,Vibrador Rabbit Premium,Vibradores,293.44,1,0.0,Cartão Crédito,Entregue,App,293.44,2024,8,2024-08,Monday
25,2023-09-23,166,Mateus Rocha,M,26-35,Sudeste,Wand Massager Pro,Vibradores,448.02,2,0.0,Boleto,Entregue,Site,896.04,2023,9,2023-09,Saturday
3427,2023-09-18,223,Sr. Arthur da Cruz,M,26-35,Sul,Lubrificante Base Silicone,Lubrificantes,65.51,1,0.0,Pix,Entregue,Site,65.51,2023,9,2023-09,Monday
2272,2023-09-23,133,Clara Lopes,F,26-35,Sul,Body Coelhinha Plus Size,Lingerie,188.83,1,30.0,Cartão Crédito,Entregue,Site,132.18,2023,9,2023-09,Saturday
113,2024-01-22,601,Sofia Novaes,F,36-45,Sudeste,Gel Excitante Masculino,Lubrificantes,37.7,2,0.0,Pix,Entregue,Site,75.4,2024,1,2024-01,Monday
4996,2023-04-28,541,Sra. Larissa da Cunha,F,36-45,Nordeste,Mini Vibrador Discreto,Vibradores,489.39,3,0.0,Pix,Entregue,Site,1468.17,2023,4,2023-04,Friday
57,2023-09-29,26,Srta. Yasmin Siqueira,F,46+,Sul,Camisola Sensual Preta,Lingerie,111.84,1,0.0,Pix,Entregue,Site,111.84,2023,9,2023-09,Friday
1310,2024-01-03,426,Isabelly Cardoso,F,26-35,Sul,Chicote de Couro Soft,Acessórios BDSM,221.41,1,0.0,Pix,Entregue,Site,221.41,2024,1,2024-01,Wednesday
696,2023-09-01,252,Kamilly Novais,F,46+,Sul,Wand Massager Pro,Vibradores,369.77,1,25.0,Pix,Entregue,Site,277.33,2023,9,2023-09,Friday
4671,2023-05-24,124,Gustavo Rodrigues,M,26-35,Nordeste,Body Rendado Vermelho,Lingerie,82.3,1,0.0,Cartão Crédito,Entregue,App,82.3,2023,5,2023-05,Wednesday
277,2024-11-11,408,Benício Porto,M,36-45,Sudeste,Massageador Corporal Wave,Vibradores,460.79,2,0.0,Cartão Débito,Entregue,Site,921.58,2024,11,2024-11,Monday
4793,2024-07-10,18,Maria Cecília Oliveira,F,26-35,Centro-Oeste,Fantasia Enfermeira,Lingerie,155.91,1,20.0,Pix,Entregue,App,124.73,2024,7,2024-07,Wednesday
1834,2023-09-06,358,Sra. Anna Liz Farias,F,36-45,Sudeste,Camisola Sensual Preta,Lingerie,170.03,1,30.0,Pix,Entregue,Site,119.02,2023,9,2023-09,Wednesday
683,2023-03-02,52,Sra. Sofia Pereira,F,18-25,Sudeste,Fantasia Policial,Lingerie,189.28,2,10.0,Cartão Crédito,Entregue,App,340.7,2023,3,2023-03,Thursday
2708,2023-08-04,86,Isadora Barbosa,Não informado,18-25,Sudeste,Gel Excitante Feminino,Lubrificantes,79.1,5,0.0,Cartão Crédito,Entregue,Site,395.5,2023,8,2023-08,Friday
5040,2023-12-22,587,Yan Siqueira,M,36-45,Sul,Jogo Tabuleiro Casais,Jogos Adultos,48.14,2,25.0,Cartão Crédito,Entregue,Site,72.21,2023,12,2023-12,Friday
1138,2023-08-26,186,Davi Luiz Martins,M,18-25,Norte,Massageador Corporal Wave,Vibradores,236.63,4,0.0,Boleto,Entregue,Site,946.52,2023,8,2023-08,Saturday
2599,2023-07-13,93,Mirella da Paz,F,26-35,Sudeste,Meia-Calça Rendada,Lingerie,142.34,5,0.0,Cartão Crédito,Entregue,App,711.7,2023,7,2023-07,Thursday
2961,2023-05-19,61,Davi Lucas Cardoso,M,36-45,Norte,Lubrificante Íntimo Aquoso 100ml,Lubrificantes,75.95,3,15.0,Pix,Entregue,Site,193.67,2023,5,2023-05,Friday
1347,2023-12-16,117,Kevin Pimenta,M,26-35,Norte,Lubrificante Base Silicone,Lubrificantes,49.29,4,0.0,Pix,Entregue,Site,197.16,2023,12,2023-12,Saturday
4256,2024-03-11,285,Maria Helena Machado,F,36-45,Centro-Oeste,Fantasia Policial,Lingerie,130.19,1,0.0,Cartão Crédito,Entregue,Site,130.19,2024,3,2024-03,Monday
3686,2024-03-24,225,Isaque Cardoso,Não informado,26-35,Sul,Colar e Guia BDSM,Acessórios BDSM,200.61,1,5.0,Cartão Crédito,Entregue,Site,190.58,2024,3,2024-03,Sunday
2883,2023-12-28,65,Maria Liz Rios,F,46+,Sul,Gel Excitante Masculino,Lubrificantes,39.87,2,0.0,Pix,Entregue,Marketplace,79.74,2023,12,2023-12,Thursday
2253,2023-11-03,293,Maria Luísa Machado,F,46+,Sudeste,Kit Cuidados Íntimos,Cosméticos Íntimos,114.63,1,0.0,Pix,Entregue,Site,114.63,2023,11,2023-11,Friday
4315,2023-02-23,702,Sara Moraes,F,36-45,Centro-Oeste,Fantasia Policial,Lingerie,96.51,1,15.0,Pix,Devolvido,Marketplace,82.03,2023,2,2023-02,Thursday
4684,2023-05-28,98,Rhavi Montenegro,M,36-45,Sudeste,Vibrador Rabbit Premium,Vibradores,212.03,1,25.0,Cartão Crédito,Entregue,Site,159.02,2023,5,2023-05,Sunday
2374,2023-03-09,154,Maya Ferreira,F,18-25,Sudeste,Vibrador Ponto G Flex,Vibradores,171.04,1,0.0,Boleto,Entregue,Site,171.04,2023,3,2023-03,Thursday
5263,2024-06-06,220,Antony Souza,M,18-25,Sudeste,Body Rendado Vermelho,Lingerie,71.36,1,5.0,Boleto,Entregue,Site,67.79,2024,6,2024-06,Thursday
82,2023-12-19,261,Léo Melo,M,26-35,Nordeste,Mini Vibrador Discreto,Vibradores,331.25,1,15.0,Cartão Débito,Entregue,App,281.56,2023,12,2023-12,Tuesday
1715,2024-03-14,17,Bruno Novaes,M,26-35,Sudeste,Mini Vibrador Discreto,Vibradores,469.56,3,0.0,Pix,Entregue,Site,1408.68,2024,3,2024-03,Thursday
2407,2024-04-15,125,Dr. Thiago Mendonça,M,36-45,Sudeste,Lubrificante Base Silicone,Lubrificantes,88.41,2,0.0,Pix,Entregue,App,176.82,2024,4,2024-04,Monday
3133,2023-07-20,608,Maria Nogueira,F,36-45,Centro-Oeste,Meia-Calça Rendada,Lingerie,71.49,1,0.0,Pix,Entregue,App,71.49,2023,7,2023-07,Thursday
1947,2024-02-15,159,Zoe Rodrigues,F,46+,Sul,Vibrador Duplo Prazer,Vibradores,149.25,1,5.0,Pix,Entregue,Site,141.79,2024,2,2024-02,Thursday
2869,2024-06-22,92,Alexandre Gomes,M,18-25,Sudeste,Fantasia Policial,Lingerie,95.69,3,25.0,Cartão Crédito,Entregue,App,215.3,2024,6,2024-06,Saturday
5182,2024-06-09,444,Paulo Rodrigues,M,36-45,Sudeste,Vibrador Duplo Prazer,Vibradores,261.68,1,25.0,Cartão Crédito,Entregue,Site,196.26,2024,6,2024-06,Sunday
1611,2023-07-18,513,Diogo da Cunha,M,26-35,Sudeste,Gel Excitante Masculino,Lubrificantes,68.72,1,0.0,Pix,Entregue,Site,68.72,2023,7,2023-07,Tuesday
3561,2023-05-13,101,Bernardo Rocha,M,26-35,Nordeste,Colar e Guia BDSM,Acessórios BDSM,178.91,1,20.0,Cartão Crédito,Entregue,Site,143.13,2023,5,2023-05,Saturday
3259,2023-03-06,137,Luiz Gustavo Vasconcelos,M,26-35,Nordeste,Conjunto Lingerie Boudoir,Lingerie,101.17,3,20.0,Cartão Débito,Entregue,Site,242.81,2023,3,2023-03,Monday
2803,2024-01-29,632,Luiz Gustavo Pimenta,M,26-35,Sul,Wand Massager Pro,Vibradores,107.5,1,0.0,Pix,Entregue,Site,107.5,2024,1,2024-01,Monday
5423,2023-09-30,714,Evelyn Fonseca,F,26-35,Sul,Lubrificante Íntimo Aquoso 250ml,Lubrificantes,84.48,1,5.0,Cartão Débito,Entregue,Site,80.26,2023,9,2023-09,Saturday
4287,2023-08-19,501,Oliver da Rocha,M,46+,Sudeste,Lubrificante Sabores Morango,Lubrificantes,67.9,2,0.0,Pix,Entregue,Site,135.8,2023,8,2023-08,Saturday
666,2023-04-28,47,João Felipe Vargas,M,18-25,Sul,Vibrador Clássico Silicone,Vibradores,303.03,1,0.0,Pix,Entregue,Site,303.03,2023,4,2023-04,Friday
3228,2024-12-09,120,Catarina da Luz,F,18-25,Sul,Vibrador Ponto G Flex,Vibradores,337.19,1,0.0,Pix,Entregue,Marketplace,337.19,2024,12,2024-12,Monday
4729,2024-11-14,353,Beatriz Macedo,F,26-35,Nordeste,Body Coelhinha Plus Size,Lingerie,150.66,1,20.0,Pix,Entregue,Site,120.53,2024,11,2024-11,Thursday
1018,2024-06-05,226,Danilo Nunes,M,36-45,Centro-Oeste,Body Rendado Vermelho,Lingerie,122.67,1,0.0,Pix,Entregue,Site,122.67,2024,6,2024-06,Wednesday
558,2024-03-04,9,Pietro Pastor,M,26-35,Sudeste,Dado do Prazer,Jogos Adultos,43.58,1,10.0,Pix,Entregue,App,39.22,2024,3,2024-03,Monday
1208,2024-06-10,161,Luísa Pinto,F,18-25,Sudeste,Wand Massager Pro,Vibradores,463.6,2,0.0,Pix,Entregue,App,927.2,2024,6,2024-06,Monday
3589,2024-06-28,38,Dra. Mariane Pacheco,F,26-35,Sudeste,Lubrificante Íntimo Aquoso 100ml,Lubrificantes,86.58,1,5.0,Pix,Entregue,Site,82.25,2024,6,2024-06,Friday
2612,2023-05-08,2,Isabelly Câmara,F,36-45,Nordeste,Vibrador Clássico Silicone,Vibradores,435.26,2,0.0,Pix,Entregue,App,870.52,2023,5,2023-05,Monday
1511,2023-11-20,424,Ayla Ribeiro,F,26-35,Sul,Jogo Tabuleiro Casais,Jogos Adultos,76.71,2,0.0,Pix,Entregue,Marketplace,153.42,2023,11,2023-11,Monday
3525,2024-11-27,51,Thiago Caldeira,Não informado,36-45,Sul,Lubrificante Íntimo Aquoso 100ml,Lubrificantes,79.85,2,0.0,Pix,Entregue,App,159.7,2024,11,2024-11,Wednesday
3529,2023-06-21,693,Sra. Manuella Guerra,F,18-25,Sudeste,Gel Excitante Masculino,Lubrificantes,79.38,2,0.0,Cartão Crédito,Entregue,App,158.76,2023,6,2023-06,Wednesday
267,2023-04-29,314,Maya Porto,F,36-45,Sul,Óleo de Massagem Relaxante,Lubrificantes,47.98,2,25.0,Pix,Entregue,Site,71.97,2023,4,2023-04,Saturday
3097,2024-03-23,720,Luiz Otávio Sá,M,26-35,Nordeste,Body Rendado Vermelho,Lingerie,158.55,1,0.0,Pix,Entregue,Marketplace,158.55,2024,3,2024-03,Saturday
4651,2024-11-10,16,Sra. Zoe Campos,F,18-25,Sudeste,Fantasia Enfermeira,Lingerie,145.62,4,0.0,Cartão Crédito,Entregue,Site,582.48,2024,11,2024-11,Sunday
2112,2023-09-10,63,Otávio Cunha,M,26-35,Sudeste,Lubrificante Sabores Baunilha,Lubrificantes,73.62,2,0.0,Pix,Entregue,Site,147.24,2023,9,2023-09,Sunday
4568,2024-12-28,69,Heloísa Pastor,F,26-35,Sudeste,Lingerie Cropped com Bojo,Lingerie,75.92,1,0.0,Pix,Entregue,Marketplace,75.92,2024,12,2024-12,Saturday
1910,2024-10-20,45,Yuri Albuquerque,M,46+,Sudeste,Kit Algemas Veludo,Acessórios BDSM,84.98,1,0.0,Cartão Crédito,Entregue,Marketplace,84.98,2024,10,2024-10,Sunday
2679,2024-05-24,33,Luara Cunha,Não informado,26-35,Norte,Lubrificante Sabores Baunilha,Lubrificantes,58.1,1,0.0,Pix,Entregue,App,58.1,2024,5,2024-05,Friday
3384,2023-12-14,83,Evelyn Correia,F,26-35,Nordeste,Conjunto Lingerie Boudoir,Lingerie,154.01,1,10.0,Cartão Crédito,Entregue,Site,138.61,2023,12,2023-12,Thursday
3782,2023-04-17,109,Caroline Rios,F,36-45,Sudeste,Massageador Corporal Wave,Vibradores,330.88,1,0.0,Cartão Crédito,Entregue,Site,330.88,2023,4,2023-04,Monday
3886,2023-12-22,611,Catarina Azevedo,F,26-35,Centro-Oeste,Lubrificante Sabores Morango,Lubrificantes,38.49,2,0.0,Cartão Crédito,Entregue,Marketplace,76.98,2023,12,2023-12,Friday
1785,2023-03-15,286,Letícia Pastor,Não informado,36-45,Sul,Gel Excitante Feminino,Lubrificantes,30.63,1,0.0,Pix,Devolvido,Site,30.63,2023,3,2023-03,Wednesday
1238,2024-02-15,175,Leonardo Câmara,M,36-45,Sul,Kit Algemas Veludo,Acessórios BDSM,277.4,1,15.0,Cartão Crédito,Entregue,App,235.79,2024,2,2024-02,Thursday
4802,2023-04-13,21,Carlos Eduardo Garcia,Não informado,36-45,Sul,Vibrador Duplo Prazer,Vibradores,238.94,3,10.0,Cartão Crédito,Entregue,App,645.14,2023,4,2023-04,Thursday
5475,2023-04-23,3,Cauã Rocha,M,18-25,Sudeste,Kit Algemas Veludo,Acessórios BDSM,124.88,1,0.0,Cartão Débito,Entregue,Marketplace,124.88,2023,4,2023-04,Sunday
2187,2024-12-21,500,Paulo Oliveira,M,26-35,Nordeste,Kit Algemas Veludo,Acessórios BDSM,219.15,1,0.0,Cartão Crédito,Entregue,App,219.15,2024,12,2024-12,Saturday
2981,2024-09-05,157,Gabriel da Cunha,M,18-25,Sudeste,Jogo de Cartas Sexo Quiz,Jogos Adultos,111.63,2,0.0,Cartão Crédito,Entregue,Site,223.26,2024,9,2024-09,Thursday
909,2023-07-22,83,Evelyn Correia,F,26-35,Nordeste,Gel Excitante Feminino,Lubrificantes,81.98,1,15.0,Cartão Crédito,Entregue,App,69.68,2023,7,2023-07,Saturday
1304,2024-08-02,211,Ravi Lucca Cardoso,Não informado,26-35,Sudeste,Creme Retardante Masculino,Cosméticos Íntimos,53.06,1,5.0,Pix,Entregue,Site,50.41,2024,8,2024-08,Friday
5319,2023-01-04,43,Sra. Ana Luiza Gomes,F,46+,Centro-Oeste,Vibrador Rabbit Premium,Vibradores,155.61,1,0.0,Cartão Crédito,Entregue,App,155.61,2023,1,2023-01,Wednesday
1628,2024-06-13,208,Maya Mendonça,F,18-25,Sudeste,Vibrador Ponto G Flex,Vibradores,356.32,3,0.0,Pix,Entregue,Site,1068.96,2024,6,2024-06,Thursday
1523,2024-02-02,119,Letícia Ribeiro,Não informado,18-25,Norte,Mini Vibrador Discreto,Vibradores,424.43,5,0.0,Cartão Crédito,Entregue,Site,2122.15,2024,2,2024-02,Friday
836,2023-11-10,149,Luiz Fernando Ramos,M,36-45,Nordeste,Gel Excitante Masculino,Lubrificantes,67.21,1,0.0,Pix,Entregue,App,67.21,2023,11,2023-11,Friday
139,2024-08-27,124,Gustavo Rodrigues,M,26-35,Nordeste,Kit Algemas Veludo,Acessórios BDSM,110.82,1,0.0,Pix,Entregue,Marketplace,110.82,2024,8,2024-08,Tuesday
300,2024-12-21,25,Brayan Pereira,M,26-35,Sul,Chicote de Couro Soft,Acessórios BDSM,206.6,2,0.0,Cartão Crédito,Entregue,App,413.2,2024,12,2024-12,Saturday
383,2024-08-05,265,Igor Campos,M,36-45,Sudeste,Dominó Erótico,Jogos Adultos,65.37,2,25.0,Cartão Débito,Entregue,Site,98.06,2024,8,2024-08,Monday
762,2024-01-30,103,Isadora Pacheco,F,46+,Nordeste,Lingerie Cropped com Bojo,Lingerie,108.47,3,10.0,Pix,Devolvido,App,292.87,2024,1,2024-01,Tuesday
4524,2024-02-19,244,Ravi Lucca Lopes,M,26-35,Sul,Mini Vibrador Discreto,Vibradores,482.53,3,0.0,Pix,Entregue,Site,1447.59,2024,2,2024-02,Monday
4740,2023-07-31,259,Maria Luiza Sales,F,18-25,Norte,Óleo de Massagem Relaxante,Lubrificantes,56.83,1,0.0,Cartão Crédito,Entregue,App,56.83,2023,7,2023-07,Monday
3436,2024-06-10,135,Ana Cecília Fogaça,F,46+,Nordeste,Mini Vibrador Discreto,Vibradores,231.08,1,15.0,Pix,Entregue,Site,196.42,2024,6,2024-06,Monday
5036,2024-04-18,131,Daniel Barbosa,M,36-45,Sudeste,Vibrador Duplo Prazer,Vibradores,223.62,1,0.0,Pix,Entregue,Marketplace,223.62,2024,4,2024-04,Thursday
1403,2023-01-17,11,Otávio Fernandes,M,36-45,Sul,Camisola Sensual Preta,Lingerie,152.57,1,0.0,Pix,Entregue,Marketplace,152.57,2023,1,2023-01,Tuesday
3455,2023-01-08,627,Luna Caldeira,F,26-35,Sudeste,Vibrador Rabbit Premium,Vibradores,91.25,3,0.0,Cartão Crédito,Entregue,Site,273.75,2023,1,2023-01,Sunday
4773,2024-02-04,74,Raquel Cunha,F,46+,Sul,Body Rendado Vermelho,Lingerie,82.4,1,0.0,Cartão Crédito,Entregue,Marketplace,82.4,2024,2,2024-02,Sunday
1933,2024-08-03,222,Ana Lívia Vasconcelos,F,36-45,Sul,Gel Excitante Feminino,Lubrificantes,84.78,1,0.0,Cartão Débito,Entregue,App,84.78,2024,8,2024-08,Saturday
5338,2023-10-15,228,Maria Eduarda Cavalcante,F,18-25,Sudeste,Mordaça Silicone,Acessórios BDSM,143.82,2,0.0,Cartão Crédito,Entregue,Site,287.64,2023,10,2023-10,Sunday
4429,2024-11-10,55,Agatha Peixoto,F,46+,Nordeste,Gel Excitante Masculino,Lubrificantes,64.72,1,0.0,Boleto,Entregue,Site,64.72,2024,11,2024-11,Sunday
4751,2024-09-28,115,Isabelly Freitas,F,18-25,Sudeste,Colar e Guia BDSM,Acessórios BDSM,184.44,1,0.0,Cartão Crédito,Entregue,Site,184.44,2024,9,2024-09,Saturday
5214,2024-03-06,365,Kaique Alves,M,18-25,Sudeste,Gel Excitante Feminino,Lubrificantes,71.21,3,0.0,Boleto,Devolvido,App,213.63,2024,3,2024-03,Wednesday
5256,2024-07-21,178,Brayan Marques,M,26-35,Sudeste,Kit Algemas Veludo,Acessórios BDSM,201.43,1,0.0,Pix,Entregue,App,201.43,2024,7,2024-07,Sunday
59,2023-03-22,13,Cauã Borges,M,36-45,Nordeste,Jogo de Cartas Sexo Quiz,Jogos Adultos,85.09,3,30.0,Cartão Débito,Entregue,Marketplace,178.69,2023,3,2023-03,Wednesday
77,2023-11-11,380,Fernanda Gomes,F,36-45,Sudeste,Kit Roleplay Surpresa,Jogos Adultos,63.35,1,20.0,Pix,Entregue,App,50.68,2023,11,2023-11,Saturday
2578,2024-12-27,248,Mateus Fernandes,M,26-35,Nordeste,Jogo Tabuleiro Casais,Jogos Adultos,120.81,1,10.0,Boleto,Entregue,App,108.73,2024,12,2024-12,Friday
4010,2024-02-02,17,Bruno Novaes,M,26-35,Sudeste,Vibrador Clássico Silicone,Vibradores,316.29,2,0.0,Cartão Crédito,Entregue,App,632.58,2024,2,2024-02,Friday
786,2024-12-15,560,Ana Clara Jesus,F,26-35,Sudeste,Lubrificante Sabores Baunilha,Lubrificantes,31.84,3,30.0,Cartão Crédito,Devolvido,Site,66.86,2024,12,2024-12,Sunday
5301,2023-10-14,392,Caroline Borges,F,18-25,Nordeste,Kit Iniciante BDSM 5 Peças,Acessórios BDSM,159.23,1,20.0,Pix,Entregue,App,127.38,2023,10,2023-10,Saturday
2576,2023-02-21,272,Kevin Albuquerque,M,26-35,Sudeste,Mini Vibrador Discreto,Vibradores,127.9,5,0.0,Cartão Débito,Entregue,Site,639.5,2023,2,2023-02,Tuesday
2218,2024-09-20,92,Alexandre Gomes,M,18-25,Sudeste,Venda para Olhos Satin,Acessórios BDSM,75.84,1,15.0,Cartão Crédito,Entregue,Site,64.46,2024,9,2024-09,Friday
2922,2024-02-19,327,Caroline da Paz,F,26-35,Sudeste,Colar e Guia BDSM,Acessórios BDSM,286.91,2,0.0,Cartão Crédito,Entregue,Site,573.82,2024,2,2024-02,Monday
2562,2024-07-19,322,Théo Abreu,M,18-25,Sudeste,Vibrador Clássico Silicone,Vibradores,241.36,1,0.0,Pix,Entregue,App,241.36,2024,7,2024-07,Friday
4827,2023-03-07,310,Alícia Teixeira,F,36-45,Sudeste,Camisola Sensual Preta,Lingerie,148.58,1,0.0,Pix,Entregue,Site,148.58,2023,3,2023-03,Tuesday
4445,2024-08-13,144,Ravy Câmara,M,18-25,Sudeste,Perfume Íntimo Floral,Cosméticos Íntimos,69.63,1,20.0,Cartão Crédito,Entregue,Site,55.7,2024,8,2024-08,Tuesday
5191,2023-03-20,111,Anthony Marques,M,26-35,Nordeste,Gel Excitante Feminino,Lubrificantes,75.2,3,0.0,Boleto,Devolvido,Marketplace,225.6,2023,3,2023-03,Monday
911,2023-08-07,240,Bianca Lopes,F,26-35,Sudeste,Mini Vibrador Discreto,Vibradores,462.69,2,20.0,Pix,Entregue,Site,740.3,2023,8,2023-08,Monday
4245,2024-12-30,146,Heloísa Câmara,F,26-35,Nordeste,Meia-Calça Rendada,Lingerie,147.19,1,20.0,Cartão Crédito,Entregue,App,117.75,2024,12,2024-12,Monday
5201,2024-03-15,100,Anna Liz Cirino,F,18-25,Centro-Oeste,Meia-Calça Rendada,Lingerie,132.47,1,0.0,Pix,Entregue,Site,132.47,2024,3,2024-03,Friday
1258,2023-09-17,184,Dra. Nicole Aragão,F,36-45,Sul,Chicote de Couro Soft,Acessórios BDSM,61.69,2,0.0,Pix,Entregue,App,123.38,2023,9,2023-09,Sunday
4191,2024-05-02,363,Srta. Maya Brito,F,36-45,Sudeste,Vibrador Ponto G Flex,Vibradores,439.64,1,0.0,Cartão Crédito,Entregue,Marketplace,439.64,2024,5,2024-05,Thursday
3091,2024-03-09,163,Sofia das Neves,F,36-45,Sul,Vibrador Ponto G Flex,Vibradores,264.38,2,0.0,Pix,Entregue,Marketplace,528.76,2024,3,2024-03,Saturday
1179,2024-12-24,370,Emilly Cavalcante,Não informado,36-45,Sudeste,Lubrificante Base Silicone,Lubrificantes,83.89,1,0.0,Cartão Crédito,Entregue,App,83.89,2024,12,2024-12,Tuesday
4924,2023-05-19,514,Erick Pereira,M,36-45,Sudeste,Conjunto Lingerie Boudoir,Lingerie,187.31,4,0.0,Cartão Débito,Devolvido,Site,749.24,2023,5,2023-05,Friday
4539,2023-04-30,24,Giovanna Rios,F,26-35,Centro-Oeste,Óleo de Massagem Relaxante,Lubrificantes,62.76,3,0.0,Cartão Débito,Devolvido,Site,188.28,2023,4,2023-04,Sunday
443,2023-09-13,129,Julia Castro,F,26-35,Sudeste,Lubrificante Íntimo Aquoso 250ml,Lubrificantes,67.46,1,0.0,Boleto,Entregue,App,67.46,2023,9,2023-09,Wednesday
3651,2023-08-01,378,Letícia Porto,F,26-35,Sudeste,Spray Prolongador,Cosméticos Íntimos,41.41,1,0.0,Pix,Entregue,Marketplace,41.41,2023,8,2023-08,Tuesday
2624,2023-11-25,563,Sra. Isabel Nascimento,Não informado,26-35,Nordeste,Lubrificante Íntimo Aquoso 250ml,Lubrificantes,35.94,1,0.0,Boleto,Entregue,Site,35.94,2023,11,2023-11,Saturday
2848,2023-12-28,80,Nina Siqueira,F,26-35,Sul,Fantasia Policial,Lingerie,70.55,1,0.0,Boleto,Entregue,Site,70.55,2023,12,2023-12,Thursday
5295,2024-01-05,383,Juan Almeida,M,26-35,Sudeste,Perfume Íntimo Floral,Cosméticos Íntimos,91.81,4,0.0,Pix,Entregue,App,367.24,2024,1,2024-01,Friday
1055,2023-12-15,792,Calebe Cirino,M,26-35,Sudeste,Corda de Shibari 5m,Acessórios BDSM,258.71,1,0.0,Boleto,Entregue,Marketplace,258.71,2023,12,2023-12,Friday
2304,2023-10-20,96,Vitor Hugo Araújo,M,36-45,Sudeste,Lubrificante Sabores Baunilha,Lubrificantes,88.4,2,25.0,Pix,Entregue,App,132.6,2023,10,2023-10,Friday
4263,2023-08-02,147,Evelyn Guerra,F,36-45,Sul,Perfume Íntimo Floral,Cosméticos Íntimos,142.04,3,10.0,Pix,Entregue,Marketplace,383.51,2023,8,2023-08,Wednesday
2628,2023-09-23,306,Anna Liz Peixoto,F,36-45,Sul,Vibrador Duplo Prazer,Vibradores,110.66,1,25.0,Cartão Crédito,Devolvido,Site,83.0,2023,9,2023-09,Saturday
4032,2024-02-12,88,Sr. Caleb Sá,M,26-35,Sudeste,Cartas Posições Kamasutra,Jogos Adultos,127.3,5,0.0,Pix,Entregue,Site,636.5,2024,2,2024-02,Monday
3785,2023-01-25,411,Ana Carolina da Rosa,F,36-45,Sul,Vibrador Clássico Silicone,Vibradores,91.35,1,0.0,Pix,Entregue,Site,91.35,2023,1,2023-01,Wednesday
3425,2024-04-25,453,Marina Machado,F,36-45,Centro-Oeste,Jogo Tabuleiro Casais,Jogos Adultos,124.29,1,0.0,Pix,Entregue,Site,124.29,2024,4,2024-04,Thursday
2400,2023-12-16,270,Beatriz Correia,F,26-35,Sul,Vibrador Duplo Prazer,Vibradores,388.77,1,0.0,Cartão Débito,Entregue,Site,388.77,2023,12,2023-12,Saturday
3735,2023-12-19,79,Maria Lima,F,18-25,Centro-Oeste,Lubrificante Base Silicone,Lubrificantes,64.58,2,0.0,Cartão Crédito,Entregue,Site,129.16,2023,12,2023-12,Tuesday
1503,2023-02-02,8,Yago Leão,M,26-35,Sudeste,Venda para Olhos Satin,Acessórios BDSM,147.63,3,5.0,Cartão Crédito,Entregue,Marketplace,420.75,2023,2,2023-02,Thursday
2688,2024-07-27,146,Heloísa Câmara,F,26-35,Nordeste,Wand Massager Pro,Vibradores,263.91,1,0.0,Cartão Débito,Entregue,App,263.91,2024,7,2024-07,Saturday
3332,2023-09-23,353,Beatriz Macedo,F,26-35,Nordeste,Vibrador Rabbit Premium,Vibradores,263.61,1,20.0,Cartão Débito,Entregue,Marketplace,210.89,2023,9,2023-09,Saturday
2012,2023-05-25,19,Bernardo Aparecida,M,36-45,Sudeste,Fantasia Policial,Lingerie,71.67,3,0.0,Pix,Entregue,Marketplace,215.01,2023,5,2023-05,Thursday
2956,2024-06-21,312,Olivia Moreira,F,26-35,Norte,Lubrificante Íntimo Aquoso 100ml,Lubrificantes,61.26,2,15.0,Cartão Crédito,Entregue,Marketplace,104.14,2024,6,2024-06,Friday
4482,2023-09-13,174,Lívia Borges,F,46+,Sudeste,Lubrificante Base Silicone,Lubrificantes,85.8,2,5.0,Cartão Crédito,Entregue,Marketplace,163.02,2023,9,2023-09,Wednesday
4201,2023-01-22,470,Henry Gabriel Lima,M,18-25,Sul,Lubrificante Sabores Baunilha,Lubrificantes,63.93,1,0.0,Pix,Entregue,Site,63.93,2023,1,2023-01,Sunday
7,2024-06-29,17,Bruno Novaes,M,26-35,Sudeste,Fantasia Policial,Lingerie,196.96,1,0.0,Cartão Débito,Entregue,Marketplace,196.96,2024,6,2024-06,Saturday
679,2023-03-15,698,Calebe Aragão,Não informado,36-45,Sul,Meia-Calça Rendada,Lingerie,86.52,1,25.0,Pix,Entregue,App,64.89,2023,3,2023-03,Wednesday
1944,2023-09-04,323,Dra. Nicole Jesus,F,46+,Sul,Kit Iniciante BDSM 5 Peças,Acessórios BDSM,199.33,4,0.0,Cartão Crédito,Entregue,Site,797.32,2023,9,2023-09,Monday
5114,2024-07-11,317,Sr. Enrico Farias,Não informado,36-45,Nordeste,Mini Vibrador Discreto,Vibradores,351.01,1,0.0,Cartão Crédito,Entregue,Site,351.01,2024,7,2024-07,Thursday
4789,2024-08-25,185,Isadora Campos,F,36-45,Nordeste,Lubrificante Base Silicone,Lubrificantes,55.9,1,20.0,Pix,Entregue,App,44.72,2024,8,2024-08,Sunday
5285,2023-10-21,168,Agatha da Rosa,F,26-35,Sul,Mini Vibrador Discreto,Vibradores,167.04,1,10.0,Pix,Entregue,Site,150.34,2023,10,2023-10,Saturday
3083,2024-09-18,63,Otávio Cunha,M,26-35,Sudeste,Vibrador Rabbit Premium,Vibradores,255.85,1,0.0,Pix,Entregue,Site,255.85,2024,9,2024-09,Wednesday
5111,2024-10-30,699,Maria Isis Pimenta,F,36-45,Sudeste,Gel Excitante Masculino,Lubrificantes,61.0,2,0.0,Pix,Entregue,App,122.0,2024,10,2024-10,Wednesday
1065,2024-08-13,150,Maria Liz Rocha,F,36-45,Sul,Conjunto Lingerie Boudoir,Lingerie,195.3,1,10.0,Cartão Débito,Entregue,App,175.77,2024,8,2024-08,Tuesday
3316,2024-02-27,287,Lorena Nunes,F,36-45,Centro-Oeste,Dominó Erótico,Jogos Adultos,114.42,2,0.0,Pix,Entregue,App,228.84,2024,2,2024-02,Tuesday
2243,2024-06-07,235,Dr. Dante Vieira,M,18-25,Sudeste,Kit Cuidados Íntimos,Cosméticos Íntimos,134.32,2,0.0,Cartão Crédito,Entregue,App,268.64,2024,6,2024-06,Friday
1475,2024-06-14,109,Caroline Rios,F,36-45,Sudeste,Kit Algemas Veludo,Acessórios BDSM,94.69,1,20.0,Cartão Crédito,Entregue,Marketplace,75.75,2024,6,2024-06,Friday
4123,2024-01-14,315,Caleb Melo,M,36-45,Sudeste,Fantasia Policial,Lingerie,173.21,2,0.0,Pix,Entregue,Marketplace,346.42,2024,1,2024-01,Sunday
1890,2023-11-21,769,Carlos Eduardo Rodrigues,M,18-25,Norte,Lubrificante Íntimo Aquoso 100ml,Lubrificantes,39.78,1,0.0,Cartão Débito,Entregue,Marketplace,39.78,2023,11,2023-11,Tuesday
2985,2023-06-01,214,Sra. Catarina Martins,F,46+,Sul,Gel Térmico Sensação Quente,Cosméticos Íntimos,47.61,1,0.0,Cartão Débito,Entregue,Site,47.61,2023,6,2023-06,Thursday
3760,2023-03-28,446,Ana Sophia Barros,F,26-35,Sudeste,Gel Excitante Masculino,Lubrificantes,65.48,2,10.0,Cartão Crédito,Entregue,App,117.86,2023,3,2023-03,Tuesday
4601,2023-08-19,62,Sra. Eloah da Luz,F,26-35,Sudeste,Lingerie Cropped com Bojo,Lingerie,156.28,1,0.0,Pix,Entregue,App,156.28,2023,8,2023-08,Saturday
1131,2024-02-13,336,Isabelly Marques,F,18-25,Sudeste,Gel Excitante Masculino,Lubrificantes,80.89,1,5.0,Boleto,Entregue,App,76.85,2024,2,2024-02,Tuesday
1462,2023-11-17,280,Rebeca Barbosa,F,26-35,Norte,Mini Vibrador Discreto,Vibradores,224.25,1,0.0,Pix,Entregue,Site,224.25,2023,11,2023-11,Friday
3257,2024-02-19,310,Alícia Teixeira,F,36-45,Sudeste,Body Rendado Vermelho,Lingerie,157.9,3,0.0,Boleto,Entregue,App,473.7,2024,2,2024-02,Monday
5030,2023-04-30,36,Josué Souza,M,18-25,Sul,Jogo Tabuleiro Casais,Jogos Adultos,112.22,2,0.0,Boleto,Entregue,Site,224.44,2023,4,2023-04,Sunday
2860,2023-08-02,54,Ágatha Vasconcelos,F,18-25,Sul,Creme Retardante Masculino,Cosméticos Íntimos,105.44,3,0.0,Pix,Entregue,App,316.32,2023,8,2023-08,Wednesday
4072,2024-03-31,298,Dra. Fernanda Lima,F,26-35,Nordeste,Vibrador Rabbit Premium,Vibradores,375.93,1,30.0,Cartão Crédito,Entregue,Site,263.15,2024,3,2024-03,Sunday
223,2023-01-26,28,Júlia Porto,F,26-35,Centro-Oeste,Body Coelhinha Plus Size,Lingerie,183.46,1,0.0,Cartão Crédito,Entregue,Site,183.46,2023,1,2023-01,Thursday
5151,2024-03-10,102,Nathan Campos,M,18-25,Sudeste,Massageador Corporal Wave,Vibradores,135.21,1,0.0,Pix,Entregue,App,135.21,2024,3,2024-03,Sunday
49,2024-08-04,214,Sra. Catarina Martins,F,46+,Sul,Body Coelhinha Plus Size,Lingerie,149.45,1,0.0,Pix,Entregue,Site,149.45,2024,8,2024-08,Sunday
1237,2023-04-21,490,Benjamin Abreu,M,46+,Sudeste,Lubrificante Sabores Baunilha,Lubrificantes,83.57,1,5.0,Boleto,Entregue,App,79.39,2023,4,2023-04,Friday
4230,2023-10-13,59,Bruno Barros,M,18-25,Sudeste,Óleo de Massagem Relaxante,Lubrificantes,31.05,2,0.0,Cartão Crédito,Entregue,Marketplace,62.1,2023,10,2023-10,Friday
5140,2023-04-09,607,Lucas Gabriel Carvalho,M,18-25,Sul,Conjunto Lingerie Boudoir,Lingerie,63.51,2,30.0,Cartão Crédito,Entregue,Marketplace,88.91,2023,4,2023-04,Sunday
2283,2023-01-28,174,Lívia Borges,F,46+,Sudeste,Lubrificante Sabores Baunilha,Lubrificantes,63.35,1,0.0,Cartão Débito,Entregue,Site,63.35,2023,1,2023-01,Saturday
268,2023-09-26,319,Sra. Ana Carolina Marques,F,36-45,Sudeste,Jogo de Cartas Sexo Quiz,Jogos Adultos,65.89,2,0.0,Pix,Entregue,Marketplace,131.78,2023,9,2023-09,Tuesday
1105,2024-12-05,781,Mirella Ramos,F,26-35,Sudeste,Lubrificante Íntimo Aquoso 100ml,Lubrificantes,89.49,1,0.0,Pix,Devolvido,Marketplace,89.49,2024,12,2024-12,Thursday
2306,2023-04-19,139,Srta. Isabela Castro,F,18-25,Sudeste,Body Rendado Vermelho,Lingerie,161.61,1,0.0,Pix,Entregue,Site,161.61,2023,4,2023-04,Wednesday
1936,2023-08-03,415,Dra. Ágatha Leão,F,26-35,Sudeste,Dado do Prazer,Jogos Adultos,121.7,2,30.0,Cartão Crédito,Entregue,Site,170.38,2023,8,2023-08,Thursday
387,2023-04-06,92,Alexandre Gomes,M,18-25,Sudeste,Óleo de Massagem Relaxante,Lubrificantes,70.49,2,20.0,Cartão Crédito,Entregue,Site,112.78,2023,4,2023-04,Thursday
4066,2024-09-12,31,Luara Guerra,F,36-45,Nordeste,Lingerie Cropped com Bojo,Lingerie,165.5,1,0.0,Pix,Entregue,Marketplace,165.5,2024,9,2024-09,Thursday
4560,2023-10-28,788,Juan Nunes,M,36-45,Sudeste,Vibrador Rabbit Premium,Vibradores,292.55,1,0.0,Pix,Entregue,Site,292.55,2023,10,2023-10,Saturday
2761,2023-05-24,45,Yuri Albuquerque,M,46+,Sudeste,Wand Massager Pro,Vibradores,172.81,1,0.0,Cartão Crédito,Entregue,App,172.81,2023,5,2023-05,Wednesday
4863,2024-04-19,20,Sr. João Vitor Barros,M,18-25,Sudeste,Body Coelhinha Plus Size,Lingerie,100.33,2,0.0,Pix,Entregue,App,200.66,2024,4,2024-04,Friday
1564,2024-06-02,89,Enzo Jesus,M,36-45,Sul,Lubrificante Base Silicone,Lubrificantes,52.48,4,0.0,Cartão Crédito,Entregue,Site,209.92,2024,6,2024-06,Sunday
3096,2023-04-30,295,Isabel da Paz,F,36-45,Centro-Oeste,Vibrador Duplo Prazer,Vibradores,138.64,2,5.0,Pix,Entregue,Site,263.42,2023,4,2023-04,Sunday
210,2024-06-26,49,Eduarda Marques,F,26-35,Sul,Lubrificante Base Silicone,Lubrificantes,31.0,2,0.0,Pix,Devolvido,Marketplace,62.0,2024,6,2024-06,Wednesday
910,2024-11-23,131,Daniel Barbosa,M,36-45,Sudeste,Vibrador Clássico Silicone,Vibradores,93.45,3,0.0,Boleto,Entregue,Marketplace,280.35,2024,11,2024-11,Saturday
4360,2023-02-16,57,Maria Cecília das Neves,F,18-25,Centro-Oeste,Meia-Calça Rendada,Lingerie,195.24,1,0.0,Pix,Entregue,Site,195.24,2023,2,2023-02,Thursday
3340,2024-11-15,282,Kevin Barros,M,36-45,Nordeste,Lubrificante Base Silicone,Lubrificantes,85.8,2,10.0,Pix,Entregue,Site,154.44,2024,11,2024-11,Friday
1843,2023-06-28,158,Maya Abreu,F,26-35,Sudeste,Body Rendado Vermelho,Lingerie,98.25,1,0.0,Pix,Entregue,Site,98.25,2023,6,2023-06,Wednesday
4873,2023-05-07,61,Davi Lucas Cardoso,M,36-45,Norte,Lubrificante Íntimo Aquoso 100ml,Lubrificantes,67.58,3,15.0,Pix,Entregue,Site,172.33,2023,5,2023-05,Sunday
3146,2023-10-30,126,Ana Júlia Borges,F,36-45,Sudeste,Kit Roleplay Surpresa,Jogos Adultos,44.06,2,0.0,Cartão Crédito,Entregue,App,88.12,2023,10,2023-10,Monday
959,2023-07-29,51,Thiago Caldeira,Não informado,36-45,Sul,Body Rendado Vermelho,Lingerie,183.14,4,0.0,Pix,Entregue,Site,732.56,2023,7,2023-07,Saturday
1794,2023-08-26,301,Bento Cavalcante,Não informado,26-35,Norte,Kit Algemas Veludo,Acessórios BDSM,133.55,1,0.0,Cartão Débito,Entregue,Site,133.55,2023,8,2023-08,Saturday
2089,2024-12-11,435,Antony Cavalcanti,M,36-45,Nordeste,Lubrificante Sabores Morango,Lubrificantes,72.72,2,25.0,Cartão Crédito,Entregue,Site,109.08,2024,12,2024-12,Wednesday
332,2024-09-19,367,Juan Fogaça,M,26-35,Sudeste,Conjunto Lingerie Boudoir,Lingerie,174.64,2,0.0,Cartão Crédito,Devolvido,Site,349.28,2024,9,2024-09,Thursday
2886,2024-07-07,625,Anna Liz Lopes,F,36-45,Sudeste,Corda de Shibari 5m,Acessórios BDSM,255.97,2,0.0,Cartão Crédito,Devolvido,Marketplace,511.94,2024,7,2024-07,Sunday
4865,2024-08-29,104,Asafe Pinto,M,46+,Sudeste,Fantasia Policial,Lingerie,186.98,1,0.0,Boleto,Entregue,Site,186.98,2024,8,2024-08,Thursday
3874,2024-03-03,441,Augusto Siqueira,M,46+,Sudeste,Dado do Prazer,Jogos Adultos,67.16,2,25.0,Pix,Entregue,Site,100.74,2024,3,2024-03,Sunday
1775,2023-09-10,396,Sarah da Mata,F,46+,Nordeste,Vibrador Rabbit Premium,Vibradores,117.16,2,30.0,Boleto,Entregue,App,164.02,2023,9,2023-09,Sunday
4295,2023-11-08,139,Srta. Isabela Castro,F,18-25,Sudeste,Body Coelhinha Plus Size,Lingerie,63.03,1,0.0,Pix,Entregue,Site,63.03,2023,11,2023-11,Wednesday
4512,2023-06-22,174,Lívia Borges,F,46+,Sudeste,Dominó Erótico,Jogos Adultos,110.01,3,30.0,Pix,Entregue,Site,231.02,2023,6,2023-06,Thursday
2477,2024-09-11,39,Luiz Miguel Câmara,M,36-45,Sudeste,Mini Vibrador Discreto,Vibradores,200.96,1,30.0,Pix,Entregue,Marketplace,140.67,2024,9,2024-09,Wednesday
5179,2024-11-30,209,Maria Julia Fernandes,F,36-45,Sudeste,Lubrificante Sabores Baunilha,Lubrificantes,50.12,1,0.0,Pix,Entregue,Marketplace,50.12,2024,11,2024-11,Saturday
1711,2023-03-13,46,Dra. Bruna Rodrigues,F,18-25,Nordeste,Creme Retardante Masculino,Cosméticos Íntimos,38.29,2,0.0,Pix,Entregue,App,76.58,2023,3,2023-03,Monday
4247,2024-09-20,80,Nina Siqueira,F,26-35,Sul,Wand Massager Pro,Vibradores,371.86,1,10.0,Pix,Entregue,Não informado,334.67,2024,9,2024-09,Friday
1367,2023-07-08,330,Luana Novaes,F,36-45,Sudeste,Gel Térmico Sensação Quente,Cosméticos Íntimos,41.47,1,15.0,Pix,Entregue,Marketplace,35.25,2023,7,2023-07,Saturday
174,2024-03-28,72,Ana Beatriz Farias,F,46+,Norte,Lubrificante Base Silicone,Lubrificantes,48.11,1,10.0,Pix,Entregue,Site,43.3,2024,3,2024-03,Thursday
4311,2024-10-11,90,Rafaela Cunha,Não informado,36-45,Sudeste,Chicote de Couro Soft,Acessórios BDSM,163.89,3,0.0,Cartão Crédito,Entregue,Marketplace,491.67,2024,10,2024-10,Friday
4095,2023-01-14,111,Anthony Marques,M,26-35,Nordeste,Gel Excitante Feminino,Lubrificantes,74.17,1,0.0,Cartão Crédito,Entregue,Site,74.17,2023,1,2023-01,Saturday
2500,2023-09-25,144,Ravy Câmara,M,18-25,Sudeste,Vibrador Ponto G Flex,Vibradores,397.14,1,0.0,Cartão Crédito,Entregue,Site,397.14,2023,9,2023-09,Monday
4845,2024-08-29,55,Agatha Peixoto,F,46+,Nordeste,Fantasia Policial,Lingerie,164.21,1,5.0,Pix,Entregue,Site,156.0,2024,8,2024-08,Thursday
1953,2024-03-29,245,Dr. Lorenzo da Cruz,M,18-25,Sul,Óleo de Massagem Relaxante,Lubrificantes,36.73,1,0.0,Cartão Crédito,Entregue,Site,36.73,2024,3,2024-03,Friday
2904,2024-12-14,148,Dr. Bernardo Vargas,Não informado,26-35,Norte,Lubrificante Sabores Morango,Lubrificantes,59.32,1,10.0,Cartão Crédito,Entregue,Site,53.39,2024,12,2024-12,Saturday
2037,2023-02-12,34,Dr. Miguel Ramos,M,18-25,Nordeste,Perfume Íntimo Floral,Cosméticos Íntimos,42.38,1,0.0,Pix,Entregue,Marketplace,42.38,2023,2,2023-02,Sunday
3362,2024-06-24,88,Sr. Caleb Sá,M,26-35,Sudeste,Jogo Tabuleiro Casais,Jogos Adultos,53.3,1,30.0,Pix,Entregue,Site,37.31,2024,6,2024-06,Monday
4055,2024-11-04,388,Srta. Isis Rocha,F,36-45,Sul,Lubrificante Íntimo Aquoso 100ml,Lubrificantes,41.99,2,25.0,Pix,Devolvido,Site,62.98,2024,11,2024-11,Monday
3652,2023-03-18,139,Srta. Isabela Castro,F,18-25,Sudeste,Lubrificante Íntimo Aquoso 100ml,Lubrificantes,42.92,1,0.0,Cartão Crédito,Entregue,Site,42.92,2023,3,2023-03,Saturday
1,2024-08-27,129,Julia Castro,F,26-35,Sudeste,Vibrador Clássico Silicone,Vibradores,187.71,1,0.0,Pix,Entregue,App,187.71,2024,8,2024-08,Tuesday
2175,2024-10-27,72,Ana Beatriz Farias,F,46+,Norte,Gel Excitante Feminino,Lubrificantes,30.95,2,0.0,Pix,Entregue,Site,61.9,2024,10,2024-10,Sunday
1357,2023-03-09,547,Carolina Rios,F,26-35,Sudeste,Gel Excitante Feminino,Lubrificantes,37.09,1,0.0,Cartão Débito,Entregue,Site,37.09,2023,3,2023-03,Thursday
4822,2024-06-15,94,Ryan Cassiano,M,36-45,Sudeste,Vibrador Ponto G Flex,Vibradores,471.12,1,30.0,Pix,Entregue,Site,329.78,2024,6,2024-06,Saturday
2992,2024-03-18,410,Danilo Carvalho,M,26-35,Centro-Oeste,Lubrificante Sabores Morango,Lubrificantes,47.09,1,0.0,Cartão Crédito,Entregue,App,47.09,2024,3,2024-03,Monday
2727,2024-08-26,19,Bernardo Aparecida,M,36-45,Sudeste,Wand Massager Pro,Vibradores,408.65,4,0.0,Cartão Débito,Entregue,Marketplace,1634.6,2024,8,2024-08,Monday
397,2024-05-14,481,Eduarda Sá,F,36-45,Sul,Vibrador Clássico Silicone,Vibradores,262.92,1,0.0,Boleto,Entregue,Site,262.92,2024,5,2024-05,Tuesday
2893,2024-09-29,380,Fernanda Gomes,F,36-45,Sudeste,Conjunto Lingerie Boudoir,Lingerie,129.97,1,25.0,Pix,Entregue,Site,97.48,2024,9,2024-09,Sunday
1813,2023-09-10,85,Emilly da Mota,F,26-35,Norte,Wand Massager Pro,Vibradores,405.48,1,15.0,Pix,Entregue,Site,344.66,2023,9,2023-09,Sunday
3124,2024-06-30,168,Agatha da Rosa,F,26-35,Sul,Vibrador Duplo Prazer,Vibradores,220.65,5,30.0,Pix,Entregue,Site,772.28,2024,6,2024-06,Sunday
817,2024-12-24,240,Bianca Lopes,F,26-35,Sudeste,Lubrificante Sabores Baunilha,Lubrificantes,33.46,1,0.0,Cartão Crédito,Entregue,Site,33.46,2024,12,2024-12,Tuesday
1573,2024-04-30,348,Maria Isis da Conceição,F,36-45,Sul,Lubrificante Íntimo Aquoso 250ml,Lubrificantes,87.32,1,20.0,Cartão Débito,Entregue,Site,69.86,2024,4,2024-04,Tuesday
4339,2024-08-07,133,Clara Lopes,F,26-35,Sul,Lubrificante Íntimo Aquoso 250ml,Lubrificantes,70.82,2,0.0,Cartão Crédito,Entregue,Site,141.64,2024,8,2024-08,Wednesday
1801,2024-10-16,663,Caroline Pimenta,F,26-35,Sudeste,Conjunto Lingerie Boudoir,Lingerie,118.04,1,0.0,Cartão Débito,Entregue,Site,118.04,2024,10,2024-10,Wednesday
2281,2023-11-13,82,Lucca Caldeira,M,26-35,Nordeste,Spray Prolongador,Cosméticos Íntimos,99.71,2,5.0,Cartão Crédito,Entregue,App,189.45,2023,11,2023-11,Monday
4397,2024-01-23,97,Sra. Ana Laura Aragão,F,26-35,Sudeste,Massageador Corporal Wave,Vibradores,151.45,2,20.0,Pix,Devolvido,Site,242.32,2024,1,2024-01,Tuesday
2837,2024-10-16,775,Igor Nascimento,M,18-25,Norte,Jogo de Cartas Sexo Quiz,Jogos Adultos,89.78,3,0.0,Cartão Crédito,Entregue,Site,269.34,2024,10,2024-10,Wednesday
4767,2024-05-10,480,Sra. Antonella Aragão,F,26-35,Nordeste,Lubrificante Sabores Baunilha,Lubrificantes,89.83,3,10.0,Cartão Crédito,Entregue,Site,242.54,2024,5,2024-05,Friday
4558,2023-02-12,300,Srta. Juliana Casa Grande,F,26-35,Sul,Mordaça Silicone,Acessórios BDSM,54.83,2,20.0,Cartão Crédito,Entregue,Site,87.73,2023,2,2023-02,Sunday
3859,2024-10-29,142,Josué da Mata,M,26-35,Sudeste,Mordaça Silicone,Acessórios BDSM,60.52,2,20.0,Pix,Entregue,Site,96.83,2024,10,2024-10,Tuesday
4725,2023-02-19,69,Heloísa Pastor,F,26-35,Sudeste,Body Coelhinha Plus Size,Lingerie,158.99,1,0.0,Pix,Devolvido,Site,158.99,2023,2,2023-02,Sunday
555,2024-06-07,508,Sra. Hellena Farias,F,36-45,Sul,Lubrificante Íntimo Aquoso 250ml,Lubrificantes,81.75,5,0.0,Boleto,Entregue,App,408.75,2024,6,2024-06,Friday
1214,2023-03-22,404,Julia Pacheco,F,18-25,Sul,Vibrador Rabbit Premium,Vibradores,430.48,2,0.0,Pix,Devolvido,Site,860.96,2023,3,2023-03,Wednesday
2703,2023-06-27,38,Dra. Mariane Pacheco,F,26-35,Sudeste,Vibrador Clássico Silicone,Vibradores,292.03,3,0.0,Boleto,Entregue,Site,876.09,2023,6,2023-06,Tuesday
1326,2024-06-05,113,Hadassa Montenegro,F,36-45,Sul,Spray Prolongador,Cosméticos Íntimos,134.52,2,10.0,Pix,Entregue,Site,242.14,2024,6,2024-06,Wednesday
3039,2024-03-09,20,Sr. João Vitor Barros,M,18-25,Sudeste,Fantasia Enfermeira,Lingerie,174.16,1,0.0,Cartão Débito,Entregue,Site,174.16,2024,3,2024-03,Saturday
2900,2023-10-19,11,Otávio Fernandes,M,36-45,Sul,Body Rendado Vermelho,Lingerie,118.01,1,30.0,Pix,Entregue,App,82.61,2023,10,2023-10,Thursday
701,2023-12-28,206,Dra. Ísis Pereira,F,36-45,Sudeste,Vibrador Rabbit Premium,Vibradores,233.29,1,0.0,Cartão Crédito,Entregue,Site,233.29,2023,12,2023-12,Thursday
5181,2023-10-09,135,Ana Cecília Fogaça,F,46+,Nordeste,Fantasia Enfermeira,Lingerie,185.75,2,0.0,Cartão Crédito,Entregue,App,371.5,2023,10,2023-10,Monday
4266,2023-05-03,159,Zoe Rodrigues,F,46+,Sul,Wand Massager Pro,Vibradores,404.93,1,0.0,Cartão Crédito,Entregue,Site,404.93,2023,5,2023-05,Wednesday
1456,2024-05-04,604,Antony Fogaça,M,26-35,Centro-Oeste,Kit Cuidados Íntimos,Cosméticos Íntimos,55.4,4,0.0,Cartão Crédito,Entregue,Site,221.6,2024,5,2024-05,Saturday
4652,2023-07-20,331,Maria Luísa Borges,F,18-25,Sul,Wand Massager Pro,Vibradores,495.53,2,0.0,Cartão Crédito,Entregue,Marketplace,991.06,2023,7,2023-07,Thursday
3850,2024-09-14,20,Sr. João Vitor Barros,M,18-25,Sudeste,Vibrador Duplo Prazer,Vibradores,90.09,1,15.0,Cartão Crédito,Devolvido,Site,76.58,2024,9,2024-09,Saturday
4979,2024-04-25,1,Sr. Apollo Sousa,M,18-25,Sudeste,Lubrificante Base Silicone,Lubrificantes,41.47,1,0.0,Cartão Crédito,Entregue,Site,41.47,2024,4,2024-04,Thursday
867,2023-03-26,47,João Felipe Vargas,M,18-25,Sul,Lubrificante Íntimo Aquoso 100ml,Lubrificantes,44.65,1,5.0,Cartão Crédito,Entregue,Marketplace,42.42,2023,3,2023-03,Sunday
1645,2024-06-23,26,Srta. Yasmin Siqueira,F,46+,Sul,Sabonete Íntimo pH Neutro,Cosméticos Íntimos,132.73,1,0.0,Cartão Crédito,Devolvido,Marketplace,132.73,2024,6,2024-06,Sunday
3904,2024-10-09,80,Nina Siqueira,F,26-35,Sul,Lubrificante Base Silicone,Lubrificantes,46.4,1,0.0,Pix,Entregue,App,46.4,2024,10,2024-10,Wednesday
5056,2024-07-28,285,Maria Helena Machado,F,36-45,Centro-Oeste,Perfume Íntimo Floral,Cosméticos Íntimos,148.87,1,0.0,Boleto,Entregue,Site,148.87,2024,7,2024-07,Sunday
5396,2023-03-10,128,Lívia Vargas,F,26-35,Sudeste,Vibrador Rabbit Premium,Vibradores,496.39,3,25.0,Cartão Crédito,Entregue,Marketplace,1116.88,2023,3,2023-03,Friday
1491,2024-11-23,75,Caroline Silveira,F,36-45,Sudeste,Wand Massager Pro,Vibradores,327.29,2,5.0,Cartão Crédito,Entregue,Site,621.85,2024,11,2024-11,Saturday
2664,2023-05-13,299,Ísis Câmara,F,26-35,Sul,Lubrificante Íntimo Aquoso 250ml,Lubrificantes,82.15,3,0.0,Pix,Entregue,App,246.45,2023,5,2023-05,Saturday
730,2024-05-11,50,João Montenegro,M,26-35,Sudeste,Lubrificante Íntimo Aquoso 100ml,Lubrificantes,43.7,2,0.0,Pix,Entregue,App,87.4,2024,5,2024-05,Saturday
3333,2023-07-04,52,Sra. Sofia Pereira,F,18-25,Sudeste,Body Rendado Vermelho,Lingerie,107.83,1,0.0,Cartão Crédito,Entregue,Marketplace,107.83,2023,7,2023-07,Tuesday
3027,2023-09-16,634,Ana Vitória Rios,F,26-35,Nordeste,Body Rendado Vermelho,Lingerie,82.98,1,25.0,Boleto,Entregue,Site,62.24,2023,9,2023-09,Saturday
1937,2023-12-05,87,Beatriz Aragão,F,46+,Centro-Oeste,Mordaça Silicone,Acessórios BDSM,276.31,1,0.0,Pix,Entregue,Marketplace,276.31,2023,12,2023-12,Tuesday
4636,2023-11-05,653,Melina Borges,F,26-35,Sul,Mini Vibrador Discreto,Vibradores,371.51,1,0.0,Pix,Entregue,Marketplace,371.51,2023,11,2023-11,Sunday
1111,2024-11-27,428,Giovanna Pastor,F,36-45,Sudeste,Lubrificante Sabores Morango,Lubrificantes,37.94,1,0.0,Pix,Entregue,App,37.94,2024,11,2024-11,Wednesday
4965,2024-01-20,179,Gael Silva,M,36-45,Sudeste,Vibrador Duplo Prazer,Vibradores,229.45,1,0.0,Cartão Débito,Entregue,Marketplace,229.45,2024,1,2024-01,Saturday
2395,2023-06-16,529,Olívia Montenegro,F,18-25,Sudeste,Cartas Posições Kamasutra,Jogos Adultos,94.44,2,0.0,Cartão Crédito,Entregue,Site,188.88,2023,6,2023-06,Friday
1186,2024-08-07,617,Esther da Paz,F,18-25,Sul,Cartas Posições Kamasutra,Jogos Adultos,112.87,2,0.0,Cartão Crédito,Entregue,Site,225.74,2024,8,2024-08,Wednesday
2008,2023-12-02,385,Benicio Pereira,M,26-35,Sul,Spray Prolongador,Cosméticos Íntimos,72.18,3,0.0,Cartão Crédito,Entregue,App,216.54,2023,12,2023-12,Saturday
1516,2024-05-17,3,Cauã Rocha,M,18-25,Sudeste,Venda para Olhos Satin,Acessórios BDSM,71.34,1,0.0,Cartão Crédito,Entregue,App,71.34,2024,5,2024-05,Friday
579,2024-11-02,184,Dra. Nicole Aragão,F,36-45,Sul,Vibrador Ponto G Flex,Vibradores,385.65,2,0.0,Pix,Entregue,Marketplace,771.3,2024,11,2024-11,Saturday
2124,2024-02-28,148,Dr. Bernardo Vargas,Não informado,26-35,Norte,Vibrador Clássico Silicone,Vibradores,288.39,5,0.0,Pix,Entregue,Site,1441.95,2024,2,2024-02,Wednesday
1430,2023-04-09,495,Maria Helena Nascimento,F,36-45,Sudeste,Fantasia Policial,Lingerie,173.25,1,0.0,Cartão Crédito,Entregue,Site,173.25,2023,4,2023-04,Sunday
772,2023-05-22,465,Luana Fogaça,F,26-35,Nordeste,Massageador Corporal Wave,Vibradores,268.41,1,0.0,Pix,Entregue,Site,268.41,2023,5,2023-05,Monday
2396,2023-04-16,117,Kevin Pimenta,M,26-35,Norte,Fantasia Enfermeira,Lingerie,148.98,1,0.0,Pix,Entregue,Site,148.98,2023,4,2023-04,Sunday
5495,2023-05-27,175,Leonardo Câmara,M,36-45,Sul,Lubrificante Sabores Morango,Lubrificantes,32.99,3,0.0,Cartão Crédito,Entregue,Site,98.97,2023,5,2023-05,Saturday
1847,2023-10-14,36,Josué Souza,M,18-25,Sul,Kit Iniciante BDSM 5 Peças,Acessórios BDSM,158.67,1,25.0,Cartão Crédito,Entregue,Site,119.0,2023,10,2023-10,Saturday
132,2024-07-18,70,Alana Barbosa,F,26-35,Norte,Cartas Posições Kamasutra,Jogos Adultos,82.39,2,0.0,Pix,Entregue,App,164.78,2024,7,2024-07,Thursday
179,2023-08-27,616,Renan da Cunha,M,26-35,Sudeste,Vibrador Rabbit Premium,Vibradores,230.08,1,15.0,Cartão Crédito,Entregue,Site,195.57,2023,8,2023-08,Sunday
4960,2023-06-05,359,Dr. Liam Pires,M,36-45,Sul,Corda de Shibari 5m,Acessórios BDSM,244.51,5,10.0,Pix,Entregue,App,1100.3,2023,6,2023-06,Monday
4476,2023-06-04,180,Dr. Thales Guerra,M,36-45,Sudeste,Lubrificante Íntimo Aquoso 100ml,Lubrificantes,33.72,1,0.0,Pix,Entregue,Site,33.72,2023,6,2023-06,Sunday
4765,2023-06-13,209,Maria Julia Fernandes,F,36-45,Sudeste,Vibrador Ponto G Flex,Vibradores,232.34,1,0.0,Boleto,Entregue,App,232.34,2023,6,2023-06,Tuesday
3210,2023-06-10,252,Kamilly Novais,F,46+,Sul,Vibrador Ponto G Flex,Vibradores,254.72,1,0.0,Cartão Débito,Entregue,App,254.72,2023,6,2023-06,Saturday
2906,2024-10-31,16,Sra. Zoe Campos,F,18-25,Sudeste,Body Coelhinha Plus Size,Lingerie,160.52,1,0.0,Cartão Débito,Entregue,Site,160.52,2024,10,2024-10,Thursday
3214,2024-01-29,312,Olivia Moreira,F,26-35,Norte,Kit Iniciante BDSM 5 Peças,Acessórios BDSM,113.67,1,25.0,Pix,Entregue,App,85.25,2024,1,2024-01,Monday
2074,2024-12-28,510,Srta. Vitória Moraes,F,26-35,Norte,Gel Térmico Sensação Quente,Cosméticos Íntimos,86.01,2,0.0,Boleto,Entregue,Site,172.02,2024,12,2024-12,Saturday
659,2024-11-25,276,Larissa Melo,F,18-25,Sul,Lubrificante Íntimo Aquoso 250ml,Lubrificantes,83.48,4,0.0,Pix,Entregue,Marketplace,333.92,2024,11,2024-11,Monday
1897,2023-09-22,256,Renan Ramos,M,26-35,Nordeste,Body Rendado Vermelho,Lingerie,124.11,1,0.0,Cartão Crédito,Entregue,App,124.11,2023,9,2023-09,Friday
4077,2023-09-22,153,João Andrade,M,26-35,Sul,Lubrificante Sabores Baunilha,Lubrificantes,50.22,1,0.0,Pix,Devolvido,Marketplace,50.22,2023,9,2023-09,Friday
2380,2023-04-01,408,Benício Porto,M,36-45,Sudeste,Lubrificante Íntimo Aquoso 250ml,Lubrificantes,57.34,1,0.0,Pix,Entregue,Site,57.34,2023,4,2023-04,Saturday
3872,2024-09-03,56,Rebeca Almeida,F,26-35,Sul,Meia-Calça Rendada,Lingerie,105.64,1,10.0,Pix,Entregue,App,95.08,2024,9,2024-09,Tuesday
343,2023-05-02,53,Daniela Freitas,F,26-35,Sudeste,Lubrificante Sabores Baunilha,Lubrificantes,56.45,1,0.0,Cartão Crédito,Entregue,Marketplace,56.45,2023,5,2023-05,Tuesday
4357,2023-06-24,69,Heloísa Pastor,F,26-35,Sudeste,Meia-Calça Rendada,Lingerie,126.2,1,0.0,Cartão Crédito,Entregue,Site,126.2,2023,6,2023-06,Saturday
4377,2023-11-30,133,Clara Lopes,F,26-35,Sul,Kit Algemas Veludo,Acessórios BDSM,184.98,1,15.0,Cartão Crédito,Entregue,Site,157.23,2023,11,2023-11,Thursday
977,2024-12-15,243,Dr. Vitor Gabriel Vasconcelos,M,26-35,Sudeste,Vibrador Ponto G Flex,Vibradores,210.19,1,0.0,Pix,Entregue,Site,210.19,2024,12,2024-12,Sunday
3095,2023-02-17,58,Ana Laura da Costa,F,26-35,Nordeste,Vibrador Clássico Silicone,Vibradores,96.63,1,0.0,Cartão Crédito,Entregue,Marketplace,96.63,2023,2,2023-02,Friday
3658,2023-02-05,194,João Pedro da Costa,M,26-35,Nordeste,Lubrificante Base Silicone,Lubrificantes,48.96,4,20.0,Pix,Entregue,Marketplace,156.67,2023,2,2023-02,Sunday
1929,2024-02-06,274,Yuri da Rocha,M,36-45,Sudeste,Body Coelhinha Plus Size,Lingerie,81.5,3,20.0,Pix,Entregue,Marketplace,195.6,2024,2,2024-02,Tuesday
3197,2024-12-10,626,Fernando Nogueira,M,36-45,Sudeste,Gel Excitante Masculino,Lubrificantes,85.8,1,0.0,Cartão Crédito,Entregue,App,85.8,2024,12,2024-12,Tuesday
4849,2024-07-25,372,Isabella Monteiro,F,18-25,Nordeste,Conjunto Lingerie Boudoir,Lingerie,94.6,3,0.0,Pix,Entregue,App,283.8,2024,7,2024-07,Thursday
1300,2023-06-13,322,Théo Abreu,M,18-25,Sudeste,Wand Massager Pro,Vibradores,93.89,1,15.0,Pix,Entregue,App,79.81,2023,6,2023-06,Tuesday
3675,2024-04-01,251,Joana Fernandes,F,46+,Sudeste,Kit Cuidados Íntimos,Cosméticos Íntimos,50.11,1,0.0,Cartão Crédito,Entregue,App,50.11,2024,4,2024-04,Monday
5103,2023-04-16,228,Maria Eduarda Cavalcante,F,18-25,Sudeste,Gel Excitante Feminino,Lubrificantes,73.8,3,0.0,Cartão Débito,Entregue,Site,221.4,2023,4,2023-04,Sunday
1791,2023-09-18,46,Dra. Bruna Rodrigues,F,18-25,Nordeste,Dominó Erótico,Jogos Adultos,65.4,1,0.0,Cartão Crédito,Entregue,Marketplace,65.4,2023,9,2023-09,Monday
3784,2024-03-17,440,Rael Montenegro,M,18-25,Nordeste,Jogo Tabuleiro Casais,Jogos Adultos,67.62,1,15.0,Pix,Entregue,App,57.48,2024,3,2024-03,Sunday
5265,2024-06-01,705,Sofia Marques,F,26-35,Sudeste,Meia-Calça Rendada,Lingerie,79.6,1,0.0,Boleto,Entregue,Site,79.6,2024,6,2024-06,Saturday
3655,2024-12-27,9,Pietro Pastor,M,26-35,Sudeste,Jogo Tabuleiro Casais,Jogos Adultos,116.05,1,25.0,Pix,Entregue,Site,87.04,2024,12,2024-12,Friday
3751,2023-06-09,538,Ana Júlia Vieira,F,36-45,Nordeste,Meia-Calça Rendada,Lingerie,68.47,3,0.0,Pix,Entregue,Site,205.41,2023,6,2023-06,Friday
2684,2024-08-31,131,Daniel Barbosa,M,36-45,Sudeste,Kit Algemas Veludo,Acessórios BDSM,55.29,1,20.0,Pix,Entregue,Site,44.23,2024,8,2024-08,Saturday
3314,2023-03-30,3,Cauã Rocha,M,18-25,Sudeste,Lubrificante Sabores Morango,Lubrificantes,59.73,2,0.0,Boleto,Entregue,App,119.46,2023,3,2023-03,Thursday
5116,2023-09-22,266,Sr. Levi Campos,M,26-35,Centro-Oeste,Lubrificante Sabores Morango,Lubrificantes,56.13,2,5.0,Cartão Crédito,Entregue,Site,106.65,2023,9,2023-09,Friday
1086,2024-04-08,172,Sophia Melo,F,36-45,Nordeste,Perfume Íntimo Floral,Cosméticos Íntimos,110.86,1,0.0,Pix,Entregue,Site,110.86,2024,4,2024-04,Monday
5292,2024-07-28,57,Maria Cecília das Neves,F,18-25,Centro-Oeste,Lubrificante Sabores Baunilha,Lubrificantes,44.79,1,0.0,Pix,Entregue,Site,44.79,2024,7,2024-07,Sunday
1279,2024-11-29,43,Sra. Ana Luiza Gomes,F,46+,Centro-Oeste,Lubrificante Íntimo Aquoso 250ml,Lubrificantes,51.75,1,0.0,Pix,Entregue,Site,51.75,2024,11,2024-11,Friday
3947,2024-12-29,287,Lorena Nunes,F,36-45,Centro-Oeste,Vibrador Duplo Prazer,Vibradores,209.8,1,0.0,Cartão Débito,Entregue,Marketplace,209.8,2024,12,2024-12,Sunday
1622,2023-02-12,18,Maria Cecília Oliveira,F,26-35,Centro-Oeste,Gel Excitante Feminino,Lubrificantes,60.84,2,0.0,Cartão Crédito,Devolvido,Site,121.68,2023,2,2023-02,Sunday
3708,2024-12-26,90,Rafaela Cunha,Não informado,36-45,Sudeste,Body Rendado Vermelho,Lingerie,69.43,2,0.0,Pix,Entregue,App,138.86,2024,12,2024-12,Thursday
3474,2024-02-25,316,Maria Luísa Farias,F,46+,Sudeste,Massageador Corporal Wave,Vibradores,90.95,3,0.0,Boleto,Devolvido,Site,272.85,2024,2,2024-02,Sunday
68,2024-11-28,412,Danilo Brito,M,36-45,Sudeste,Óleo de Massagem Relaxante,Lubrificantes,40.56,3,0.0,Pix,Entregue,Marketplace,121.68,2024,11,2024-11,Thursday
3160,2023-05-06,96,Vitor Hugo Araújo,M,36-45,Sudeste,Gel Excitante Masculino,Lubrificantes,75.64,1,30.0,Cartão Débito,Entregue,Site,52.95,2023,5,2023-05,Saturday
2601,2024-04-23,265,Igor Campos,M,36-45,Sudeste,Lubrificante Sabores Baunilha,Lubrificantes,81.8,1,0.0,Pix,Entregue,App,81.8,2024,4,2024-04,Tuesday
2270,2023-11-17,195,Lucas Gabriel Dias,M,18-25,Centro-Oeste,Dominó Erótico,Jogos Adultos,62.64,2,0.0,Boleto,Entregue,Site,125.28,2023,11,2023-11,Friday
4379,2023-09-09,44,Ravi Lucca Moura,M,26-35,Sudeste,Lubrificante Íntimo Aquoso 250ml,Lubrificantes,77.48,2,0.0,Cartão Crédito,Entregue,Site,154.96,2023,9,2023-09,Saturday
821,2024-12-21,413,Zoe Carvalho,F,26-35,Sudeste,Body Rendado Vermelho,Lingerie,79.54,2,0.0,Boleto,Entregue,Marketplace,159.08,2024,12,2024-12,Saturday
1227,2024-09-01,139,Srta. Isabela Castro,F,18-25,Sudeste,Mordaça Silicone,Acessórios BDSM,70.91,1,30.0,Boleto,Entregue,Site,49.64,2024,9,2024-09,Sunday
4097,2024-07-11,4,Dra. Aurora Pastor,F,26-35,Sul,Lubrificante Sabores Morango,Lubrificantes,81.81,1,0.0,Pix,Entregue,App,81.81,2024,7,2024-07,Thursday
4645,2023-08-08,321,Danilo Vargas,M,26-35,Nordeste,Massageador Corporal Wave,Vibradores,419.82,3,0.0,Cartão Crédito,Entregue,App,1259.46,2023,8,2023-08,Tuesday
2368,2023-04-25,221,Ana Júlia Ferreira,F,26-35,Norte,Vibrador Rabbit Premium,Vibradores,99.3,3,0.0,Cartão Débito,Entregue,Site,297.9,2023,4,2023-04,Tuesday
3306,2023-11-24,119,Letícia Ribeiro,Não informado,18-25,Norte,Creme Retardante Masculino,Cosméticos Íntimos,61.92,2,0.0,Pix,Entregue,Marketplace,123.84,2023,11,2023-11,Friday
3367,2023-08-28,108,Sra. Isabella da Luz,Não informado,36-45,Centro-Oeste,Kit Algemas Veludo,Acessórios BDSM,192.37,1,15.0,Cartão Crédito,Entregue,Marketplace,163.51,2023,8,2023-08,Monday
2513,2024-11-25,162,Davi Silveira,M,36-45,Norte,Colar e Guia BDSM,Acessórios BDSM,218.88,1,30.0,Boleto,Entregue,Marketplace,153.22,2024,11,2024-11,Monday
4733,2023-08-06,337,Diogo Gomes,M,26-35,Sul,Kit Roleplay Surpresa,Jogos Adultos,74.31,1,30.0,Pix,Entregue,Site,52.02,2023,8,2023-08,Sunday
4110,2023-02-26,231,Apollo das Neves,M,26-35,Nordeste,Body Coelhinha Plus Size,Lingerie,163.61,1,0.0,Pix,Entregue,Site,163.61,2023,2,2023-02,Sunday
398,2024-10-23,153,João Andrade,M,26-35,Sul,Body Rendado Vermelho,Lingerie,82.49,2,0.0,Pix,Entregue,App,164.98,2024,10,2024-10,Wednesday
4366,2024-03-20,291,Eduarda da Costa,F,36-45,Sudeste,Kit Algemas Veludo,Acessórios BDSM,295.76,2,0.0,Cartão Crédito,Entregue,Site,591.52,2024,3,2024-03,Wednesday
4212,2024-02-24,237,Mariane Ribeiro,F,18-25,Nordeste,Fantasia Policial,Lingerie,79.11,1,0.0,Pix,Entregue,Marketplace,79.11,2024,2,2024-02,Saturday
1399,2023-06-13,257,Sra. Melissa Vieira,F,46+,Sul,Vibrador Rabbit Premium,Vibradores,345.58,1,0.0,Pix,Entregue,Marketplace,345.58,2023,6,2023-06,Tuesday
1660,2023-06-26,162,Davi Silveira,M,36-45,Norte,Kit Cuidados Íntimos,Cosméticos Íntimos,63.82,2,0.0,Pix,Entregue,App,127.64,2023,6,2023-06,Monday
2221,2024-08-13,320,Luara da Cunha,F,26-35,Nordeste,Wand Massager Pro,Vibradores,287.36,2,0.0,Pix,Entregue,Site,574.72,2024,8,2024-08,Tuesday
980,2024-03-24,244,Ravi Lucca Lopes,M,26-35,Sul,Colar e Guia BDSM,Acessórios BDSM,55.03,1,0.0,Cartão Crédito,Entregue,Site,55.03,2024,3,2024-03,Sunday
2332,2024-10-02,18,Maria Cecília Oliveira,F,26-35,Centro-Oeste,Body Rendado Vermelho,Lingerie,128.72,3,0.0,Cartão Crédito,Entregue,Site,386.16,2024,10,2024-10,Wednesday
1299,2024-07-07,270,Beatriz Correia,F,26-35,Sul,Óleo de Massagem Relaxante,Lubrificantes,78.88,4,20.0,Pix,Entregue,Site,252.42,2024,7,2024-07,Sunday
2781,2023-05-14,15,Julia Aparecida,F,26-35,Sudeste,Lubrificante Íntimo Aquoso 100ml,Lubrificantes,46.28,1,15.0,Pix,Entregue,Marketplace,39.34,2023,5,2023-05,Sunday
3012,2024-03-19,94,Ryan Cassiano,M,36-45,Sudeste,Spray Prolongador,Cosméticos Íntimos,91.88,3,0.0,Pix,Entregue,Marketplace,275.64,2024,3,2024-03,Tuesday
4343,2023-05-12,433,Sr. Davi Lucca Albuquerque,M,26-35,Sudeste,Lubrificante Base Silicone,Lubrificantes,78.67,1,0.0,Pix,Entregue,Site,78.67,2023,5,2023-05,Friday
4376,2023-10-12,180,Dr. Thales Guerra,M,36-45,Sudeste,Vibrador Ponto G Flex,Vibradores,273.34,1,0.0,Cartão Crédito,Entregue,Site,273.34,2023,10,2023-10,Thursday
4128,2024-04-14,637,Maysa Andrade,F,26-35,Sul,Lubrificante Íntimo Aquoso 250ml,Lubrificantes,39.64,3,30.0,Boleto,Entregue,Marketplace,83.24,2024,4,2024-04,Sunday
424,2023-01-20,185,Isadora Campos,F,36-45,Nordeste,Creme Excitante Feminino,Cosméticos Íntimos,145.57,1,0.0,Boleto,Entregue,App,145.57,2023,1,2023-01,Friday
4812,2023-09-27,475,Murilo Azevedo,Não informado,26-35,Sudeste,Lingerie Cropped com Bojo,Lingerie,189.59,3,25.0,Cartão Crédito,Entregue,Site,426.58,2023,9,2023-09,Wednesday
1905,2023-01-18,356,Srta. Ana Vitória Melo,F,36-45,Sul,Fantasia Policial,Lingerie,99.07,3,0.0,Pix,Devolvido,Site,297.21,2023,1,2023-01,Wednesday
1531,2024-02-12,103,Isadora Pacheco,F,46+,Nordeste,Vibrador Ponto G Flex,Vibradores,336.56,1,0.0,Pix,Entregue,Site,336.56,2024,2,2024-02,Monday
3814,2024-02-09,255,Samuel Novais,M,26-35,Sul,Cartas Posições Kamasutra,Jogos Adultos,59.18,2,0.0,Cartão Crédito,Entregue,App,118.36,2024,2,2024-02,Friday
1566,2024-01-02,151,Lucas Alves,M,36-45,Sul,Vibrador Ponto G Flex,Vibradores,173.37,3,0.0,Pix,Entregue,App,520.11,2024,1,2024-01,Tuesday
4305,2023-05-31,443,Srta. Ana Liz Mendes,F,18-25,Nordeste,Óleo de Massagem Relaxante,Lubrificantes,72.54,4,0.0,Pix,Entregue,App,290.16,2023,5,2023-05,Wednesday
840,2024-09-21,267,Dra. Ester Correia,F,36-45,Sudeste,Lubrificante Base Silicone,Lubrificantes,73.7,1,20.0,Cartão Crédito,Entregue,App,58.96,2024,9,2024-09,Saturday
501,2024-11-23,315,Caleb Melo,M,36-45,Sudeste,Camisola Sensual Preta,Lingerie,96.49,1,0.0,Pix,Entregue,Marketplace,96.49,2024,11,2024-11,Saturday
142,2023-05-16,81,Beatriz Araújo,F,26-35,Sul,Wand Massager Pro,Vibradores,462.73,2,25.0,Pix,Entregue,App,694.1,2023,5,2023-05,Tuesday
1378,2023-12-03,196,Anna Liz Carvalho,F,26-35,Sul,Mini Vibrador Discreto,Vibradores,365.47,2,0.0,Pix,Entregue,Site,730.94,2023,12,2023-12,Sunday
4319,2023-03-27,143,Cauê Garcia,M,18-25,Nordeste,Gel Excitante Masculino,Lubrificantes,47.52,1,15.0,Boleto,Entregue,App,40.39,2023,3,2023-03,Monday
5440,2023-02-13,462,Lucas Rios,M,18-25,Sudeste,Lingerie Cropped com Bojo,Lingerie,110.38,2,20.0,Pix,Entregue,Site,176.61,2023,2,2023-02,Monday
2623,2024-09-29,156,Bruna Gomes,F,26-35,Nordeste,Lubrificante Base Silicone,Lubrificantes,36.78,4,0.0,Cartão Crédito,Entregue,App,147.12,2024,9,2024-09,Sunday
1139,2023-03-23,178,Brayan Marques,M,26-35,Sudeste,Vibrador Rabbit Premium,Vibradores,367.89,1,0.0,Pix,Entregue,Site,367.89,2023,3,2023-03,Thursday
2258,2024-12-22,154,Maya Ferreira,F,18-25,Sudeste,Lingerie Cropped com Bojo,Lingerie,65.55,1,0.0,Cartão Crédito,Entregue,Site,65.55,2024,12,2024-12,Sunday
3115,2023-04-01,62,Sra. Eloah da Luz,F,26-35,Sudeste,Lubrificante Íntimo Aquoso 250ml,Lubrificantes,81.69,1,0.0,Pix,Entregue,Site,81.69,2023,4,2023-04,Saturday
1788,2024-06-15,255,Samuel Novais,M,26-35,Sul,Vibrador Rabbit Premium,Vibradores,203.83,1,0.0,Boleto,Entregue,Site,203.83,2024,6,2024-06,Saturday
3143,2023-11-16,236,Ana Cecília Ferreira,F,36-45,Sul,Mini Vibrador Discreto,Vibradores,367.54,5,15.0,Pix,Entregue,Site,1562.04,2023,11,2023-11,Thursday
551,2024-03-20,199,Maria Luísa Farias,F,46+,Nordeste,Dominó Erótico,Jogos Adultos,57.76,1,0.0,Pix,Entregue,Marketplace,57.76,2024,3,2024-03,Wednesday
4294,2023-04-13,560,Ana Clara Jesus,F,26-35,Sudeste,Camisola Sensual Preta,Lingerie,136.99,1,0.0,Pix,Entregue,App,136.99,2023,4,2023-04,Thursday
2020,2023-03-24,289,Srta. Giovanna Pires,F,36-45,Sudeste,Gel Excitante Feminino,Lubrificantes,47.78,1,10.0,Cartão Crédito,Entregue,App,43.0,2023,3,2023-03,Friday
949,2023-02-13,504,Maria Cecília Borges,F,26-35,Sul,Lubrificante Base Silicone,Lubrificantes,87.17,1,0.0,Pix,Entregue,Site,87.17,2023,2,2023-02,Monday
2777,2023-03-08,13,Cauã Borges,M,36-45,Nordeste,Body Coelhinha Plus Size,Lingerie,106.51,1,0.0,Pix,Devolvido,Site,106.51,2023,3,2023-03,Wednesday
5405,2024-04-08,118,Dra. Alexia Rios,F,46+,Sudeste,Vibrador Ponto G Flex,Vibradores,201.81,3,0.0,Pix,Entregue,Marketplace,605.43,2024,4,2024-04,Monday
533,2024-07-11,787,Anthony Gabriel Sousa,M,18-25,Nordeste,Sabonete Íntimo pH Neutro,Cosméticos Íntimos,34.91,1,25.0,Boleto,Entregue,App,26.18,2024,7,2024-07,Thursday
4948,2023-06-15,352,Sarah Pastor,F,46+,Sudeste,Spray Prolongador,Cosméticos Íntimos,120.33,1,0.0,Cartão Crédito,Entregue,Site,120.33,2023,6,2023-06,Thursday
1830,2023-02-09,96,Vitor Hugo Araújo,M,36-45,Sudeste,Meia-Calça Rendada,Lingerie,144.65,1,0.0,Cartão Crédito,Entregue,Marketplace,144.65,2023,2,2023-02,Thursday
4906,2023-02-24,49,Eduarda Marques,F,26-35,Sul,Lubrificante Íntimo Aquoso 250ml,Lubrificantes,48.14,1,10.0,Boleto,Entregue,Marketplace,43.33,2023,2,2023-02,Friday
4464,2023-05-28,41,Benicio Camargo,M,26-35,Nordeste,Gel Excitante Masculino,Lubrificantes,34.18,2,0.0,Pix,Entregue,App,68.36,2023,5,2023-05,Sunday
3969,2023-08-24,238,Bernardo Montenegro,M,46+,Sul,Lingerie Cropped com Bojo,Lingerie,118.34,3,20.0,Pix,Entregue,App,284.02,2023,8,2023-08,Thursday
1603,2024-03-17,72,Ana Beatriz Farias,F,46+,Norte,Gel Excitante Feminino,Lubrificantes,87.6,3,25.0,Cartão Crédito,Entregue,Site,197.1,2024,3,2024-03,Sunday
2239,2024-08-07,23,Elisa Freitas,F,18-25,Sudeste,Colar e Guia BDSM,Acessórios BDSM,263.08,1,0.0,Cartão Crédito,Entregue,Site,263.08,2024,8,2024-08,Wednesday
640,2023-03-03,130,Sra. Mariane Novais,F,46+,Nordeste,Meia-Calça Rendada,Lingerie,174.49,1,0.0,Pix,Entregue,App,174.49,2023,3,2023-03,Friday
5362,2024-12-17,72,Ana Beatriz Farias,F,46+,Norte,Lubrificante Íntimo Aquoso 100ml,Lubrificantes,89.38,1,0.0,Boleto,Entregue,App,89.38,2024,12,2024-12,Tuesday
968,2024-12-01,98,Rhavi Montenegro,M,36-45,Sudeste,Lubrificante Íntimo Aquoso 250ml,Lubrificantes,49.43,3,0.0,Cartão Débito,Entregue,Marketplace,148.29,2024,12,2024-12,Sunday
4697,2024-05-16,191,João Guilherme Vargas,M,26-35,Nordeste,Lubrificante Sabores Baunilha,Lubrificantes,53.04,3,0.0,Pix,Entregue,App,159.12,2024,5,2024-05,Thursday
3212,2024-07-09,296,Dr. Rafael Barbosa,M,18-25,Sul,Conjunto Lingerie Boudoir,Lingerie,181.25,3,20.0,Cartão Crédito,Entregue,App,435.0,2024,7,2024-07,Tuesday
1684,2024-01-23,435,Antony Cavalcanti,M,36-45,Nordeste,Gel Excitante Masculino,Lubrificantes,63.11,2,0.0,Boleto,Entregue,App,126.22,2024,1,2024-01,Tuesday
3691,2023-02-12,441,Augusto Siqueira,M,46+,Sudeste,Gel Excitante Masculino,Lubrificantes,67.46,1,0.0,Cartão Crédito,Entregue,App,67.46,2023,2,2023-02,Sunday
4964,2024-03-29,358,Sra. Anna Liz Farias,F,36-45,Sudeste,Body Rendado Vermelho,Lingerie,122.67,1,0.0,Pix,Devolvido,Site,122.67,2024,3,2024-03,Friday
156,2024-05-08,77,Maria Luísa Correia,F,46+,Sudeste,Vibrador Duplo Prazer,Vibradores,413.25,1,15.0,Pix,Entregue,App,351.26,2024,5,2024-05,Wednesday
2296,2024-04-25,3,Cauã Rocha,M,18-25,Sudeste,Kit Roleplay Surpresa,Jogos Adultos,41.17,1,0.0,Cartão Crédito,Entregue,Site,41.17,2024,4,2024-04,Thursday
3976,2024-10-11,553,Cecilia Cassiano,F,18-25,Centro-Oeste,Wand Massager Pro,Vibradores,490.79,3,0.0,Pix,Entregue,Marketplace,1472.37,2024,10,2024-10,Friday
3483,2024-01-17,90,Rafaela Cunha,Não informado,36-45,Sudeste,Cartas Posições Kamasutra,Jogos Adultos,54.07,2,0.0,Cartão Crédito,Entregue,Site,108.14,2024,1,2024-01,Wednesday
1090,2024-10-01,73,Sophie da Costa,F,36-45,Sudeste,Lubrificante Íntimo Aquoso 250ml,Lubrificantes,74.16,1,0.0,Pix,Entregue,Site,74.16,2024,10,2024-10,Tuesday
4702,2024-02-12,22,Rafael Porto,M,36-45,Nordeste,Vibrador Ponto G Flex,Vibradores,235.39,1,0.0,Boleto,Entregue,App,235.39,2024,2,2024-02,Monday
289,2023-11-05,94,Ryan Cassiano,M,36-45,Sudeste,Vibrador Rabbit Premium,Vibradores,168.58,5,25.0,Pix,Entregue,App,632.18,2023,11,2023-11,Sunday
931,2023-11-21,42,Eduarda Vieira,F,18-25,Sudeste,Dado do Prazer,Jogos Adultos,75.85,1,30.0,Boleto,Entregue,Marketplace,53.09,2023,11,2023-11,Tuesday
3103,2023-01-19,572,Davi da Paz,M,26-35,Nordeste,Sabonete Íntimo pH Neutro,Cosméticos Íntimos,98.17,2,20.0,Cartão Crédito,Entregue,Site,157.07,2023,1,2023-01,Thursday
2779,2024-02-26,161,Luísa Pinto,F,18-25,Sudeste,Mordaça Silicone,Acessórios BDSM,280.29,3,0.0,Pix,Entregue,Site,840.87,2024,2,2024-02,Monday
5043,2024-11-23,60,Sra. Ana Lívia Teixeira,F,26-35,Sul,Lubrificante Sabores Morango,Lubrificantes,78.77,1,0.0,Cartão Crédito,Entregue,App,78.77,2024,11,2024-11,Saturday
4776,2023-11-09,441,Augusto Siqueira,M,46+,Sudeste,Vibrador Ponto G Flex,Vibradores,377.28,1,0.0,Cartão Crédito,Entregue,Marketplace,377.28,2023,11,2023-11,Thursday
2901,2024-07-01,39,Luiz Miguel Câmara,M,36-45,Sudeste,Creme Excitante Feminino,Cosméticos Íntimos,34.98,1,10.0,Cartão Débito,Entregue,App,31.48,2024,7,2024-07,Monday
4045,2024-03-22,145,Natália Ferreira,F,46+,Sul,Corda de Shibari 5m,Acessórios BDSM,103.44,1,0.0,Pix,Entregue,Marketplace,103.44,2024,3,2024-03,Friday
943,2024-07-22,280,Rebeca Barbosa,F,26-35,Norte,Lubrificante Sabores Morango,Lubrificantes,36.36,1,0.0,Cartão Crédito,Entregue,Site,36.36,2024,7,2024-07,Monday
2355,2023-10-30,336,Isabelly Marques,F,18-25,Sudeste,Vibrador Rabbit Premium,Vibradores,106.45,3,0.0,Cartão Crédito,Entregue,Marketplace,319.35,2023,10,2023-10,Monday
4796,2024-11-26,107,Gabrielly Rios,F,46+,Nordeste,Óleo de Massagem Relaxante,Lubrificantes,48.25,1,0.0,Cartão Crédito,Entregue,App,48.25,2024,11,2024-11,Tuesday
5177,2024-11-08,521,Sra. Kamilly Pastor,F,36-45,Sudeste,Meia-Calça Rendada,Lingerie,166.71,4,30.0,Pix,Entregue,Site,466.79,2024,11,2024-11,Friday
1699,2023-01-28,680,Daniela Cavalcante,F,26-35,Nordeste,Sabonete Íntimo pH Neutro,Cosméticos Íntimos,35.4,1,0.0,Cartão Crédito,Entregue,Site,35.4,2023,1,2023-01,Saturday
4015,2024-05-15,273,Sr. João Guilherme Aparecida,M,18-25,Nordeste,Wand Massager Pro,Vibradores,341.76,3,25.0,Pix,Entregue,Site,768.96,2024,5,2024-05,Wednesday
4078,2023-11-13,90,Rafaela Cunha,Não informado,36-45,Sudeste,Mini Vibrador Discreto,Vibradores,418.6,2,0.0,Pix,Entregue,App,837.2,2023,11,2023-11,Monday
4398,2023-03-06,23,Elisa Freitas,F,18-25,Sudeste,Mini Vibrador Discreto,Vibradores,175.69,1,10.0,Pix,Entregue,App,158.12,2023,3,2023-03,Monday
4735,2024-11-17,154,Maya Ferreira,F,18-25,Sudeste,Vibrador Ponto G Flex,Vibradores,344.1,1,15.0,Cartão Débito,Entregue,App,292.48,2024,11,2024-11,Sunday
3769,2024-05-26,50,João Montenegro,M,26-35,Sudeste,Fantasia Policial,Lingerie,148.8,1,0.0,Pix,Entregue,Marketplace,148.8,2024,5,2024-05,Sunday
986,2024-06-06,186,Davi Luiz Martins,M,18-25,Norte,Colar e Guia BDSM,Acessórios BDSM,178.25,5,0.0,Pix,Entregue,Marketplace,891.25,2024,6,2024-06,Thursday
2681,2024-11-26,86,Isadora Barbosa,Não informado,18-25,Sudeste,Wand Massager Pro,Vibradores,113.29,2,0.0,Cartão Débito,Entregue,Site,226.58,2024,11,2024-11,Tuesday
2733,2023-02-22,17,Bruno Novaes,M,26-35,Sudeste,Conjunto Lingerie Boudoir,Lingerie,162.04,2,15.0,Pix,Entregue,Site,275.47,2023,2,2023-02,Wednesday
5302,2023-08-22,3,Cauã Rocha,M,18-25,Sudeste,Venda para Olhos Satin,Acessórios BDSM,197.07,2,0.0,Pix,Entregue,App,394.14,2023,8,2023-08,Tuesday
982,2023-05-21,380,Fernanda Gomes,F,36-45,Sudeste,Mini Vibrador Discreto,Vibradores,166.48,1,0.0,Cartão Crédito,Entregue,Site,166.48,2023,5,2023-05,Sunday
5170,2024-07-02,378,Letícia Porto,F,26-35,Sudeste,Fantasia Policial,Lingerie,170.59,4,10.0,Cartão Crédito,Entregue,App,614.12,2024,7,2024-07,Tuesday
5055,2023-05-03,157,Gabriel da Cunha,M,18-25,Sudeste,Massageador Corporal Wave,Vibradores,468.27,2,25.0,Pix,Devolvido,Site,702.4,2023,5,2023-05,Wednesday
5325,2024-02-20,16,Sra. Zoe Campos,F,18-25,Sudeste,Gel Excitante Feminino,Lubrificantes,36.05,1,0.0,Pix,Entregue,App,36.05,2024,2,2024-02,Tuesday
3887,2023-03-06,575,Ayla Câmara,F,46+,Nordeste,Lubrificante Sabores Baunilha,Lubrificantes,44.23,1,0.0,Cartão Crédito,Entregue,Marketplace,44.23,2023,3,2023-03,Monday
4100,2024-08-31,8,Yago Leão,M,26-35,Sudeste,Vibrador Clássico Silicone,Vibradores,104.47,3,0.0,Pix,Entregue,Marketplace,313.41,2024,8,2024-08,Saturday
5378,2023-02-27,115,Isabelly Freitas,F,18-25,Sudeste,Lubrificante Íntimo Aquoso 100ml,Lubrificantes,35.17,1,20.0,Pix,Entregue,App,28.14,2023,2,2023-02,Monday
4410,2023-01-09,218,Lara Sá,F,46+,Sul,Venda para Olhos Satin,Acessórios BDSM,126.78,1,0.0,Cartão Débito,Entregue,Marketplace,126.78,2023,1,2023-01,Monday
1458,2023-12-01,298,Dra. Fernanda Lima,F,26-35,Nordeste,Corda de Shibari 5m,Acessórios BDSM,107.84,1,0.0,Boleto,Devolvido,Site,107.84,2023,12,2023-12,Friday
1396,2023-10-15,443,Srta. Ana Liz Mendes,F,18-25,Nordeste,Body Rendado Vermelho,Lingerie,81.32,3,0.0,Cartão Crédito,Entregue,Marketplace,243.96,2023,10,2023-10,Sunday
265,2024-04-02,509,Ana Vitória Moraes,F,26-35,Sudeste,Wand Massager Pro,Vibradores,377.22,1,5.0,Pix,Entregue,Site,358.36,2024,4,2024-04,Tuesday
3040,2024-04-20,198,Srta. Hadassa Azevedo,F,26-35,Nordeste,Lubrificante Base Silicone,Lubrificantes,69.05,3,0.0,Cartão Crédito,Entregue,Site,207.15,2024,4,2024-04,Saturday
3762,2024-09-24,346,Marcos Vinicius Marques,M,26-35,Sudeste,Dado do Prazer,Jogos Adultos,74.46,2,0.0,Pix,Entregue,Site,148.92,2024,9,2024-09,Tuesday
3878,2023-11-28,512,Dra. Clara da Costa,F,36-45,Sul,Lubrificante Íntimo Aquoso 100ml,Lubrificantes,49.19,2,5.0,Pix,Entregue,App,93.46,2023,11,2023-11,Tuesday
2401,2023-10-12,115,Isabelly Freitas,F,18-25,Sudeste,Body Rendado Vermelho,Lingerie,128.17,2,0.0,Pix,Entregue,Marketplace,256.34,2023,10,2023-10,Thursday
2179,2023-08-01,312,Olivia Moreira,F,26-35,Norte,Colar e Guia BDSM,Acessórios BDSM,214.01,1,0.0,Cartão Crédito,Entregue,App,214.01,2023,8,2023-08,Tuesday
247,2024-11-12,153,João Andrade,M,26-35,Sul,Kit Roleplay Surpresa,Jogos Adultos,80.7,1,0.0,Pix,Entregue,Site,80.7,2024,11,2024-11,Tuesday
1595,2023-03-19,337,Diogo Gomes,M,26-35,Sul,Lubrificante Sabores Morango,Lubrificantes,46.57,1,0.0,Pix,Entregue,Site,46.57,2023,3,2023-03,Sunday
1759,2024-12-19,33,Luara Cunha,Não informado,26-35,Norte,Vibrador Rabbit Premium,Vibradores,490.79,2,10.0,Pix,Devolvido,Site,883.42,2024,12,2024-12,Thursday
5398,2024-02-20,167,Srta. Liz Guerra,F,18-25,Sul,Corda de Shibari 5m,Acessórios BDSM,173.8,1,0.0,Pix,Entregue,App,173.8,2024,2,2024-02,Tuesday
3448,2024-11-21,329,Isaque Santos,M,36-45,Centro-Oeste,Vibrador Ponto G Flex,Vibradores,397.24,1,0.0,Pix,Devolvido,Site,397.24,2024,11,2024-11,Thursday
924,2024-06-26,410,Danilo Carvalho,M,26-35,Centro-Oeste,Mordaça Silicone,Acessórios BDSM,296.88,2,0.0,Pix,Entregue,Marketplace,593.76,2024,6,2024-06,Wednesday
2874,2024-05-29,149,Luiz Fernando Ramos,M,36-45,Nordeste,Massageador Corporal Wave,Vibradores,368.72,1,25.0,Cartão Débito,Entregue,Site,276.54,2024,5,2024-05,Wednesday
269,2024-10-14,123,Giovanna Silva,F,36-45,Sudeste,Kit Iniciante BDSM 5 Peças,Acessórios BDSM,279.41,3,0.0,Pix,Entregue,App,838.23,2024,10,2024-10,Monday
670,2023-06-01,93,Mirella da Paz,F,26-35,Sudeste,Lubrificante Sabores Baunilha,Lubrificantes,30.56,1,0.0,Boleto,Entregue,Site,30.56,2023,6,2023-06,Thursday
3358,2024-02-09,133,Clara Lopes,F,26-35,Sul,Gel Excitante Feminino,Lubrificantes,73.41,2,0.0,Cartão Débito,Entregue,Site,146.82,2024,2,2024-02,Friday
1911,2024-08-08,101,Bernardo Rocha,M,26-35,Nordeste,Gel Excitante Masculino,Lubrificantes,76.05,3,30.0,Pix,Devolvido,Marketplace,159.7,2024,8,2024-08,Thursday
3669,2023-12-15,8,Yago Leão,M,26-35,Sudeste,Body Rendado Vermelho,Lingerie,150.7,1,30.0,Cartão Crédito,Entregue,Site,105.49,2023,12,2023-12,Friday
1153,2023-02-06,315,Caleb Melo,M,36-45,Sudeste,Lubrificante Sabores Morango,Lubrificantes,85.32,1,0.0,Pix,Entregue,App,85.32,2023,2,2023-02,Monday
5344,2023-07-16,49,Eduarda Marques,F,26-35,Sul,Vibrador Clássico Silicone,Vibradores,467.27,1,0.0,Pix,Entregue,Site,467.27,2023,7,2023-07,Sunday
4173,2023-10-19,160,Sr. Luiz Otávio Lopes,M,36-45,Nordeste,Óleo de Massagem Relaxante,Lubrificantes,66.57,1,0.0,Pix,Entregue,Marketplace,66.57,2023,10,2023-10,Thursday
2592,2024-02-10,414,Mirella Freitas,F,18-25,Sul,Lubrificante Sabores Morango,Lubrificantes,67.58,2,25.0,Pix,Entregue,Site,101.37,2024,2,2024-02,Saturday
4703,2023-06-29,288,Ana Liz Pimenta,F,36-45,Centro-Oeste,Sabonete Íntimo pH Neutro,Cosméticos Íntimos,94.94,1,0.0,Pix,Entregue,Marketplace,94.94,2023,6,2023-06,Thursday
1782,2024-05-29,549,Dra. Mariana Moraes,F,36-45,Sudeste,Vibrador Duplo Prazer,Vibradores,309.62,4,0.0,Pix,Entregue,Site,1238.48,2024,5,2024-05,Wednesday
2414,2024-02-11,8,Yago Leão,M,26-35,Sudeste,Creme Retardante Masculino,Cosméticos Íntimos,59.82,3,0.0,Cartão Débito,Entregue,Site,179.46,2024,2,2024-02,Sunday
2308,2024-04-29,257,Sra. Melissa Vieira,F,46+,Sul,Lubrificante Sabores Morango,Lubrificantes,68.3,3,0.0,Cartão Crédito,Entregue,Site,204.9,2024,4,2024-04,Monday
2657,2024-12-27,435,Antony Cavalcanti,M,36-45,Nordeste,Sabonete Íntimo pH Neutro,Cosméticos Íntimos,54.74,2,0.0,Pix,Entregue,Site,109.48,2024,12,2024-12,Friday
3665,2023-02-26,216,Lunna Cunha,F,36-45,Sul,Lingerie Cropped com Bojo,Lingerie,113.85,3,0.0,Pix,Entregue,Marketplace,341.55,2023,2,2023-02,Sunday
1916,2024-12-08,335,Maria Vitória Mendes,F,46+,Sudeste,Body Coelhinha Plus Size,Lingerie,122.56,1,15.0,Pix,Entregue,App,104.18,2024,12,2024-12,Sunday
613,2023-02-03,264,Sra. Júlia das Neves,F,46+,Sul,Dado do Prazer,Jogos Adultos,59.96,1,0.0,Pix,Entregue,Site,59.96,2023,2,2023-02,Friday
3283,2023-01-26,477,Dra. Helena Garcia,F,18-25,Nordeste,Massageador Corporal Wave,Vibradores,131.65,1,5.0,Cartão Crédito,Entregue,Site,125.07,2023,1,2023-01,Thursday
2268,2024-06-08,319,Sra. Ana Carolina Marques,F,36-45,Sudeste,Fantasia Enfermeira,Lingerie,168.53,4,0.0,Cartão Crédito,Entregue,Marketplace,674.12,2024,6,2024-06,Saturday
2534,2024-05-27,5,Ana Beatriz Alves,F,18-25,Sul,Lubrificante Íntimo Aquoso 100ml,Lubrificantes,59.26,1,0.0,Boleto,Entregue,App,59.26,2024,5,2024-05,Monday
1899,2023-06-05,121,Cauê Souza,M,26-35,Sul,Vibrador Clássico Silicone,Vibradores,145.07,1,0.0,Pix,Entregue,Site,145.07,2023,6,2023-06,Monday
3002,2023-03-20,406,Sr. Ravy Alves,M,36-45,Sudeste,Kit Cuidados Íntimos,Cosméticos Íntimos,140.23,2,0.0,Boleto,Entregue,App,280.46,2023,3,2023-03,Monday
259,2023-10-03,227,Nina Sampaio,F,26-35,Sul,Fantasia Policial,Lingerie,64.58,1,0.0,Pix,Entregue,Marketplace,64.58,2023,10,2023-10,Tuesday
4088,2023-04-10,249,Sabrina Duarte,F,46+,Nordeste,Dominó Erótico,Jogos Adultos,109.98,1,0.0,Pix,Entregue,Marketplace,109.98,2023,4,2023-04,Monday
848,2024-09-16,788,Juan Nunes,M,36-45,Sudeste,Vibrador Clássico Silicone,Vibradores,483.11,4,0.0,Boleto,Devolvido,Marketplace,1932.44,2024,9,2024-09,Monday
4057,2024-10-17,431,Caroline Nogueira,F,26-35,Norte,Corda de Shibari 5m,Acessórios BDSM,100.67,1,25.0,Pix,Entregue,App,75.5,2024,10,2024-10,Thursday
4714,2023-11-03,362,Dra. Laura da Conceição,F,26-35,Sudeste,Mini Vibrador Discreto,Vibradores,478.24,4,0.0,Pix,Entregue,App,1912.96,2023,11,2023-11,Friday
3149,2024-12-22,396,Sarah da Mata,F,46+,Nordeste,Cartas Posições Kamasutra,Jogos Adultos,110.4,1,5.0,Pix,Entregue,Site,104.88,2024,12,2024-12,Sunday
1234,2024-10-07,9,Pietro Pastor,M,26-35,Sudeste,Camisola Sensual Preta,Lingerie,59.95,4,10.0,Pix,Entregue,App,215.82,2024,10,2024-10,Monday
1128,2024-11-10,144,Ravy Câmara,M,18-25,Sudeste,Vibrador Duplo Prazer,Vibradores,322.07,1,0.0,Boleto,Entregue,Site,322.07,2024,11,2024-11,Sunday
3788,2023-12-22,170,Luna Martins,F,18-25,Sudeste,Jogo Tabuleiro Casais,Jogos Adultos,121.84,1,15.0,Boleto,Entregue,Site,103.56,2023,12,2023-12,Friday
1968,2024-04-13,124,Gustavo Rodrigues,M,26-35,Nordeste,Massageador Corporal Wave,Vibradores,161.29,2,0.0,Pix,Entregue,App,322.58,2024,4,2024-04,Saturday
559,2024-03-17,364,Dra. Beatriz Macedo,F,46+,Sudeste,Spray Prolongador,Cosméticos Íntimos,73.34,1,0.0,Cartão Crédito,Entregue,Site,73.34,2024,3,2024-03,Sunday
905,2024-06-26,150,Maria Liz Rocha,F,36-45,Sul,Vibrador Rabbit Premium,Vibradores,322.94,4,25.0,Pix,Entregue,Marketplace,968.82,2024,6,2024-06,Wednesday
2615,2023-02-24,105,Mariah Ribeiro,F,18-25,Nordeste,Meia-Calça Rendada,Lingerie,95.4,1,0.0,Cartão Crédito,Entregue,Marketplace,95.4,2023,2,2023-02,Friday
485,2023-02-15,236,Ana Cecília Ferreira,F,36-45,Sul,Massageador Corporal Wave,Vibradores,222.2,2,0.0,Cartão Débito,Entregue,Site,444.4,2023,2,2023-02,Wednesday
2212,2024-06-17,415,Dra. Ágatha Leão,F,26-35,Sudeste,Lingerie Cropped com Bojo,Lingerie,168.39,2,25.0,Pix,Entregue,Site,252.58,2024,6,2024-06,Monday
1321,2024-03-31,79,Maria Lima,F,18-25,Centro-Oeste,Corda de Shibari 5m,Acessórios BDSM,90.43,2,0.0,Pix,Entregue,Marketplace,180.86,2024,3,2024-03,Sunday
3075,2023-12-07,244,Ravi Lucca Lopes,M,26-35,Sul,Body Coelhinha Plus Size,Lingerie,77.66,1,0.0,Cartão Crédito,Entregue,Site,77.66,2023,12,2023-12,Thursday
2556,2023-06-06,659,Guilherme Vieira,M,26-35,Nordeste,Lingerie Cropped com Bojo,Lingerie,110.36,3,15.0,Cartão Débito,Entregue,Site,281.42,2023,6,2023-06,Tuesday
8,2023-04-08,492,José Miguel da Rocha,M,26-35,Nordeste,Colar e Guia BDSM,Acessórios BDSM,279.59,5,10.0,Cartão Crédito,Entregue,Site,1258.16,2023,4,2023-04,Saturday
2316,2023-09-22,40,Thomas Monteiro,M,36-45,Sudeste,Lubrificante Base Silicone,Lubrificantes,88.34,2,0.0,Boleto,Entregue,Marketplace,176.68,2023,9,2023-09,Friday
4708,2024-11-15,61,Davi Lucas Cardoso,M,36-45,Norte,Vibrador Clássico Silicone,Vibradores,100.11,3,0.0,Pix,Entregue,Site,300.33,2024,11,2024-11,Friday
4031,2024-09-18,294,Dra. Olivia da Rocha,F,26-35,Sudeste,Lubrificante Base Silicone,Lubrificantes,77.9,2,0.0,Pix,Entregue,Marketplace,155.8,2024,9,2024-09,Wednesday
3922,2023-12-31,140,Maria Sophia Alves,F,36-45,Sudeste,Camisola Sensual Preta,Lingerie,195.61,4,0.0,Pix,Entregue,Marketplace,782.44,2023,12,2023-12,Sunday
1451,2023-12-31,187,Dr. Pedro Miguel Pimenta,M,26-35,Sudeste,Massageador Corporal Wave,Vibradores,248.74,1,0.0,Cartão Crédito,Entregue,Marketplace,248.74,2023,12,2023-12,Sunday
2427,2023-01-24,35,Diego da Luz,M,26-35,Sudeste,Mini Vibrador Discreto,Vibradores,243.29,2,0.0,Cartão Débito,Entregue,App,486.58,2023,1,2023-01,Tuesday
2649,2023-08-29,155,Sra. Maya Pereira,F,26-35,Sul,Vibrador Ponto G Flex,Vibradores,369.39,2,0.0,Cartão Crédito,Entregue,Site,738.78,2023,8,2023-08,Tuesday
1815,2024-01-27,24,Giovanna Rios,F,26-35,Centro-Oeste,Óleo de Massagem Relaxante,Lubrificantes,35.83,2,0.0,Cartão Crédito,Entregue,Site,71.66,2024,1,2024-01,Saturday
774,2024-02-19,139,Srta. Isabela Castro,F,18-25,Sudeste,Massageador Corporal Wave,Vibradores,142.68,1,0.0,Pix,Entregue,App,142.68,2024,2,2024-02,Monday
2275,2024-02-02,648,João Vasconcelos,M,36-45,Norte,Dominó Erótico,Jogos Adultos,117.29,1,0.0,Cartão Crédito,Entregue,App,117.29,2024,2,2024-02,Friday
1012,2024-04-10,755,Luiz Fernando Novais,M,36-45,Sudeste,Vibrador Rabbit Premium,Vibradores,156.36,2,0.0,Cartão Débito,Entregue,Site,312.72,2024,4,2024-04,Wednesday
3459,2024-04-10,314,Maya Porto,F,36-45,Sul,Vibrador Ponto G Flex,Vibradores,216.91,5,0.0,Pix,Entregue,Site,1084.55,2024,4,2024-04,Wednesday
2998,2024-11-02,103,Isadora Pacheco,F,46+,Nordeste,Perfume Íntimo Floral,Cosméticos Íntimos,80.57,1,0.0,Pix,Entregue,Site,80.57,2024,11,2024-11,Saturday
1278,2024-03-16,751,Evelyn da Cruz,F,26-35,Sudeste,Mini Vibrador Discreto,Vibradores,147.64,1,0.0,Cartão Crédito,Entregue,App,147.64,2024,3,2024-03,Saturday
1784,2023-02-16,270,Beatriz Correia,F,26-35,Sul,Lubrificante Sabores Morango,Lubrificantes,55.29,1,5.0,Pix,Entregue,Marketplace,52.53,2023,2,2023-02,Thursday
3818,2024-03-29,437,Sra. Valentina Camargo,F,26-35,Sudeste,Vibrador Duplo Prazer,Vibradores,362.59,1,0.0,Pix,Entregue,Site,362.59,2024,3,2024-03,Friday
447,2024-02-25,749,Ísis Fogaça,F,18-25,Sudeste,Body Rendado Vermelho,Lingerie,123.38,1,0.0,Cartão Crédito,Entregue,App,123.38,2024,2,2024-02,Sunday
4953,2023-02-08,141,Lívia Viana,F,36-45,Sudeste,Fantasia Enfermeira,Lingerie,84.44,2,0.0,Pix,Entregue,Site,168.88,2023,2,2023-02,Wednesday
782,2023-02-20,211,Ravi Lucca Cardoso,Não informado,26-35,Sudeste,Lubrificante Sabores Baunilha,Lubrificantes,46.39,2,0.0,Cartão Crédito,Entregue,Site,92.78,2023,2,2023-02,Monday
5392,2024-01-21,227,Nina Sampaio,F,26-35,Sul,Fantasia Policial,Lingerie,94.88,2,25.0,Cartão Débito,Entregue,Site,142.32,2024,1,2024-01,Sunday
1750,2024-10-04,41,Benicio Camargo,M,26-35,Nordeste,Gel Excitante Feminino,Lubrificantes,60.23,2,0.0,Pix,Entregue,Site,120.46,2024,10,2024-10,Friday
2127,2024-03-20,268,Rafaela da Mota,F,26-35,Norte,Camisola Sensual Preta,Lingerie,189.0,4,20.0,Pix,Entregue,Marketplace,604.8,2024,3,2024-03,Wednesday
4424,2023-12-26,340,Manuela Viana,F,18-25,Nordeste,Chicote de Couro Soft,Acessórios BDSM,198.09,1,0.0,Pix,Entregue,Site,198.09,2023,12,2023-12,Tuesday
2424,2024-07-07,167,Srta. Liz Guerra,F,18-25,Sul,Sabonete Íntimo pH Neutro,Cosméticos Íntimos,79.31,1,15.0,Pix,Entregue,Site,67.41,2024,7,2024-07,Sunday
5417,2023-03-10,120,Catarina da Luz,F,18-25,Sul,Óleo de Massagem Relaxante,Lubrificantes,35.58,1,0.0,Cartão Crédito,Entregue,App,35.58,2023,3,2023-03,Friday
4792,2024-03-08,655,Ágatha da Rocha,F,26-35,Nordeste,Gel Térmico Sensação Quente,Cosméticos Íntimos,102.16,2,20.0,Boleto,Entregue,Site,163.46,2024,3,2024-03,Friday
884,2024-02-18,31,Luara Guerra,F,36-45,Nordeste,Vibrador Ponto G Flex,Vibradores,422.37,3,25.0,Pix,Entregue,App,950.33,2024,2,2024-02,Sunday
3008,2024-10-11,4,Dra. Aurora Pastor,F,26-35,Sul,Vibrador Rabbit Premium,Vibradores,499.76,1,25.0,Pix,Entregue,Site,374.82,2024,10,2024-10,Friday
1092,2023-02-28,279,Danilo Azevedo,M,26-35,Sul,Body Rendado Vermelho,Lingerie,160.59,5,0.0,Cartão Crédito,Entregue,App,802.95,2023,2,2023-02,Tuesday
3961,2023-04-25,230,Luana Caldeira,F,26-35,Nordeste,Óleo de Massagem Relaxante,Lubrificantes,56.08,1,0.0,Pix,Entregue,Site,56.08,2023,4,2023-04,Tuesday
3606,2023-12-02,56,Rebeca Almeida,F,26-35,Sul,Vibrador Rabbit Premium,Vibradores,422.37,2,0.0,Cartão Crédito,Entregue,Site,844.74,2023,12,2023-12,Saturday
532,2023-05-06,799,Sr. Ravi Lucca das Neves,M,36-45,Sul,Camisola Sensual Preta,Lingerie,72.19,1,5.0,Cartão Débito,Entregue,Site,68.58,2023,5,2023-05,Saturday
2439,2023-04-21,211,Ravi Lucca Cardoso,Não informado,26-35,Sudeste,Óleo de Massagem Relaxante,Lubrificantes,78.78,2,0.0,Cartão Débito,Entregue,Site,157.56,2023,4,2023-04,Friday
4506,2023-01-27,93,Mirella da Paz,F,26-35,Sudeste,Vibrador Rabbit Premium,Vibradores,334.56,1,0.0,Pix,Devolvido,Site,334.56,2023,1,2023-01,Friday
4086,2023-02-22,18,Maria Cecília Oliveira,F,26-35,Centro-Oeste,Óleo de Massagem Relaxante,Lubrificantes,48.26,1,0.0,Pix,Entregue,Marketplace,48.26,2023,2,2023-02,Wednesday
3930,2023-02-21,36,Josué Souza,M,18-25,Sul,Cartas Posições Kamasutra,Jogos Adultos,128.93,3,0.0,Cartão Crédito,Entregue,Site,386.79,2023,2,2023-02,Tuesday
1728,2023-09-18,788,Juan Nunes,M,36-45,Sudeste,Lubrificante Íntimo Aquoso 100ml,Lubrificantes,33.04,1,0.0,Cartão Crédito,Entregue,App,33.04,2023,9,2023-09,Monday
611,2024-09-01,12,Eduardo Cunha,Não informado,26-35,Sul,Gel Excitante Masculino,Lubrificantes,80.61,2,0.0,Pix,Entregue,Marketplace,161.22,2024,9,2024-09,Sunday
571,2024-02-08,196,Anna Liz Carvalho,F,26-35,Sul,Vibrador Rabbit Premium,Vibradores,119.44,1,20.0,Pix,Entregue,App,95.55,2024,2,2024-02,Thursday
3335,2023-10-09,530,Bento Machado,M,26-35,Centro-Oeste,Dominó Erótico,Jogos Adultos,42.31,2,0.0,Cartão Crédito,Entregue,App,84.62,2023,10,2023-10,Monday
3723,2023-10-31,614,Asafe Dias,Não informado,26-35,Norte,Lubrificante Íntimo Aquoso 100ml,Lubrificantes,81.21,4,0.0,Cartão Crédito,Entregue,App,324.84,2023,10,2023-10,Tuesday
344,2023-06-18,156,Bruna Gomes,F,26-35,Nordeste,Vibrador Duplo Prazer,Vibradores,249.42,2,0.0,Cartão Crédito,Entregue,App,498.84,2023,6,2023-06,Sunday
4629,2024-06-01,276,Larissa Melo,F,18-25,Sul,Vibrador Ponto G Flex,Vibradores,376.68,2,0.0,Boleto,Entregue,Marketplace,753.36,2024,6,2024-06,Saturday
4049,2023-02-10,471,Amanda Pereira,F,18-25,Sudeste,Chicote de Couro Soft,Acessórios BDSM,155.81,4,15.0,Cartão Crédito,Entregue,App,529.75,2023,2,2023-02,Friday
435,2024-02-07,25,Brayan Pereira,M,26-35,Sul,Mordaça Silicone,Acessórios BDSM,212.72,1,30.0,Pix,Entregue,Marketplace,148.9,2024,2,2024-02,Wednesday
1904,2023-10-25,11,Otávio Fernandes,M,36-45,Sul,Mordaça Silicone,Acessórios BDSM,270.04,2,0.0,Cartão Crédito,Entregue,Site,540.08,2023,10,2023-10,Wednesday
98,2024-04-02,153,João Andrade,M,26-35,Sul,Sabonete Íntimo pH Neutro,Cosméticos Íntimos,110.04,1,0.0,Cartão Crédito,Entregue,Site,110.04,2024,4,2024-04,Tuesday
2925,2023-03-18,128,Lívia Vargas,F,26-35,Sudeste,Lubrificante Sabores Baunilha,Lubrificantes,59.57,1,0.0,Cartão Crédito,Entregue,Marketplace,59.57,2023,3,2023-03,Saturday
1538,2023-05-14,302,João Pedro Macedo,M,26-35,Sul,Mini Vibrador Discreto,Vibradores,450.42,3,0.0,Cartão Crédito,Entregue,Marketplace,1351.26,2023,5,2023-05,Sunday
4782,2024-12-06,58,Ana Laura da Costa,F,26-35,Nordeste,Fantasia Enfermeira,Lingerie,74.79,1,0.0,Cartão Crédito,Devolvido,Marketplace,74.79,2024,12,2024-12,Friday
2875,2024-04-24,389,Sr. Calebe Pires,M,18-25,Sudeste,Lubrificante Sabores Baunilha,Lubrificantes,70.54,1,0.0,Cartão Crédito,Entregue,Site,70.54,2024,4,2024-04,Wednesday
1518,2024-05-31,542,Dra. Clarice Farias,F,18-25,Sudeste,Lubrificante Sabores Baunilha,Lubrificantes,49.01,1,0.0,Boleto,Entregue,Marketplace,49.01,2024,5,2024-05,Friday
5404,2023-02-01,79,Maria Lima,F,18-25,Centro-Oeste,Massageador Corporal Wave,Vibradores,345.29,1,0.0,Boleto,Entregue,Site,345.29,2023,2,2023-02,Wednesday
529,2024-12-11,17,Bruno Novaes,M,26-35,Sudeste,Venda para Olhos Satin,Acessórios BDSM,145.89,5,15.0,Cartão Crédito,Entregue,Site,620.03,2024,12,2024-12,Wednesday
177,2024-12-02,309,Ian Rocha,M,26-35,Sul,Fantasia Enfermeira,Lingerie,117.71,3,0.0,Pix,Entregue,App,353.13,2024,12,2024-12,Monday
2471,2023-05-11,72,Ana Beatriz Farias,F,46+,Norte,Perfume Íntimo Floral,Cosméticos Íntimos,103.27,2,20.0,Cartão Crédito,Entregue,Site,165.23,2023,5,2023-05,Thursday
5419,2024-02-17,184,Dra. Nicole Aragão,F,36-45,Sul,Lubrificante Íntimo Aquoso 250ml,Lubrificantes,77.63,1,25.0,Cartão Crédito,Entregue,Site,58.22,2024,2,2024-02,Saturday
3113,2024-11-17,328,Ryan Campos,M,18-25,Sul,Meia-Calça Rendada,Lingerie,99.28,2,0.0,Pix,Entregue,Site,198.56,2024,11,2024-11,Sunday
4763,2024-06-01,364,Dra. Beatriz Macedo,F,46+,Sudeste,Lubrificante Íntimo Aquoso 100ml,Lubrificantes,54.32,2,0.0,Cartão Crédito,Entregue,Site,108.64,2024,6,2024-06,Saturday
573,2023-03-29,139,Srta. Isabela Castro,F,18-25,Sudeste,Óleo de Massagem Relaxante,Lubrificantes,78.83,1,0.0,Pix,Entregue,Site,78.83,2023,3,2023-03,Wednesday
3978,2024-10-13,216,Lunna Cunha,F,36-45,Sul,Vibrador Clássico Silicone,Vibradores,234.9,2,0.0,Pix,Entregue,Site,469.8,2024,10,2024-10,Sunday
593,2023-06-03,56,Rebeca Almeida,F,26-35,Sul,Colar e Guia BDSM,Acessórios BDSM,196.49,3,0.0,Pix,Entregue,Marketplace,589.47,2023,6,2023-06,Saturday
4611,2024-11-09,114,Caroline Ferreira,F,36-45,Sudeste,Lingerie Cropped com Bojo,Lingerie,99.46,2,0.0,Cartão Débito,Entregue,Site,198.92,2024,11,2024-11,Saturday
3013,2024-06-08,101,Bernardo Rocha,M,26-35,Nordeste,Massageador Corporal Wave,Vibradores,491.69,2,15.0,Pix,Entregue,App,835.87,2024,6,2024-06,Saturday
2375,2023-10-28,296,Dr. Rafael Barbosa,M,18-25,Sul,Body Coelhinha Plus Size,Lingerie,147.13,2,0.0,Pix,Entregue,Marketplace,294.26,2023,10,2023-10,Saturday
5209,2023-10-16,497,Sra. Ana Sophia Gonçalves,F,18-25,Centro-Oeste,Dominó Erótico,Jogos Adultos,87.55,1,0.0,Cartão Crédito,Entregue,App,87.55,2023,10,2023-10,Monday
3951,2023-06-08,7,Apollo Novais,M,18-25,Nordeste,Vibrador Ponto G Flex,Vibradores,458.8,1,0.0,Pix,Entregue,Marketplace,458.8,2023,6,2023-06,Thursday
3162,2024-10-21,7,Apollo Novais,M,18-25,Nordeste,Spray Prolongador,Cosméticos Íntimos,49.42,1,0.0,Cartão Débito,Entregue,Site,49.42,2024,10,2024-10,Monday
2209,2023-11-04,96,Vitor Hugo Araújo,M,36-45,Sudeste,Kit Algemas Veludo,Acessórios BDSM,105.94,1,15.0,Pix,Entregue,App,90.05,2023,11,2023-11,Saturday
4984,2023-10-19,456,Srta. Luara Lima,F,46+,Sudeste,Chicote de Couro Soft,Acessórios BDSM,123.51,5,20.0,Cartão Débito,Entregue,Marketplace,494.04,2023,10,2023-10,Thursday
2493,2024-04-06,371,Anna Liz Pimenta,F,26-35,Sul,Massageador Corporal Wave,Vibradores,389.95,3,25.0,Pix,Entregue,Site,877.39,2024,4,2024-04,Saturday
3382,2024-04-29,155,Sra. Maya Pereira,F,26-35,Sul,Gel Excitante Masculino,Lubrificantes,80.92,1,0.0,Pix,Entregue,Site,80.92,2024,4,2024-04,Monday
384,2023-07-02,509,Ana Vitória Moraes,F,26-35,Sudeste,Colar e Guia BDSM,Acessórios BDSM,72.2,3,0.0,Cartão Crédito,Entregue,App,216.6,2023,7,2023-07,Sunday
853,2024-04-27,66,Dr. Pedro Lucas Moreira,M,26-35,Sudeste,Lubrificante Íntimo Aquoso 250ml,Lubrificantes,62.38,2,0.0,Boleto,Entregue,App,124.76,2024,4,2024-04,Saturday
1881,2023-04-16,308,José Alves,M,36-45,Centro-Oeste,Meia-Calça Rendada,Lingerie,103.34,1,0.0,Pix,Entregue,Site,103.34,2023,4,2023-04,Sunday
2911,2023-02-03,73,Sophie da Costa,F,36-45,Sudeste,Gel Excitante Feminino,Lubrificantes,36.34,1,20.0,Cartão Crédito,Entregue,Site,29.07,2023,2,2023-02,Friday
3774,2023-11-05,344,Zoe Mendes,F,26-35,Sudeste,Lubrificante Base Silicone,Lubrificantes,73.33,1,25.0,Cartão Crédito,Entregue,Site,55.0,2023,11,2023-11,Sunday
4794,2023-12-26,98,Rhavi Montenegro,M,36-45,Sudeste,Lubrificante Sabores Baunilha,Lubrificantes,50.74,1,0.0,Pix,Entregue,Site,50.74,2023,12,2023-12,Tuesday
1106,2024-12-26,53,Daniela Freitas,F,26-35,Sudeste,Camisola Sensual Preta,Lingerie,172.73,1,20.0,Cartão Crédito,Entregue,App,138.18,2024,12,2024-12,Thursday
3150,2023-06-22,165,Sra. Carolina Correia,F,18-25,Sudeste,Vibrador Rabbit Premium,Vibradores,240.1,1,0.0,Pix,Entregue,Site,240.1,2023,6,2023-06,Thursday
2362,2024-04-17,150,Maria Liz Rocha,F,36-45,Sul,Lubrificante Base Silicone,Lubrificantes,59.51,1,0.0,Cartão Crédito,Entregue,App,59.51,2024,4,2024-04,Wednesday
4468,2023-11-06,48,Sra. Brenda da Rocha,F,26-35,Centro-Oeste,Vibrador Ponto G Flex,Vibradores,101.33,1,0.0,Cartão Crédito,Entregue,App,101.33,2023,11,2023-11,Monday
1337,2023-03-03,62,Sra. Eloah da Luz,F,26-35,Sudeste,Gel Excitante Masculino,Lubrificantes,47.93,1,20.0,Cartão Débito,Entregue,App,38.34,2023,3,2023-03,Friday
2190,2024-05-22,290,Julia Ribeiro,F,18-25,Sul,Óleo de Massagem Relaxante,Lubrificantes,38.01,1,0.0,Pix,Entregue,App,38.01,2024,5,2024-05,Wednesday
5097,2024-08-15,462,Lucas Rios,M,18-25,Sudeste,Lubrificante Sabores Baunilha,Lubrificantes,46.35,1,5.0,Cartão Crédito,Entregue,Site,44.03,2024,8,2024-08,Thursday
5006,2024-08-01,26,Srta. Yasmin Siqueira,F,46+,Sul,Creme Excitante Feminino,Cosméticos Íntimos,103.25,1,0.0,Boleto,Entregue,Marketplace,103.25,2024,8,2024-08,Thursday
3754,2024-07-31,310,Alícia Teixeira,F,36-45,Sudeste,Vibrador Duplo Prazer,Vibradores,436.48,1,0.0,Pix,Entregue,Marketplace,436.48,2024,7,2024-07,Wednesday
4089,2024-01-04,469,Bruna Teixeira,F,18-25,Centro-Oeste,Lubrificante Íntimo Aquoso 100ml,Lubrificantes,79.97,3,0.0,Cartão Crédito,Entregue,Site,239.91,2024,1,2024-01,Thursday
4886,2023-04-02,519,Clarice Macedo,F,36-45,Sudeste,Body Rendado Vermelho,Lingerie,148.34,1,15.0,Cartão Crédito,Entregue,Site,126.09,2023,4,2023-04,Sunday
5379,2024-04-10,421,Maria Eduarda Nogueira,F,18-25,Sudeste,Wand Massager Pro,Vibradores,318.09,5,0.0,Boleto,Entregue,Site,1590.45,2024,4,2024-04,Wednesday
1172,2024-09-20,733,Srta. Maria Vitória Pacheco,F,36-45,Norte,Fantasia Enfermeira,Lingerie,194.02,3,30.0,Pix,Entregue,Site,407.44,2024,9,2024-09,Friday
3656,2023-11-30,64,Gabriela Silva,F,26-35,Sudeste,Óleo de Massagem Relaxante,Lubrificantes,41.11,1,0.0,Boleto,Entregue,Site,41.11,2023,11,2023-11,Thursday
3300,2024-03-29,414,Mirella Freitas,F,18-25,Sul,Mini Vibrador Discreto,Vibradores,115.44,1,0.0,Pix,Entregue,Marketplace,115.44,2024,3,2024-03,Friday
1423,2024-11-20,12,Eduardo Cunha,Não informado,26-35,Sul,Venda para Olhos Satin,Acessórios BDSM,192.4,1,20.0,Cartão Crédito,Entregue,Marketplace,153.92,2024,11,2024-11,Wednesday
2687,2024-05-15,37,Zoe da Luz,F,46+,Centro-Oeste,Body Coelhinha Plus Size,Lingerie,67.29,1,10.0,Pix,Entregue,Site,60.56,2024,5,2024-05,Wednesday
3241,2023-01-21,147,Evelyn Guerra,F,36-45,Sul,Body Rendado Vermelho,Lingerie,124.33,1,0.0,Cartão Crédito,Entregue,Site,124.33,2023,1,2023-01,Saturday
4610,2023-08-07,130,Sra. Mariane Novais,F,46+,Nordeste,Lingerie Cropped com Bojo,Lingerie,97.82,2,0.0,Pix,Entregue,Marketplace,195.64,2023,8,2023-08,Monday
1465,2023-09-24,798,Dr. Isaac Araújo,M,26-35,Sul,Dado do Prazer,Jogos Adultos,43.2,1,0.0,Pix,Entregue,App,43.2,2023,9,2023-09,Sunday
875,2024-08-24,8,Yago Leão,M,26-35,Sudeste,Perfume Íntimo Floral,Cosméticos Íntimos,42.22,1,0.0,Pix,Devolvido,App,42.22,2024,8,2024-08,Saturday
2298,2024-06-08,11,Otávio Fernandes,M,36-45,Sul,Vibrador Ponto G Flex,Vibradores,371.58,1,0.0,Pix,Entregue,Site,371.58,2024,6,2024-06,Saturday
2644,2024-12-05,275,Sr. Samuel Caldeira,M,36-45,Norte,Gel Excitante Feminino,Lubrificantes,71.84,3,0.0,Pix,Entregue,Marketplace,215.52,2024,12,2024-12,Thursday
3476,2024-05-29,413,Zoe Carvalho,F,26-35,Sudeste,Mordaça Silicone,Acessórios BDSM,69.92,1,0.0,Pix,Entregue,Site,69.92,2024,5,2024-05,Wednesday
4813,2024-01-31,4,Dra. Aurora Pastor,F,26-35,Sul,Mini Vibrador Discreto,Vibradores,158.79,3,0.0,Cartão Crédito,Entregue,Site,476.37,2024,1,2024-01,Wednesday
1252,2024-04-30,179,Gael Silva,M,36-45,Sudeste,Massageador Corporal Wave,Vibradores,341.34,1,0.0,Pix,Entregue,Site,341.34,2024,4,2024-04,Tuesday
841,2023-05-15,4,Dra. Aurora Pastor,F,26-35,Sul,Lubrificante Base Silicone,Lubrificantes,64.66,4,0.0,Boleto,Entregue,Site,258.64,2023,5,2023-05,Monday
3771,2023-08-06,214,Sra. Catarina Martins,F,46+,Sul,Jogo de Cartas Sexo Quiz,Jogos Adultos,78.72,1,30.0,Cartão Crédito,Entregue,Marketplace,55.1,2023,8,2023-08,Sunday
582,2023-08-29,729,Sofia Moraes,F,46+,Sudeste,Wand Massager Pro,Vibradores,96.93,2,5.0,Pix,Entregue,Marketplace,184.17,2023,8,2023-08,Tuesday
205,2024-03-27,250,Raquel Cunha,F,26-35,Sudeste,Venda para Olhos Satin,Acessórios BDSM,221.24,1,5.0,Pix,Entregue,Marketplace,210.18,2024,3,2024-03,Wednesday
1642,2024-11-04,460,Aylla Souza,Não informado,26-35,Sudeste,Kit Iniciante BDSM 5 Peças,Acessórios BDSM,73.19,1,5.0,Pix,Entregue,App,69.53,2024,11,2024-11,Monday
2015,2024-09-04,206,Dra. Ísis Pereira,F,36-45,Sudeste,Body Coelhinha Plus Size,Lingerie,92.47,1,0.0,Pix,Entregue,Site,92.47,2024,9,2024-09,Wednesday
906,2024-02-23,533,Ana Cecília da Cruz,F,26-35,Sul,Lubrificante Sabores Baunilha,Lubrificantes,38.38,1,0.0,Pix,Entregue,App,38.38,2024,2,2024-02,Friday
632,2023-02-20,537,Maitê Rocha,F,18-25,Sul,Gel Excitante Masculino,Lubrificantes,55.17,1,0.0,Pix,Entregue,App,55.17,2023,2,2023-02,Monday
1975,2023-05-19,98,Rhavi Montenegro,M,36-45,Sudeste,Massageador Corporal Wave,Vibradores,313.88,1,0.0,Pix,Entregue,Site,313.88,2023,5,2023-05,Friday
163,2024-01-17,268,Rafaela da Mota,F,26-35,Norte,Óleo de Massagem Relaxante,Lubrificantes,40.69,1,0.0,Pix,Entregue,Site,40.69,2024,1,2024-01,Wednesday
4082,2024-06-27,74,Raquel Cunha,F,46+,Sul,Lubrificante Base Silicone,Lubrificantes,62.61,3,25.0,Cartão Crédito,Entregue,App,140.87,2024,6,2024-06,Thursday
3516,2023-11-21,619,João Gabriel Campos,M,26-35,Nordeste,Camisola Sensual Preta,Lingerie,153.68,1,0.0,Cartão Débito,Entregue,Site,153.68,2023,11,2023-11,Tuesday
4992,2024-07-24,229,Bruna Vasconcelos,F,26-35,Sul,Body Rendado Vermelho,Lingerie,177.56,1,0.0,Cartão Crédito,Entregue,App,177.56,2024,7,2024-07,Wednesday
4856,2024-05-01,60,Sra. Ana Lívia Teixeira,F,26-35,Sul,Dominó Erótico,Jogos Adultos,72.96,1,0.0,Pix,Entregue,App,72.96,2024,5,2024-05,Wednesday
618,2023-11-27,90,Rafaela Cunha,Não informado,36-45,Sudeste,Vibrador Ponto G Flex,Vibradores,94.63,2,0.0,Cartão Crédito,Entregue,Marketplace,189.26,2023,11,2023-11,Monday
876,2023-12-06,48,Sra. Brenda da Rocha,F,26-35,Centro-Oeste,Perfume Íntimo Floral,Cosméticos Íntimos,115.51,2,20.0,Cartão Crédito,Entregue,Site,184.82,2023,12,2023-12,Wednesday
1432,2023-08-21,197,Isabel Gomes,F,18-25,Nordeste,Body Coelhinha Plus Size,Lingerie,183.38,1,30.0,Cartão Crédito,Devolvido,Site,128.37,2023,8,2023-08,Monday
3932,2024-01-01,56,Rebeca Almeida,F,26-35,Sul,Lubrificante Íntimo Aquoso 100ml,Lubrificantes,85.77,3,0.0,Pix,Entregue,Site,257.31,2024,1,2024-01,Monday
548,2023-02-28,295,Isabel da Paz,F,36-45,Centro-Oeste,Fantasia Policial,Lingerie,101.67,1,0.0,Cartão Crédito,Entregue,Site,101.67,2023,2,2023-02,Tuesday
5364,2024-10-22,313,Sra. Lara Cirino,F,46+,Nordeste,Lingerie Cropped com Bojo,Lingerie,152.69,1,0.0,Pix,Entregue,Site,152.69,2024,10,2024-10,Tuesday
4681,2023-07-26,88,Sr. Caleb Sá,M,26-35,Sudeste,Gel Térmico Sensação Quente,Cosméticos Íntimos,47.81,1,0.0,Pix,Entregue,Marketplace,47.81,2023,7,2023-07,Wednesday
2926,2024-06-28,549,Dra. Mariana Moraes,F,36-45,Sudeste,Body Coelhinha Plus Size,Lingerie,130.46,1,0.0,Cartão Crédito,Entregue,Site,130.46,2024,6,2024-06,Friday
3260,2024-10-31,538,Ana Júlia Vieira,F,36-45,Nordeste,Lubrificante Íntimo Aquoso 250ml,Lubrificantes,84.0,1,0.0,Cartão Crédito,Entregue,Site,84.0,2024,10,2024-10,Thursday
3035,2023-05-19,90,Rafaela Cunha,Não informado,36-45,Sudeste,Conjunto Lingerie Boudoir,Lingerie,63.15,1,10.0,Cartão Crédito,Entregue,Site,56.84,2023,5,2023-05,Friday
4532,2024-10-07,62,Sra. Eloah da Luz,F,26-35,Sudeste,Wand Massager Pro,Vibradores,251.36,1,0.0,Cartão Crédito,Entregue,App,251.36,2024,10,2024-10,Monday
1862,2024-09-19,283,Bárbara Novais,F,26-35,Nordeste,Kit Cuidados Íntimos,Cosméticos Íntimos,145.81,2,0.0,Cartão Crédito,Entregue,App,291.62,2024,9,2024-09,Thursday
2660,2023-01-28,284,Henry Gabriel Vasconcelos,M,36-45,Sudeste,Jogo de Cartas Sexo Quiz,Jogos Adultos,85.75,1,15.0,Cartão Crédito,Entregue,Site,72.89,2023,1,2023-01,Saturday
641,2024-11-02,6,Helena da Conceição,F,26-35,Sul,Camisola Sensual Preta,Lingerie,90.53,1,25.0,Cartão Crédito,Entregue,Site,67.9,2024,11,2024-11,Saturday
3671,2023-05-10,75,Caroline Silveira,F,36-45,Sudeste,Lubrificante Sabores Baunilha,Lubrificantes,32.79,1,0.0,Cartão Crédito,Devolvido,App,32.79,2023,5,2023-05,Wednesday
5422,2024-05-29,102,Nathan Campos,M,18-25,Sudeste,Vibrador Duplo Prazer,Vibradores,373.01,1,25.0,Cartão Crédito,Entregue,Marketplace,279.76,2024,5,2024-05,Wednesday
638,2024-04-16,77,Maria Luísa Correia,F,46+,Sudeste,Lubrificante Base Silicone,Lubrificantes,75.08,3,20.0,Cartão Crédito,Entregue,App,180.19,2024,4,2024-04,Tuesday
4540,2023-08-20,26,Srta. Yasmin Siqueira,F,46+,Sul,Lubrificante Base Silicone,Lubrificantes,36.08,1,0.0,Pix,Entregue,App,36.08,2023,8,2023-08,Sunday
4177,2023-06-03,235,Dr. Dante Vieira,M,18-25,Sudeste,Kit Iniciante BDSM 5 Peças,Acessórios BDSM,270.07,3,20.0,Cartão Crédito,Entregue,Site,648.17,2023,6,2023-06,Saturday
2309,2023-11-13,34,Dr. Miguel Ramos,M,18-25,Nordeste,Chicote de Couro Soft,Acessórios BDSM,87.74,2,0.0,Cartão Crédito,Entregue,App,175.48,2023,11,2023-11,Monday
3670,2024-01-05,163,Sofia das Neves,F,36-45,Sul,Body Rendado Vermelho,Lingerie,109.11,5,0.0,Pix,Entregue,App,545.55,2024,1,2024-01,Friday
2097,2024-11-14,232,Marcos Vinicius Gonçalves,M,36-45,Sul,Vibrador Ponto G Flex,Vibradores,366.05,1,0.0,Cartão Crédito,Entregue,App,366.05,2024,11,2024-11,Thursday
3261,2024-02-05,64,Gabriela Silva,F,26-35,Sudeste,Vibrador Clássico Silicone,Vibradores,218.18,1,0.0,Pix,Entregue,App,218.18,2024,2,2024-02,Monday
3803,2024-02-11,431,Caroline Nogueira,F,26-35,Norte,Fantasia Policial,Lingerie,182.03,1,0.0,Boleto,Entregue,Site,182.03,2024,2,2024-02,Sunday
1373,2024-08-28,476,Ana Borges,F,36-45,Norte,Fantasia Policial,Lingerie,172.58,1,10.0,Pix,Entregue,Marketplace,155.32,2024,8,2024-08,Wednesday
3694,2024-12-23,74,Raquel Cunha,F,46+,Sul,Lubrificante Sabores Baunilha,Lubrificantes,86.53,1,0.0,Cartão Crédito,Entregue,Site,86.53,2024,12,2024-12,Monday
922,2024-09-24,182,Srta. Bianca Vasconcelos,F,26-35,Nordeste,Meia-Calça Rendada,Lingerie,148.24,1,0.0,Cartão Crédito,Entregue,Site,148.24,2024,9,2024-09,Tuesday
547,2023-05-01,34,Dr. Miguel Ramos,M,18-25,Nordeste,Gel Excitante Masculino,Lubrificantes,42.68,2,0.0,Pix,Entregue,Marketplace,85.36,2023,5,2023-05,Monday
2805,2023-01-08,200,Nina Leão,F,18-25,Centro-Oeste,Vibrador Rabbit Premium,Vibradores,297.85,3,20.0,Pix,Entregue,Site,714.84,2023,1,2023-01,Sunday
2611,2023-10-16,456,Srta. Luara Lima,F,46+,Sudeste,Fantasia Policial,Lingerie,180.76,2,0.0,Cartão Crédito,Entregue,App,361.52,2023,10,2023-10,Monday
1901,2023-07-11,218,Lara Sá,F,46+,Sul,Meia-Calça Rendada,Lingerie,139.72,3,0.0,Cartão Débito,Entregue,Marketplace,419.16,2023,7,2023-07,Tuesday
2758,2024-01-28,529,Olívia Montenegro,F,18-25,Sudeste,Lubrificante Íntimo Aquoso 250ml,Lubrificantes,87.16,1,0.0,Cartão Crédito,Entregue,Marketplace,87.16,2024,1,2024-01,Sunday
2029,2023-03-10,82,Lucca Caldeira,M,26-35,Nordeste,Gel Excitante Feminino,Lubrificantes,82.44,1,0.0,Pix,Entregue,Marketplace,82.44,2023,3,2023-03,Friday
2302,2024-09-10,228,Maria Eduarda Cavalcante,F,18-25,Sudeste,Fantasia Enfermeira,Lingerie,137.76,1,0.0,Cartão Crédito,Entregue,App,137.76,2024,9,2024-09,Tuesday
1886,2023-07-14,169,Giovanna Lopes,F,36-45,Sudeste,Conjunto Lingerie Boudoir,Lingerie,142.23,1,0.0,Pix,Entregue,Site,142.23,2023,7,2023-07,Friday
1643,2023-06-09,199,Maria Luísa Farias,F,46+,Nordeste,Óleo de Massagem Relaxante,Lubrificantes,82.69,1,0.0,Cartão Crédito,Entregue,Marketplace,82.69,2023,6,2023-06,Friday
973,2023-02-02,344,Zoe Mendes,F,26-35,Sudeste,Gel Excitante Masculino,Lubrificantes,71.94,3,0.0,Cartão Crédito,Entregue,App,215.82,2023,2,2023-02,Thursday
5336,2023-01-28,634,Ana Vitória Rios,F,26-35,Nordeste,Mini Vibrador Discreto,Vibradores,258.78,1,5.0,Cartão Crédito,Entregue,Marketplace,245.84,2023,1,2023-01,Saturday
4831,2024-03-13,406,Sr. Ravy Alves,M,36-45,Sudeste,Perfume Íntimo Floral,Cosméticos Íntimos,100.35,2,0.0,Cartão Débito,Entregue,App,200.7,2024,3,2024-03,Wednesday
4460,2023-06-20,215,Benicio da Luz,M,18-25,Nordeste,Lingerie Cropped com Bojo,Lingerie,62.85,1,10.0,Pix,Entregue,Site,56.57,2023,6,2023-06,Tuesday
4991,2024-04-25,715,Laura Barbosa,Não informado,26-35,Nordeste,Vibrador Rabbit Premium,Vibradores,279.38,3,0.0,Pix,Entregue,Site,838.14,2024,4,2024-04,Thursday
3311,2024-09-16,335,Maria Vitória Mendes,F,46+,Sudeste,Meia-Calça Rendada,Lingerie,82.58,5,0.0,Cartão Crédito,Entregue,App,412.9,2024,9,2024-09,Monday
837,2023-02-17,572,Davi da Paz,M,26-35,Nordeste,Mordaça Silicone,Acessórios BDSM,181.2,1,0.0,Boleto,Entregue,Marketplace,181.2,2023,2,2023-02,Friday
602,2024-09-10,91,Bento Cavalcante,M,26-35,Sul,Meia-Calça Rendada,Lingerie,75.91,1,0.0,Cartão Débito,Entregue,Site,75.91,2024,9,2024-09,Tuesday
2185,2024-03-03,281,Ana Júlia Cassiano,F,36-45,Sul,Mini Vibrador Discreto,Vibradores,228.33,1,0.0,Pix,Entregue,Site,228.33,2024,3,2024-03,Sunday
4420,2023-06-14,55,Agatha Peixoto,F,46+,Nordeste,Gel Excitante Feminino,Lubrificantes,63.69,3,0.0,Cartão Crédito,Entregue,Marketplace,191.07,2023,6,2023-06,Wednesday
3489,2023-02-23,9,Pietro Pastor,M,26-35,Sudeste,Óleo de Massagem Relaxante,Lubrificantes,57.23,4,25.0,Pix,Entregue,App,171.69,2023,2,2023-02,Thursday
3101,2024-05-11,28,Júlia Porto,F,26-35,Centro-Oeste,Body Coelhinha Plus Size,Lingerie,108.83,2,30.0,Cartão Crédito,Entregue,App,152.36,2024,5,2024-05,Saturday
5139,2023-12-14,303,Ravi Lucca Sales,M,36-45,Sudeste,Vibrador Duplo Prazer,Vibradores,197.55,5,0.0,Pix,Entregue,Site,987.75,2023,12,2023-12,Thursday
1071,2024-04-05,97,Sra. Ana Laura Aragão,F,26-35,Sudeste,Jogo Tabuleiro Casais,Jogos Adultos,126.62,1,0.0,Pix,Entregue,App,126.62,2024,4,2024-04,Friday
1776,2023-12-09,105,Mariah Ribeiro,F,18-25,Nordeste,Mordaça Silicone,Acessórios BDSM,95.58,2,0.0,Boleto,Entregue,Site,191.16,2023,12,2023-12,Saturday
2531,2024-02-24,299,Ísis Câmara,F,26-35,Sul,Kit Algemas Veludo,Acessórios BDSM,231.45,3,0.0,Pix,Entregue,Site,694.35,2024,2,2024-02,Saturday
1284,2024-01-11,3,Cauã Rocha,M,18-25,Sudeste,Wand Massager Pro,Vibradores,316.86,2,0.0,Boleto,Entregue,Site,633.72,2024,1,2024-01,Thursday
3750,2024-11-25,520,Olivia Macedo,F,26-35,Nordeste,Gel Excitante Feminino,Lubrificantes,71.88,1,0.0,Pix,Entregue,Site,71.88,2024,11,2024-11,Monday
4026,2024-05-13,438,Srta. Olívia Machado,F,46+,Sul,Lubrificante Íntimo Aquoso 250ml,Lubrificantes,31.91,2,25.0,Pix,Entregue,Marketplace,47.86,2024,5,2024-05,Monday
5460,2023-03-04,658,Thomas Câmara,M,36-45,Sudeste,Vibrador Rabbit Premium,Vibradores,426.68,1,20.0,Cartão Crédito,Entregue,App,341.34,2023,3,2023-03,Saturday
1837,2024-03-31,39,Luiz Miguel Câmara,M,36-45,Sudeste,Dado do Prazer,Jogos Adultos,113.88,1,0.0,Pix,Entregue,Site,113.88,2024,3,2024-03,Sunday
4704,2023-03-21,243,Dr. Vitor Gabriel Vasconcelos,M,26-35,Sudeste,Kit Iniciante BDSM 5 Peças,Acessórios BDSM,189.35,1,15.0,Pix,Entregue,Site,160.95,2023,3,2023-03,Tuesday
1020,2024-01-22,10,Alana Teixeira,F,36-45,Sul,Fantasia Enfermeira,Lingerie,80.05,2,0.0,Cartão Crédito,Entregue,Site,160.1,2024,1,2024-01,Monday
5496,2023-02-28,112,Beatriz Barbosa,F,36-45,Nordeste,Dado do Prazer,Jogos Adultos,77.28,1,0.0,Cartão Débito,Entregue,App,77.28,2023,2,2023-02,Tuesday
5092,2024-11-26,16,Sra. Zoe Campos,F,18-25,Sudeste,Spray Prolongador,Cosméticos Íntimos,79.09,1,0.0,Pix,Entregue,Site,79.09,2024,11,2024-11,Tuesday
476,2023-06-29,773,Laura Duarte,F,36-45,Sudeste,Mini Vibrador Discreto,Vibradores,390.53,1,10.0,Cartão Crédito,Entregue,App,351.48,2023,6,2023-06,Thursday
2811,2024-08-01,79,Maria Lima,F,18-25,Centro-Oeste,Kit Iniciante BDSM 5 Peças,Acessórios BDSM,276.84,1,0.0,Pix,Entregue,Marketplace,276.84,2024,8,2024-08,Thursday
4168,2024-09-01,28,Júlia Porto,F,26-35,Centro-Oeste,Body Coelhinha Plus Size,Lingerie,159.58,2,0.0,Cartão Débito,Entregue,App,319.16,2024,9,2024-09,Sunday
1652,2023-11-22,100,Anna Liz Cirino,F,18-25,Centro-Oeste,Mordaça Silicone,Acessórios BDSM,126.98,1,0.0,Cartão Crédito,Entregue,App,126.98,2023,11,2023-11,Wednesday
5157,2024-02-16,57,Maria Cecília das Neves,F,18-25,Centro-Oeste,Body Coelhinha Plus Size,Lingerie,184.59,2,0.0,Pix,Entregue,Site,369.18,2024,2,2024-02,Friday
4750,2023-02-04,412,Danilo Brito,M,36-45,Sudeste,Lubrificante Íntimo Aquoso 250ml,Lubrificantes,85.58,1,30.0,Cartão Crédito,Entregue,Marketplace,59.91,2023,2,2023-02,Saturday
3194,2024-08-27,109,Caroline Rios,F,36-45,Sudeste,Body Rendado Vermelho,Lingerie,143.2,1,10.0,Pix,Entregue,Site,128.88,2024,8,2024-08,Tuesday
3034,2023-12-28,30,Ana Laura da Conceição,F,18-25,Sudeste,Perfume Íntimo Floral,Cosméticos Íntimos,135.85,2,0.0,Cartão Crédito,Entregue,App,271.7,2023,12,2023-12,Thursday
3163,2023-12-13,99,Emanuel Araújo,M,26-35,Sudeste,Lubrificante Sabores Baunilha,Lubrificantes,53.35,1,20.0,Pix,Entregue,Site,42.68,2023,12,2023-12,Wednesday
4274,2023-05-27,177,Isabelly Melo,F,18-25,Sudeste,Lubrificante Íntimo Aquoso 100ml,Lubrificantes,40.23,3,25.0,Cartão Crédito,Entregue,Marketplace,90.52,2023,5,2023-05,Saturday
3120,2023-10-29,67,Bárbara da Cruz,Não informado,36-45,Norte,Mini Vibrador Discreto,Vibradores,208.61,2,0.0,Pix,Entregue,Site,417.22,2023,10,2023-10,Sunday
868,2023-08-10,56,Rebeca Almeida,F,26-35,Sul,Lubrificante Íntimo Aquoso 100ml,Lubrificantes,81.35,1,0.0,Cartão Crédito,Devolvido,Site,81.35,2023,8,2023-08,Thursday
1141,2024-08-29,438,Srta. Olívia Machado,F,46+,Sul,Kit Cuidados Íntimos,Cosméticos Íntimos,101.46,1,15.0,Cartão Crédito,Devolvido,Site,86.24,2024,8,2024-08,Thursday
998,2024-08-03,41,Benicio Camargo,M,26-35,Nordeste,Mini Vibrador Discreto,Vibradores,384.92,1,0.0,Pix,Entregue,App,384.92,2024,8,2024-08,Saturday
542,2024-11-25,250,Raquel Cunha,F,26-35,Sudeste,Camisola Sensual Preta,Lingerie,121.35,1,0.0,Pix,Devolvido,App,121.35,2024,11,2024-11,Monday
1100,2024-02-22,119,Letícia Ribeiro,Não informado,18-25,Norte,Vibrador Ponto G Flex,Vibradores,400.06,1,25.0,Pix,Entregue,Marketplace,300.04,2024,2,2024-02,Thursday
1133,2024-02-01,24,Giovanna Rios,F,26-35,Centro-Oeste,Vibrador Duplo Prazer,Vibradores,169.17,2,5.0,Pix,Entregue,App,321.42,2024,2,2024-02,Thursday
5383,2024-08-13,84,Melissa Carvalho,F,26-35,Nordeste,Jogo de Cartas Sexo Quiz,Jogos Adultos,124.04,3,0.0,Pix,Entregue,Marketplace,372.12,2024,8,2024-08,Tuesday
3413,2023-12-26,7,Apollo Novais,M,18-25,Nordeste,Spray Prolongador,Cosméticos Íntimos,38.03,4,20.0,Pix,Devolvido,Site,121.7,2023,12,2023-12,Tuesday
2259,2024-06-03,105,Mariah Ribeiro,F,18-25,Nordeste,Colar e Guia BDSM,Acessórios BDSM,79.33,1,0.0,Boleto,Entregue,Marketplace,79.33,2024,6,2024-06,Monday
5427,2023-09-03,740,Sr. Gabriel Almeida,M,36-45,Sudeste,Gel Térmico Sensação Quente,Cosméticos Íntimos,43.23,2,10.0,Cartão Crédito,Entregue,Site,77.81,2023,9,2023-09,Sunday
60,2024-04-04,109,Caroline Rios,F,36-45,Sudeste,Creme Excitante Feminino,Cosméticos Íntimos,127.87,1,0.0,Cartão Débito,Entregue,Marketplace,127.87,2024,4,2024-04,Thursday
3540,2024-07-11,18,Maria Cecília Oliveira,F,26-35,Centro-Oeste,Corda de Shibari 5m,Acessórios BDSM,57.97,1,0.0,Cartão Crédito,Entregue,Site,57.97,2024,7,2024-07,Thursday
1939,2023-12-19,187,Dr. Pedro Miguel Pimenta,M,26-35,Sudeste,Massageador Corporal Wave,Vibradores,293.22,1,0.0,Cartão Crédito,Entregue,Site,293.22,2023,12,2023-12,Tuesday
3826,2024-11-29,25,Brayan Pereira,M,26-35,Sul,Kit Roleplay Surpresa,Jogos Adultos,79.84,1,0.0,Pix,Entregue,Marketplace,79.84,2024,11,2024-11,Friday
5478,2024-01-30,311,Sra. Ana Cecília Teixeira,F,36-45,Sudeste,Mordaça Silicone,Acessórios BDSM,171.62,3,30.0,Cartão Crédito,Entregue,Site,360.4,2024,1,2024-01,Tuesday
2814,2024-11-15,50,João Montenegro,M,26-35,Sudeste,Meia-Calça Rendada,Lingerie,139.24,3,0.0,Cartão Débito,Entregue,Site,417.72,2024,11,2024-11,Friday
4330,2023-03-31,426,Isabelly Cardoso,F,26-35,Sul,Gel Excitante Masculino,Lubrificantes,57.56,3,0.0,Cartão Crédito,Entregue,App,172.68,2023,3,2023-03,Friday
4202,2024-09-15,61,Davi Lucas Cardoso,M,36-45,Norte,Lubrificante Íntimo Aquoso 100ml,Lubrificantes,33.57,1,0.0,Cartão Crédito,Entregue,Site,33.57,2024,9,2024-09,Sunday
5343,2024-05-01,27,Elisa Martins,F,26-35,Sul,Colar e Guia BDSM,Acessórios BDSM,192.98,1,0.0,Boleto,Entregue,App,192.98,2024,5,2024-05,Wednesday
3843,2024-04-22,176,Diogo Alves,M,46+,Sudeste,Lingerie Cropped com Bojo,Lingerie,158.41,2,0.0,Pix,Entregue,Marketplace,316.82,2024,4,2024-04,Monday
2631,2023-12-10,267,Dra. Ester Correia,F,36-45,Sudeste,Vibrador Duplo Prazer,Vibradores,170.69,1,5.0,Pix,Entregue,Marketplace,162.16,2023,12,2023-12,Sunday
3048,2023-03-15,117,Kevin Pimenta,M,26-35,Norte,Gel Excitante Masculino,Lubrificantes,66.46,2,0.0,Cartão Crédito,Entregue,Site,132.92,2023,3,2023-03,Wednesday
941,2024-10-23,89,Enzo Jesus,M,36-45,Sul,Cartas Posições Kamasutra,Jogos Adultos,50.73,2,10.0,Cartão Crédito,Entregue,Site,91.31,2024,10,2024-10,Wednesday
1081,2024-08-12,395,Ágatha Fonseca,F,36-45,Sudeste,Lubrificante Sabores Morango,Lubrificantes,85.98,2,0.0,Pix,Entregue,Marketplace,171.96,2024,8,2024-08,Monday
188,2024-09-27,219,José Barros,M,26-35,Sudeste,Lingerie Cropped com Bojo,Lingerie,86.48,2,10.0,Cartão Crédito,Entregue,App,155.66,2024,9,2024-09,Friday
2086,2024-01-17,187,Dr. Pedro Miguel Pimenta,M,26-35,Sudeste,Wand Massager Pro,Vibradores,366.3,2,15.0,Cartão Crédito,Entregue,Marketplace,622.71,2024,1,2024-01,Wednesday
2250,2024-08-11,34,Dr. Miguel Ramos,M,18-25,Nordeste,Lubrificante Base Silicone,Lubrificantes,80.87,2,5.0,Boleto,Entregue,Site,153.65,2024,8,2024-08,Sunday
4450,2023-03-11,342,Letícia Pastor,F,18-25,Centro-Oeste,Vibrador Clássico Silicone,Vibradores,393.93,1,0.0,Cartão Crédito,Entregue,Site,393.93,2023,3,2023-03,Saturday
5428,2024-12-14,77,Maria Luísa Correia,F,46+,Sudeste,Lubrificante Sabores Morango,Lubrificantes,52.93,5,0.0,Pix,Entregue,Site,264.65,2024,12,2024-12,Saturday
2024,2023-03-22,15,Julia Aparecida,F,26-35,Sudeste,Fantasia Enfermeira,Lingerie,141.79,2,0.0,Pix,Entregue,App,283.58,2023,3,2023-03,Wednesday
3286,2024-09-09,22,Rafael Porto,M,36-45,Nordeste,Spray Prolongador,Cosméticos Íntimos,82.37,1,0.0,Pix,Entregue,Marketplace,82.37,2024,9,2024-09,Monday
1493,2023-12-26,72,Ana Beatriz Farias,F,46+,Norte,Fantasia Policial,Lingerie,135.17,3,0.0,Cartão Crédito,Entregue,Marketplace,405.51,2023,12,2023-12,Tuesday
4268,2023-08-04,18,Maria Cecília Oliveira,F,26-35,Centro-Oeste,Massageador Corporal Wave,Vibradores,154.4,3,0.0,Cartão Crédito,Entregue,Site,463.2,2023,8,2023-08,Friday
227,2023-09-01,708,Sabrina Peixoto,F,18-25,Sul,Meia-Calça Rendada,Lingerie,117.32,1,0.0,Pix,Entregue,App,117.32,2023,9,2023-09,Friday
4060,2024-01-04,770,Alana Novaes,F,26-35,Sul,Body Rendado Vermelho,Lingerie,112.67,1,25.0,Pix,Entregue,Marketplace,84.5,2024,1,2024-01,Thursday
2584,2023-05-24,163,Sofia das Neves,F,36-45,Sul,Meia-Calça Rendada,Lingerie,100.15,3,0.0,Cartão Crédito,Entregue,Site,300.45,2023,5,2023-05,Wednesday
1930,2024-09-15,19,Bernardo Aparecida,M,36-45,Sudeste,Vibrador Duplo Prazer,Vibradores,257.39,3,0.0,Cartão Crédito,Entregue,Site,772.17,2024,9,2024-09,Sunday
3756,2023-11-11,59,Bruno Barros,M,18-25,Sudeste,Gel Excitante Masculino,Lubrificantes,53.48,1,5.0,Cartão Crédito,Entregue,App,50.81,2023,11,2023-11,Saturday
1405,2024-03-27,289,Srta. Giovanna Pires,F,36-45,Sudeste,Camisola Sensual Preta,Lingerie,107.43,3,0.0,Pix,Entregue,Marketplace,322.29,2024,3,2024-03,Wednesday
2180,2024-12-25,195,Lucas Gabriel Dias,M,18-25,Centro-Oeste,Lubrificante Sabores Morango,Lubrificantes,85.86,4,0.0,Pix,Entregue,App,343.44,2024,12,2024-12,Wednesday
1125,2023-08-17,283,Bárbara Novais,F,26-35,Nordeste,Vibrador Ponto G Flex,Vibradores,255.63,2,20.0,Cartão Crédito,Entregue,App,409.01,2023,8,2023-08,Thursday
3584,2023-01-22,483,Júlia Macedo,F,36-45,Sul,Kit Roleplay Surpresa,Jogos Adultos,117.67,4,0.0,Cartão Débito,Entregue,App,470.68,2023,1,2023-01,Sunday
1779,2023-08-28,82,Lucca Caldeira,M,26-35,Nordeste,Kit Roleplay Surpresa,Jogos Adultos,73.92,2,0.0,Cartão Crédito,Entregue,Marketplace,147.84,2023,8,2023-08,Monday
2635,2024-08-17,327,Caroline da Paz,F,26-35,Sudeste,Jogo Tabuleiro Casais,Jogos Adultos,68.83,1,0.0,Pix,Entregue,Não informado,68.83,2024,8,2024-08,Saturday
4182,2023-02-16,295,Isabel da Paz,F,36-45,Centro-Oeste,Lubrificante Base Silicone,Lubrificantes,43.26,2,0.0,Pix,Entregue,Site,86.52,2023,2,2023-02,Thursday
1038,2024-12-27,337,Diogo Gomes,M,26-35,Sul,Lubrificante Íntimo Aquoso 100ml,Lubrificantes,51.75,1,0.0,Pix,Entregue,Marketplace,51.75,2024,12,2024-12,Friday
2257,2023-12-15,198,Srta. Hadassa Azevedo,F,26-35,Nordeste,Fantasia Policial,Lingerie,66.44,1,0.0,Pix,Entregue,Site,66.44,2023,12,2023-12,Friday
5483,2023-02-05,162,Davi Silveira,M,36-45,Norte,Gel Excitante Feminino,Lubrificantes,48.18,1,0.0,Cartão Crédito,Entregue,App,48.18,2023,2,2023-02,Sunday
314,2023-12-06,679,Enzo Gabriel Pastor,M,18-25,Nordeste,Gel Excitante Masculino,Lubrificantes,88.08,2,30.0,Pix,Entregue,Marketplace,123.31,2023,12,2023-12,Wednesday
3196,2023-02-22,191,João Guilherme Vargas,M,26-35,Nordeste,Lubrificante Sabores Morango,Lubrificantes,60.94,1,0.0,Pix,Entregue,Site,60.94,2023,2,2023-02,Wednesday
2548,2024-12-03,144,Ravy Câmara,M,18-25,Sudeste,Conjunto Lingerie Boudoir,Lingerie,107.02,1,0.0,Pix,Entregue,App,107.02,2024,12,2024-12,Tuesday
1417,2023-04-30,12,Eduardo Cunha,Não informado,26-35,Sul,Jogo Tabuleiro Casais,Jogos Adultos,59.55,1,0.0,Cartão Crédito,Entregue,Site,59.55,2023,4,2023-04,Sunday
1037,2024-12-05,115,Isabelly Freitas,F,18-25,Sudeste,Óleo de Massagem Relaxante,Lubrificantes,56.02,1,0.0,Cartão Débito,Entregue,App,56.02,2024,12,2024-12,Thursday
2160,2024-06-18,359,Dr. Liam Pires,M,36-45,Sul,Dado do Prazer,Jogos Adultos,59.47,1,0.0,Cartão Crédito,Entregue,Site,59.47,2024,6,2024-06,Tuesday
4618,2023-05-09,506,Murilo Moura,M,26-35,Sul,Wand Massager Pro,Vibradores,312.02,4,5.0,Cartão Crédito,Entregue,Marketplace,1185.68,2023,5,2023-05,Tuesday
1755,2023-02-15,717,João Lucas Pinto,M,18-25,Sudeste,Lubrificante Sabores Baunilha,Lubrificantes,81.64,2,10.0,Pix,Entregue,Site,146.95,2023,2,2023-02,Wednesday
3828,2023-11-27,179,Gael Silva,M,36-45,Sudeste,Vibrador Duplo Prazer,Vibradores,264.76,1,0.0,Pix,Entregue,App,264.76,2023,11,2023-11,Monday
3451,2024-09-10,166,Mateus Rocha,M,26-35,Sudeste,Body Rendado Vermelho,Lingerie,77.34,1,0.0,Cartão Crédito,Devolvido,Site,77.34,2024,9,2024-09,Tuesday
3307,2024-11-15,128,Lívia Vargas,F,26-35,Sudeste,Spray Prolongador,Cosméticos Íntimos,90.15,2,15.0,Pix,Entregue,Site,153.26,2024,11,2024-11,Friday
3946,2024-06-08,5,Ana Beatriz Alves,F,18-25,Sul,Fantasia Policial,Lingerie,184.84,5,0.0,Cartão Débito,Entregue,Site,924.2,2024,6,2024-06,Saturday
4106,2023-01-05,289,Srta. Giovanna Pires,F,36-45,Sudeste,Meia-Calça Rendada,Lingerie,86.17,1,25.0,Cartão Crédito,Entregue,App,64.63,2023,1,2023-01,Thursday
4163,2023-04-28,215,Benicio da Luz,M,18-25,Nordeste,Lubrificante Íntimo Aquoso 100ml,Lubrificantes,30.34,4,0.0,Cartão Débito,Entregue,Marketplace,121.36,2023,4,2023-04,Friday
1507,2024-02-22,233,Sr. Breno Pastor,M,46+,Sudeste,Creme Retardante Masculino,Cosméticos Íntimos,100.39,1,5.0,Cartão Crédito,Entregue,Site,95.37,2024,2,2024-02,Thursday
1924,2023-02-12,121,Cauê Souza,M,26-35,Sul,Sabonete Íntimo pH Neutro,Cosméticos Íntimos,57.39,4,10.0,Boleto,Entregue,Site,206.6,2023,2,2023-02,Sunday
449,2024-03-31,130,Sra. Mariane Novais,F,46+,Nordeste,Vibrador Clássico Silicone,Vibradores,114.7,1,0.0,Cartão Débito,Entregue,Site,114.7,2024,3,2024-03,Sunday
4120,2024-06-07,329,Isaque Santos,M,36-45,Centro-Oeste,Body Coelhinha Plus Size,Lingerie,89.44,1,0.0,Boleto,Entregue,Marketplace,89.44,2024,6,2024-06,Friday
5023,2023-05-11,654,Dr. Luiz Felipe Santos,M,26-35,Sudeste,Vibrador Ponto G Flex,Vibradores,137.78,1,0.0,Boleto,Devolvido,Marketplace,137.78,2023,5,2023-05,Thursday
362,2023-05-29,274,Yuri da Rocha,M,36-45,Sudeste,Fantasia Enfermeira,Lingerie,62.85,4,0.0,Boleto,Entregue,Marketplace,251.4,2023,5,2023-05,Monday
2184,2023-09-19,100,Anna Liz Cirino,F,18-25,Centro-Oeste,Gel Excitante Feminino,Lubrificantes,54.6,3,0.0,Cartão Crédito,Entregue,Marketplace,163.8,2023,9,2023-09,Tuesday
1135,2024-10-04,304,Nathan da Mata,M,26-35,Centro-Oeste,Body Coelhinha Plus Size,Lingerie,149.15,1,20.0,Pix,Entregue,Site,119.32,2024,10,2024-10,Friday
4431,2023-09-22,299,Ísis Câmara,F,26-35,Sul,Meia-Calça Rendada,Lingerie,68.51,1,0.0,Pix,Entregue,Site,68.51,2023,9,2023-09,Friday
2156,2024-10-03,76,Renan da Cruz,M,26-35,Nordeste,Massageador Corporal Wave,Vibradores,93.79,1,0.0,Cartão Crédito,Entregue,Site,93.79,2024,10,2024-10,Thursday
1831,2023-12-22,729,Sofia Moraes,F,46+,Sudeste,Corda de Shibari 5m,Acessórios BDSM,128.5,1,20.0,Cartão Débito,Entregue,App,102.8,2023,12,2023-12,Friday
1054,2024-04-19,408,Benício Porto,M,36-45,Sudeste,Kit Iniciante BDSM 5 Peças,Acessórios BDSM,180.03,2,0.0,Cartão Crédito,Entregue,App,360.06,2024,4,2024-04,Friday
2461,2024-11-09,777,Arthur Miguel Gonçalves,Não informado,26-35,Sudeste,Lubrificante Íntimo Aquoso 250ml,Lubrificantes,80.65,3,30.0,Pix,Entregue,Marketplace,169.36,2024,11,2024-11,Saturday
23,2024-02-05,96,Vitor Hugo Araújo,M,36-45,Sudeste,Mordaça Silicone,Acessórios BDSM,220.16,1,0.0,Cartão Crédito,Entregue,Site,220.16,2024,2,2024-02,Monday
2067,2024-09-05,63,Otávio Cunha,M,26-35,Sudeste,Creme Retardante Masculino,Cosméticos Íntimos,139.95,1,15.0,Cartão Crédito,Entregue,Site,118.96,2024,9,2024-09,Thursday
1654,2024-06-06,123,Giovanna Silva,F,36-45,Sudeste,Wand Massager Pro,Vibradores,383.81,1,0.0,Cartão Crédito,Entregue,App,383.81,2024,6,2024-06,Thursday
3167,2024-06-23,596,Lavínia Lima,F,36-45,Sudeste,Vibrador Clássico Silicone,Vibradores,375.05,1,15.0,Cartão Crédito,Entregue,Marketplace,318.79,2024,6,2024-06,Sunday
3950,2023-09-25,74,Raquel Cunha,F,46+,Sul,Mini Vibrador Discreto,Vibradores,460.13,2,15.0,Pix,Entregue,App,782.22,2023,9,2023-09,Monday
2744,2024-04-24,43,Sra. Ana Luiza Gomes,F,46+,Centro-Oeste,Camisola Sensual Preta,Lingerie,83.23,1,0.0,Cartão Crédito,Entregue,Site,83.23,2024,4,2024-04,Wednesday
3435,2023-11-10,323,Dra. Nicole Jesus,F,46+,Sul,Perfume Íntimo Floral,Cosméticos Íntimos,101.64,1,0.0,Pix,Entregue,Marketplace,101.64,2023,11,2023-11,Friday
4517,2023-12-07,200,Nina Leão,F,18-25,Centro-Oeste,Mordaça Silicone,Acessórios BDSM,180.55,2,0.0,Cartão Crédito,Entregue,Marketplace,361.1,2023,12,2023-12,Thursday
2469,2024-05-22,176,Diogo Alves,M,46+,Sudeste,Gel Térmico Sensação Quente,Cosméticos Íntimos,49.1,5,0.0,Pix,Entregue,App,245.5,2024,5,2024-05,Wednesday
2326,2024-09-08,659,Guilherme Vieira,M,26-35,Nordeste,Fantasia Policial,Lingerie,152.79,1,0.0,Pix,Entregue,Site,152.79,2024,9,2024-09,Sunday
461,2024-01-19,35,Diego da Luz,M,26-35,Sudeste,Wand Massager Pro,Vibradores,124.35,1,0.0,Cartão Crédito,Entregue,App,124.35,2024,1,2024-01,Friday
88,2023-07-26,270,Beatriz Correia,F,26-35,Sul,Lubrificante Base Silicone,Lubrificantes,32.26,1,0.0,Cartão Débito,Entregue,Site,32.26,2023,7,2023-07,Wednesday
1431,2024-12-06,166,Mateus Rocha,M,26-35,Sudeste,Lubrificante Base Silicone,Lubrificantes,69.5,2,0.0,Pix,Entregue,App,139.0,2024,12,2024-12,Friday
4997,2024-09-27,36,Josué Souza,M,18-25,Sul,Conjunto Lingerie Boudoir,Lingerie,109.23,1,10.0,Pix,Entregue,Site,98.31,2024,9,2024-09,Friday
283,2023-05-25,129,Julia Castro,F,26-35,Sudeste,Mini Vibrador Discreto,Vibradores,108.68,2,0.0,Pix,Entregue,Site,217.36,2023,5,2023-05,Thursday
2484,2024-06-29,45,Yuri Albuquerque,M,46+,Sudeste,Meia-Calça Rendada,Lingerie,101.79,2,20.0,Pix,Entregue,Site,162.86,2024,6,2024-06,Saturday
463,2024-06-09,356,Srta. Ana Vitória Melo,F,36-45,Sul,Massageador Corporal Wave,Vibradores,469.81,1,0.0,Pix,Entregue,Site,469.81,2024,6,2024-06,Sunday
2589,2024-08-15,77,Maria Luísa Correia,F,46+,Sudeste,Lubrificante Íntimo Aquoso 250ml,Lubrificantes,76.26,5,0.0,Cartão Crédito,Entregue,Site,381.3,2024,8,2024-08,Thursday
5120,2024-10-24,92,Alexandre Gomes,M,18-25,Sudeste,Fantasia Enfermeira,Lingerie,196.04,1,0.0,Cartão Crédito,Entregue,Site,196.04,2024,10,2024-10,Thursday
2908,2023-02-19,71,Dra. Ana Liz da Conceição,F,36-45,Sul,Body Rendado Vermelho,Lingerie,102.72,3,20.0,Pix,Entregue,Não informado,246.53,2023,2,2023-02,Sunday
2582,2024-03-15,527,Ana Cecília Machado,F,46+,Sul,Massageador Corporal Wave,Vibradores,178.28,3,0.0,Pix,Entregue,Marketplace,534.84,2024,3,2024-03,Friday
1369,2023-11-19,55,Agatha Peixoto,F,46+,Nordeste,Fantasia Enfermeira,Lingerie,168.0,2,0.0,Pix,Entregue,Site,336.0,2023,11,2023-11,Sunday
235,2023-12-16,61,Davi Lucas Cardoso,M,36-45,Norte,Body Rendado Vermelho,Lingerie,176.39,1,30.0,Cartão Crédito,Entregue,Site,123.47,2023,12,2023-12,Saturday
3400,2023-06-30,231,Apollo das Neves,M,26-35,Nordeste,Mini Vibrador Discreto,Vibradores,247.06,1,0.0,Pix,Entregue,App,247.06,2023,6,2023-06,Friday
598,2024-02-15,53,Daniela Freitas,F,26-35,Sudeste,Camisola Sensual Preta,Lingerie,121.62,1,0.0,Pix,Entregue,Site,121.62,2024,2,2024-02,Thursday
4909,2024-09-11,352,Sarah Pastor,F,46+,Sudeste,Wand Massager Pro,Vibradores,492.92,1,0.0,Cartão Crédito,Entregue,App,492.92,2024,9,2024-09,Wednesday
2251,2024-11-23,28,Júlia Porto,F,26-35,Centro-Oeste,Lubrificante Íntimo Aquoso 100ml,Lubrificantes,45.15,1,0.0,Cartão Débito,Entregue,Site,45.15,2024,11,2024-11,Saturday
4514,2024-03-30,262,Vitória Ferreira,F,26-35,Nordeste,Vibrador Rabbit Premium,Vibradores,312.72,1,0.0,Cartão Crédito,Entregue,Site,312.72,2024,3,2024-03,Saturday
2284,2023-12-15,14,Aylla Fogaça,F,36-45,Sudeste,Vibrador Ponto G Flex,Vibradores,176.92,1,0.0,Cartão Crédito,Entregue,App,176.92,2023,12,2023-12,Friday
663,2023-02-24,249,Sabrina Duarte,F,46+,Nordeste,Lubrificante Sabores Baunilha,Lubrificantes,70.1,1,25.0,Cartão Crédito,Entregue,Site,52.58,2023,2,2023-02,Friday
4711,2024-08-13,149,Luiz Fernando Ramos,M,36-45,Nordeste,Vibrador Rabbit Premium,Vibradores,323.27,1,0.0,Pix,Entregue,Site,323.27,2024,8,2024-08,Tuesday
2286,2024-02-25,90,Rafaela Cunha,Não informado,36-45,Sudeste,Body Coelhinha Plus Size,Lingerie,115.94,1,0.0,Boleto,Entregue,Marketplace,115.94,2024,2,2024-02,Sunday
5236,2023-06-20,3,Cauã Rocha,M,18-25,Sudeste,Gel Excitante Feminino,Lubrificantes,74.68,2,20.0,Pix,Entregue,Marketplace,119.49,2023,6,2023-06,Tuesday
3928,2024-10-25,286,Letícia Pastor,Não informado,36-45,Sul,Meia-Calça Rendada,Lingerie,166.99,1,0.0,Cartão Crédito,Entregue,App,166.99,2024,10,2024-10,Friday
3188,2023-04-09,120,Catarina da Luz,F,18-25,Sul,Vibrador Clássico Silicone,Vibradores,365.07,2,0.0,Pix,Entregue,Site,730.14,2023,4,2023-04,Sunday
3064,2023-04-22,261,Léo Melo,M,26-35,Nordeste,Cartas Posições Kamasutra,Jogos Adultos,119.97,3,0.0,Cartão Crédito,Devolvido,Site,359.91,2023,4,2023-04,Saturday
2991,2023-09-01,55,Agatha Peixoto,F,46+,Nordeste,Meia-Calça Rendada,Lingerie,91.6,3,0.0,Cartão Crédito,Entregue,Marketplace,274.8,2023,9,2023-09,Friday
4941,2023-04-04,115,Isabelly Freitas,F,18-25,Sudeste,Vibrador Duplo Prazer,Vibradores,318.8,1,0.0,Pix,Entregue,Site,318.8,2023,4,2023-04,Tuesday
780,2023-02-11,273,Sr. João Guilherme Aparecida,M,18-25,Nordeste,Lubrificante Base Silicone,Lubrificantes,66.46,2,5.0,Pix,Devolvido,Site,126.27,2023,2,2023-02,Saturday
2545,2023-12-21,26,Srta. Yasmin Siqueira,F,46+,Sul,Óleo de Massagem Relaxante,Lubrificantes,42.95,1,0.0,Boleto,Entregue,Marketplace,42.95,2023,12,2023-12,Thursday
4129,2024-03-14,97,Sra. Ana Laura Aragão,F,26-35,Sudeste,Óleo de Massagem Relaxante,Lubrificantes,33.39,1,0.0,Pix,Entregue,Site,33.39,2024,3,2024-03,Thursday
4158,2024-12-17,472,Dr. Arthur Cirino,M,26-35,Sudeste,Lingerie Cropped com Bojo,Lingerie,133.81,1,0.0,Cartão Crédito,Entregue,Marketplace,133.81,2024,12,2024-12,Tuesday
4040,2024-04-06,232,Marcos Vinicius Gonçalves,M,36-45,Sul,Gel Excitante Masculino,Lubrificantes,40.9,1,0.0,Pix,Entregue,Site,40.9,2024,4,2024-04,Saturday
3934,2023-01-20,70,Alana Barbosa,F,26-35,Norte,Cartas Posições Kamasutra,Jogos Adultos,71.29,3,0.0,Cartão Crédito,Devolvido,Marketplace,213.87,2023,1,2023-01,Friday
4571,2024-02-29,188,Dra. Mariane Novaes,F,26-35,Sudeste,Fantasia Policial,Lingerie,166.07,1,10.0,Pix,Entregue,App,149.46,2024,2,2024-02,Thursday
5365,2023-12-07,196,Anna Liz Carvalho,F,26-35,Sul,Conjunto Lingerie Boudoir,Lingerie,79.6,1,0.0,Boleto,Entregue,App,79.6,2023,12,2023-12,Thursday
686,2023-02-26,219,José Barros,M,26-35,Sudeste,Venda para Olhos Satin,Acessórios BDSM,183.45,3,0.0,Cartão Crédito,Entregue,Site,550.35,2023,2,2023-02,Sunday
3371,2024-02-23,69,Heloísa Pastor,F,26-35,Sudeste,Lubrificante Íntimo Aquoso 250ml,Lubrificantes,77.68,1,0.0,Cartão Crédito,Entregue,App,77.68,2024,2,2024-02,Friday
4297,2023-06-26,43,Sra. Ana Luiza Gomes,F,46+,Centro-Oeste,Corda de Shibari 5m,Acessórios BDSM,191.85,2,0.0,Pix,Entregue,App,383.7,2023,6,2023-06,Monday
2838,2023-02-07,13,Cauã Borges,M,36-45,Nordeste,Lingerie Cropped com Bojo,Lingerie,146.4,3,20.0,Cartão Crédito,Entregue,Site,351.36,2023,2,2023-02,Tuesday
3033,2023-02-22,360,Dr. Vitor Hugo Andrade,M,36-45,Sudeste,Gel Excitante Feminino,Lubrificantes,59.56,2,0.0,Cartão Crédito,Entregue,App,119.12,2023,2,2023-02,Wednesday
2172,2023-03-31,21,Carlos Eduardo Garcia,Não informado,36-45,Sul,Lubrificante Íntimo Aquoso 100ml,Lubrificantes,86.38,2,0.0,Pix,Entregue,Marketplace,172.76,2023,3,2023-03,Friday
3263,2024-01-12,149,Luiz Fernando Ramos,M,36-45,Nordeste,Lubrificante Sabores Baunilha,Lubrificantes,85.16,1,0.0,Pix,Entregue,Site,85.16,2024,1,2024-01,Friday
1851,2024-10-23,93,Mirella da Paz,F,26-35,Sudeste,Fantasia Policial,Lingerie,120.14,1,0.0,Pix,Entregue,App,120.14,2024,10,2024-10,Wednesday
488,2024-08-05,91,Bento Cavalcante,M,26-35,Sul,Perfume Íntimo Floral,Cosméticos Íntimos,72.2,2,0.0,Cartão Débito,Entregue,Site,144.4,2024,8,2024-08,Monday
1689,2024-01-29,250,Raquel Cunha,F,26-35,Sudeste,Body Rendado Vermelho,Lingerie,78.06,1,0.0,Pix,Entregue,Site,78.06,2024,1,2024-01,Monday
2231,2024-02-28,353,Beatriz Macedo,F,26-35,Nordeste,Lubrificante Íntimo Aquoso 100ml,Lubrificantes,80.1,1,30.0,Pix,Entregue,Site,56.07,2024,2,2024-02,Wednesday
4013,2024-06-16,314,Maya Porto,F,36-45,Sul,Lubrificante Sabores Morango,Lubrificantes,74.86,1,0.0,Cartão Crédito,Entregue,Site,74.86,2024,6,2024-06,Sunday
2321,2024-09-16,559,Eloah Silveira,F,26-35,Sul,Wand Massager Pro,Vibradores,419.69,1,0.0,Cartão Crédito,Entregue,Site,419.69,2024,9,2024-09,Monday
783,2023-10-07,81,Beatriz Araújo,F,26-35,Sul,Wand Massager Pro,Vibradores,259.77,1,0.0,Cartão Crédito,Devolvido,Site,259.77,2023,10,2023-10,Saturday
522,2024-02-06,132,Srta. Ísis Andrade,F,18-25,Sudeste,Corda de Shibari 5m,Acessórios BDSM,89.7,1,0.0,Pix,Entregue,Site,89.7,2024,2,2024-02,Tuesday
523,2024-02-05,699,Maria Isis Pimenta,F,36-45,Sudeste,Fantasia Enfermeira,Lingerie,99.43,4,25.0,Pix,Entregue,App,298.29,2024,2,2024-02,Monday
3481,2024-12-10,47,João Felipe Vargas,M,18-25,Sul,Lubrificante Sabores Morango,Lubrificantes,52.5,1,0.0,Cartão Crédito,Entregue,Site,52.5,2024,12,2024-12,Tuesday
2940,2024-11-11,13,Cauã Borges,M,36-45,Nordeste,Vibrador Ponto G Flex,Vibradores,172.87,1,0.0,Pix,Entregue,Site,172.87,2024,11,2024-11,Monday
4472,2023-11-21,768,Luísa Silva,F,36-45,Nordeste,Gel Excitante Feminino,Lubrificantes,49.84,1,0.0,Cartão Crédito,Entregue,Site,49.84,2023,11,2023-11,Tuesday
2399,2024-11-06,276,Larissa Melo,F,18-25,Sul,Jogo Tabuleiro Casais,Jogos Adultos,119.57,1,0.0,Cartão Débito,Entregue,Marketplace,119.57,2024,11,2024-11,Wednesday
2208,2023-08-24,481,Eduarda Sá,F,36-45,Sul,Vibrador Rabbit Premium,Vibradores,251.11,4,0.0,Pix,Entregue,Site,1004.44,2023,8,2023-08,Thursday
4807,2024-11-15,23,Elisa Freitas,F,18-25,Sudeste,Vibrador Duplo Prazer,Vibradores,226.01,1,0.0,Pix,Entregue,Site,226.01,2024,11,2024-11,Friday
781,2024-03-08,312,Olivia Moreira,F,26-35,Norte,Vibrador Duplo Prazer,Vibradores,195.21,2,20.0,Cartão Débito,Entregue,App,312.34,2024,3,2024-03,Friday
5204,2024-08-26,331,Maria Luísa Borges,F,18-25,Sul,Wand Massager Pro,Vibradores,278.45,1,0.0,Cartão Crédito,Entregue,Site,278.45,2024,8,2024-08,Monday
4484,2024-06-18,227,Nina Sampaio,F,26-35,Sul,Mordaça Silicone,Acessórios BDSM,193.66,1,0.0,Cartão Crédito,Entregue,Site,193.66,2024,6,2024-06,Tuesday
1512,2024-11-24,331,Maria Luísa Borges,F,18-25,Sul,Kit Cuidados Íntimos,Cosméticos Íntimos,114.48,2,0.0,Pix,Entregue,Site,228.96,2024,11,2024-11,Sunday
1883,2023-02-08,270,Beatriz Correia,F,26-35,Sul,Lubrificante Íntimo Aquoso 250ml,Lubrificantes,54.19,2,0.0,Cartão Crédito,Entregue,App,108.38,2023,2,2023-02,Wednesday
652,2023-05-26,208,Maya Mendonça,F,18-25,Sudeste,Mini Vibrador Discreto,Vibradores,393.72,5,0.0,Cartão Crédito,Entregue,Marketplace,1968.6,2023,5,2023-05,Friday
4727,2024-12-27,572,Davi da Paz,M,26-35,Nordeste,Dominó Erótico,Jogos Adultos,124.02,3,5.0,Boleto,Entregue,App,353.46,2024,12,2024-12,Friday
3797,2024-10-30,206,Dra. Ísis Pereira,F,36-45,Sudeste,Massageador Corporal Wave,Vibradores,315.51,2,0.0,Pix,Entregue,Site,631.02,2024,10,2024-10,Wednesday
370,2023-07-23,21,Carlos Eduardo Garcia,Não informado,36-45,Sul,Jogo de Cartas Sexo Quiz,Jogos Adultos,75.99,1,0.0,Pix,Entregue,Marketplace,75.99,2023,7,2023-07,Sunday
4853,2023-10-06,384,Sra. Kamilly Albuquerque,F,18-25,Sul,Lubrificante Sabores Baunilha,Lubrificantes,78.63,1,0.0,Cartão Crédito,Entregue,App,78.63,2023,10,2023-10,Friday
4602,2024-04-06,392,Caroline Borges,F,18-25,Nordeste,Vibrador Clássico Silicone,Vibradores,307.98,5,0.0,Pix,Entregue,App,1539.9,2024,4,2024-04,Saturday
119,2024-10-03,533,Ana Cecília da Cruz,F,26-35,Sul,Body Coelhinha Plus Size,Lingerie,180.99,1,0.0,Cartão Crédito,Entregue,Marketplace,180.99,2024,10,2024-10,Thursday
4081,2024-05-11,311,Sra. Ana Cecília Teixeira,F,36-45,Sudeste,Conjunto Lingerie Boudoir,Lingerie,68.84,3,30.0,Pix,Entregue,Site,144.56,2024,5,2024-05,Saturday
2217,2023-02-26,444,Paulo Rodrigues,M,36-45,Sudeste,Camisola Sensual Preta,Lingerie,113.76,1,0.0,Cartão Crédito,Entregue,Marketplace,113.76,2023,2,2023-02,Sunday
4367,2023-12-18,24,Giovanna Rios,F,26-35,Centro-Oeste,Jogo de Cartas Sexo Quiz,Jogos Adultos,50.02,3,0.0,Cartão Crédito,Entregue,App,150.06,2023,12,2023-12,Monday
1614,2023-02-26,108,Sra. Isabella da Luz,Não informado,36-45,Centro-Oeste,Lubrificante Base Silicone,Lubrificantes,53.36,1,0.0,Cartão Débito,Entregue,App,53.36,2023,2,2023-02,Sunday
2884,2024-12-27,21,Carlos Eduardo Garcia,Não informado,36-45,Sul,Dado do Prazer,Jogos Adultos,82.09,1,15.0,Cartão Crédito,Entregue,Site,69.78,2024,12,2024-12,Friday
3577,2023-12-26,61,Davi Lucas Cardoso,M,36-45,Norte,Vibrador Rabbit Premium,Vibradores,406.11,2,15.0,Pix,Entregue,Site,690.39,2023,12,2023-12,Tuesday
963,2023-02-18,78,Aylla Ribeiro,F,26-35,Nordeste,Massageador Corporal Wave,Vibradores,276.97,1,0.0,Cartão Crédito,Entregue,App,276.97,2023,2,2023-02,Saturday
5001,2024-04-10,137,Luiz Gustavo Vasconcelos,M,26-35,Nordeste,Massageador Corporal Wave,Vibradores,267.53,1,0.0,Pix,Entregue,App,267.53,2024,4,2024-04,Wednesday
4232,2024-06-23,219,José Barros,M,26-35,Sudeste,Lubrificante Sabores Morango,Lubrificantes,52.32,1,0.0,Pix,Entregue,Site,52.32,2024,6,2024-06,Sunday
3464,2023-06-13,245,Dr. Lorenzo da Cruz,M,18-25,Sul,Vibrador Duplo Prazer,Vibradores,249.31,2,0.0,Cartão Crédito,Entregue,Site,498.62,2023,6,2023-06,Tuesday
360,2023-11-17,231,Apollo das Neves,M,26-35,Nordeste,Lingerie Cropped com Bojo,Lingerie,172.72,2,10.0,Pix,Entregue,Marketplace,310.9,2023,11,2023-11,Friday
3730,2023-04-07,243,Dr. Vitor Gabriel Vasconcelos,M,26-35,Sudeste,Mini Vibrador Discreto,Vibradores,151.82,2,0.0,Cartão Crédito,Entregue,App,303.64,2023,4,2023-04,Friday
2416,2023-12-10,683,Julia Rezende,F,36-45,Sudeste,Camisola Sensual Preta,Lingerie,150.52,1,0.0,Cartão Crédito,Entregue,Site,150.52,2023,12,2023-12,Sunday
4695,2024-08-29,159,Zoe Rodrigues,F,46+,Sul,Lubrificante Sabores Baunilha,Lubrificantes,76.44,4,0.0,Pix,Entregue,Site,305.76,2024,8,2024-08,Thursday
2186,2023-05-31,620,Maya Guerra,F,36-45,Centro-Oeste,Massageador Corporal Wave,Vibradores,306.89,4,0.0,Cartão Crédito,Entregue,App,1227.56,2023,5,2023-05,Wednesday
2568,2024-11-10,91,Bento Cavalcante,M,26-35,Sul,Spray Prolongador,Cosméticos Íntimos,79.06,2,25.0,Cartão Crédito,Entregue,Site,118.59,2024,11,2024-11,Sunday
2038,2023-06-27,46,Dra. Bruna Rodrigues,F,18-25,Nordeste,Vibrador Duplo Prazer,Vibradores,339.29,1,0.0,Boleto,Devolvido,Marketplace,339.29,2023,6,2023-06,Tuesday
773,2024-05-07,38,Dra. Mariane Pacheco,F,26-35,Sudeste,Gel Térmico Sensação Quente,Cosméticos Íntimos,55.54,1,0.0,Pix,Entregue,Site,55.54,2024,5,2024-05,Tuesday
1285,2024-06-01,109,Caroline Rios,F,36-45,Sudeste,Venda para Olhos Satin,Acessórios BDSM,81.48,3,0.0,Pix,Entregue,Marketplace,244.44,2024,6,2024-06,Saturday
5107,2023-01-23,126,Ana Júlia Borges,F,36-45,Sudeste,Camisola Sensual Preta,Lingerie,104.86,1,0.0,Pix,Entregue,App,104.86,2023,1,2023-01,Monday
5258,2024-09-03,215,Benicio da Luz,M,18-25,Nordeste,Gel Excitante Masculino,Lubrificantes,31.43,2,0.0,Pix,Entregue,Marketplace,62.86,2024,9,2024-09,Tuesday
2588,2023-05-28,303,Ravi Lucca Sales,M,36-45,Sudeste,Lubrificante Íntimo Aquoso 100ml,Lubrificantes,30.36,4,30.0,Cartão Débito,Entregue,Site,85.01,2023,5,2023-05,Sunday
5078,2024-04-02,75,Caroline Silveira,F,36-45,Sudeste,Óleo de Massagem Relaxante,Lubrificantes,65.63,1,30.0,Boleto,Entregue,Site,45.94,2024,4,2024-04,Tuesday
1415,2024-02-29,205,Otto Nascimento,M,26-35,Sul,Vibrador Ponto G Flex,Vibradores,284.31,2,0.0,Pix,Entregue,Site,568.62,2024,2,2024-02,Thursday
1235,2024-03-22,280,Rebeca Barbosa,F,26-35,Norte,Óleo de Massagem Relaxante,Lubrificantes,38.98,5,0.0,Cartão Crédito,Entregue,Site,194.9,2024,3,2024-03,Friday
3308,2024-07-11,20,Sr. João Vitor Barros,M,18-25,Sudeste,Lubrificante Íntimo Aquoso 100ml,Lubrificantes,51.01,3,0.0,Pix,Entregue,Site,153.03,2024,7,2024-07,Thursday
436,2023-05-08,317,Sr. Enrico Farias,Não informado,36-45,Nordeste,Gel Térmico Sensação Quente,Cosméticos Íntimos,35.98,2,30.0,Cartão Débito,Entregue,Site,50.37,2023,5,2023-05,Monday
1675,2023-03-22,399,Ana Vitória Casa Grande,F,36-45,Sul,Gel Excitante Masculino,Lubrificantes,32.12,3,0.0,Pix,Entregue,Site,96.36,2023,3,2023-03,Wednesday
366,2024-12-16,134,Ana Cecília das Neves,F,26-35,Sudeste,Vibrador Ponto G Flex,Vibradores,336.77,3,20.0,Cartão Crédito,Entregue,App,808.25,2024,12,2024-12,Monday
3456,2023-03-24,51,Thiago Caldeira,Não informado,36-45,Sul,Gel Excitante Masculino,Lubrificantes,64.74,2,0.0,Cartão Crédito,Entregue,Marketplace,129.48,2023,3,2023-03,Friday
232,2024-12-24,190,Milena da Luz,Não informado,36-45,Nordeste,Fantasia Policial,Lingerie,96.25,2,0.0,Cartão Débito,Entregue,Site,192.5,2024,12,2024-12,Tuesday
4731,2023-05-03,36,Josué Souza,M,18-25,Sul,Dominó Erótico,Jogos Adultos,124.92,1,0.0,Cartão Débito,Entregue,App,124.92,2023,5,2023-05,Wednesday
148,2024-02-12,190,Milena da Luz,Não informado,36-45,Nordeste,Dominó Erótico,Jogos Adultos,50.62,1,10.0,Pix,Entregue,App,45.56,2024,2,2024-02,Monday
4883,2023-02-06,411,Ana Carolina da Rosa,F,36-45,Sul,Kit Algemas Veludo,Acessórios BDSM,90.5,1,10.0,Pix,Entregue,Marketplace,81.45,2023,2,2023-02,Monday
3089,2023-04-25,235,Dr. Dante Vieira,M,18-25,Sudeste,Perfume Íntimo Floral,Cosméticos Íntimos,54.52,1,0.0,Cartão Crédito,Entregue,Marketplace,54.52,2023,4,2023-04,Tuesday
4033,2023-12-05,24,Giovanna Rios,F,26-35,Centro-Oeste,Lubrificante Íntimo Aquoso 100ml,Lubrificantes,82.59,3,0.0,Pix,Entregue,Site,247.77,2023,12,2023-12,Tuesday
408,2023-03-28,4,Dra. Aurora Pastor,F,26-35,Sul,Lubrificante Base Silicone,Lubrificantes,55.94,1,0.0,Cartão Débito,Entregue,App,55.94,2023,3,2023-03,Tuesday
2091,2023-02-10,384,Sra. Kamilly Albuquerque,F,18-25,Sul,Lubrificante Íntimo Aquoso 100ml,Lubrificantes,86.31,1,15.0,Cartão Crédito,Entregue,Site,73.36,2023,2,2023-02,Friday
87,2024-12-18,341,Juliana Abreu,F,26-35,Nordeste,Kit Algemas Veludo,Acessórios BDSM,177.8,2,0.0,Cartão Crédito,Entregue,App,355.6,2024,12,2024-12,Wednesday
3218,2024-09-07,1,Sr. Apollo Sousa,M,18-25,Sudeste,Lubrificante Sabores Baunilha,Lubrificantes,80.22,1,0.0,Cartão Crédito,Entregue,Site,80.22,2024,9,2024-09,Saturday
3940,2023-09-19,148,Dr. Bernardo Vargas,Não informado,26-35,Norte,Lubrificante Sabores Baunilha,Lubrificantes,74.62,1,0.0,Cartão Crédito,Entregue,Site,74.62,2023,9,2023-09,Tuesday
3341,2023-02-23,527,Ana Cecília Machado,F,46+,Sul,Óleo de Massagem Relaxante,Lubrificantes,60.71,5,30.0,Pix,Entregue,App,212.48,2023,2,2023-02,Thursday
2988,2024-03-24,191,João Guilherme Vargas,M,26-35,Nordeste,Fantasia Enfermeira,Lingerie,94.42,1,0.0,Cartão Débito,Entregue,Site,94.42,2024,3,2024-03,Sunday
3726,2023-08-10,599,Sr. Vinicius Fonseca,M,18-25,Sul,Gel Excitante Feminino,Lubrificantes,77.04,3,0.0,Cartão Crédito,Entregue,Marketplace,231.12,2023,8,2023-08,Thursday
856,2024-03-18,59,Bruno Barros,M,18-25,Sudeste,Fantasia Enfermeira,Lingerie,177.83,2,30.0,Cartão Crédito,Entregue,Marketplace,248.96,2024,3,2024-03,Monday
4346,2023-10-14,120,Catarina da Luz,F,18-25,Sul,Fantasia Enfermeira,Lingerie,96.04,1,0.0,Pix,Entregue,Site,96.04,2023,10,2023-10,Saturday
79,2023-07-25,122,Daniela da Mata,F,26-35,Sul,Gel Térmico Sensação Quente,Cosméticos Íntimos,51.37,3,0.0,Pix,Entregue,Marketplace,154.11,2023,7,2023-07,Tuesday
2248,2023-05-12,446,Ana Sophia Barros,F,26-35,Sudeste,Dado do Prazer,Jogos Adultos,102.01,1,0.0,Cartão Débito,Entregue,Site,102.01,2023,5,2023-05,Friday
5072,2023-03-27,351,Sr. Thales Andrade,M,36-45,Sul,Fantasia Policial,Lingerie,125.66,1,0.0,Pix,Devolvido,Site,125.66,2023,3,2023-03,Monday
5110,2023-02-16,689,Ana Liz Castro,F,26-35,Sul,Wand Massager Pro,Vibradores,127.75,3,25.0,Cartão Crédito,Entregue,Site,287.44,2023,2,2023-02,Thursday
759,2024-04-16,535,Emanuel Fonseca,M,36-45,Sul,Body Coelhinha Plus Size,Lingerie,102.99,2,10.0,Cartão Crédito,Entregue,Site,185.38,2024,4,2024-04,Tuesday
3576,2024-12-12,128,Lívia Vargas,F,26-35,Sudeste,Venda para Olhos Satin,Acessórios BDSM,215.45,1,0.0,Cartão Crédito,Entregue,App,215.45,2024,12,2024-12,Thursday
4529,2024-07-25,229,Bruna Vasconcelos,F,26-35,Sul,Lubrificante Íntimo Aquoso 250ml,Lubrificantes,55.24,2,0.0,Cartão Crédito,Entregue,Site,110.48,2024,7,2024-07,Thursday
2280,2023-11-18,21,Carlos Eduardo Garcia,Não informado,36-45,Sul,Body Rendado Vermelho,Lingerie,187.75,1,0.0,Pix,Entregue,Site,187.75,2023,11,2023-11,Saturday
3780,2024-10-10,543,Cecília Ferreira,F,26-35,Sudeste,Meia-Calça Rendada,Lingerie,149.05,1,0.0,Cartão Crédito,Entregue,Marketplace,149.05,2024,10,2024-10,Thursday
3804,2023-08-29,741,Luara Leão,F,18-25,Sudeste,Vibrador Ponto G Flex,Vibradores,288.84,1,0.0,Boleto,Entregue,Site,288.84,2023,8,2023-08,Tuesday
4425,2023-08-06,105,Mariah Ribeiro,F,18-25,Nordeste,Lubrificante Sabores Morango,Lubrificantes,46.94,2,0.0,Cartão Crédito,Entregue,Marketplace,93.88,2023,8,2023-08,Sunday
4160,2024-11-21,225,Isaque Cardoso,Não informado,26-35,Sul,Jogo de Cartas Sexo Quiz,Jogos Adultos,114.69,2,0.0,Pix,Entregue,Site,229.38,2024,11,2024-11,Thursday
2177,2023-10-24,91,Bento Cavalcante,M,26-35,Sul,Lubrificante Sabores Baunilha,Lubrificantes,59.96,1,0.0,Cartão Crédito,Entregue,Site,59.96,2023,10,2023-10,Tuesday
393,2024-09-23,128,Lívia Vargas,F,26-35,Sudeste,Lingerie Cropped com Bojo,Lingerie,172.55,1,0.0,Pix,Entregue,App,172.55,2024,9,2024-09,Monday
5246,2023-12-05,235,Dr. Dante Vieira,M,18-25,Sudeste,Mini Vibrador Discreto,Vibradores,242.05,1,0.0,Cartão Débito,Entregue,Site,242.05,2023,12,2023-12,Tuesday
2240,2024-04-07,76,Renan da Cruz,M,26-35,Nordeste,Vibrador Clássico Silicone,Vibradores,286.49,1,0.0,Cartão Débito,Entregue,App,286.49,2024,4,2024-04,Sunday
105,2023-10-29,559,Eloah Silveira,F,26-35,Sul,Vibrador Ponto G Flex,Vibradores,336.94,3,0.0,Boleto,Entregue,Site,1010.82,2023,10,2023-10,Sunday
2673,2023-02-25,327,Caroline da Paz,F,26-35,Sudeste,Creme Retardante Masculino,Cosméticos Íntimos,123.19,1,0.0,Pix,Entregue,Marketplace,123.19,2023,2,2023-02,Saturday
3649,2023-01-10,244,Ravi Lucca Lopes,M,26-35,Sul,Fantasia Enfermeira,Lingerie,191.84,1,20.0,Pix,Entregue,Site,153.47,2023,1,2023-01,Tuesday
3271,2023-12-22,81,Beatriz Araújo,F,26-35,Sul,Gel Excitante Feminino,Lubrificantes,53.05,5,0.0,Pix,Devolvido,Site,265.25,2023,12,2023-12,Friday
5174,2024-12-20,10,Alana Teixeira,F,36-45,Sul,Lubrificante Base Silicone,Lubrificantes,65.04,1,0.0,Pix,Entregue,App,65.04,2024,12,2024-12,Friday
5262,2024-05-15,440,Rael Montenegro,M,18-25,Nordeste,Lubrificante Sabores Baunilha,Lubrificantes,51.39,1,0.0,Pix,Entregue,Marketplace,51.39,2024,5,2024-05,Wednesday
1949,2023-09-12,110,Dr. Raul Dias,M,36-45,Nordeste,Body Coelhinha Plus Size,Lingerie,188.05,1,0.0,Cartão Crédito,Entregue,Marketplace,188.05,2023,9,2023-09,Tuesday
1460,2024-04-28,285,Maria Helena Machado,F,36-45,Centro-Oeste,Venda para Olhos Satin,Acessórios BDSM,208.23,1,0.0,Cartão Crédito,Entregue,App,208.23,2024,4,2024-04,Sunday
4957,2024-12-13,122,Daniela da Mata,F,26-35,Sul,Mini Vibrador Discreto,Vibradores,153.88,1,0.0,Pix,Entregue,Marketplace,153.88,2024,12,2024-12,Friday
3319,2023-11-19,415,Dra. Ágatha Leão,F,26-35,Sudeste,Fantasia Policial,Lingerie,153.03,1,0.0,Boleto,Entregue,Marketplace,153.03,2023,11,2023-11,Sunday
5316,2023-07-26,165,Sra. Carolina Correia,F,18-25,Sudeste,Lingerie Cropped com Bojo,Lingerie,187.8,4,0.0,Pix,Entregue,Site,751.2,2023,7,2023-07,Wednesday
1588,2024-02-27,142,Josué da Mata,M,26-35,Sudeste,Vibrador Clássico Silicone,Vibradores,313.61,2,25.0,Cartão Débito,Entregue,App,470.42,2024,2,2024-02,Tuesday
5477,2023-05-20,110,Dr. Raul Dias,M,36-45,Nordeste,Dado do Prazer,Jogos Adultos,127.64,1,0.0,Pix,Entregue,App,127.64,2023,5,2023-05,Saturday
1732,2023-07-18,261,Léo Melo,M,26-35,Nordeste,Fantasia Enfermeira,Lingerie,81.44,1,0.0,Pix,Entregue,App,81.44,2023,7,2023-07,Tuesday
5289,2023-02-22,29,Dra. Hellena Rodrigues,F,26-35,Norte,Conjunto Lingerie Boudoir,Lingerie,141.63,2,25.0,Pix,Entregue,Site,212.44,2023,2,2023-02,Wednesday
4329,2023-12-07,26,Srta. Yasmin Siqueira,F,46+,Sul,Gel Excitante Masculino,Lubrificantes,45.61,1,15.0,Boleto,Entregue,Marketplace,38.77,2023,12,2023-12,Thursday
183,2023-07-23,591,Mariah Porto,F,36-45,Sudeste,Vibrador Duplo Prazer,Vibradores,179.19,1,0.0,Pix,Entregue,Site,179.19,2023,7,2023-07,Sunday
1792,2024-09-16,348,Maria Isis da Conceição,F,36-45,Sul,Venda para Olhos Satin,Acessórios BDSM,115.83,1,0.0,Pix,Entregue,App,115.83,2024,9,2024-09,Monday
2356,2024-04-19,36,Josué Souza,M,18-25,Sul,Camisola Sensual Preta,Lingerie,101.93,1,15.0,Cartão Crédito,Entregue,App,86.64,2024,4,2024-04,Friday
1941,2023-11-08,17,Bruno Novaes,M,26-35,Sudeste,Gel Excitante Feminino,Lubrificantes,71.22,2,20.0,Pix,Entregue,Marketplace,113.95,2023,11,2023-11,Wednesday
703,2023-06-14,113,Hadassa Montenegro,F,36-45,Sul,Lubrificante Base Silicone,Lubrificantes,84.61,1,0.0,Boleto,Entregue,App,84.61,2023,6,2023-06,Wednesday
2443,2024-11-20,371,Anna Liz Pimenta,F,26-35,Sul,Lubrificante Base Silicone,Lubrificantes,45.81,1,10.0,Pix,Entregue,App,41.23,2024,11,2024-11,Wednesday
4488,2024-06-22,121,Cauê Souza,M,26-35,Sul,Gel Excitante Masculino,Lubrificantes,40.42,1,0.0,Cartão Crédito,Entregue,Marketplace,40.42,2024,6,2024-06,Saturday
497,2024-05-08,235,Dr. Dante Vieira,M,18-25,Sudeste,Lubrificante Íntimo Aquoso 250ml,Lubrificantes,75.43,4,0.0,Pix,Entregue,Site,301.72,2024,5,2024-05,Wednesday
4320,2024-02-11,197,Isabel Gomes,F,18-25,Nordeste,Vibrador Ponto G Flex,Vibradores,399.24,1,0.0,Cartão Crédito,Entregue,Site,399.24,2024,2,2024-02,Sunday
465,2023-09-25,678,Sra. Yasmin Borges,F,36-45,Centro-Oeste,Lubrificante Sabores Morango,Lubrificantes,76.89,1,0.0,Cartão Crédito,Entregue,Site,76.89,2023,9,2023-09,Monday
3672,2023-02-13,15,Julia Aparecida,F,26-35,Sudeste,Vibrador Clássico Silicone,Vibradores,402.45,1,15.0,Cartão Crédito,Entregue,Site,342.08,2023,2,2023-02,Monday
4806,2023-03-26,213,Amanda Barros,F,18-25,Sul,Wand Massager Pro,Vibradores,131.86,1,30.0,Pix,Entregue,Site,92.3,2023,3,2023-03,Sunday
173,2024-07-06,195,Lucas Gabriel Dias,M,18-25,Centro-Oeste,Lingerie Cropped com Bojo,Lingerie,133.18,2,0.0,Pix,Entregue,Marketplace,266.36,2024,7,2024-07,Saturday
5323,2023-06-25,142,Josué da Mata,M,26-35,Sudeste,Corda de Shibari 5m,Acessórios BDSM,209.91,1,5.0,Pix,Entregue,Site,199.41,2023,6,2023-06,Sunday
2541,2024-02-16,285,Maria Helena Machado,F,36-45,Centro-Oeste,Mini Vibrador Discreto,Vibradores,427.13,1,0.0,Boleto,Entregue,Site,427.13,2024,2,2024-02,Friday
4011,2024-12-28,10,Alana Teixeira,F,36-45,Sul,Camisola Sensual Preta,Lingerie,126.65,2,0.0,Cartão Crédito,Entregue,Marketplace,253.3,2024,12,2024-12,Saturday
3623,2023-12-04,69,Heloísa Pastor,F,26-35,Sudeste,Vibrador Duplo Prazer,Vibradores,333.69,1,0.0,Pix,Entregue,App,333.69,2023,12,2023-12,Monday
3085,2024-03-28,318,Sabrina da Paz,Não informado,46+,Nordeste,Chicote de Couro Soft,Acessórios BDSM,188.3,2,0.0,Boleto,Entregue,App,376.6,2024,3,2024-03,Thursday
2113,2023-04-26,57,Maria Cecília das Neves,F,18-25,Centro-Oeste,Body Rendado Vermelho,Lingerie,136.96,1,0.0,Pix,Entregue,Marketplace,136.96,2023,4,2023-04,Wednesday
901,2023-02-06,65,Maria Liz Rios,F,46+,Sul,Vibrador Duplo Prazer,Vibradores,427.74,1,0.0,Pix,Entregue,Site,427.74,2023,2,2023-02,Monday
1447,2023-02-10,311,Sra. Ana Cecília Teixeira,F,36-45,Sudeste,Lubrificante Íntimo Aquoso 100ml,Lubrificantes,30.98,1,0.0,Boleto,Entregue,Site,30.98,2023,2,2023-02,Friday
1912,2023-04-01,508,Sra. Hellena Farias,F,36-45,Sul,Gel Excitante Feminino,Lubrificantes,70.36,2,0.0,Cartão Crédito,Entregue,Site,140.72,2023,4,2023-04,Saturday
2698,2023-02-14,103,Isadora Pacheco,F,46+,Nordeste,Gel Excitante Feminino,Lubrificantes,38.38,2,0.0,Pix,Entregue,Site,76.76,2023,2,2023-02,Tuesday
3478,2024-07-22,208,Maya Mendonça,F,18-25,Sudeste,Vibrador Duplo Prazer,Vibradores,293.02,2,0.0,Pix,Entregue,Marketplace,586.04,2024,7,2024-07,Monday
742,2024-06-15,99,Emanuel Araújo,M,26-35,Sudeste,Gel Excitante Feminino,Lubrificantes,86.07,4,10.0,Pix,Entregue,Site,309.85,2024,6,2024-06,Saturday
2294,2023-10-26,197,Isabel Gomes,F,18-25,Nordeste,Fantasia Policial,Lingerie,130.36,1,15.0,Cartão Crédito,Entregue,App,110.81,2023,10,2023-10,Thursday
3208,2024-01-29,358,Sra. Anna Liz Farias,F,36-45,Sudeste,Fantasia Policial,Lingerie,68.28,2,0.0,Pix,Entregue,Site,136.56,2024,1,2024-01,Monday
1207,2023-09-15,304,Nathan da Mata,M,26-35,Centro-Oeste,Wand Massager Pro,Vibradores,422.04,1,0.0,Pix,Entregue,Site,422.04,2023,9,2023-09,Friday
510,2024-12-16,338,Thomas Souza,M,26-35,Sudeste,Venda para Olhos Satin,Acessórios BDSM,56.32,1,0.0,Cartão Débito,Entregue,Site,56.32,2024,12,2024-12,Monday
4609,2024-10-17,662,Léo Martins,M,18-25,Nordeste,Wand Massager Pro,Vibradores,447.38,1,0.0,Cartão Crédito,Entregue,Site,447.38,2024,10,2024-10,Thursday
4587,2023-05-24,137,Luiz Gustavo Vasconcelos,M,26-35,Nordeste,Corda de Shibari 5m,Acessórios BDSM,220.6,2,0.0,Cartão Crédito,Entregue,App,441.2,2023,5,2023-05,Wednesday
3440,2024-08-29,600,Vinicius Nogueira,M,26-35,Sul,Conjunto Lingerie Boudoir,Lingerie,141.33,2,15.0,Pix,Entregue,Site,240.26,2024,8,2024-08,Thursday
4073,2023-09-05,242,Maya Cavalcanti,F,46+,Norte,Vibrador Rabbit Premium,Vibradores,293.58,1,30.0,Pix,Entregue,Marketplace,205.51,2023,9,2023-09,Tuesday
1550,2024-10-13,267,Dra. Ester Correia,F,36-45,Sudeste,Fantasia Policial,Lingerie,188.88,2,0.0,Cartão Débito,Entregue,Site,377.76,2024,10,2024-10,Sunday
3030,2024-10-22,267,Dra. Ester Correia,F,36-45,Sudeste,Gel Térmico Sensação Quente,Cosméticos Íntimos,120.71,1,0.0,Cartão Crédito,Entregue,Marketplace,120.71,2024,10,2024-10,Tuesday
4017,2023-12-12,523,Luana Martins,F,36-45,Nordeste,Vibrador Clássico Silicone,Vibradores,276.76,1,15.0,Cartão Crédito,Entregue,Site,235.25,2023,12,2023-12,Tuesday
2567,2024-06-14,74,Raquel Cunha,F,46+,Sul,Meia-Calça Rendada,Lingerie,122.01,3,0.0,Cartão Crédito,Entregue,App,366.03,2024,6,2024-06,Friday
4537,2024-01-20,152,Joana Cavalcanti,F,26-35,Sul,Wand Massager Pro,Vibradores,412.39,1,0.0,Boleto,Entregue,App,412.39,2024,1,2024-01,Saturday
2045,2023-04-06,484,Sra. Raquel Pereira,F,18-25,Sudeste,Dominó Erótico,Jogos Adultos,105.3,2,0.0,Pix,Entregue,Site,210.6,2023,4,2023-04,Thursday
5407,2023-02-26,690,Maria Vitória Mendes,F,18-25,Norte,Fantasia Enfermeira,Lingerie,192.85,1,0.0,Cartão Crédito,Entregue,Site,192.85,2023,2,2023-02,Sunday
1509,2023-05-28,251,Joana Fernandes,F,46+,Sudeste,Lubrificante Base Silicone,Lubrificantes,50.44,1,0.0,Cartão Crédito,Entregue,App,50.44,2023,5,2023-05,Sunday
3135,2024-05-19,62,Sra. Eloah da Luz,F,26-35,Sudeste,Mordaça Silicone,Acessórios BDSM,162.12,1,0.0,Cartão Crédito,Entregue,Site,162.12,2024,5,2024-05,Sunday
422,2024-02-01,399,Ana Vitória Casa Grande,F,36-45,Sul,Lubrificante Íntimo Aquoso 100ml,Lubrificantes,87.38,3,30.0,Pix,Entregue,Site,183.5,2024,2,2024-02,Thursday
124,2024-10-25,33,Luara Cunha,Não informado,26-35,Norte,Perfume Íntimo Floral,Cosméticos Íntimos,135.5,1,0.0,Cartão Crédito,Entregue,App,135.5,2024,10,2024-10,Friday
4617,2023-12-07,420,Isaac Fonseca,M,26-35,Sul,Mini Vibrador Discreto,Vibradores,274.61,1,0.0,Pix,Entregue,Site,274.61,2023,12,2023-12,Thursday
3215,2024-05-30,73,Sophie da Costa,F,36-45,Sudeste,Vibrador Ponto G Flex,Vibradores,398.2,1,0.0,Cartão Crédito,Entregue,Marketplace,398.2,2024,5,2024-05,Thursday
820,2024-12-17,113,Hadassa Montenegro,F,36-45,Sul,Lubrificante Sabores Morango,Lubrificantes,84.21,1,10.0,Pix,Entregue,Site,75.79,2024,12,2024-12,Tuesday
1383,2023-07-30,698,Calebe Aragão,Não informado,36-45,Sul,Óleo de Massagem Relaxante,Lubrificantes,73.04,1,0.0,Pix,Entregue,Site,73.04,2023,7,2023-07,Sunday
2149,2024-08-08,185,Isadora Campos,F,36-45,Nordeste,Mini Vibrador Discreto,Vibradores,153.34,2,0.0,Pix,Entregue,Marketplace,306.68,2024,8,2024-08,Thursday
4677,2023-09-29,14,Aylla Fogaça,F,36-45,Sudeste,Kit Roleplay Surpresa,Jogos Adultos,81.6,1,0.0,Cartão Crédito,Entregue,Marketplace,81.6,2023,9,2023-09,Friday
1576,2024-02-17,28,Júlia Porto,F,26-35,Centro-Oeste,Vibrador Duplo Prazer,Vibradores,174.46,1,0.0,Cartão Débito,Entregue,Site,174.46,2024,2,2024-02,Saturday
1639,2023-01-03,772,Rhavi Rezende,M,26-35,Centro-Oeste,Perfume Íntimo Floral,Cosméticos Íntimos,53.58,5,0.0,Boleto,Entregue,Site,267.9,2023,1,2023-01,Tuesday
1796,2024-03-02,25,Brayan Pereira,M,26-35,Sul,Lubrificante Sabores Morango,Lubrificantes,43.05,1,0.0,Pix,Entregue,Site,43.05,2024,3,2024-03,Saturday
5342,2024-11-22,643,Davi Miguel Moura,M,36-45,Sudeste,Jogo de Cartas Sexo Quiz,Jogos Adultos,125.27,1,0.0,Cartão Débito,Entregue,Site,125.27,2024,11,2024-11,Friday
4944,2023-09-27,124,Gustavo Rodrigues,M,26-35,Nordeste,Gel Excitante Masculino,Lubrificantes,77.1,3,15.0,Pix,Entregue,Site,196.6,2023,9,2023-09,Wednesday
2311,2024-01-11,192,Raquel Pires,Não informado,26-35,Nordeste,Dado do Prazer,Jogos Adultos,61.35,4,10.0,Boleto,Entregue,App,220.86,2024,1,2024-01,Thursday
883,2024-02-03,6,Helena da Conceição,F,26-35,Sul,Sabonete Íntimo pH Neutro,Cosméticos Íntimos,98.66,1,0.0,Pix,Entregue,Site,98.66,2024,2,2024-02,Saturday
2757,2023-04-07,173,Srta. Antonella da Paz,F,18-25,Sudeste,Gel Excitante Feminino,Lubrificantes,67.83,1,0.0,Cartão Crédito,Entregue,Site,67.83,2023,4,2023-04,Friday
3560,2024-02-17,168,Agatha da Rosa,F,26-35,Sul,Wand Massager Pro,Vibradores,132.66,1,15.0,Pix,Devolvido,Site,112.76,2024,2,2024-02,Saturday
1353,2023-09-23,158,Maya Abreu,F,26-35,Sudeste,Meia-Calça Rendada,Lingerie,66.71,1,0.0,Pix,Entregue,Marketplace,66.71,2023,9,2023-09,Saturday
3366,2024-12-30,270,Beatriz Correia,F,26-35,Sul,Kit Iniciante BDSM 5 Peças,Acessórios BDSM,177.01,1,0.0,Pix,Entregue,Site,177.01,2024,12,2024-12,Monday
2508,2024-09-25,158,Maya Abreu,F,26-35,Sudeste,Mini Vibrador Discreto,Vibradores,337.42,1,25.0,Cartão Débito,Entregue,Marketplace,253.06,2024,9,2024-09,Wednesday
2131,2023-08-24,50,João Montenegro,M,26-35,Sudeste,Lubrificante Sabores Baunilha,Lubrificantes,78.76,3,20.0,Cartão Crédito,Devolvido,App,189.02,2023,8,2023-08,Thursday
983,2024-11-03,32,Ana Luiza Cunha,F,18-25,Sudeste,Lubrificante Íntimo Aquoso 100ml,Lubrificantes,43.83,1,0.0,Cartão Crédito,Entregue,Site,43.83,2024,11,2024-11,Sunday
457,2024-12-29,4,Dra. Aurora Pastor,F,26-35,Sul,Vibrador Rabbit Premium,Vibradores,415.81,1,0.0,Pix,Entregue,Marketplace,415.81,2024,12,2024-12,Sunday
1487,2023-09-03,138,Nicolas Pinto,M,36-45,Sudeste,Vibrador Clássico Silicone,Vibradores,440.56,1,0.0,Cartão Crédito,Entregue,Site,440.56,2023,9,2023-09,Sunday
1951,2023-05-10,26,Srta. Yasmin Siqueira,F,46+,Sul,Chicote de Couro Soft,Acessórios BDSM,252.12,3,0.0,Pix,Entregue,Site,756.36,2023,5,2023-05,Wednesday
4783,2024-04-10,219,José Barros,M,26-35,Sudeste,Kit Roleplay Surpresa,Jogos Adultos,96.89,2,0.0,Cartão Crédito,Entregue,Site,193.78,2024,4,2024-04,Wednesday
690,2023-10-01,58,Ana Laura da Costa,F,26-35,Nordeste,Conjunto Lingerie Boudoir,Lingerie,67.46,3,25.0,Cartão Crédito,Entregue,Marketplace,151.78,2023,10,2023-10,Sunday
2430,2024-09-22,526,Sr. Thiago Gomes,M,36-45,Sul,Body Coelhinha Plus Size,Lingerie,133.78,1,0.0,Cartão Crédito,Entregue,Site,133.78,2024,9,2024-09,Sunday
642,2023-10-12,107,Gabrielly Rios,F,46+,Nordeste,Conjunto Lingerie Boudoir,Lingerie,80.52,3,10.0,Pix,Entregue,Site,217.4,2023,10,2023-10,Thursday
2393,2023-12-18,154,Maya Ferreira,F,18-25,Sudeste,Vibrador Clássico Silicone,Vibradores,135.92,4,30.0,Boleto,Entregue,Site,380.58,2023,12,2023-12,Monday
2826,2023-07-19,467,Rafaela Câmara,F,26-35,Sudeste,Massageador Corporal Wave,Vibradores,199.1,1,30.0,Boleto,Entregue,Site,139.37,2023,7,2023-07,Wednesday
1954,2024-10-20,347,Esther Sampaio,F,18-25,Nordeste,Dominó Erótico,Jogos Adultos,95.59,2,0.0,Pix,Entregue,Site,191.18,2024,10,2024-10,Sunday
4109,2024-04-07,529,Olívia Montenegro,F,18-25,Sudeste,Lubrificante Sabores Baunilha,Lubrificantes,36.16,1,0.0,Pix,Entregue,Marketplace,36.16,2024,4,2024-04,Sunday
3059,2024-07-13,22,Rafael Porto,M,36-45,Nordeste,Lubrificante Íntimo Aquoso 100ml,Lubrificantes,82.08,3,0.0,Cartão Crédito,Entregue,Site,246.24,2024,7,2024-07,Saturday
3396,2024-02-22,785,Elisa Siqueira,F,26-35,Sul,Camisola Sensual Preta,Lingerie,142.23,2,0.0,Pix,Entregue,Site,284.46,2024,2,2024-02,Thursday
4826,2024-08-19,49,Eduarda Marques,F,26-35,Sul,Lubrificante Base Silicone,Lubrificantes,70.17,1,0.0,Pix,Entregue,App,70.17,2024,8,2024-08,Monday
2711,2023-03-11,382,Maria Alice Oliveira,F,26-35,Nordeste,Gel Excitante Feminino,Lubrificantes,36.58,1,0.0,Cartão Crédito,Entregue,Site,36.58,2023,3,2023-03,Saturday
1084,2024-03-18,512,Dra. Clara da Costa,F,36-45,Sul,Vibrador Rabbit Premium,Vibradores,284.13,1,0.0,Cartão Crédito,Entregue,Marketplace,284.13,2024,3,2024-03,Monday
4122,2023-12-06,202,Antônio Teixeira,M,36-45,Sul,Gel Excitante Feminino,Lubrificantes,51.3,1,0.0,Pix,Entregue,Marketplace,51.3,2023,12,2023-12,Wednesday
5291,2024-05-17,92,Alexandre Gomes,M,18-25,Sudeste,Wand Massager Pro,Vibradores,373.23,1,30.0,Pix,Entregue,Site,261.26,2024,5,2024-05,Friday
1885,2024-06-17,49,Eduarda Marques,F,26-35,Sul,Vibrador Ponto G Flex,Vibradores,116.83,3,5.0,Pix,Devolvido,Site,332.97,2024,6,2024-06,Monday
4183,2024-11-08,303,Ravi Lucca Sales,M,36-45,Sudeste,Mini Vibrador Discreto,Vibradores,496.32,1,0.0,Cartão Crédito,Entregue,Site,496.32,2024,11,2024-11,Friday
390,2023-12-30,417,Sr. Samuel Pimenta,M,36-45,Sul,Mini Vibrador Discreto,Vibradores,96.57,2,0.0,Cartão Crédito,Entregue,Site,193.14,2023,12,2023-12,Saturday
3833,2024-01-31,437,Sra. Valentina Camargo,F,26-35,Sudeste,Wand Massager Pro,Vibradores,94.35,1,0.0,Cartão Crédito,Entregue,App,94.35,2024,1,2024-01,Wednesday
3037,2024-03-31,155,Sra. Maya Pereira,F,26-35,Sul,Body Rendado Vermelho,Lingerie,152.83,1,30.0,Cartão Débito,Entregue,Site,106.98,2024,3,2024-03,Sunday
846,2023-12-29,147,Evelyn Guerra,F,36-45,Sul,Kit Iniciante BDSM 5 Peças,Acessórios BDSM,264.88,1,15.0,Cartão Crédito,Entregue,Marketplace,225.15,2023,12,2023-12,Friday
543,2023-08-23,72,Ana Beatriz Farias,F,46+,Norte,Kit Roleplay Surpresa,Jogos Adultos,76.49,1,0.0,Pix,Entregue,Marketplace,76.49,2023,8,2023-08,Wednesday
92,2023-12-17,327,Caroline da Paz,F,26-35,Sudeste,Óleo de Massagem Relaxante,Lubrificantes,46.21,1,20.0,Cartão Crédito,Entregue,Site,36.97,2023,12,2023-12,Sunday
5222,2024-09-15,175,Leonardo Câmara,M,36-45,Sul,Vibrador Clássico Silicone,Vibradores,416.8,5,0.0,Pix,Entregue,App,2084.0,2024,9,2024-09,Sunday
3385,2023-09-12,10,Alana Teixeira,F,36-45,Sul,Gel Térmico Sensação Quente,Cosméticos Íntimos,76.49,1,0.0,Cartão Crédito,Entregue,Site,76.49,2023,9,2023-09,Tuesday
1980,2023-03-20,459,Antonella Borges,F,26-35,Sudeste,Kit Roleplay Surpresa,Jogos Adultos,64.0,1,15.0,Cartão Crédito,Entregue,Site,54.4,2023,3,2023-03,Monday
3245,2024-12-10,318,Sabrina da Paz,Não informado,46+,Nordeste,Conjunto Lingerie Boudoir,Lingerie,186.63,1,0.0,Pix,Entregue,Site,186.63,2024,12,2024-12,Tuesday
4565,2024-10-27,73,Sophie da Costa,F,36-45,Sudeste,Wand Massager Pro,Vibradores,383.9,1,15.0,Cartão Crédito,Entregue,Marketplace,326.32,2024,10,2024-10,Sunday
3151,2024-04-27,265,Igor Campos,M,36-45,Sudeste,Lubrificante Base Silicone,Lubrificantes,37.61,1,0.0,Cartão Débito,Entregue,Site,37.61,2024,4,2024-04,Saturday
4541,2024-04-08,53,Daniela Freitas,F,26-35,Sudeste,Lubrificante Sabores Baunilha,Lubrificantes,46.71,2,0.0,Pix,Entregue,App,93.42,2024,4,2024-04,Monday
3566,2023-09-12,337,Diogo Gomes,M,26-35,Sul,Lubrificante Sabores Morango,Lubrificantes,48.58,1,0.0,Pix,Entregue,App,48.58,2023,9,2023-09,Tuesday
3990,2023-12-21,499,Ana Vitória Dias,Não informado,46+,Sudeste,Lingerie Cropped com Bojo,Lingerie,113.71,1,25.0,Pix,Entregue,Site,85.28,2023,12,2023-12,Thursday
2965,2024-06-19,479,Léo das Neves,M,36-45,Sudeste,Gel Excitante Masculino,Lubrificantes,79.95,2,0.0,Pix,Entregue,Site,159.9,2024,6,2024-06,Wednesday
3581,2023-04-09,180,Dr. Thales Guerra,M,36-45,Sudeste,Cartas Posições Kamasutra,Jogos Adultos,47.18,1,5.0,Cartão Crédito,Entregue,Site,44.82,2023,4,2023-04,Sunday
1677,2024-02-12,24,Giovanna Rios,F,26-35,Centro-Oeste,Óleo de Massagem Relaxante,Lubrificantes,30.06,1,0.0,Boleto,Entregue,App,30.06,2024,2,2024-02,Monday
1049,2023-12-12,498,Srta. Maya Almeida,F,46+,Sudeste,Corda de Shibari 5m,Acessórios BDSM,183.55,1,0.0,Cartão Crédito,Entregue,Site,183.55,2023,12,2023-12,Tuesday
2950,2024-11-03,608,Maria Nogueira,F,36-45,Centro-Oeste,Wand Massager Pro,Vibradores,122.94,1,15.0,Pix,Entregue,Site,104.5,2024,11,2024-11,Sunday
1961,2024-10-25,35,Diego da Luz,M,26-35,Sudeste,Lubrificante Íntimo Aquoso 100ml,Lubrificantes,32.46,1,0.0,Cartão Crédito,Entregue,Site,32.46,2024,10,2024-10,Friday
3415,2023-07-31,393,Lunna Souza,F,26-35,Nordeste,Mini Vibrador Discreto,Vibradores,252.18,1,25.0,Boleto,Entregue,Site,189.14,2023,7,2023-07,Monday
238,2023-10-06,7,Apollo Novais,M,18-25,Nordeste,Gel Excitante Feminino,Lubrificantes,52.2,3,0.0,Cartão Crédito,Entregue,Site,156.6,2023,10,2023-10,Friday
3642,2024-04-01,560,Ana Clara Jesus,F,26-35,Sudeste,Body Rendado Vermelho,Lingerie,169.93,4,5.0,Cartão Crédito,Entregue,Site,645.73,2024,4,2024-04,Monday
4195,2023-02-24,258,Ayla da Rocha,F,18-25,Sul,Lubrificante Base Silicone,Lubrificantes,41.38,2,0.0,Pix,Entregue,Marketplace,82.76,2023,2,2023-02,Friday
1134,2023-03-24,69,Heloísa Pastor,F,26-35,Sudeste,Fantasia Policial,Lingerie,67.51,1,0.0,Cartão Crédito,Entregue,App,67.51,2023,3,2023-03,Friday
2881,2023-01-11,111,Anthony Marques,M,26-35,Nordeste,Lubrificante Íntimo Aquoso 250ml,Lubrificantes,75.09,1,20.0,Pix,Devolvido,App,60.07,2023,1,2023-01,Wednesday
1806,2024-08-09,383,Juan Almeida,M,26-35,Sudeste,Kit Algemas Veludo,Acessórios BDSM,298.27,1,0.0,Cartão Crédito,Entregue,Site,298.27,2024,8,2024-08,Friday
4597,2023-04-22,355,Cecília Jesus,F,36-45,Sudeste,Camisola Sensual Preta,Lingerie,158.59,3,25.0,Boleto,Entregue,Site,356.83,2023,4,2023-04,Saturday
164,2024-01-26,208,Maya Mendonça,F,18-25,Sudeste,Mordaça Silicone,Acessórios BDSM,87.29,3,0.0,Cartão Crédito,Devolvido,Marketplace,261.87,2024,1,2024-01,Friday
4197,2024-02-13,8,Yago Leão,M,26-35,Sudeste,Lubrificante Íntimo Aquoso 100ml,Lubrificantes,38.47,1,0.0,Pix,Entregue,App,38.47,2024,2,2024-02,Tuesday
5282,2024-09-14,181,Diogo Rezende,M,46+,Sudeste,Mini Vibrador Discreto,Vibradores,174.19,1,0.0,Cartão Crédito,Entregue,Site,174.19,2024,9,2024-09,Saturday
5228,2024-12-03,520,Olivia Macedo,F,26-35,Nordeste,Fantasia Policial,Lingerie,157.01,1,0.0,Cartão Crédito,Entregue,Site,157.01,2024,12,2024-12,Tuesday
4009,2024-05-23,301,Bento Cavalcante,Não informado,26-35,Norte,Vibrador Duplo Prazer,Vibradores,196.37,1,0.0,Cartão Crédito,Entregue,Site,196.37,2024,5,2024-05,Thursday
266,2024-02-27,351,Sr. Thales Andrade,M,36-45,Sul,Óleo de Massagem Relaxante,Lubrificantes,73.46,1,0.0,Boleto,Entregue,Site,73.46,2024,2,2024-02,Tuesday
2002,2023-09-22,79,Maria Lima,F,18-25,Centro-Oeste,Kit Iniciante BDSM 5 Peças,Acessórios BDSM,100.25,1,0.0,Cartão Crédito,Entregue,App,100.25,2023,9,2023-09,Friday
1812,2023-02-09,373,Cecília da Conceição,F,36-45,Sul,Lingerie Cropped com Bojo,Lingerie,179.35,4,0.0,Cartão Crédito,Entregue,Marketplace,717.4,2023,2,2023-02,Thursday
3278,2023-01-25,181,Diogo Rezende,M,46+,Sudeste,Gel Excitante Masculino,Lubrificantes,52.0,5,0.0,Cartão Débito,Entregue,Marketplace,260.0,2023,1,2023-01,Wednesday
2979,2023-05-06,320,Luara da Cunha,F,26-35,Nordeste,Lubrificante Íntimo Aquoso 100ml,Lubrificantes,56.57,5,0.0,Cartão Crédito,Entregue,Site,282.85,2023,5,2023-05,Saturday
3825,2024-11-27,65,Maria Liz Rios,F,46+,Sul,Creme Retardante Masculino,Cosméticos Íntimos,128.06,2,10.0,Cartão Débito,Entregue,App,230.51,2024,11,2024-11,Wednesday
2907,2023-06-14,708,Sabrina Peixoto,F,18-25,Sul,Creme Excitante Feminino,Cosméticos Íntimos,146.18,3,0.0,Boleto,Entregue,Site,438.54,2023,6,2023-06,Wednesday
3871,2023-08-02,138,Nicolas Pinto,M,36-45,Sudeste,Conjunto Lingerie Boudoir,Lingerie,161.13,1,0.0,Cartão Crédito,Entregue,Marketplace,161.13,2023,8,2023-08,Wednesday
399,2024-12-02,360,Dr. Vitor Hugo Andrade,M,36-45,Sudeste,Meia-Calça Rendada,Lingerie,78.26,1,20.0,Boleto,Entregue,App,62.61,2024,12,2024-12,Monday
5451,2023-06-09,95,Juan Cunha,M,26-35,Sul,Lubrificante Íntimo Aquoso 250ml,Lubrificantes,88.08,2,15.0,Cartão Crédito,Entregue,Marketplace,149.74,2023,6,2023-06,Friday
948,2024-04-04,546,Maria Flor Ramos,F,26-35,Sul,Corda de Shibari 5m,Acessórios BDSM,115.09,1,0.0,Cartão Crédito,Entregue,Marketplace,115.09,2024,4,2024-04,Thursday
3079,2024-12-31,47,João Felipe Vargas,M,18-25,Sul,Spray Prolongador,Cosméticos Íntimos,142.16,3,0.0,Pix,Entregue,Marketplace,426.48,2024,12,2024-12,Tuesday
3139,2024-08-10,200,Nina Leão,F,18-25,Centro-Oeste,Kit Cuidados Íntimos,Cosméticos Íntimos,84.18,1,25.0,Pix,Entregue,Site,63.14,2024,8,2024-08,Saturday
4954,2023-11-26,296,Dr. Rafael Barbosa,M,18-25,Sul,Wand Massager Pro,Vibradores,130.75,2,0.0,Pix,Entregue,App,261.5,2023,11,2023-11,Sunday
5161,2023-03-13,256,Renan Ramos,M,26-35,Nordeste,Vibrador Ponto G Flex,Vibradores,293.67,1,0.0,Pix,Devolvido,App,293.67,2023,3,2023-03,Monday
4774,2024-09-12,431,Caroline Nogueira,F,26-35,Norte,Lubrificante Sabores Baunilha,Lubrificantes,81.52,2,30.0,Cartão Crédito,Entregue,App,114.13,2024,9,2024-09,Thursday
3230,2024-08-18,70,Alana Barbosa,F,26-35,Norte,Dominó Erótico,Jogos Adultos,82.27,1,0.0,Pix,Entregue,App,82.27,2024,8,2024-08,Sunday
3461,2024-07-07,89,Enzo Jesus,M,36-45,Sul,Body Coelhinha Plus Size,Lingerie,191.75,5,10.0,Cartão Débito,Entregue,App,862.88,2024,7,2024-07,Sunday
2726,2023-01-03,100,Anna Liz Cirino,F,18-25,Centro-Oeste,Gel Excitante Feminino,Lubrificantes,53.24,1,0.0,Pix,Entregue,App,53.24,2023,1,2023-01,Tuesday
561,2023-04-12,320,Luara da Cunha,F,26-35,Nordeste,Fantasia Policial,Lingerie,102.11,1,25.0,Cartão Crédito,Entregue,Site,76.58,2023,4,2023-04,Wednesday
4477,2023-10-29,148,Dr. Bernardo Vargas,Não informado,26-35,Norte,Lubrificante Íntimo Aquoso 100ml,Lubrificantes,83.3,1,0.0,Pix,Entregue,App,83.3,2023,10,2023-10,Sunday
3604,2024-03-28,91,Bento Cavalcante,M,26-35,Sul,Lubrificante Íntimo Aquoso 250ml,Lubrificantes,68.32,1,0.0,Pix,Entregue,Site,68.32,2024,3,2024-03,Thursday
3741,2023-02-02,553,Cecilia Cassiano,F,18-25,Centro-Oeste,Dominó Erótico,Jogos Adultos,120.24,2,0.0,Cartão Crédito,Entregue,Marketplace,240.48,2023,2,2023-02,Thursday
244,2023-06-25,127,Sra. Kamilly Aparecida,F,36-45,Nordeste,Fantasia Policial,Lingerie,135.58,1,0.0,Boleto,Entregue,Site,135.58,2023,6,2023-06,Sunday
3173,2024-01-26,49,Eduarda Marques,F,26-35,Sul,Lubrificante Íntimo Aquoso 100ml,Lubrificantes,60.53,1,30.0,Pix,Entregue,Site,42.37,2024,1,2024-01,Friday
1340,2024-11-26,9,Pietro Pastor,M,26-35,Sudeste,Body Rendado Vermelho,Lingerie,134.63,1,30.0,Cartão Crédito,Entregue,Marketplace,94.24,2024,11,2024-11,Tuesday
3412,2023-06-10,39,Luiz Miguel Câmara,M,36-45,Sudeste,Fantasia Policial,Lingerie,66.7,2,5.0,Pix,Entregue,Site,126.73,2023,6,2023-06,Saturday
3635,2023-08-28,28,Júlia Porto,F,26-35,Centro-Oeste,Fantasia Policial,Lingerie,170.19,1,25.0,Pix,Entregue,Site,127.64,2023,8,2023-08,Monday
406,2024-06-01,538,Ana Júlia Vieira,F,36-45,Nordeste,Lubrificante Sabores Baunilha,Lubrificantes,51.54,2,0.0,Cartão Crédito,Entregue,Site,103.08,2024,6,2024-06,Saturday
1443,2024-05-11,295,Isabel da Paz,F,36-45,Centro-Oeste,Wand Massager Pro,Vibradores,333.97,1,0.0,Pix,Entregue,App,333.97,2024,5,2024-05,Saturday
262,2024-03-07,763,João Gabriel Novais,M,26-35,Nordeste,Spray Prolongador,Cosméticos Íntimos,68.16,1,30.0,Pix,Entregue,Site,47.71,2024,3,2024-03,Thursday
3393,2023-12-07,526,Sr. Thiago Gomes,M,36-45,Sul,Mini Vibrador Discreto,Vibradores,315.71,5,30.0,Pix,Entregue,Site,1104.98,2023,12,2023-12,Thursday
5065,2024-06-17,348,Maria Isis da Conceição,F,36-45,Sul,Lubrificante Base Silicone,Lubrificantes,83.2,2,15.0,Pix,Entregue,Site,141.44,2024,6,2024-06,Monday
1690,2024-02-15,374,José Miguel Marques,M,36-45,Norte,Jogo de Cartas Sexo Quiz,Jogos Adultos,75.3,1,0.0,Pix,Entregue,Site,75.3,2024,2,2024-02,Thursday
1726,2023-05-25,18,Maria Cecília Oliveira,F,26-35,Centro-Oeste,Lubrificante Base Silicone,Lubrificantes,30.34,1,0.0,Pix,Entregue,App,30.34,2023,5,2023-05,Thursday
1204,2024-08-27,108,Sra. Isabella da Luz,Não informado,36-45,Centro-Oeste,Lubrificante Base Silicone,Lubrificantes,81.5,1,5.0,Pix,Entregue,Marketplace,77.42,2024,8,2024-08,Tuesday
835,2023-10-28,187,Dr. Pedro Miguel Pimenta,M,26-35,Sudeste,Lubrificante Base Silicone,Lubrificantes,55.05,1,0.0,Pix,Entregue,App,55.05,2023,10,2023-10,Saturday
1867,2023-05-04,13,Cauã Borges,M,36-45,Nordeste,Lubrificante Base Silicone,Lubrificantes,48.79,4,0.0,Cartão Débito,Entregue,Site,195.16,2023,5,2023-05,Thursday
2497,2023-07-30,232,Marcos Vinicius Gonçalves,M,36-45,Sul,Massageador Corporal Wave,Vibradores,385.89,1,0.0,Boleto,Entregue,App,385.89,2023,7,2023-07,Sunday
3017,2024-12-05,344,Zoe Mendes,F,26-35,Sudeste,Body Coelhinha Plus Size,Lingerie,103.62,4,0.0,Pix,Entregue,Marketplace,414.48,2024,12,2024-12,Thursday
4184,2023-10-28,105,Mariah Ribeiro,F,18-25,Nordeste,Lingerie Cropped com Bojo,Lingerie,173.27,2,15.0,Pix,Entregue,Site,294.56,2023,10,2023-10,Saturday
2011,2024-02-21,10,Alana Teixeira,F,36-45,Sul,Dominó Erótico,Jogos Adultos,74.58,1,0.0,Pix,Entregue,Site,74.58,2024,2,2024-02,Wednesday
3408,2024-06-29,791,Lunna Borges,F,26-35,Sudeste,Kit Algemas Veludo,Acessórios BDSM,153.53,1,0.0,Pix,Entregue,Site,153.53,2024,6,2024-06,Saturday
341,2024-11-26,184,Dra. Nicole Aragão,F,36-45,Sul,Lubrificante Íntimo Aquoso 250ml,Lubrificantes,75.51,2,0.0,Cartão Crédito,Entregue,Site,151.02,2024,11,2024-11,Tuesday
5142,2024-05-09,38,Dra. Mariane Pacheco,F,26-35,Sudeste,Vibrador Rabbit Premium,Vibradores,355.32,3,0.0,Cartão Crédito,Entregue,App,1065.96,2024,5,2024-05,Thursday
1602,2024-11-22,108,Sra. Isabella da Luz,Não informado,36-45,Centro-Oeste,Kit Cuidados Íntimos,Cosméticos Íntimos,47.49,1,5.0,Pix,Entregue,Site,45.12,2024,11,2024-11,Friday
3693,2023-03-20,384,Sra. Kamilly Albuquerque,F,18-25,Sul,Creme Retardante Masculino,Cosméticos Íntimos,90.03,1,0.0,Cartão Débito,Entregue,App,90.03,2023,3,2023-03,Monday
5212,2023-10-16,69,Heloísa Pastor,F,26-35,Sudeste,Dominó Erótico,Jogos Adultos,66.66,1,0.0,Pix,Entregue,Site,66.66,2023,10,2023-10,Monday
481,2024-03-24,265,Igor Campos,M,36-45,Sudeste,Corda de Shibari 5m,Acessórios BDSM,90.24,3,0.0,Pix,Entregue,App,270.72,2024,3,2024-03,Sunday
3927,2023-02-02,248,Mateus Fernandes,M,26-35,Nordeste,Conjunto Lingerie Boudoir,Lingerie,155.2,4,0.0,Pix,Entregue,Site,620.8,2023,2,2023-02,Thursday
2786,2024-07-29,77,Maria Luísa Correia,F,46+,Sudeste,Jogo de Cartas Sexo Quiz,Jogos Adultos,101.1,2,0.0,Cartão Crédito,Entregue,Marketplace,202.2,2024,7,2024-07,Monday
1524,2023-11-22,30,Ana Laura da Conceição,F,18-25,Sudeste,Fantasia Policial,Lingerie,157.1,1,0.0,Cartão Crédito,Entregue,Site,157.1,2023,11,2023-11,Wednesday
4141,2023-12-16,116,Emanuel Macedo,M,46+,Sudeste,Body Coelhinha Plus Size,Lingerie,84.54,2,0.0,Pix,Entregue,Site,169.08,2023,12,2023-12,Saturday
5187,2024-02-08,298,Dra. Fernanda Lima,F,26-35,Nordeste,Mini Vibrador Discreto,Vibradores,396.22,1,0.0,Pix,Entregue,App,396.22,2024,2,2024-02,Thursday
5149,2024-09-24,261,Léo Melo,M,26-35,Nordeste,Jogo Tabuleiro Casais,Jogos Adultos,121.51,1,0.0,Pix,Entregue,Site,121.51,2024,9,2024-09,Tuesday
3746,2023-02-16,67,Bárbara da Cruz,Não informado,36-45,Norte,Vibrador Ponto G Flex,Vibradores,283.21,2,0.0,Pix,Entregue,App,566.42,2023,2,2023-02,Thursday
800,2024-01-29,587,Yan Siqueira,M,36-45,Sul,Gel Excitante Feminino,Lubrificantes,64.89,1,0.0,Pix,Entregue,Marketplace,64.89,2024,1,2024-01,Monday
1767,2024-09-16,348,Maria Isis da Conceição,F,36-45,Sul,Vibrador Clássico Silicone,Vibradores,227.93,4,5.0,Cartão Crédito,Entregue,App,866.13,2024,9,2024-09,Monday
4968,2023-09-10,329,Isaque Santos,M,36-45,Centro-Oeste,Fantasia Policial,Lingerie,102.98,1,0.0,Pix,Entregue,Marketplace,102.98,2023,9,2023-09,Sunday
3943,2023-02-10,25,Brayan Pereira,M,26-35,Sul,Wand Massager Pro,Vibradores,397.7,1,0.0,Cartão Débito,Entregue,Site,397.7,2023,2,2023-02,Friday
2454,2024-01-10,118,Dra. Alexia Rios,F,46+,Sudeste,Dominó Erótico,Jogos Adultos,49.03,1,0.0,Cartão Crédito,Entregue,Site,49.03,2024,1,2024-01,Wednesday
4573,2024-11-13,76,Renan da Cruz,M,26-35,Nordeste,Lubrificante Íntimo Aquoso 250ml,Lubrificantes,31.83,3,0.0,Pix,Entregue,Site,95.49,2024,11,2024-11,Wednesday
4392,2023-07-28,211,Ravi Lucca Cardoso,Não informado,26-35,Sudeste,Creme Retardante Masculino,Cosméticos Íntimos,56.74,2,0.0,Pix,Entregue,Marketplace,113.48,2023,7,2023-07,Friday
4501,2024-09-06,245,Dr. Lorenzo da Cruz,M,18-25,Sul,Conjunto Lingerie Boudoir,Lingerie,84.57,1,0.0,Pix,Entregue,Marketplace,84.57,2024,9,2024-09,Friday
5193,2023-05-30,374,José Miguel Marques,M,36-45,Norte,Óleo de Massagem Relaxante,Lubrificantes,43.92,2,0.0,Cartão Débito,Entregue,Site,87.84,2023,5,2023-05,Tuesday
1272,2024-11-23,484,Sra. Raquel Pereira,F,18-25,Sudeste,Lubrificante Íntimo Aquoso 100ml,Lubrificantes,62.76,3,0.0,Pix,Entregue,Site,188.28,2024,11,2024-11,Saturday
3783,2023-05-11,4,Dra. Aurora Pastor,F,26-35,Sul,Lubrificante Sabores Morango,Lubrificantes,77.19,3,0.0,Boleto,Entregue,Site,231.57,2023,5,2023-05,Thursday
3802,2023-01-11,620,Maya Guerra,F,36-45,Centro-Oeste,Lubrificante Base Silicone,Lubrificantes,44.16,1,0.0,Cartão Crédito,Entregue,Site,44.16,2023,1,2023-01,Wednesday
5205,2024-10-26,719,Maria Júlia Freitas,F,26-35,Sul,Jogo de Cartas Sexo Quiz,Jogos Adultos,105.03,3,0.0,Cartão Débito,Devolvido,Site,315.09,2024,10,2024-10,Saturday
4596,2024-04-14,276,Larissa Melo,F,18-25,Sul,Lubrificante Íntimo Aquoso 250ml,Lubrificantes,41.92,1,20.0,Pix,Entregue,Site,33.54,2024,4,2024-04,Sunday
348,2023-04-28,13,Cauã Borges,M,36-45,Nordeste,Massageador Corporal Wave,Vibradores,105.22,2,0.0,Cartão Crédito,Entregue,Site,210.44,2023,4,2023-04,Friday
3647,2024-03-30,182,Srta. Bianca Vasconcelos,F,26-35,Nordeste,Body Rendado Vermelho,Lingerie,120.78,2,0.0,Pix,Entregue,Site,241.56,2024,3,2024-03,Saturday
4432,2023-03-30,214,Sra. Catarina Martins,F,46+,Sul,Vibrador Clássico Silicone,Vibradores,120.26,2,15.0,Cartão Débito,Entregue,Site,204.44,2023,3,2023-03,Thursday
5131,2023-09-11,221,Ana Júlia Ferreira,F,26-35,Norte,Creme Retardante Masculino,Cosméticos Íntimos,41.02,1,0.0,Pix,Entregue,App,41.02,2023,9,2023-09,Monday
2563,2024-10-13,15,Julia Aparecida,F,26-35,Sudeste,Vibrador Duplo Prazer,Vibradores,497.56,1,0.0,Pix,Entregue,Marketplace,497.56,2024,10,2024-10,Sunday
3028,2024-11-14,273,Sr. João Guilherme Aparecida,M,18-25,Nordeste,Gel Excitante Feminino,Lubrificantes,52.01,1,0.0,Pix,Entregue,Marketplace,52.01,2024,11,2024-11,Thursday
5129,2024-10-20,116,Emanuel Macedo,M,46+,Sudeste,Massageador Corporal Wave,Vibradores,206.09,1,25.0,Boleto,Entregue,Site,154.57,2024,10,2024-10,Sunday
1424,2024-06-17,45,Yuri Albuquerque,M,46+,Sudeste,Lingerie Cropped com Bojo,Lingerie,149.19,1,30.0,Pix,Entregue,App,104.43,2024,6,2024-06,Monday
657,2024-03-16,92,Alexandre Gomes,M,18-25,Sudeste,Kit Algemas Veludo,Acessórios BDSM,112.76,1,0.0,Boleto,Entregue,App,112.76,2024,3,2024-03,Saturday
3941,2024-10-21,366,Luan Vieira,M,36-45,Sul,Wand Massager Pro,Vibradores,235.72,2,10.0,Pix,Entregue,App,424.3,2024,10,2024-10,Monday
5118,2024-08-20,179,Gael Silva,M,36-45,Sudeste,Lubrificante Base Silicone,Lubrificantes,40.92,1,0.0,Cartão Crédito,Entregue,App,40.92,2024,8,2024-08,Tuesday
2103,2023-05-28,48,Sra. Brenda da Rocha,F,26-35,Centro-Oeste,Conjunto Lingerie Boudoir,Lingerie,156.5,1,30.0,Pix,Entregue,Site,109.55,2023,5,2023-05,Sunday
633,2023-10-19,194,João Pedro da Costa,M,26-35,Nordeste,Kit Iniciante BDSM 5 Peças,Acessórios BDSM,296.89,3,0.0,Boleto,Entregue,Marketplace,890.67,2023,10,2023-10,Thursday
3650,2023-10-14,799,Sr. Ravi Lucca das Neves,M,36-45,Sul,Vibrador Clássico Silicone,Vibradores,359.64,2,0.0,Pix,Entregue,Site,719.28,2023,10,2023-10,Saturday
2494,2024-04-15,134,Ana Cecília das Neves,F,26-35,Sudeste,Kit Roleplay Surpresa,Jogos Adultos,40.47,1,0.0,Pix,Devolvido,App,40.47,2024,4,2024-04,Monday
2666,2024-12-10,97,Sra. Ana Laura Aragão,F,26-35,Sudeste,Meia-Calça Rendada,Lingerie,112.79,2,25.0,Boleto,Entregue,App,169.18,2024,12,2024-12,Tuesday
3957,2024-10-14,595,Isaque Silva,M,36-45,Sudeste,Lubrificante Base Silicone,Lubrificantes,56.75,2,0.0,Pix,Entregue,Site,113.5,2024,10,2024-10,Monday
4824,2023-02-05,137,Luiz Gustavo Vasconcelos,M,26-35,Nordeste,Lubrificante Sabores Morango,Lubrificantes,38.85,1,25.0,Cartão Crédito,Entregue,Marketplace,29.14,2023,2,2023-02,Sunday
4064,2024-08-05,81,Beatriz Araújo,F,26-35,Sul,Vibrador Rabbit Premium,Vibradores,373.68,1,0.0,Pix,Entregue,Site,373.68,2024,8,2024-08,Monday
3807,2023-06-15,154,Maya Ferreira,F,18-25,Sudeste,Lubrificante Sabores Morango,Lubrificantes,80.34,3,0.0,Boleto,Entregue,Site,241.02,2023,6,2023-06,Thursday
3806,2024-09-13,698,Calebe Aragão,Não informado,36-45,Sul,Gel Excitante Masculino,Lubrificantes,34.14,1,20.0,Cartão Débito,Entregue,Site,27.31,2024,9,2024-09,Friday
4260,2024-11-16,140,Maria Sophia Alves,F,36-45,Sudeste,Gel Térmico Sensação Quente,Cosméticos Íntimos,35.8,2,20.0,Cartão Crédito,Entregue,App,57.28,2024,11,2024-11,Saturday
2501,2024-12-28,441,Augusto Siqueira,M,46+,Sudeste,Lubrificante Sabores Baunilha,Lubrificantes,45.05,4,0.0,Cartão Crédito,Entregue,App,180.2,2024,12,2024-12,Saturday
1466,2024-03-07,14,Aylla Fogaça,F,36-45,Sudeste,Mordaça Silicone,Acessórios BDSM,100.16,3,0.0,Cartão Crédito,Entregue,Marketplace,300.48,2024,3,2024-03,Thursday
4557,2023-01-21,288,Ana Liz Pimenta,F,36-45,Centro-Oeste,Gel Excitante Feminino,Lubrificantes,32.05,2,0.0,Pix,Entregue,Marketplace,64.1,2023,1,2023-01,Saturday
5022,2024-01-27,156,Bruna Gomes,F,26-35,Nordeste,Colar e Guia BDSM,Acessórios BDSM,246.1,1,0.0,Pix,Entregue,Site,246.1,2024,1,2024-01,Saturday
116,2023-10-28,500,Paulo Oliveira,M,26-35,Nordeste,Kit Iniciante BDSM 5 Peças,Acessórios BDSM,168.61,2,30.0,Pix,Entregue,Site,236.05,2023,10,2023-10,Saturday
1822,2023-01-03,36,Josué Souza,M,18-25,Sul,Óleo de Massagem Relaxante,Lubrificantes,73.14,1,25.0,Cartão Crédito,Entregue,Site,54.86,2023,1,2023-01,Tuesday
2402,2023-09-21,21,Carlos Eduardo Garcia,Não informado,36-45,Sul,Conjunto Lingerie Boudoir,Lingerie,195.4,5,10.0,Pix,Entregue,Site,879.3,2023,9,2023-09,Thursday
1233,2023-11-16,67,Bárbara da Cruz,Não informado,36-45,Norte,Lubrificante Base Silicone,Lubrificantes,63.55,1,0.0,Cartão Débito,Entregue,App,63.55,2023,11,2023-11,Thursday
2662,2023-03-06,513,Diogo da Cunha,M,26-35,Sudeste,Meia-Calça Rendada,Lingerie,149.71,2,0.0,Pix,Entregue,App,299.42,2023,3,2023-03,Monday
2818,2023-02-11,4,Dra. Aurora Pastor,F,26-35,Sul,Vibrador Rabbit Premium,Vibradores,317.5,1,10.0,Pix,Entregue,Site,285.75,2023,2,2023-02,Saturday
4164,2023-10-06,131,Daniel Barbosa,M,36-45,Sudeste,Lubrificante Íntimo Aquoso 250ml,Lubrificantes,41.35,3,0.0,Pix,Entregue,Site,124.05,2023,10,2023-10,Friday
5075,2023-05-10,706,Henrique Pacheco,M,36-45,Sul,Conjunto Lingerie Boudoir,Lingerie,168.34,2,0.0,Cartão Crédito,Entregue,App,336.68,2023,5,2023-05,Wednesday
4413,2024-02-20,294,Dra. Olivia da Rocha,F,26-35,Sudeste,Meia-Calça Rendada,Lingerie,136.08,4,0.0,Pix,Entregue,App,544.32,2024,2,2024-02,Tuesday
4935,2024-10-14,183,Henry Cavalcanti,M,26-35,Nordeste,Kit Algemas Veludo,Acessórios BDSM,258.37,1,0.0,Pix,Entregue,App,258.37,2024,10,2024-10,Monday
58,2024-11-14,61,Davi Lucas Cardoso,M,36-45,Norte,Lingerie Cropped com Bojo,Lingerie,195.8,2,0.0,Boleto,Entregue,Site,391.6,2024,11,2024-11,Thursday
4142,2023-06-15,41,Benicio Camargo,M,26-35,Nordeste,Vibrador Rabbit Premium,Vibradores,450.23,1,0.0,Cartão Débito,Entregue,Site,450.23,2023,6,2023-06,Thursday
3942,2024-03-13,542,Dra. Clarice Farias,F,18-25,Sudeste,Spray Prolongador,Cosméticos Íntimos,68.13,1,0.0,Pix,Entregue,App,68.13,2024,3,2024-03,Wednesday
5159,2023-10-12,175,Leonardo Câmara,M,36-45,Sul,Meia-Calça Rendada,Lingerie,188.71,1,0.0,Cartão Débito,Entregue,App,188.71,2023,10,2023-10,Thursday
5488,2023-04-18,288,Ana Liz Pimenta,F,36-45,Centro-Oeste,Jogo de Cartas Sexo Quiz,Jogos Adultos,59.98,1,0.0,Pix,Entregue,Marketplace,59.98,2023,4,2023-04,Tuesday
1736,2024-05-18,523,Luana Martins,F,36-45,Nordeste,Body Rendado Vermelho,Lingerie,140.13,1,0.0,Pix,Entregue,Site,140.13,2024,5,2024-05,Saturday
5004,2024-09-23,115,Isabelly Freitas,F,18-25,Sudeste,Fantasia Policial,Lingerie,117.0,2,0.0,Boleto,Entregue,Site,234.0,2024,9,2024-09,Monday
2824,2024-02-04,70,Alana Barbosa,F,26-35,Norte,Vibrador Clássico Silicone,Vibradores,258.41,1,0.0,Pix,Entregue,Marketplace,258.41,2024,2,2024-02,Sunday
2197,2024-07-20,168,Agatha da Rosa,F,26-35,Sul,Lubrificante Íntimo Aquoso 100ml,Lubrificantes,64.92,1,0.0,Pix,Entregue,Site,64.92,2024,7,2024-07,Saturday
160,2024-05-17,340,Manuela Viana,F,18-25,Nordeste,Kit Iniciante BDSM 5 Peças,Acessórios BDSM,119.97,1,0.0,Pix,Entregue,Site,119.97,2024,5,2024-05,Friday
2476,2023-01-18,498,Srta. Maya Almeida,F,46+,Sudeste,Perfume Íntimo Floral,Cosméticos Íntimos,61.34,2,0.0,Pix,Entregue,Site,122.68,2023,1,2023-01,Wednesday
2565,2024-12-17,141,Lívia Viana,F,36-45,Sudeste,Lubrificante Sabores Baunilha,Lubrificantes,56.0,1,0.0,Boleto,Entregue,Marketplace,56.0,2024,12,2024-12,Tuesday
4378,2024-06-29,456,Srta. Luara Lima,F,46+,Sudeste,Mini Vibrador Discreto,Vibradores,239.27,3,0.0,Cartão Crédito,Entregue,Marketplace,717.81,2024,6,2024-06,Saturday
3633,2024-11-22,167,Srta. Liz Guerra,F,18-25,Sul,Body Coelhinha Plus Size,Lingerie,140.44,1,30.0,Pix,Entregue,Marketplace,98.31,2024,11,2024-11,Friday
2609,2024-11-09,322,Théo Abreu,M,18-25,Sudeste,Lubrificante Base Silicone,Lubrificantes,51.0,1,0.0,Pix,Entregue,Marketplace,51.0,2024,11,2024-11,Saturday
4296,2024-08-15,97,Sra. Ana Laura Aragão,F,26-35,Sudeste,Conjunto Lingerie Boudoir,Lingerie,152.2,1,0.0,Pix,Entregue,Site,152.2,2024,8,2024-08,Thursday
708,2024-09-12,421,Maria Eduarda Nogueira,F,18-25,Sudeste,Lubrificante Sabores Morango,Lubrificantes,36.98,1,0.0,Pix,Entregue,Marketplace,36.98,2024,9,2024-09,Thursday
4744,2024-06-30,779,Arthur Miguel Albuquerque,M,26-35,Sul,Vibrador Clássico Silicone,Vibradores,191.09,1,0.0,Boleto,Entregue,Site,191.09,2024,6,2024-06,Sunday
4242,2023-02-26,138,Nicolas Pinto,M,36-45,Sudeste,Lingerie Cropped com Bojo,Lingerie,121.23,2,0.0,Boleto,Devolvido,Site,242.46,2023,2,2023-02,Sunday
1377,2024-10-26,161,Luísa Pinto,F,18-25,Sudeste,Gel Excitante Feminino,Lubrificantes,86.34,2,30.0,Cartão Crédito,Entregue,App,120.88,2024,10,2024-10,Saturday
1923,2024-02-16,258,Ayla da Rocha,F,18-25,Sul,Camisola Sensual Preta,Lingerie,199.26,1,20.0,Cartão Crédito,Entregue,App,159.41,2024,2,2024-02,Friday
5137,2024-11-13,248,Mateus Fernandes,M,26-35,Nordeste,Óleo de Massagem Relaxante,Lubrificantes,54.63,4,0.0,Pix,Entregue,Marketplace,218.52,2024,11,2024-11,Wednesday
3533,2023-07-17,109,Caroline Rios,F,36-45,Sudeste,Vibrador Duplo Prazer,Vibradores,248.27,2,0.0,Pix,Entregue,Marketplace,496.54,2023,7,2023-07,Monday
1006,2024-03-23,285,Maria Helena Machado,F,36-45,Centro-Oeste,Lubrificante Sabores Morango,Lubrificantes,84.6,1,0.0,Pix,Entregue,App,84.6,2024,3,2024-03,Saturday
2669,2023-12-16,349,Augusto Dias,M,26-35,Sudeste,Lubrificante Íntimo Aquoso 250ml,Lubrificantes,68.61,2,10.0,Pix,Entregue,Marketplace,123.5,2023,12,2023-12,Saturday
1191,2023-02-11,20,Sr. João Vitor Barros,M,18-25,Sudeste,Gel Excitante Masculino,Lubrificantes,44.08,1,0.0,Cartão Crédito,Entregue,Site,44.08,2023,2,2023-02,Saturday
3923,2024-12-28,392,Caroline Borges,F,18-25,Nordeste,Conjunto Lingerie Boudoir,Lingerie,171.76,2,0.0,Cartão Crédito,Entregue,Marketplace,343.52,2024,12,2024-12,Saturday
2602,2024-10-25,16,Sra. Zoe Campos,F,18-25,Sudeste,Vibrador Duplo Prazer,Vibradores,164.64,1,0.0,Pix,Entregue,Site,164.64,2024,10,2024-10,Friday
1126,2023-06-08,216,Lunna Cunha,F,36-45,Sul,Wand Massager Pro,Vibradores,261.16,3,0.0,Pix,Entregue,App,783.48,2023,6,2023-06,Thursday
1242,2024-12-14,385,Benicio Pereira,M,26-35,Sul,Lubrificante Sabores Baunilha,Lubrificantes,63.93,2,15.0,Pix,Entregue,Site,108.68,2024,12,2024-12,Saturday
5086,2024-12-17,191,João Guilherme Vargas,M,26-35,Nordeste,Vibrador Clássico Silicone,Vibradores,134.23,2,0.0,Pix,Entregue,App,268.46,2024,12,2024-12,Tuesday
4872,2023-02-24,40,Thomas Monteiro,M,36-45,Sudeste,Lubrificante Sabores Morango,Lubrificantes,31.13,2,0.0,Pix,Entregue,Site,62.26,2023,2,2023-02,Friday
5232,2024-06-07,149,Luiz Fernando Ramos,M,36-45,Nordeste,Massageador Corporal Wave,Vibradores,400.51,3,25.0,Pix,Entregue,Site,901.15,2024,6,2024-06,Friday
3352,2024-11-03,151,Lucas Alves,M,36-45,Sul,Gel Excitante Feminino,Lubrificantes,73.87,1,0.0,Pix,Entregue,Marketplace,73.87,2024,11,2024-11,Sunday
999,2024-07-19,647,Mathias Novais,M,18-25,Sudeste,Lubrificante Íntimo Aquoso 100ml,Lubrificantes,63.12,1,0.0,Boleto,Entregue,Site,63.12,2024,7,2024-07,Friday
4976,2023-02-14,162,Davi Silveira,M,36-45,Norte,Massageador Corporal Wave,Vibradores,273.24,2,0.0,Cartão Débito,Entregue,App,546.48,2023,2,2023-02,Tuesday
3494,2023-09-24,518,Luna Pires,F,18-25,Sudeste,Vibrador Clássico Silicone,Vibradores,275.52,1,0.0,Cartão Crédito,Entregue,Site,275.52,2023,9,2023-09,Sunday
2685,2024-04-25,114,Caroline Ferreira,F,36-45,Sudeste,Kit Cuidados Íntimos,Cosméticos Íntimos,146.16,2,0.0,Pix,Entregue,App,292.32,2024,4,2024-04,Thursday
1578,2024-02-18,273,Sr. João Guilherme Aparecida,M,18-25,Nordeste,Lubrificante Sabores Morango,Lubrificantes,40.44,1,0.0,Cartão Crédito,Entregue,Marketplace,40.44,2024,2,2024-02,Sunday
5317,2023-03-17,91,Bento Cavalcante,M,26-35,Sul,Gel Térmico Sensação Quente,Cosméticos Íntimos,68.64,2,0.0,Pix,Entregue,Site,137.28,2023,3,2023-03,Friday
1827,2024-11-19,12,Eduardo Cunha,Não informado,26-35,Sul,Kit Cuidados Íntimos,Cosméticos Íntimos,46.43,1,0.0,Cartão Crédito,Entregue,App,46.43,2024,11,2024-11,Tuesday
5126,2024-09-22,252,Kamilly Novais,F,46+,Sul,Wand Massager Pro,Vibradores,284.47,1,30.0,Pix,Entregue,Marketplace,199.13,2024,9,2024-09,Sunday
4284,2023-08-29,17,Bruno Novaes,M,26-35,Sudeste,Massageador Corporal Wave,Vibradores,203.04,1,0.0,Cartão Crédito,Devolvido,Marketplace,203.04,2023,8,2023-08,Tuesday
4590,2023-12-13,341,Juliana Abreu,F,26-35,Nordeste,Fantasia Enfermeira,Lingerie,146.19,2,0.0,Cartão Crédito,Entregue,App,292.38,2023,12,2023-12,Wednesday
441,2024-02-21,25,Brayan Pereira,M,26-35,Sul,Meia-Calça Rendada,Lingerie,129.28,1,0.0,Cartão Crédito,Entregue,Marketplace,129.28,2024,2,2024-02,Wednesday
1101,2023-09-15,17,Bruno Novaes,M,26-35,Sudeste,Jogo Tabuleiro Casais,Jogos Adultos,66.15,5,0.0,Pix,Entregue,App,330.75,2023,9,2023-09,Friday
2638,2024-03-02,370,Emilly Cavalcante,Não informado,36-45,Sudeste,Lubrificante Íntimo Aquoso 250ml,Lubrificantes,89.67,4,0.0,Pix,Entregue,App,358.68,2024,3,2024-03,Saturday
3759,2024-05-28,154,Maya Ferreira,F,18-25,Sudeste,Lubrificante Íntimo Aquoso 250ml,Lubrificantes,87.11,3,0.0,Pix,Devolvido,Site,261.33,2024,5,2024-05,Tuesday
650,2023-04-13,187,Dr. Pedro Miguel Pimenta,M,26-35,Sudeste,Meia-Calça Rendada,Lingerie,128.59,1,0.0,Cartão Crédito,Entregue,Site,128.59,2023,4,2023-04,Thursday
1547,2023-07-26,416,Eduardo Leão,M,18-25,Nordeste,Lubrificante Íntimo Aquoso 100ml,Lubrificantes,34.71,3,0.0,Pix,Entregue,Marketplace,104.13,2023,7,2023-07,Wednesday
3232,2023-07-21,251,Joana Fernandes,F,46+,Sudeste,Chicote de Couro Soft,Acessórios BDSM,256.11,2,0.0,Cartão Débito,Entregue,Site,512.22,2023,7,2023-07,Friday
4241,2024-03-27,298,Dra. Fernanda Lima,F,26-35,Nordeste,Kit Cuidados Íntimos,Cosméticos Íntimos,57.54,1,5.0,Pix,Entregue,Site,54.66,2024,3,2024-03,Wednesday
3890,2023-10-07,142,Josué da Mata,M,26-35,Sudeste,Massageador Corporal Wave,Vibradores,156.69,2,5.0,Boleto,Entregue,App,297.71,2023,10,2023-10,Saturday
3916,2024-09-17,138,Nicolas Pinto,M,36-45,Sudeste,Vibrador Rabbit Premium,Vibradores,492.19,1,0.0,Pix,Entregue,App,492.19,2024,9,2024-09,Tuesday
4838,2024-02-23,146,Heloísa Câmara,F,26-35,Nordeste,Gel Excitante Masculino,Lubrificantes,41.68,1,0.0,Cartão Crédito,Entregue,Site,41.68,2024,2,2024-02,Friday
631,2024-06-23,328,Ryan Campos,M,18-25,Sul,Conjunto Lingerie Boudoir,Lingerie,140.25,2,0.0,Pix,Entregue,Site,280.5,2024,6,2024-06,Sunday
673,2024-10-22,24,Giovanna Rios,F,26-35,Centro-Oeste,Perfume Íntimo Floral,Cosméticos Íntimos,110.68,2,30.0,Cartão Crédito,Entregue,Site,154.95,2024,10,2024-10,Tuesday
1250,2023-12-11,256,Renan Ramos,M,26-35,Nordeste,Vibrador Ponto G Flex,Vibradores,349.28,2,0.0,Cartão Débito,Entregue,Marketplace,698.56,2023,12,2023-12,Monday
1585,2023-03-31,755,Luiz Fernando Novais,M,36-45,Sudeste,Lingerie Cropped com Bojo,Lingerie,91.01,2,0.0,Cartão Crédito,Entregue,Site,182.02,2023,3,2023-03,Friday
5283,2024-04-07,55,Agatha Peixoto,F,46+,Nordeste,Kit Roleplay Surpresa,Jogos Adultos,125.6,1,0.0,Cartão Débito,Entregue,Site,125.6,2024,4,2024-04,Sunday
5425,2024-10-05,161,Luísa Pinto,F,18-25,Sudeste,Creme Excitante Feminino,Cosméticos Íntimos,83.38,3,0.0,Cartão Débito,Entregue,Site,250.14,2024,10,2024-10,Saturday
4919,2023-02-22,369,Vinícius Jesus,M,36-45,Nordeste,Camisola Sensual Preta,Lingerie,163.15,1,10.0,Pix,Entregue,App,146.84,2023,2,2023-02,Wednesday
1463,2024-10-14,32,Ana Luiza Cunha,F,18-25,Sudeste,Lubrificante Íntimo Aquoso 250ml,Lubrificantes,45.4,1,0.0,Pix,Entregue,Site,45.4,2024,10,2024-10,Monday
3041,2024-03-18,55,Agatha Peixoto,F,46+,Nordeste,Meia-Calça Rendada,Lingerie,129.58,1,10.0,Pix,Entregue,Site,116.62,2024,3,2024-03,Monday
4457,2024-10-31,310,Alícia Teixeira,F,36-45,Sudeste,Mini Vibrador Discreto,Vibradores,384.81,1,25.0,Cartão Crédito,Devolvido,App,288.61,2024,10,2024-10,Thursday
4275,2023-02-11,247,Nicole Nunes,F,26-35,Nordeste,Vibrador Rabbit Premium,Vibradores,495.04,1,0.0,Pix,Entregue,Site,495.04,2023,2,2023-02,Saturday
3274,2024-10-17,208,Maya Mendonça,F,18-25,Sudeste,Gel Excitante Masculino,Lubrificantes,60.82,5,10.0,Boleto,Entregue,App,273.69,2024,10,2024-10,Thursday
3239,2024-03-29,256,Renan Ramos,M,26-35,Nordeste,Gel Excitante Masculino,Lubrificantes,59.77,1,5.0,Pix,Entregue,Site,56.78,2024,3,2024-03,Friday
3132,2024-06-30,436,Ana Júlia Cardoso,F,36-45,Sudeste,Lingerie Cropped com Bojo,Lingerie,137.9,3,5.0,Pix,Entregue,Site,393.02,2024,6,2024-06,Sunday
2579,2023-02-18,122,Daniela da Mata,F,26-35,Sul,Vibrador Rabbit Premium,Vibradores,314.57,1,0.0,Cartão Débito,Entregue,App,314.57,2023,2,2023-02,Saturday
4382,2024-04-19,21,Carlos Eduardo Garcia,Não informado,36-45,Sul,Jogo de Cartas Sexo Quiz,Jogos Adultos,89.0,1,0.0,Pix,Entregue,Site,89.0,2024,4,2024-04,Friday
50,2023-11-24,57,Maria Cecília das Neves,F,18-25,Centro-Oeste,Jogo de Cartas Sexo Quiz,Jogos Adultos,113.85,2,15.0,Pix,Entregue,Site,193.54,2023,11,2023-11,Friday
4754,2024-09-10,193,Kamilly Macedo,F,26-35,Sul,Vibrador Rabbit Premium,Vibradores,146.58,4,5.0,Cartão Crédito,Entregue,App,557.0,2024,9,2024-09,Tuesday
4632,2024-05-24,103,Isadora Pacheco,F,46+,Nordeste,Body Coelhinha Plus Size,Lingerie,172.03,1,15.0,Pix,Entregue,Marketplace,146.23,2024,5,2024-05,Friday
859,2024-08-12,224,Alícia Pinto,F,26-35,Nordeste,Creme Excitante Feminino,Cosméticos Íntimos,76.38,2,20.0,Boleto,Entregue,Site,122.21,2024,8,2024-08,Monday
3226,2023-06-11,530,Bento Machado,M,26-35,Centro-Oeste,Lingerie Cropped com Bojo,Lingerie,174.27,1,0.0,Pix,Entregue,Site,174.27,2023,6,2023-06,Sunday
1073,2024-06-12,12,Eduardo Cunha,Não informado,26-35,Sul,Body Rendado Vermelho,Lingerie,68.72,4,0.0,Boleto,Entregue,Site,274.88,2024,6,2024-06,Wednesday
720,2024-06-17,342,Letícia Pastor,F,18-25,Centro-Oeste,Mordaça Silicone,Acessórios BDSM,259.31,2,30.0,Pix,Entregue,Site,363.03,2024,6,2024-06,Monday
3883,2024-01-23,667,Carolina Dias,F,26-35,Sudeste,Creme Retardante Masculino,Cosméticos Íntimos,136.89,1,0.0,Cartão Crédito,Entregue,Site,136.89,2024,1,2024-01,Tuesday
2632,2023-03-10,320,Luara da Cunha,F,26-35,Nordeste,Lubrificante Sabores Morango,Lubrificantes,63.02,1,0.0,Cartão Crédito,Entregue,App,63.02,2023,3,2023-03,Friday
5408,2024-04-15,160,Sr. Luiz Otávio Lopes,M,36-45,Nordeste,Wand Massager Pro,Vibradores,178.09,1,0.0,Pix,Entregue,Site,178.09,2024,4,2024-04,Monday
1661,2024-09-05,246,João Lucas Machado,M,26-35,Sudeste,Gel Térmico Sensação Quente,Cosméticos Íntimos,36.03,1,0.0,Pix,Entregue,App,36.03,2024,9,2024-09,Thursday
1657,2023-09-20,218,Lara Sá,F,46+,Sul,Camisola Sensual Preta,Lingerie,83.11,1,0.0,Pix,Entregue,Site,83.11,2023,9,2023-09,Wednesday
2426,2024-09-08,546,Maria Flor Ramos,F,26-35,Sul,Body Coelhinha Plus Size,Lingerie,96.73,4,0.0,Cartão Crédito,Entregue,App,386.92,2024,9,2024-09,Sunday
4218,2024-09-04,187,Dr. Pedro Miguel Pimenta,M,26-35,Sudeste,Lubrificante Íntimo Aquoso 100ml,Lubrificantes,38.48,3,25.0,Pix,Entregue,Site,86.58,2024,9,2024-09,Wednesday
4687,2024-02-24,42,Eduarda Vieira,F,18-25,Sudeste,Vibrador Rabbit Premium,Vibradores,266.66,2,0.0,Pix,Entregue,Site,533.32,2024,2,2024-02,Saturday
3958,2024-02-14,149,Luiz Fernando Ramos,M,36-45,Nordeste,Jogo Tabuleiro Casais,Jogos Adultos,82.26,1,0.0,Cartão Crédito,Entregue,Site,82.26,2024,2,2024-02,Wednesday
4067,2024-04-28,38,Dra. Mariane Pacheco,F,26-35,Sudeste,Gel Excitante Feminino,Lubrificantes,65.87,1,20.0,Cartão Crédito,Entregue,Site,52.7,2024,4,2024-04,Sunday
4061,2023-10-24,96,Vitor Hugo Araújo,M,36-45,Sudeste,Cartas Posições Kamasutra,Jogos Adultos,105.12,1,0.0,Pix,Entregue,Site,105.12,2023,10,2023-10,Tuesday
5275,2024-11-28,174,Lívia Borges,F,46+,Sudeste,Vibrador Clássico Silicone,Vibradores,99.03,2,10.0,Pix,Entregue,Marketplace,178.25,2024,11,2024-11,Thursday
3190,2024-06-07,398,Maitê Camargo,F,18-25,Sudeste,Camisola Sensual Preta,Lingerie,138.95,2,0.0,Pix,Entregue,Site,277.9,2024,6,2024-06,Friday
4580,2023-12-22,276,Larissa Melo,F,18-25,Sul,Fantasia Policial,Lingerie,134.9,1,0.0,Pix,Entregue,Site,134.9,2023,12,2023-12,Friday
3821,2024-07-04,119,Letícia Ribeiro,Não informado,18-25,Norte,Lubrificante Sabores Morango,Lubrificantes,81.52,2,20.0,Cartão Crédito,Entregue,App,130.43,2024,7,2024-07,Thursday
2607,2024-02-15,14,Aylla Fogaça,F,36-45,Sudeste,Vibrador Ponto G Flex,Vibradores,274.24,2,15.0,Pix,Entregue,App,466.21,2024,2,2024-02,Thursday
1386,2023-09-28,109,Caroline Rios,F,36-45,Sudeste,Corda de Shibari 5m,Acessórios BDSM,214.25,2,0.0,Pix,Entregue,Site,428.5,2023,9,2023-09,Thursday
4405,2023-03-09,761,Jade Souza,F,26-35,Nordeste,Lubrificante Base Silicone,Lubrificantes,56.42,3,25.0,Cartão Débito,Entregue,App,126.94,2023,3,2023-03,Thursday
1400,2023-08-09,322,Théo Abreu,M,18-25,Sudeste,Vibrador Clássico Silicone,Vibradores,179.88,1,0.0,Pix,Entregue,App,179.88,2023,8,2023-08,Wednesday
1196,2023-04-02,500,Paulo Oliveira,M,26-35,Nordeste,Lubrificante Íntimo Aquoso 250ml,Lubrificantes,37.67,1,0.0,Cartão Crédito,Entregue,App,37.67,2023,4,2023-04,Sunday
1846,2024-09-06,77,Maria Luísa Correia,F,46+,Sudeste,Vibrador Rabbit Premium,Vibradores,437.71,1,0.0,Boleto,Entregue,Site,437.71,2024,9,2024-09,Friday
1799,2024-05-01,21,Carlos Eduardo Garcia,Não informado,36-45,Sul,Lingerie Cropped com Bojo,Lingerie,193.03,2,0.0,Pix,Entregue,Marketplace,386.06,2024,5,2024-05,Wednesday
36,2024-04-19,419,Dr. Henrique Macedo,M,26-35,Nordeste,Vibrador Rabbit Premium,Vibradores,421.01,1,25.0,Pix,Entregue,Site,315.76,2024,4,2024-04,Friday
4509,2023-09-26,236,Ana Cecília Ferreira,F,36-45,Sul,Perfume Íntimo Floral,Cosméticos Íntimos,68.25,2,0.0,Boleto,Entregue,App,136.5,2023,9,2023-09,Tuesday
2346,2023-12-27,292,Ana Vitória Castro,F,36-45,Sul,Jogo Tabuleiro Casais,Jogos Adultos,42.51,2,0.0,Pix,Entregue,Site,85.02,2023,12,2023-12,Wednesday
3905,2023-04-08,462,Lucas Rios,M,18-25,Sudeste,Gel Excitante Masculino,Lubrificantes,42.48,1,5.0,Boleto,Entregue,Site,40.36,2023,4,2023-04,Saturday
3313,2024-06-21,324,Gabriel Moreira,M,26-35,Sudeste,Vibrador Duplo Prazer,Vibradores,451.18,1,0.0,Pix,Entregue,Marketplace,451.18,2024,6,2024-06,Friday
2360,2023-11-06,43,Sra. Ana Luiza Gomes,F,46+,Centro-Oeste,Mini Vibrador Discreto,Vibradores,125.55,4,0.0,Cartão Crédito,Entregue,App,502.2,2023,11,2023-11,Monday
3007,2023-02-04,556,Vinicius Andrade,M,36-45,Sul,Body Rendado Vermelho,Lingerie,107.37,5,15.0,Cartão Débito,Entregue,Marketplace,456.32,2023,2,2023-02,Saturday
2207,2023-01-28,91,Bento Cavalcante,M,26-35,Sul,Jogo Tabuleiro Casais,Jogos Adultos,63.8,2,0.0,Cartão Débito,Entregue,Site,127.6,2023,1,2023-01,Saturday
3938,2023-06-06,49,Eduarda Marques,F,26-35,Sul,Lubrificante Sabores Baunilha,Lubrificantes,50.1,3,15.0,Cartão Crédito,Entregue,Site,127.76,2023,6,2023-06,Tuesday
4761,2023-07-09,180,Dr. Thales Guerra,M,36-45,Sudeste,Fantasia Enfermeira,Lingerie,83.54,1,5.0,Pix,Entregue,Site,79.36,2023,7,2023-07,Sunday
3180,2024-08-11,305,Ágatha Monteiro,F,36-45,Sul,Meia-Calça Rendada,Lingerie,129.11,3,10.0,Pix,Entregue,Site,348.6,2024,8,2024-08,Sunday
3423,2024-11-21,371,Anna Liz Pimenta,F,26-35,Sul,Óleo de Massagem Relaxante,Lubrificantes,76.98,1,0.0,Pix,Entregue,Marketplace,76.98,2024,11,2024-11,Thursday
1287,2024-05-30,26,Srta. Yasmin Siqueira,F,46+,Sul,Fantasia Policial,Lingerie,184.14,3,0.0,Pix,Entregue,App,552.42,2024,5,2024-05,Thursday
4119,2024-01-30,43,Sra. Ana Luiza Gomes,F,46+,Centro-Oeste,Gel Excitante Feminino,Lubrificantes,31.21,1,0.0,Pix,Entregue,Site,31.21,2024,1,2024-01,Tuesday
350,2023-12-14,262,Vitória Ferreira,F,26-35,Nordeste,Lubrificante Sabores Baunilha,Lubrificantes,42.01,2,5.0,Boleto,Entregue,Site,79.82,2023,12,2023-12,Thursday
3417,2023-07-25,104,Asafe Pinto,M,46+,Sudeste,Massageador Corporal Wave,Vibradores,448.07,1,0.0,Cartão Crédito,Entregue,Site,448.07,2023,7,2023-07,Tuesday
2138,2023-11-30,343,Rebeca Cassiano,F,36-45,Sudeste,Creme Excitante Feminino,Cosméticos Íntimos,144.31,2,0.0,Cartão Crédito,Entregue,App,288.62,2023,11,2023-11,Thursday
2692,2024-10-22,243,Dr. Vitor Gabriel Vasconcelos,M,26-35,Sudeste,Fantasia Policial,Lingerie,63.82,3,0.0,Boleto,Entregue,App,191.46,2024,10,2024-10,Tuesday
3662,2023-03-27,189,Emanuel Souza,M,36-45,Sudeste,Wand Massager Pro,Vibradores,160.03,2,0.0,Boleto,Entregue,Site,320.06,2023,3,2023-03,Monday
5432,2023-10-28,26,Srta. Yasmin Siqueira,F,46+,Sul,Sabonete Íntimo pH Neutro,Cosméticos Íntimos,83.13,5,0.0,Pix,Entregue,App,415.65,2023,10,2023-10,Saturday
1682,2023-02-24,716,Thiago Machado,M,36-45,Nordeste,Colar e Guia BDSM,Acessórios BDSM,60.54,2,0.0,Cartão Crédito,Devolvido,App,121.08,2023,2,2023-02,Friday
4505,2024-07-07,186,Davi Luiz Martins,M,18-25,Norte,Kit Algemas Veludo,Acessórios BDSM,88.27,1,0.0,Cartão Crédito,Entregue,App,88.27,2024,7,2024-07,Sunday
1444,2024-08-07,160,Sr. Luiz Otávio Lopes,M,36-45,Nordeste,Gel Excitante Feminino,Lubrificantes,78.06,3,5.0,Pix,Entregue,Marketplace,222.47,2024,8,2024-08,Wednesday
3989,2023-05-02,114,Caroline Ferreira,F,36-45,Sudeste,Colar e Guia BDSM,Acessórios BDSM,161.28,1,0.0,Pix,Entregue,App,161.28,2023,5,2023-05,Tuesday
3216,2023-02-16,35,Diego da Luz,M,26-35,Sudeste,Lubrificante Base Silicone,Lubrificantes,50.94,2,20.0,Pix,Entregue,App,81.5,2023,2,2023-02,Thursday
1672,2023-11-14,510,Srta. Vitória Moraes,F,26-35,Norte,Lubrificante Íntimo Aquoso 100ml,Lubrificantes,76.68,1,0.0,Cartão Crédito,Entregue,Marketplace,76.68,2023,11,2023-11,Tuesday
3626,2024-01-25,85,Emilly da Mota,F,26-35,Norte,Gel Térmico Sensação Quente,Cosméticos Íntimos,56.04,1,25.0,Pix,Entregue,App,42.03,2024,1,2024-01,Thursday
1180,2024-05-10,211,Ravi Lucca Cardoso,Não informado,26-35,Sudeste,Mini Vibrador Discreto,Vibradores,476.18,1,0.0,Cartão Crédito,Entregue,App,476.18,2024,5,2024-05,Friday
2799,2024-05-07,733,Srta. Maria Vitória Pacheco,F,36-45,Norte,Kit Roleplay Surpresa,Jogos Adultos,65.52,1,0.0,Pix,Entregue,App,65.52,2024,5,2024-05,Tuesday
1693,2024-01-11,140,Maria Sophia Alves,F,36-45,Sudeste,Vibrador Duplo Prazer,Vibradores,427.9,4,0.0,Cartão Crédito,Entregue,Site,1711.6,2024,1,2024-01,Thursday
4428,2024-11-27,29,Dra. Hellena Rodrigues,F,26-35,Norte,Camisola Sensual Preta,Lingerie,137.28,1,0.0,Pix,Entregue,Site,137.28,2024,11,2024-11,Wednesday
373,2023-05-30,28,Júlia Porto,F,26-35,Centro-Oeste,Creme Excitante Feminino,Cosméticos Íntimos,105.93,3,0.0,Cartão Crédito,Entregue,Site,317.79,2023,5,2023-05,Tuesday
3056,2023-04-18,695,Bianca Dias,F,26-35,Sudeste,Mini Vibrador Discreto,Vibradores,324.39,1,0.0,Pix,Entregue,Site,324.39,2023,4,2023-04,Tuesday
1917,2023-04-19,523,Luana Martins,F,36-45,Nordeste,Óleo de Massagem Relaxante,Lubrificantes,58.72,1,0.0,Cartão Crédito,Entregue,Site,58.72,2023,4,2023-04,Wednesday
1358,2024-12-11,150,Maria Liz Rocha,F,36-45,Sul,Creme Retardante Masculino,Cosméticos Íntimos,57.72,1,0.0,Pix,Entregue,App,57.72,2024,12,2024-12,Wednesday
1826,2023-09-24,205,Otto Nascimento,M,26-35,Sul,Meia-Calça Rendada,Lingerie,168.82,1,0.0,Cartão Débito,Devolvido,Site,168.82,2023,9,2023-09,Sunday
787,2024-06-26,235,Dr. Dante Vieira,M,18-25,Sudeste,Lubrificante Sabores Morango,Lubrificantes,56.99,1,0.0,Cartão Crédito,Entregue,App,56.99,2024,6,2024-06,Wednesday
141,2023-06-24,678,Sra. Yasmin Borges,F,36-45,Centro-Oeste,Lubrificante Base Silicone,Lubrificantes,77.58,3,0.0,Cartão Crédito,Entregue,App,232.74,2023,6,2023-06,Saturday
789,2024-02-15,169,Giovanna Lopes,F,36-45,Sudeste,Gel Excitante Feminino,Lubrificantes,54.99,2,0.0,Pix,Entregue,Marketplace,109.98,2024,2,2024-02,Thursday
324,2023-06-17,91,Bento Cavalcante,M,26-35,Sul,Lubrificante Sabores Morango,Lubrificantes,32.82,1,0.0,Pix,Entregue,App,32.82,2023,6,2023-06,Saturday
51,2023-03-11,698,Calebe Aragão,Não informado,36-45,Sul,Mordaça Silicone,Acessórios BDSM,50.22,1,10.0,Boleto,Entregue,Site,45.2,2023,3,2023-03,Saturday
4985,2024-08-14,216,Lunna Cunha,F,36-45,Sul,Lingerie Cropped com Bojo,Lingerie,122.61,1,0.0,Boleto,Entregue,Site,122.61,2024,8,2024-08,Wednesday
2841,2024-11-06,137,Luiz Gustavo Vasconcelos,M,26-35,Nordeste,Óleo de Massagem Relaxante,Lubrificantes,72.04,2,0.0,Pix,Entregue,Site,144.08,2024,11,2024-11,Wednesday
2447,2024-02-19,83,Evelyn Correia,F,26-35,Nordeste,Perfume Íntimo Floral,Cosméticos Íntimos,125.59,2,30.0,Pix,Entregue,App,175.83,2024,2,2024-02,Monday
5340,2024-07-11,2,Isabelly Câmara,F,36-45,Nordeste,Fantasia Policial,Lingerie,125.39,1,0.0,Cartão Crédito,Entregue,Site,125.39,2024,7,2024-07,Thursday
3875,2024-02-12,12,Eduardo Cunha,Não informado,26-35,Sul,Camisola Sensual Preta,Lingerie,143.61,2,5.0,Cartão Crédito,Entregue,Site,272.86,2024,2,2024-02,Monday
5099,2024-07-07,150,Maria Liz Rocha,F,36-45,Sul,Cartas Posições Kamasutra,Jogos Adultos,120.36,1,0.0,Pix,Entregue,Site,120.36,2024,7,2024-07,Sunday
3709,2024-04-01,92,Alexandre Gomes,M,18-25,Sudeste,Cartas Posições Kamasutra,Jogos Adultos,88.52,3,0.0,Boleto,Entregue,Marketplace,265.56,2024,4,2024-04,Monday
2667,2024-04-09,41,Benicio Camargo,M,26-35,Nordeste,Óleo de Massagem Relaxante,Lubrificantes,84.97,3,0.0,Cartão Crédito,Entregue,Site,254.91,2024,4,2024-04,Tuesday
407,2024-03-15,135,Ana Cecília Fogaça,F,46+,Nordeste,Óleo de Massagem Relaxante,Lubrificantes,87.01,1,0.0,Cartão Débito,Entregue,App,87.01,2024,3,2024-03,Friday
21,2023-03-16,253,Stella Correia,F,26-35,Sudeste,Massageador Corporal Wave,Vibradores,178.35,4,20.0,Cartão Crédito,Entregue,App,570.72,2023,3,2023-03,Thursday
1005,2023-03-08,417,Sr. Samuel Pimenta,M,36-45,Sul,Colar e Guia BDSM,Acessórios BDSM,192.81,1,0.0,Pix,Entregue,Site,192.81,2023,3,2023-03,Wednesday
4459,2023-10-31,147,Evelyn Guerra,F,36-45,Sul,Kit Roleplay Surpresa,Jogos Adultos,112.59,1,0.0,Pix,Entregue,Site,112.59,2023,10,2023-10,Tuesday
891,2024-10-03,335,Maria Vitória Mendes,F,46+,Sudeste,Sabonete Íntimo pH Neutro,Cosméticos Íntimos,119.61,1,0.0,Pix,Entregue,Site,119.61,2024,10,2024-10,Thursday
2412,2024-04-27,43,Sra. Ana Luiza Gomes,F,46+,Centro-Oeste,Conjunto Lingerie Boudoir,Lingerie,168.18,1,0.0,Pix,Entregue,Site,168.18,2024,4,2024-04,Saturday
2546,2023-06-03,182,Srta. Bianca Vasconcelos,F,26-35,Nordeste,Fantasia Policial,Lingerie,93.04,3,0.0,Pix,Entregue,Site,279.12,2023,6,2023-06,Saturday
2391,2024-12-30,129,Julia Castro,F,26-35,Sudeste,Lubrificante Íntimo Aquoso 250ml,Lubrificantes,48.19,1,15.0,Pix,Entregue,Site,40.96,2024,12,2024-12,Monday
4465,2024-11-16,298,Dra. Fernanda Lima,F,26-35,Nordeste,Body Coelhinha Plus Size,Lingerie,155.91,1,0.0,Cartão Débito,Entregue,App,155.91,2024,11,2024-11,Saturday
43,2023-06-13,10,Alana Teixeira,F,36-45,Sul,Fantasia Enfermeira,Lingerie,134.62,2,10.0,Cartão Crédito,Devolvido,Site,242.32,2023,6,2023-06,Tuesday
2831,2024-10-28,178,Brayan Marques,M,26-35,Sudeste,Fantasia Enfermeira,Lingerie,127.11,2,10.0,Pix,Devolvido,Marketplace,228.8,2024,10,2024-10,Monday
5278,2023-03-17,112,Beatriz Barbosa,F,36-45,Nordeste,Vibrador Rabbit Premium,Vibradores,212.65,2,20.0,Cartão Crédito,Entregue,Site,340.24,2023,3,2023-03,Friday
3372,2023-01-24,243,Dr. Vitor Gabriel Vasconcelos,M,26-35,Sudeste,Cartas Posições Kamasutra,Jogos Adultos,44.23,1,0.0,Cartão Crédito,Entregue,Site,44.23,2023,1,2023-01,Tuesday
3023,2024-12-18,305,Ágatha Monteiro,F,36-45,Sul,Lingerie Cropped com Bojo,Lingerie,195.19,3,0.0,Boleto,Entregue,Site,585.57,2024,12,2024-12,Wednesday
3365,2024-11-20,622,Theo Sales,M,18-25,Sudeste,Lubrificante Sabores Baunilha,Lubrificantes,79.54,3,0.0,Boleto,Entregue,Site,238.62,2024,11,2024-11,Wednesday
304,2024-12-20,270,Beatriz Correia,F,26-35,Sul,Body Coelhinha Plus Size,Lingerie,104.76,3,0.0,Pix,Entregue,Site,314.28,2024,12,2024-12,Friday
5011,2023-10-02,51,Thiago Caldeira,Não informado,36-45,Sul,Chicote de Couro Soft,Acessórios BDSM,128.88,3,30.0,Pix,Entregue,Site,270.65,2023,10,2023-10,Monday
12,2024-08-14,699,Maria Isis Pimenta,F,36-45,Sudeste,Kit Roleplay Surpresa,Jogos Adultos,120.37,2,0.0,Cartão Crédito,Entregue,Site,240.74,2024,8,2024-08,Wednesday
665,2023-02-24,30,Ana Laura da Conceição,F,18-25,Sudeste,Meia-Calça Rendada,Lingerie,79.0,3,0.0,Pix,Entregue,App,237.0,2023,2,2023-02,Friday
1178,2024-06-16,32,Ana Luiza Cunha,F,18-25,Sudeste,Lubrificante Base Silicone,Lubrificantes,42.14,2,0.0,Cartão Crédito,Entregue,Site,84.28,2024,6,2024-06,Sunday
3293,2024-04-23,135,Ana Cecília Fogaça,F,46+,Nordeste,Lubrificante Base Silicone,Lubrificantes,53.22,2,0.0,Cartão Crédito,Entregue,Site,106.44,2024,4,2024-04,Tuesday
2677,2023-06-27,126,Ana Júlia Borges,F,36-45,Sudeste,Vibrador Ponto G Flex,Vibradores,240.4,1,0.0,Boleto,Entregue,Marketplace,240.4,2023,6,2023-06,Tuesday
1948,2024-04-22,45,Yuri Albuquerque,M,46+,Sudeste,Conjunto Lingerie Boudoir,Lingerie,160.47,1,0.0,Pix,Entregue,Marketplace,160.47,2024,4,2024-04,Monday
2502,2024-12-27,373,Cecília da Conceição,F,36-45,Sul,Creme Excitante Feminino,Cosméticos Íntimos,43.32,1,0.0,Pix,Entregue,App,43.32,2024,12,2024-12,Friday
1474,2024-08-19,142,Josué da Mata,M,26-35,Sudeste,Massageador Corporal Wave,Vibradores,427.69,3,0.0,Cartão Crédito,Entregue,App,1283.07,2024,8,2024-08,Monday
2864,2023-11-01,234,Dra. Isabelly Caldeira,F,36-45,Centro-Oeste,Lingerie Cropped com Bojo,Lingerie,81.91,4,20.0,Cartão Débito,Entregue,Site,262.11,2023,11,2023-11,Wednesday
2133,2024-06-01,221,Ana Júlia Ferreira,F,26-35,Norte,Lubrificante Íntimo Aquoso 100ml,Lubrificantes,31.88,1,15.0,Cartão Crédito,Entregue,Site,27.1,2024,6,2024-06,Saturday
2990,2024-09-27,487,Pedro Camargo,M,18-25,Sudeste,Conjunto Lingerie Boudoir,Lingerie,104.74,2,0.0,Cartão Crédito,Entregue,Marketplace,209.48,2024,9,2024-09,Friday
962,2023-07-12,248,Mateus Fernandes,M,26-35,Nordeste,Lubrificante Íntimo Aquoso 100ml,Lubrificantes,89.65,1,0.0,Boleto,Entregue,App,89.65,2023,7,2023-07,Wednesday
2890,2023-02-01,452,Sr. Yuri Silveira,M,36-45,Sudeste,Gel Excitante Feminino,Lubrificantes,50.6,2,0.0,Pix,Entregue,App,101.2,2023,2,2023-02,Wednesday
3022,2023-08-07,155,Sra. Maya Pereira,F,26-35,Sul,Kit Cuidados Íntimos,Cosméticos Íntimos,108.79,2,0.0,Pix,Entregue,Marketplace,217.58,2023,8,2023-08,Monday
3016,2024-02-28,112,Beatriz Barbosa,F,36-45,Nordeste,Wand Massager Pro,Vibradores,322.99,3,15.0,Cartão Crédito,Entregue,Site,823.62,2024,2,2024-02,Wednesday
5046,2024-01-14,247,Nicole Nunes,F,26-35,Nordeste,Lubrificante Sabores Morango,Lubrificantes,66.44,1,0.0,Cartão Crédito,Entregue,Site,66.44,2024,1,2024-01,Sunday
3339,2023-02-23,244,Ravi Lucca Lopes,M,26-35,Sul,Lubrificante Íntimo Aquoso 100ml,Lubrificantes,56.54,2,30.0,Pix,Entregue,Site,79.16,2023,2,2023-02,Thursday
2150,2024-08-22,442,Dra. Liz Marques,F,36-45,Sudeste,Vibrador Clássico Silicone,Vibradores,230.81,4,0.0,Pix,Entregue,Site,923.24,2024,8,2024-08,Thursday
4085,2023-10-06,69,Heloísa Pastor,F,26-35,Sudeste,Wand Massager Pro,Vibradores,189.04,4,15.0,Cartão Débito,Entregue,App,642.74,2023,10,2023-10,Friday
2339,2024-05-09,36,Josué Souza,M,18-25,Sul,Gel Excitante Masculino,Lubrificantes,56.16,1,20.0,Pix,Entregue,Marketplace,44.93,2024,5,2024-05,Thursday
4414,2024-11-26,273,Sr. João Guilherme Aparecida,M,18-25,Nordeste,Fantasia Enfermeira,Lingerie,98.88,2,0.0,Pix,Entregue,Site,197.76,2024,11,2024-11,Tuesday
736,2023-05-25,509,Ana Vitória Moraes,F,26-35,Sudeste,Kit Iniciante BDSM 5 Peças,Acessórios BDSM,230.66,2,0.0,Cartão Crédito,Entregue,Site,461.32,2023,5,2023-05,Thursday
305,2024-04-08,338,Thomas Souza,M,26-35,Sudeste,Conjunto Lingerie Boudoir,Lingerie,125.72,1,15.0,Cartão Crédito,Entregue,App,106.86,2024,4,2024-04,Monday
1441,2023-06-16,699,Maria Isis Pimenta,F,36-45,Sudeste,Gel Excitante Masculino,Lubrificantes,70.17,2,0.0,Pix,Entregue,Site,140.34,2023,6,2023-06,Friday
1497,2024-10-30,258,Ayla da Rocha,F,18-25,Sul,Lubrificante Íntimo Aquoso 100ml,Lubrificantes,46.01,1,0.0,Cartão Crédito,Entregue,App,46.01,2024,10,2024-10,Wednesday
2653,2023-12-11,127,Sra. Kamilly Aparecida,F,36-45,Nordeste,Corda de Shibari 5m,Acessórios BDSM,97.13,1,0.0,Pix,Entregue,App,97.13,2023,12,2023-12,Monday
2876,2023-02-14,176,Diogo Alves,M,46+,Sudeste,Gel Excitante Feminino,Lubrificantes,53.18,1,0.0,Cartão Crédito,Entregue,Site,53.18,2023,2,2023-02,Tuesday
917,2024-12-18,97,Sra. Ana Laura Aragão,F,26-35,Sudeste,Lubrificante Sabores Baunilha,Lubrificantes,50.15,1,30.0,Cartão Crédito,Entregue,App,35.1,2024,12,2024-12,Wednesday
4835,2023-06-15,214,Sra. Catarina Martins,F,46+,Sul,Óleo de Massagem Relaxante,Lubrificantes,37.06,1,0.0,Boleto,Entregue,Site,37.06,2023,6,2023-06,Thursday
711,2023-12-11,369,Vinícius Jesus,M,36-45,Nordeste,Body Rendado Vermelho,Lingerie,70.23,4,20.0,Cartão Crédito,Entregue,Site,224.74,2023,12,2023-12,Monday
5133,2024-10-14,30,Ana Laura da Conceição,F,18-25,Sudeste,Conjunto Lingerie Boudoir,Lingerie,131.48,1,0.0,Cartão Crédito,Entregue,Site,131.48,2024,10,2024-10,Monday
4899,2024-08-21,27,Elisa Martins,F,26-35,Sul,Conjunto Lingerie Boudoir,Lingerie,82.85,1,25.0,Cartão Crédito,Entregue,App,62.14,2024,8,2024-08,Wednesday
1625,2023-10-28,54,Ágatha Vasconcelos,F,18-25,Sul,Fantasia Enfermeira,Lingerie,98.51,1,0.0,Pix,Entregue,Site,98.51,2023,10,2023-10,Saturday
4407,2023-09-09,644,Miguel Dias,M,36-45,Sul,Mini Vibrador Discreto,Vibradores,445.94,1,0.0,Pix,Entregue,Marketplace,445.94,2023,9,2023-09,Saturday
822,2024-06-08,2,Isabelly Câmara,F,36-45,Nordeste,Body Rendado Vermelho,Lingerie,194.27,3,0.0,Cartão Crédito,Entregue,Site,582.81,2024,6,2024-06,Saturday
4056,2023-05-28,5,Ana Beatriz Alves,F,18-25,Sul,Lingerie Cropped com Bojo,Lingerie,98.1,2,0.0,Pix,Entregue,Site,196.2,2023,5,2023-05,Sunday
1355,2023-07-12,181,Diogo Rezende,M,46+,Sudeste,Massageador Corporal Wave,Vibradores,463.42,2,0.0,Cartão Crédito,Entregue,Marketplace,926.84,2023,7,2023-07,Wednesday
4994,2024-12-09,278,Ana Júlia da Cunha,F,26-35,Sul,Sabonete Íntimo pH Neutro,Cosméticos Íntimos,54.87,1,20.0,Pix,Entregue,Marketplace,43.9,2024,12,2024-12,Monday
851,2024-08-28,20,Sr. João Vitor Barros,M,18-25,Sudeste,Kit Algemas Veludo,Acessórios BDSM,106.48,4,0.0,Pix,Entregue,App,425.92,2024,8,2024-08,Wednesday
3351,2024-09-17,67,Bárbara da Cruz,Não informado,36-45,Norte,Vibrador Clássico Silicone,Vibradores,396.11,1,0.0,Cartão Crédito,Entregue,Site,396.11,2024,9,2024-09,Tuesday
1001,2023-08-15,57,Maria Cecília das Neves,F,18-25,Centro-Oeste,Camisola Sensual Preta,Lingerie,188.37,1,0.0,Cartão Crédito,Entregue,Marketplace,188.37,2023,8,2023-08,Tuesday
5082,2024-04-07,32,Ana Luiza Cunha,F,18-25,Sudeste,Gel Excitante Masculino,Lubrificantes,73.08,1,0.0,Pix,Entregue,Marketplace,73.08,2024,4,2024-04,Sunday
5047,2023-03-23,183,Henry Cavalcanti,M,26-35,Nordeste,Lubrificante Íntimo Aquoso 100ml,Lubrificantes,85.98,1,15.0,Cartão Crédito,Entregue,App,73.08,2023,3,2023-03,Thursday
3526,2023-06-10,45,Yuri Albuquerque,M,46+,Sudeste,Kit Cuidados Íntimos,Cosméticos Íntimos,108.37,1,0.0,Boleto,Entregue,App,108.37,2023,6,2023-06,Saturday
19,2024-10-22,155,Sra. Maya Pereira,F,26-35,Sul,Fantasia Enfermeira,Lingerie,168.96,2,30.0,Boleto,Entregue,App,236.54,2024,10,2024-10,Tuesday
1638,2023-12-01,46,Dra. Bruna Rodrigues,F,18-25,Nordeste,Perfume Íntimo Floral,Cosméticos Íntimos,114.52,1,0.0,Cartão Crédito,Devolvido,Site,114.52,2023,12,2023-12,Friday
1668,2023-06-06,603,Mathias Freitas,M,18-25,Sul,Fantasia Enfermeira,Lingerie,178.84,1,0.0,Cartão Débito,Entregue,Site,178.84,2023,6,2023-06,Tuesday
494,2023-02-23,58,Ana Laura da Costa,F,26-35,Nordeste,Vibrador Rabbit Premium,Vibradores,141.38,1,0.0,Cartão Crédito,Entregue,App,141.38,2023,2,2023-02,Thursday
3174,2023-05-06,49,Eduarda Marques,F,26-35,Sul,Conjunto Lingerie Boudoir,Lingerie,124.35,2,0.0,Boleto,Entregue,Marketplace,248.7,2023,5,2023-05,Saturday
4458,2023-10-13,42,Eduarda Vieira,F,18-25,Sudeste,Jogo Tabuleiro Casais,Jogos Adultos,86.48,1,0.0,Pix,Devolvido,App,86.48,2023,10,2023-10,Friday
1348,2023-09-03,128,Lívia Vargas,F,26-35,Sudeste,Kit Roleplay Surpresa,Jogos Adultos,52.2,1,5.0,Pix,Entregue,Marketplace,49.59,2023,9,2023-09,Sunday
3019,2024-02-29,20,Sr. João Vitor Barros,M,18-25,Sudeste,Gel Térmico Sensação Quente,Cosméticos Íntimos,114.06,1,0.0,Pix,Entregue,Site,114.06,2024,2,2024-02,Thursday
4337,2023-05-03,245,Dr. Lorenzo da Cruz,M,18-25,Sul,Camisola Sensual Preta,Lingerie,159.06,5,10.0,Cartão Crédito,Entregue,App,715.77,2023,5,2023-05,Wednesday
3231,2023-12-24,198,Srta. Hadassa Azevedo,F,26-35,Nordeste,Lubrificante Íntimo Aquoso 100ml,Lubrificantes,58.72,1,0.0,Cartão Crédito,Entregue,App,58.72,2023,12,2023-12,Sunday
4002,2023-09-13,416,Eduardo Leão,M,18-25,Nordeste,Conjunto Lingerie Boudoir,Lingerie,136.88,3,0.0,Cartão Crédito,Entregue,Site,410.64,2023,9,2023-09,Wednesday
4272,2024-07-14,658,Thomas Câmara,M,36-45,Sudeste,Lubrificante Sabores Baunilha,Lubrificantes,85.93,3,15.0,Cartão Crédito,Entregue,Site,219.12,2024,7,2024-07,Sunday
2829,2024-09-17,153,João Andrade,M,26-35,Sul,Lubrificante Sabores Baunilha,Lubrificantes,47.2,2,20.0,Pix,Entregue,Site,75.52,2024,9,2024-09,Tuesday
688,2023-03-20,91,Bento Cavalcante,M,26-35,Sul,Gel Excitante Masculino,Lubrificantes,32.52,1,0.0,Pix,Entregue,App,32.52,2023,3,2023-03,Monday
1113,2023-07-19,71,Dra. Ana Liz da Conceição,F,36-45,Sul,Body Coelhinha Plus Size,Lingerie,144.82,1,0.0,Cartão Crédito,Entregue,Site,144.82,2023,7,2023-07,Wednesday
3233,2024-09-19,78,Aylla Ribeiro,F,26-35,Nordeste,Camisola Sensual Preta,Lingerie,140.03,1,5.0,Pix,Devolvido,App,133.03,2024,9,2024-09,Thursday
1609,2023-06-16,74,Raquel Cunha,F,46+,Sul,Gel Excitante Masculino,Lubrificantes,64.08,1,0.0,Pix,Entregue,Site,64.08,2023,6,2023-06,Friday
4542,2023-05-14,198,Srta. Hadassa Azevedo,F,26-35,Nordeste,Lubrificante Base Silicone,Lubrificantes,78.63,1,0.0,Boleto,Devolvido,Site,78.63,2023,5,2023-05,Sunday
704,2024-12-30,41,Benicio Camargo,M,26-35,Nordeste,Wand Massager Pro,Vibradores,328.8,2,0.0,Cartão Crédito,Entregue,Marketplace,657.6,2024,12,2024-12,Monday
1010,2023-06-06,183,Henry Cavalcanti,M,26-35,Nordeste,Wand Massager Pro,Vibradores,93.49,3,25.0,Boleto,Entregue,Marketplace,210.35,2023,6,2023-06,Tuesday
3292,2024-05-22,509,Ana Vitória Moraes,F,26-35,Sudeste,Wand Massager Pro,Vibradores,217.14,2,0.0,Pix,Entregue,App,434.28,2024,5,2024-05,Wednesday
1328,2023-04-01,399,Ana Vitória Casa Grande,F,36-45,Sul,Gel Excitante Masculino,Lubrificantes,69.19,2,25.0,Cartão Crédito,Entregue,Marketplace,103.78,2023,4,2023-04,Saturday
1678,2024-12-29,141,Lívia Viana,F,36-45,Sudeste,Wand Massager Pro,Vibradores,311.15,2,0.0,Pix,Entregue,Marketplace,622.3,2024,12,2024-12,Sunday
1311,2024-08-14,24,Giovanna Rios,F,26-35,Centro-Oeste,Mini Vibrador Discreto,Vibradores,265.57,3,5.0,Pix,Entregue,Site,756.87,2024,8,2024-08,Wednesday
3933,2023-05-28,260,Leandro Ribeiro,M,26-35,Sudeste,Lubrificante Íntimo Aquoso 250ml,Lubrificantes,69.82,1,0.0,Pix,Entregue,Site,69.82,2023,5,2023-05,Sunday
3753,2023-02-08,104,Asafe Pinto,M,46+,Sudeste,Camisola Sensual Preta,Lingerie,190.3,1,0.0,Pix,Entregue,Site,190.3,2023,2,2023-02,Wednesday
4006,2023-07-21,87,Beatriz Aragão,F,46+,Centro-Oeste,Lubrificante Sabores Morango,Lubrificantes,57.7,1,0.0,Boleto,Entregue,Site,57.7,2023,7,2023-07,Friday
1988,2023-04-06,186,Davi Luiz Martins,M,18-25,Norte,Conjunto Lingerie Boudoir,Lingerie,182.73,1,0.0,Pix,Entregue,Site,182.73,2023,4,2023-04,Thursday
4293,2024-05-07,225,Isaque Cardoso,Não informado,26-35,Sul,Lubrificante Íntimo Aquoso 100ml,Lubrificantes,55.96,1,0.0,Pix,Entregue,Site,55.96,2024,5,2024-05,Tuesday
345,2024-04-26,139,Srta. Isabela Castro,F,18-25,Sudeste,Cartas Posições Kamasutra,Jogos Adultos,44.92,1,0.0,Pix,Entregue,App,44.92,2024,4,2024-04,Friday
4642,2023-12-09,104,Asafe Pinto,M,46+,Sudeste,Vibrador Duplo Prazer,Vibradores,465.67,3,0.0,Pix,Entregue,Site,1397.01,2023,12,2023-12,Saturday
588,2023-02-27,39,Luiz Miguel Câmara,M,36-45,Sudeste,Vibrador Duplo Prazer,Vibradores,490.05,2,0.0,Cartão Crédito,Entregue,App,980.1,2023,2,2023-02,Monday
2792,2024-07-07,733,Srta. Maria Vitória Pacheco,F,36-45,Norte,Conjunto Lingerie Boudoir,Lingerie,136.12,1,0.0,Cartão Crédito,Entregue,Site,136.12,2024,7,2024-07,Sunday
4875,2023-11-27,99,Emanuel Araújo,M,26-35,Sudeste,Kit Cuidados Íntimos,Cosméticos Íntimos,117.87,1,0.0,Cartão Crédito,Entregue,Marketplace,117.87,2023,11,2023-11,Monday
4216,2023-08-11,433,Sr. Davi Lucca Albuquerque,M,26-35,Sudeste,Vibrador Clássico Silicone,Vibradores,109.35,1,20.0,Pix,Entregue,App,87.48,2023,8,2023-08,Friday
3822,2024-01-05,124,Gustavo Rodrigues,M,26-35,Nordeste,Conjunto Lingerie Boudoir,Lingerie,191.72,2,20.0,Cartão Crédito,Entregue,App,306.75,2024,1,2024-01,Friday
4495,2023-06-10,346,Marcos Vinicius Marques,M,26-35,Sudeste,Vibrador Duplo Prazer,Vibradores,192.46,2,0.0,Cartão Crédito,Entregue,Site,384.92,2023,6,2023-06,Saturday
3290,2023-08-22,63,Otávio Cunha,M,26-35,Sudeste,Body Rendado Vermelho,Lingerie,77.92,1,0.0,Boleto,Entregue,Site,77.92,2023,8,2023-08,Tuesday
1143,2023-03-18,300,Srta. Juliana Casa Grande,F,26-35,Sul,Vibrador Clássico Silicone,Vibradores,449.95,3,0.0,Boleto,Entregue,Site,1349.85,2023,3,2023-03,Saturday
2359,2024-12-25,207,Ryan Câmara,M,26-35,Sudeste,Jogo Tabuleiro Casais,Jogos Adultos,94.6,1,0.0,Boleto,Entregue,Site,94.6,2024,12,2024-12,Wednesday
3265,2023-06-04,402,Alice da Luz,F,26-35,Sudeste,Vibrador Rabbit Premium,Vibradores,395.48,2,0.0,Pix,Devolvido,Site,790.96,2023,6,2023-06,Sunday
1199,2023-05-18,359,Dr. Liam Pires,M,36-45,Sul,Lubrificante Base Silicone,Lubrificantes,30.93,3,0.0,Boleto,Devolvido,Site,92.79,2023,5,2023-05,Thursday
86,2023-09-16,109,Caroline Rios,F,36-45,Sudeste,Vibrador Duplo Prazer,Vibradores,371.05,1,0.0,Pix,Entregue,App,371.05,2023,9,2023-09,Saturday
1519,2023-08-12,78,Aylla Ribeiro,F,26-35,Nordeste,Mini Vibrador Discreto,Vibradores,302.69,1,0.0,Cartão Crédito,Entregue,Site,302.69,2023,8,2023-08,Saturday
517,2023-08-17,130,Sra. Mariane Novais,F,46+,Nordeste,Lubrificante Íntimo Aquoso 250ml,Lubrificantes,35.25,2,30.0,Cartão Débito,Entregue,Site,49.35,2023,8,2023-08,Thursday
1382,2024-09-23,136,Isadora Rios,F,18-25,Sul,Lubrificante Íntimo Aquoso 250ml,Lubrificantes,36.49,2,0.0,Pix,Entregue,Site,72.98,2024,9,2024-09,Monday
5085,2024-09-03,61,Davi Lucas Cardoso,M,36-45,Norte,Jogo Tabuleiro Casais,Jogos Adultos,106.14,4,30.0,Pix,Entregue,App,297.19,2024,9,2024-09,Tuesday
2717,2024-04-21,277,Pedro Lucas Fernandes,M,36-45,Centro-Oeste,Wand Massager Pro,Vibradores,390.94,1,0.0,Pix,Entregue,App,390.94,2024,4,2024-04,Sunday
3790,2024-05-18,731,Kaique Melo,M,26-35,Norte,Vibrador Clássico Silicone,Vibradores,478.43,1,0.0,Pix,Entregue,Site,478.43,2024,5,2024-05,Saturday
1015,2023-11-06,321,Danilo Vargas,M,26-35,Nordeste,Vibrador Rabbit Premium,Vibradores,460.4,1,0.0,Cartão Crédito,Entregue,Site,460.4,2023,11,2023-11,Monday
129,2023-11-17,2,Isabelly Câmara,F,36-45,Nordeste,Lubrificante Sabores Baunilha,Lubrificantes,46.5,1,0.0,Pix,Entregue,Site,46.5,2023,11,2023-11,Friday
1365,2023-05-29,344,Zoe Mendes,F,26-35,Sudeste,Creme Excitante Feminino,Cosméticos Íntimos,147.85,5,0.0,Pix,Entregue,Site,739.25,2023,5,2023-05,Monday
4276,2023-02-20,234,Dra. Isabelly Caldeira,F,36-45,Centro-Oeste,Fantasia Enfermeira,Lingerie,119.35,1,0.0,Boleto,Entregue,Site,119.35,2023,2,2023-02,Monday
4483,2024-07-12,218,Lara Sá,F,46+,Sul,Meia-Calça Rendada,Lingerie,158.15,2,20.0,Pix,Entregue,App,253.04,2024,7,2024-07,Friday
3840,2023-02-28,304,Nathan da Mata,M,26-35,Centro-Oeste,Vibrador Rabbit Premium,Vibradores,235.77,2,0.0,Pix,Entregue,App,471.54,2023,2,2023-02,Tuesday
892,2024-05-14,478,Mirella Fernandes,F,36-45,Sul,Vibrador Duplo Prazer,Vibradores,252.04,2,0.0,Cartão Crédito,Entregue,App,504.08,2024,5,2024-05,Tuesday
2794,2023-06-11,83,Evelyn Correia,F,26-35,Nordeste,Kit Algemas Veludo,Acessórios BDSM,146.29,1,10.0,Pix,Entregue,Site,131.66,2023,6,2023-06,Sunday
4666,2024-09-15,324,Gabriel Moreira,M,26-35,Sudeste,Creme Retardante Masculino,Cosméticos Íntimos,97.57,2,10.0,Cartão Crédito,Entregue,App,175.63,2024,9,2024-09,Sunday
308,2023-12-22,108,Sra. Isabella da Luz,Não informado,36-45,Centro-Oeste,Body Rendado Vermelho,Lingerie,100.71,1,10.0,Boleto,Entregue,Site,90.64,2023,12,2023-12,Friday
1662,2024-11-08,197,Isabel Gomes,F,18-25,Nordeste,Massageador Corporal Wave,Vibradores,389.65,2,0.0,Pix,Entregue,Marketplace,779.3,2024,11,2024-11,Friday
2432,2024-09-02,440,Rael Montenegro,M,18-25,Nordeste,Mini Vibrador Discreto,Vibradores,232.53,2,0.0,Pix,Entregue,App,465.06,2024,9,2024-09,Monday
4462,2023-10-02,199,Maria Luísa Farias,F,46+,Nordeste,Body Coelhinha Plus Size,Lingerie,60.57,1,0.0,Pix,Entregue,App,60.57,2023,10,2023-10,Monday
3500,2024-06-24,348,Maria Isis da Conceição,F,36-45,Sul,Gel Excitante Feminino,Lubrificantes,77.63,2,0.0,Cartão Crédito,Entregue,Site,155.26,2024,6,2024-06,Monday
4770,2024-03-01,117,Kevin Pimenta,M,26-35,Norte,Fantasia Policial,Lingerie,79.21,3,0.0,Boleto,Entregue,Marketplace,237.63,2024,3,2024-03,Friday
3250,2023-12-14,266,Sr. Levi Campos,M,26-35,Centro-Oeste,Dominó Erótico,Jogos Adultos,61.72,1,0.0,Cartão Débito,Entregue,Marketplace,61.72,2023,12,2023-12,Thursday
2475,2023-06-03,206,Dra. Ísis Pereira,F,36-45,Sudeste,Gel Excitante Feminino,Lubrificantes,49.73,2,0.0,Pix,Entregue,Marketplace,99.46,2023,6,2023-06,Saturday
2543,2023-08-09,465,Luana Fogaça,F,26-35,Nordeste,Spray Prolongador,Cosméticos Íntimos,35.4,1,0.0,Cartão Crédito,Entregue,App,35.4,2023,8,2023-08,Wednesday
5352,2024-10-30,783,Sofia Martins,F,46+,Sudeste,Vibrador Ponto G Flex,Vibradores,153.27,1,5.0,Pix,Entregue,App,145.61,2024,10,2024-10,Wednesday
4626,2024-09-10,303,Ravi Lucca Sales,M,36-45,Sudeste,Wand Massager Pro,Vibradores,492.93,2,25.0,Pix,Entregue,App,739.4,2024,9,2024-09,Tuesday
1209,2023-04-03,89,Enzo Jesus,M,36-45,Sul,Lubrificante Íntimo Aquoso 100ml,Lubrificantes,62.56,1,30.0,Pix,Entregue,App,43.79,2023,4,2023-04,Monday
3378,2024-10-25,58,Ana Laura da Costa,F,26-35,Nordeste,Fantasia Policial,Lingerie,158.13,1,5.0,Pix,Entregue,Site,150.22,2024,10,2024-10,Friday
217,2023-06-17,109,Caroline Rios,F,36-45,Sudeste,Wand Massager Pro,Vibradores,487.11,4,10.0,Cartão Crédito,Devolvido,App,1753.6,2023,6,2023-06,Saturday
4758,2023-03-01,387,Luiz Gustavo Câmara,M,18-25,Sudeste,Gel Excitante Masculino,Lubrificantes,38.69,2,0.0,Pix,Entregue,Site,77.38,2023,3,2023-03,Wednesday
5377,2024-05-12,231,Apollo das Neves,M,26-35,Nordeste,Mordaça Silicone,Acessórios BDSM,258.76,2,0.0,Pix,Entregue,Marketplace,517.52,2024,5,2024-05,Sunday
1240,2023-05-29,57,Maria Cecília das Neves,F,18-25,Centro-Oeste,Massageador Corporal Wave,Vibradores,259.52,3,0.0,Pix,Entregue,Site,778.56,2023,5,2023-05,Monday
2290,2024-10-26,61,Davi Lucas Cardoso,M,36-45,Norte,Gel Excitante Feminino,Lubrificantes,65.19,2,30.0,Cartão Crédito,Entregue,Site,91.27,2024,10,2024-10,Saturday
2741,2024-02-15,125,Dr. Thiago Mendonça,M,36-45,Sudeste,Mordaça Silicone,Acessórios BDSM,286.43,2,0.0,Pix,Entregue,Site,572.86,2024,2,2024-02,Thursday
276,2024-10-20,189,Emanuel Souza,M,36-45,Sudeste,Gel Excitante Masculino,Lubrificantes,36.1,1,0.0,Pix,Entregue,Marketplace,36.1,2024,10,2024-10,Sunday
490,2023-01-14,529,Olívia Montenegro,F,18-25,Sudeste,Conjunto Lingerie Boudoir,Lingerie,103.14,2,25.0,Pix,Entregue,Site,154.71,2023,1,2023-01,Saturday
1036,2024-12-21,314,Maya Porto,F,36-45,Sul,Mini Vibrador Discreto,Vibradores,448.71,1,10.0,Pix,Entregue,App,403.84,2024,12,2024-12,Saturday
1230,2023-02-15,144,Ravy Câmara,M,18-25,Sudeste,Body Coelhinha Plus Size,Lingerie,84.68,1,30.0,Cartão Crédito,Entregue,App,59.28,2023,2,2023-02,Wednesday
5087,2024-11-27,377,Melina Ferreira,F,18-25,Nordeste,Gel Térmico Sensação Quente,Cosméticos Íntimos,64.89,1,0.0,Pix,Entregue,App,64.89,2024,11,2024-11,Wednesday
1009,2023-06-30,80,Nina Siqueira,F,26-35,Sul,Lubrificante Sabores Baunilha,Lubrificantes,83.6,1,10.0,Cartão Crédito,Entregue,App,75.24,2023,6,2023-06,Friday
5225,2023-04-09,140,Maria Sophia Alves,F,36-45,Sudeste,Spray Prolongador,Cosméticos Íntimos,35.6,2,0.0,Cartão Crédito,Entregue,App,71.2,2023,4,2023-04,Sunday
3838,2023-12-19,36,Josué Souza,M,18-25,Sul,Massageador Corporal Wave,Vibradores,223.64,1,0.0,Pix,Entregue,App,223.64,2023,12,2023-12,Tuesday
3911,2024-09-12,12,Eduardo Cunha,Não informado,26-35,Sul,Cartas Posições Kamasutra,Jogos Adultos,69.26,2,5.0,Boleto,Entregue,App,131.59,2024,9,2024-09,Thursday
2533,2024-05-18,97,Sra. Ana Laura Aragão,F,26-35,Sudeste,Gel Excitante Masculino,Lubrificantes,87.5,1,10.0,Boleto,Entregue,Site,78.75,2024,5,2024-05,Saturday
1059,2023-11-01,178,Brayan Marques,M,26-35,Sudeste,Lubrificante Íntimo Aquoso 100ml,Lubrificantes,48.61,3,0.0,Pix,Entregue,Site,145.83,2023,11,2023-11,Wednesday
2167,2023-12-09,268,Rafaela da Mota,F,26-35,Norte,Lubrificante Íntimo Aquoso 250ml,Lubrificantes,83.42,1,10.0,Pix,Entregue,Marketplace,75.08,2023,12,2023-12,Saturday
4126,2024-03-14,298,Dra. Fernanda Lima,F,26-35,Nordeste,Lubrificante Base Silicone,Lubrificantes,39.94,1,0.0,Boleto,Entregue,App,39.94,2024,3,2024-03,Thursday
282,2023-05-02,114,Caroline Ferreira,F,36-45,Sudeste,Meia-Calça Rendada,Lingerie,191.51,3,0.0,Cartão Crédito,Entregue,Site,574.53,2023,5,2023-05,Tuesday
1044,2024-04-12,262,Vitória Ferreira,F,26-35,Nordeste,Lubrificante Sabores Baunilha,Lubrificantes,65.26,4,0.0,Boleto,Entregue,Site,261.04,2024,4,2024-04,Friday
1317,2023-12-31,202,Antônio Teixeira,M,36-45,Sul,Lingerie Cropped com Bojo,Lingerie,131.36,1,0.0,Boleto,Entregue,Site,131.36,2023,12,2023-12,Sunday
4682,2024-06-27,79,Maria Lima,F,18-25,Centro-Oeste,Vibrador Rabbit Premium,Vibradores,406.21,3,20.0,Pix,Entregue,Site,974.9,2024,6,2024-06,Thursday
3842,2024-03-13,10,Alana Teixeira,F,36-45,Sul,Wand Massager Pro,Vibradores,442.35,1,0.0,Cartão Crédito,Entregue,App,442.35,2024,3,2024-03,Wednesday
1940,2023-03-24,23,Elisa Freitas,F,18-25,Sudeste,Kit Algemas Veludo,Acessórios BDSM,249.45,3,0.0,Cartão Crédito,Entregue,Site,748.35,2023,3,2023-03,Friday
3893,2024-11-29,299,Ísis Câmara,F,26-35,Sul,Jogo Tabuleiro Casais,Jogos Adultos,92.73,1,5.0,Pix,Entregue,App,88.09,2024,11,2024-11,Friday
1275,2023-01-04,178,Brayan Marques,M,26-35,Sudeste,Chicote de Couro Soft,Acessórios BDSM,288.02,2,0.0,Pix,Entregue,App,576.04,2023,1,2023-01,Wednesday
620,2024-11-06,358,Sra. Anna Liz Farias,F,36-45,Sudeste,Vibrador Rabbit Premium,Vibradores,347.15,2,0.0,Pix,Entregue,App,694.3,2024,11,2024-11,Wednesday
3980,2023-05-21,152,Joana Cavalcanti,F,26-35,Sul,Kit Algemas Veludo,Acessórios BDSM,59.52,4,0.0,Pix,Entregue,App,238.08,2023,5,2023-05,Sunday
1743,2023-08-03,378,Letícia Porto,F,26-35,Sudeste,Creme Excitante Feminino,Cosméticos Íntimos,115.38,1,0.0,Cartão Crédito,Entregue,App,115.38,2023,8,2023-08,Thursday
1391,2023-12-31,75,Caroline Silveira,F,36-45,Sudeste,Body Coelhinha Plus Size,Lingerie,106.21,1,0.0,Cartão Crédito,Entregue,Marketplace,106.21,2023,12,2023-12,Sunday
4525,2023-07-05,421,Maria Eduarda Nogueira,F,18-25,Sudeste,Fantasia Policial,Lingerie,100.97,1,30.0,Cartão Crédito,Entregue,App,70.68,2023,7,2023-07,Wednesday
1848,2024-09-06,61,Davi Lucas Cardoso,M,36-45,Norte,Massageador Corporal Wave,Vibradores,125.58,1,10.0,Boleto,Entregue,Site,113.02,2024,9,2024-09,Friday
1580,2023-09-30,214,Sra. Catarina Martins,F,46+,Sul,Óleo de Massagem Relaxante,Lubrificantes,79.63,1,0.0,Boleto,Entregue,Marketplace,79.63,2023,9,2023-09,Saturday
3569,2023-12-13,386,Sra. Laura Vasconcelos,F,26-35,Sudeste,Kit Algemas Veludo,Acessórios BDSM,258.17,1,0.0,Pix,Entregue,Marketplace,258.17,2023,12,2023-12,Wednesday
2353,2024-10-01,254,Isabella Silveira,F,36-45,Sul,Massageador Corporal Wave,Vibradores,143.6,3,10.0,Boleto,Entregue,Site,387.72,2024,10,2024-10,Tuesday
2213,2023-09-10,6,Helena da Conceição,F,26-35,Sul,Vibrador Clássico Silicone,Vibradores,467.65,1,0.0,Cartão Crédito,Entregue,Marketplace,467.65,2023,9,2023-09,Sunday
3276,2024-10-05,434,Isaac Pastor,M,36-45,Nordeste,Massageador Corporal Wave,Vibradores,321.65,3,0.0,Pix,Entregue,Site,964.95,2024,10,2024-10,Saturday
2021,2023-02-04,681,Dr. Asafe Alves,M,36-45,Sudeste,Lubrificante Sabores Morango,Lubrificantes,73.46,1,30.0,Pix,Entregue,Marketplace,51.42,2023,2,2023-02,Saturday
1957,2023-07-30,274,Yuri da Rocha,M,36-45,Sudeste,Meia-Calça Rendada,Lingerie,155.02,1,0.0,Cartão Crédito,Entregue,App,155.02,2023,7,2023-07,Sunday
3193,2024-12-15,654,Dr. Luiz Felipe Santos,M,26-35,Sudeste,Venda para Olhos Satin,Acessórios BDSM,72.55,2,30.0,Pix,Entregue,Site,101.57,2024,12,2024-12,Sunday
1308,2023-01-04,412,Danilo Brito,M,36-45,Sudeste,Vibrador Clássico Silicone,Vibradores,450.0,1,0.0,Cartão Crédito,Entregue,Site,450.0,2023,1,2023-01,Wednesday
5027,2023-12-21,83,Evelyn Correia,F,26-35,Nordeste,Dominó Erótico,Jogos Adultos,41.17,1,0.0,Pix,Entregue,App,41.17,2023,12,2023-12,Thursday
576,2023-08-18,646,Francisco Monteiro,Não informado,46+,Sudeste,Spray Prolongador,Cosméticos Íntimos,43.67,1,0.0,Cartão Débito,Entregue,Site,43.67,2023,8,2023-08,Friday
2361,2023-08-27,4,Dra. Aurora Pastor,F,26-35,Sul,Fantasia Policial,Lingerie,126.12,1,0.0,Cartão Crédito,Entregue,Site,126.12,2023,8,2023-08,Sunday
723,2024-11-15,20,Sr. João Vitor Barros,M,18-25,Sudeste,Colar e Guia BDSM,Acessórios BDSM,199.36,1,0.0,Pix,Devolvido,Marketplace,199.36,2024,11,2024-11,Friday
4928,2023-02-06,72,Ana Beatriz Farias,F,46+,Norte,Vibrador Duplo Prazer,Vibradores,229.58,2,10.0,Cartão Crédito,Entregue,App,413.24,2023,2,2023-02,Monday
1800,2023-10-21,4,Dra. Aurora Pastor,F,26-35,Sul,Lubrificante Sabores Baunilha,Lubrificantes,44.68,2,0.0,Pix,Entregue,Site,89.36,2023,10,2023-10,Saturday
3348,2023-01-06,63,Otávio Cunha,M,26-35,Sudeste,Fantasia Policial,Lingerie,91.72,3,0.0,Cartão Crédito,Entregue,Site,275.16,2023,1,2023-01,Friday
4832,2023-07-26,350,Sra. Maria Helena Gomes,F,46+,Sudeste,Conjunto Lingerie Boudoir,Lingerie,172.81,3,15.0,Cartão Crédito,Entregue,Site,440.67,2023,7,2023-07,Wednesday
1281,2024-08-08,257,Sra. Melissa Vieira,F,46+,Sul,Vibrador Clássico Silicone,Vibradores,411.33,1,0.0,Cartão Débito,Entregue,Site,411.33,2024,8,2024-08,Thursday
4522,2024-02-11,232,Marcos Vinicius Gonçalves,M,36-45,Sul,Massageador Corporal Wave,Vibradores,110.46,1,0.0,Cartão Crédito,Devolvido,App,110.46,2024,2,2024-02,Sunday
862,2023-11-29,165,Sra. Carolina Correia,F,18-25,Sudeste,Spray Prolongador,Cosméticos Íntimos,123.29,1,0.0,Boleto,Entregue,App,123.29,2023,11,2023-11,Wednesday
4600,2024-09-21,87,Beatriz Aragão,F,46+,Centro-Oeste,Gel Excitante Feminino,Lubrificantes,85.44,4,30.0,Cartão Crédito,Entregue,Site,239.23,2024,9,2024-09,Saturday
1802,2024-06-11,348,Maria Isis da Conceição,F,36-45,Sul,Conjunto Lingerie Boudoir,Lingerie,63.99,1,20.0,Pix,Entregue,App,51.19,2024,6,2024-06,Tuesday
1629,2024-03-14,29,Dra. Hellena Rodrigues,F,26-35,Norte,Dado do Prazer,Jogos Adultos,103.43,1,25.0,Cartão Crédito,Entregue,Site,77.57,2024,3,2024-03,Thursday
1994,2024-04-23,41,Benicio Camargo,M,26-35,Nordeste,Lubrificante Base Silicone,Lubrificantes,47.9,1,0.0,Cartão Crédito,Entregue,Marketplace,47.9,2024,4,2024-04,Tuesday
2640,2023-08-30,319,Sra. Ana Carolina Marques,F,36-45,Sudeste,Body Rendado Vermelho,Lingerie,161.72,1,30.0,Cartão Débito,Entregue,Marketplace,113.2,2023,8,2023-08,Wednesday
270,2024-02-05,96,Vitor Hugo Araújo,M,36-45,Sudeste,Body Coelhinha Plus Size,Lingerie,162.7,2,0.0,Pix,Entregue,Site,325.4,2024,2,2024-02,Monday
630,2023-11-18,81,Beatriz Araújo,F,26-35,Sul,Lubrificante Íntimo Aquoso 100ml,Lubrificantes,72.91,1,0.0,Pix,Entregue,Site,72.91,2023,11,2023-11,Saturday
3777,2023-10-21,434,Isaac Pastor,M,36-45,Nordeste,Corda de Shibari 5m,Acessórios BDSM,299.47,1,0.0,Cartão Crédito,Entregue,App,299.47,2023,10,2023-10,Saturday
3467,2023-03-13,166,Mateus Rocha,M,26-35,Sudeste,Lubrificante Base Silicone,Lubrificantes,77.77,1,0.0,Cartão Crédito,Devolvido,Site,77.77,2023,3,2023-03,Monday
2335,2024-09-20,34,Dr. Miguel Ramos,M,18-25,Nordeste,Fantasia Enfermeira,Lingerie,84.48,1,0.0,Cartão Crédito,Entregue,Site,84.48,2024,9,2024-09,Friday
4852,2023-10-08,132,Srta. Ísis Andrade,F,18-25,Sudeste,Massageador Corporal Wave,Vibradores,195.96,3,20.0,Pix,Entregue,Site,470.3,2023,10,2023-10,Sunday
2967,2024-02-11,339,Bernardo da Mota,M,26-35,Sudeste,Fantasia Policial,Lingerie,86.25,2,0.0,Cartão Crédito,Entregue,App,172.5,2024,2,2024-02,Sunday
301,2024-06-27,15,Julia Aparecida,F,26-35,Sudeste,Gel Excitante Masculino,Lubrificantes,71.78,2,0.0,Pix,Entregue,App,143.56,2024,6,2024-06,Thursday
4788,2023-12-19,555,Sofia Vargas,F,18-25,Sul,Chicote de Couro Soft,Acessórios BDSM,154.69,1,15.0,Pix,Entregue,Site,131.49,2023,12,2023-12,Tuesday
460,2023-02-07,36,Josué Souza,M,18-25,Sul,Jogo Tabuleiro Casais,Jogos Adultos,117.59,1,0.0,Boleto,Entregue,Marketplace,117.59,2023,2,2023-02,Tuesday
1448,2023-08-15,455,Murilo Leão,M,26-35,Nordeste,Cartas Posições Kamasutra,Jogos Adultos,89.9,3,15.0,Cartão Crédito,Entregue,App,229.25,2023,8,2023-08,Tuesday
2047,2023-05-30,20,Sr. João Vitor Barros,M,18-25,Sudeste,Massageador Corporal Wave,Vibradores,293.49,2,30.0,Pix,Entregue,Site,410.89,2023,5,2023-05,Tuesday
4686,2023-11-29,137,Luiz Gustavo Vasconcelos,M,26-35,Nordeste,Lingerie Cropped com Bojo,Lingerie,78.59,1,25.0,Cartão Crédito,Entregue,Marketplace,58.94,2023,11,2023-11,Wednesday
5164,2024-11-06,172,Sophia Melo,F,36-45,Nordeste,Body Coelhinha Plus Size,Lingerie,141.76,1,0.0,Pix,Entregue,Site,141.76,2024,11,2024-11,Wednesday
5281,2024-10-20,756,Sra. Laura Campos,F,36-45,Nordeste,Creme Retardante Masculino,Cosméticos Íntimos,128.45,2,0.0,Pix,Entregue,App,256.9,2024,10,2024-10,Sunday
2114,2024-09-09,535,Emanuel Fonseca,M,36-45,Sul,Chicote de Couro Soft,Acessórios BDSM,186.21,2,10.0,Cartão Crédito,Entregue,Site,335.18,2024,9,2024-09,Monday
28,2024-11-02,196,Anna Liz Carvalho,F,26-35,Sul,Lubrificante Sabores Baunilha,Lubrificantes,84.85,1,25.0,Pix,Entregue,Marketplace,63.64,2024,11,2024-11,Saturday
2041,2023-10-31,471,Amanda Pereira,F,18-25,Sudeste,Lubrificante Íntimo Aquoso 250ml,Lubrificantes,70.2,1,0.0,Cartão Débito,Entregue,Site,70.2,2023,10,2023-10,Tuesday
5021,2023-05-28,291,Eduarda da Costa,F,36-45,Sudeste,Meia-Calça Rendada,Lingerie,116.78,2,0.0,Cartão Crédito,Entregue,Site,233.56,2023,5,2023-05,Sunday
3217,2024-04-02,51,Thiago Caldeira,Não informado,36-45,Sul,Óleo de Massagem Relaxante,Lubrificantes,55.85,2,0.0,Pix,Entregue,App,111.7,2024,4,2024-04,Tuesday
838,2023-01-01,124,Gustavo Rodrigues,M,26-35,Nordeste,Gel Excitante Masculino,Lubrificantes,37.59,2,0.0,Cartão Crédito,Entregue,Site,75.18,2023,1,2023-01,Sunday
3815,2023-02-01,81,Beatriz Araújo,F,26-35,Sul,Body Rendado Vermelho,Lingerie,96.69,2,0.0,Cartão Crédito,Entregue,Marketplace,193.38,2023,2,2023-02,Wednesday
130,2023-11-09,194,João Pedro da Costa,M,26-35,Nordeste,Vibrador Duplo Prazer,Vibradores,338.62,3,10.0,Boleto,Entregue,App,914.27,2023,11,2023-11,Thursday
4368,2024-12-28,159,Zoe Rodrigues,F,46+,Sul,Fantasia Policial,Lingerie,76.36,1,0.0,Pix,Entregue,Site,76.36,2024,12,2024-12,Saturday
2009,2023-11-15,19,Bernardo Aparecida,M,36-45,Sudeste,Mordaça Silicone,Acessórios BDSM,275.2,3,20.0,Pix,Entregue,App,660.48,2023,11,2023-11,Wednesday
504,2024-02-12,425,Alícia Aragão,F,26-35,Sudeste,Vibrador Rabbit Premium,Vibradores,424.62,1,0.0,Cartão Crédito,Entregue,App,424.62,2024,2,2024-02,Monday
3945,2024-11-29,30,Ana Laura da Conceição,F,18-25,Sudeste,Chicote de Couro Soft,Acessórios BDSM,51.11,1,0.0,Pix,Entregue,Site,51.11,2024,11,2024-11,Friday
4771,2024-10-20,2,Isabelly Câmara,F,36-45,Nordeste,Lubrificante Sabores Morango,Lubrificantes,63.27,1,0.0,Pix,Entregue,App,63.27,2024,10,2024-10,Sunday
381,2023-12-03,35,Diego da Luz,M,26-35,Sudeste,Conjunto Lingerie Boudoir,Lingerie,115.08,2,15.0,Pix,Entregue,Marketplace,195.64,2023,12,2023-12,Sunday
1852,2024-12-17,428,Giovanna Pastor,F,36-45,Sudeste,Fantasia Policial,Lingerie,109.45,2,0.0,Pix,Devolvido,Marketplace,218.9,2024,12,2024-12,Tuesday
1526,2023-09-14,82,Lucca Caldeira,M,26-35,Nordeste,Kit Roleplay Surpresa,Jogos Adultos,117.59,1,0.0,Pix,Entregue,Site,117.59,2023,9,2023-09,Thursday
2366,2023-06-05,13,Cauã Borges,M,36-45,Nordeste,Lubrificante Sabores Baunilha,Lubrificantes,59.24,5,30.0,Boleto,Devolvido,Marketplace,207.34,2023,6,2023-06,Monday
3053,2024-09-10,87,Beatriz Aragão,F,46+,Centro-Oeste,Gel Térmico Sensação Quente,Cosméticos Íntimos,140.92,3,25.0,Pix,Entregue,Site,317.07,2024,9,2024-09,Tuesday
2885,2023-11-29,20,Sr. João Vitor Barros,M,18-25,Sudeste,Fantasia Policial,Lingerie,177.37,1,0.0,Cartão Crédito,Entregue,Marketplace,177.37,2023,11,2023-11,Wednesday
2341,2023-09-18,361,Ana Lívia da Costa,F,26-35,Sudeste,Lubrificante Sabores Morango,Lubrificantes,72.24,1,0.0,Pix,Entregue,App,72.24,2023,9,2023-09,Monday
375,2023-02-16,21,Carlos Eduardo Garcia,Não informado,36-45,Sul,Lingerie Cropped com Bojo,Lingerie,102.25,1,0.0,Cartão Débito,Entregue,App,102.25,2023,2,2023-02,Thursday
5388,2024-10-26,691,Gabrielly Fernandes,F,36-45,Centro-Oeste,Venda para Olhos Satin,Acessórios BDSM,136.03,2,20.0,Cartão Débito,Entregue,App,217.65,2024,10,2024-10,Saturday
2382,2024-02-29,480,Sra. Antonella Aragão,F,26-35,Nordeste,Massageador Corporal Wave,Vibradores,248.45,1,0.0,Pix,Entregue,App,248.45,2024,2,2024-02,Thursday
4801,2024-12-20,37,Zoe da Luz,F,46+,Centro-Oeste,Venda para Olhos Satin,Acessórios BDSM,289.75,3,0.0,Pix,Entregue,Site,869.25,2024,12,2024-12,Friday
940,2024-10-10,231,Apollo das Neves,M,26-35,Nordeste,Óleo de Massagem Relaxante,Lubrificantes,63.61,2,20.0,Cartão Débito,Entregue,App,101.78,2024,10,2024-10,Thursday
5318,2023-05-31,669,Dra. Manuella Cardoso,F,46+,Centro-Oeste,Lubrificante Sabores Morango,Lubrificantes,85.53,2,0.0,Pix,Entregue,App,171.06,2023,5,2023-05,Wednesday
5387,2023-11-18,161,Luísa Pinto,F,18-25,Sudeste,Óleo de Massagem Relaxante,Lubrificantes,88.5,3,0.0,Cartão Crédito,Entregue,App,265.5,2023,11,2023-11,Saturday
4620,2024-02-17,482,Benicio Rocha,M,36-45,Nordeste,Body Rendado Vermelho,Lingerie,95.09,1,0.0,Pix,Entregue,Site,95.09,2024,2,2024-02,Saturday
2800,2024-12-07,59,Bruno Barros,M,18-25,Sudeste,Vibrador Ponto G Flex,Vibradores,147.56,4,15.0,Pix,Entregue,App,501.7,2024,12,2024-12,Saturday
2148,2023-04-08,122,Daniela da Mata,F,26-35,Sul,Lingerie Cropped com Bojo,Lingerie,129.39,5,30.0,Pix,Entregue,Site,452.86,2023,4,2023-04,Saturday
3592,2024-04-05,54,Ágatha Vasconcelos,F,18-25,Sul,Lubrificante Base Silicone,Lubrificantes,49.81,1,0.0,Pix,Entregue,Site,49.81,2024,4,2024-04,Friday
3809,2024-08-13,15,Julia Aparecida,F,26-35,Sudeste,Lubrificante Sabores Baunilha,Lubrificantes,52.85,1,0.0,Pix,Entregue,Site,52.85,2024,8,2024-08,Tuesday
2069,2023-05-29,50,João Montenegro,M,26-35,Sudeste,Gel Excitante Feminino,Lubrificantes,48.22,2,0.0,Pix,Entregue,App,96.44,2023,5,2023-05,Monday
3624,2023-02-27,504,Maria Cecília Borges,F,26-35,Sul,Vibrador Rabbit Premium,Vibradores,273.41,4,0.0,Cartão Crédito,Entregue,App,1093.64,2023,2,2023-02,Monday
530,2024-07-04,490,Benjamin Abreu,M,46+,Sudeste,Kit Algemas Veludo,Acessórios BDSM,148.35,3,25.0,Cartão Crédito,Entregue,App,333.79,2024,7,2024-07,Thursday
3309,2024-02-15,127,Sra. Kamilly Aparecida,F,36-45,Nordeste,Vibrador Clássico Silicone,Vibradores,226.04,1,0.0,Pix,Entregue,App,226.04,2024,2,2024-02,Thursday
3910,2024-08-11,109,Caroline Rios,F,36-45,Sudeste,Venda para Olhos Satin,Acessórios BDSM,272.06,1,0.0,Pix,Entregue,Site,272.06,2024,8,2024-08,Sunday
5373,2024-12-04,155,Sra. Maya Pereira,F,26-35,Sul,Body Coelhinha Plus Size,Lingerie,70.84,3,5.0,Pix,Entregue,Marketplace,201.89,2024,12,2024-12,Wednesday
637,2023-02-14,206,Dra. Ísis Pereira,F,36-45,Sudeste,Creme Retardante Masculino,Cosméticos Íntimos,65.23,2,20.0,Pix,Entregue,Site,104.37,2023,2,2023-02,Tuesday
1270,2024-08-03,95,Juan Cunha,M,26-35,Sul,Wand Massager Pro,Vibradores,300.92,1,0.0,Cartão Débito,Entregue,Site,300.92,2024,8,2024-08,Saturday
1395,2024-12-10,113,Hadassa Montenegro,F,36-45,Sul,Body Rendado Vermelho,Lingerie,64.47,2,30.0,Pix,Entregue,Site,90.26,2024,12,2024-12,Tuesday
3907,2023-06-16,196,Anna Liz Carvalho,F,26-35,Sul,Fantasia Policial,Lingerie,179.83,2,20.0,Cartão Crédito,Entregue,Marketplace,287.73,2023,6,2023-06,Friday
5033,2023-02-06,224,Alícia Pinto,F,26-35,Nordeste,Lubrificante Sabores Morango,Lubrificantes,75.43,2,30.0,Pix,Entregue,Marketplace,105.6,2023,2,2023-02,Monday
1798,2023-12-14,21,Carlos Eduardo Garcia,Não informado,36-45,Sul,Vibrador Rabbit Premium,Vibradores,449.65,2,20.0,Cartão Débito,Entregue,Site,719.44,2023,12,2023-12,Thursday
2980,2023-12-05,700,Josué Castro,M,26-35,Centro-Oeste,Óleo de Massagem Relaxante,Lubrificantes,85.34,2,0.0,Cartão Crédito,Entregue,Marketplace,170.68,2023,12,2023-12,Tuesday
1442,2024-09-14,28,Júlia Porto,F,26-35,Centro-Oeste,Óleo de Massagem Relaxante,Lubrificantes,38.46,2,0.0,Cartão Débito,Entregue,App,76.92,2024,9,2024-09,Saturday
3812,2023-10-23,167,Srta. Liz Guerra,F,18-25,Sul,Wand Massager Pro,Vibradores,323.08,2,0.0,Cartão Crédito,Devolvido,App,646.16,2023,10,2023-10,Monday
1536,2023-06-02,37,Zoe da Luz,F,46+,Centro-Oeste,Lubrificante Sabores Baunilha,Lubrificantes,34.88,5,0.0,Pix,Entregue,Site,174.4,2023,6,2023-06,Friday
2914,2024-08-26,690,Maria Vitória Mendes,F,18-25,Norte,Camisola Sensual Preta,Lingerie,94.47,1,0.0,Pix,Entregue,Marketplace,94.47,2024,8,2024-08,Monday
1274,2024-10-18,12,Eduardo Cunha,Não informado,26-35,Sul,Lubrificante Sabores Baunilha,Lubrificantes,81.88,2,5.0,Pix,Entregue,App,155.57,2024,10,2024-10,Friday
3689,2024-09-15,20,Sr. João Vitor Barros,M,18-25,Sudeste,Vibrador Ponto G Flex,Vibradores,477.52,1,0.0,Boleto,Entregue,App,477.52,2024,9,2024-09,Sunday
608,2024-11-21,125,Dr. Thiago Mendonça,M,36-45,Sudeste,Body Rendado Vermelho,Lingerie,198.25,4,30.0,Pix,Devolvido,Site,555.1,2024,11,2024-11,Thursday
4222,2023-09-29,254,Isabella Silveira,F,36-45,Sul,Massageador Corporal Wave,Vibradores,431.19,2,20.0,Pix,Entregue,App,689.9,2023,9,2023-09,Friday
1713,2024-03-29,389,Sr. Calebe Pires,M,18-25,Sudeste,Body Rendado Vermelho,Lingerie,93.23,2,0.0,Pix,Entregue,App,186.46,2024,3,2024-03,Friday
4356,2024-06-22,249,Sabrina Duarte,F,46+,Nordeste,Mordaça Silicone,Acessórios BDSM,252.23,2,10.0,Pix,Entregue,Site,454.01,2024,6,2024-06,Saturday
2200,2023-01-26,132,Srta. Ísis Andrade,F,18-25,Sudeste,Kit Cuidados Íntimos,Cosméticos Íntimos,45.54,1,5.0,Boleto,Entregue,Marketplace,43.26,2023,1,2023-01,Thursday
956,2024-02-05,133,Clara Lopes,F,26-35,Sul,Vibrador Ponto G Flex,Vibradores,286.77,2,30.0,Boleto,Entregue,App,401.48,2024,2,2024-02,Monday
2580,2024-05-17,277,Pedro Lucas Fernandes,M,36-45,Centro-Oeste,Lubrificante Base Silicone,Lubrificantes,66.09,1,0.0,Boleto,Entregue,Marketplace,66.09,2024,5,2024-05,Friday
5194,2024-12-29,601,Sofia Novaes,F,36-45,Sudeste,Kit Iniciante BDSM 5 Peças,Acessórios BDSM,286.18,1,0.0,Cartão Crédito,Entregue,App,286.18,2024,12,2024-12,Sunday
4444,2024-02-18,140,Maria Sophia Alves,F,36-45,Sudeste,Gel Excitante Masculino,Lubrificantes,58.16,2,0.0,Pix,Entregue,Marketplace,116.32,2024,2,2024-02,Sunday
4915,2024-02-26,51,Thiago Caldeira,Não informado,36-45,Sul,Lubrificante Íntimo Aquoso 250ml,Lubrificantes,71.65,1,0.0,Pix,Entregue,Marketplace,71.65,2024,2,2024-02,Monday
4130,2024-05-19,1,Sr. Apollo Sousa,M,18-25,Sudeste,Wand Massager Pro,Vibradores,368.82,1,0.0,Pix,Entregue,Marketplace,368.82,2024,5,2024-05,Sunday
2853,2023-12-08,59,Bruno Barros,M,18-25,Sudeste,Lubrificante Íntimo Aquoso 250ml,Lubrificantes,48.64,2,5.0,Pix,Entregue,Site,92.42,2023,12,2023-12,Friday
404,2023-02-12,440,Rael Montenegro,M,18-25,Nordeste,Vibrador Clássico Silicone,Vibradores,446.96,3,0.0,Pix,Entregue,App,1340.88,2023,2,2023-02,Sunday
2072,2023-01-17,199,Maria Luísa Farias,F,46+,Nordeste,Lingerie Cropped com Bojo,Lingerie,65.63,3,0.0,Pix,Entregue,Marketplace,196.89,2023,1,2023-01,Tuesday
5279,2024-11-16,623,Maria Eduarda Moreira,F,26-35,Sudeste,Conjunto Lingerie Boudoir,Lingerie,157.27,2,0.0,Cartão Débito,Entregue,Site,314.54,2024,11,2024-11,Saturday
1978,2024-12-07,154,Maya Ferreira,F,18-25,Sudeste,Body Rendado Vermelho,Lingerie,114.77,5,0.0,Pix,Entregue,App,573.85,2024,12,2024-12,Saturday
159,2024-11-10,75,Caroline Silveira,F,36-45,Sudeste,Wand Massager Pro,Vibradores,311.9,1,0.0,Cartão Crédito,Entregue,Marketplace,311.9,2024,11,2024-11,Sunday
1749,2023-02-10,369,Vinícius Jesus,M,36-45,Nordeste,Meia-Calça Rendada,Lingerie,131.89,1,0.0,Cartão Crédito,Entregue,App,131.89,2023,2,2023-02,Friday
2910,2024-02-06,100,Anna Liz Cirino,F,18-25,Centro-Oeste,Venda para Olhos Satin,Acessórios BDSM,207.6,2,0.0,Boleto,Entregue,Site,415.2,2024,2,2024-02,Tuesday
3889,2023-03-05,265,Igor Campos,M,36-45,Sudeste,Meia-Calça Rendada,Lingerie,111.28,1,0.0,Cartão Crédito,Entregue,App,111.28,2023,3,2023-03,Sunday
4223,2024-04-28,542,Dra. Clarice Farias,F,18-25,Sudeste,Lubrificante Sabores Morango,Lubrificantes,55.7,1,25.0,Pix,Entregue,App,41.78,2024,4,2024-04,Sunday
1231,2023-12-29,536,João Miguel Gomes,M,26-35,Nordeste,Perfume Íntimo Floral,Cosméticos Íntimos,126.65,3,0.0,Pix,Entregue,Site,379.95,2023,12,2023-12,Friday
5185,2023-12-19,361,Ana Lívia da Costa,F,26-35,Sudeste,Cartas Posições Kamasutra,Jogos Adultos,115.45,3,0.0,Pix,Entregue,Site,346.35,2023,12,2023-12,Tuesday
2141,2024-06-02,431,Caroline Nogueira,F,26-35,Norte,Massageador Corporal Wave,Vibradores,122.12,1,0.0,Pix,Entregue,Site,122.12,2024,6,2024-06,Sunday
445,2024-10-02,424,Ayla Ribeiro,F,26-35,Sul,Vibrador Clássico Silicone,Vibradores,465.75,1,30.0,Pix,Entregue,Marketplace,326.02,2024,10,2024-10,Wednesday
5491,2023-04-08,48,Sra. Brenda da Rocha,F,26-35,Centro-Oeste,Vibrador Ponto G Flex,Vibradores,206.11,3,25.0,Cartão Crédito,Entregue,Site,463.75,2023,4,2023-04,Saturday
755,2024-07-11,42,Eduarda Vieira,F,18-25,Sudeste,Dominó Erótico,Jogos Adultos,95.16,1,15.0,Boleto,Entregue,Marketplace,80.89,2024,7,2024-07,Thursday
1738,2023-02-15,60,Sra. Ana Lívia Teixeira,F,26-35,Sul,Spray Prolongador,Cosméticos Íntimos,139.7,2,15.0,Cartão Crédito,Entregue,Marketplace,237.49,2023,2,2023-02,Wednesday
2972,2023-11-18,50,João Montenegro,M,26-35,Sudeste,Body Coelhinha Plus Size,Lingerie,64.34,3,5.0,Boleto,Entregue,App,183.37,2023,11,2023-11,Saturday
2921,2024-10-20,109,Caroline Rios,F,36-45,Sudeste,Colar e Guia BDSM,Acessórios BDSM,215.5,1,0.0,Cartão Crédito,Entregue,Site,215.5,2024,10,2024-10,Sunday
312,2024-03-27,23,Elisa Freitas,F,18-25,Sudeste,Mini Vibrador Discreto,Vibradores,379.83,2,10.0,Pix,Entregue,Site,683.69,2024,3,2024-03,Wednesday
3424,2024-05-12,12,Eduardo Cunha,Não informado,26-35,Sul,Vibrador Rabbit Premium,Vibradores,247.12,2,0.0,Cartão Crédito,Entregue,Site,494.24,2024,5,2024-05,Sunday
549,2024-03-17,199,Maria Luísa Farias,F,46+,Nordeste,Mini Vibrador Discreto,Vibradores,458.29,1,5.0,Pix,Entregue,Site,435.38,2024,3,2024-03,Sunday
662,2024-04-24,751,Evelyn da Cruz,F,26-35,Sudeste,Lubrificante Sabores Baunilha,Lubrificantes,57.58,3,0.0,Cartão Crédito,Entregue,Site,172.74,2024,4,2024-04,Wednesday
3795,2024-06-12,10,Alana Teixeira,F,36-45,Sul,Wand Massager Pro,Vibradores,174.61,2,0.0,Cartão Débito,Entregue,Site,349.22,2024,6,2024-06,Wednesday
5286,2024-12-28,324,Gabriel Moreira,M,26-35,Sudeste,Creme Retardante Masculino,Cosméticos Íntimos,53.9,1,0.0,Cartão Débito,Entregue,Site,53.9,2024,12,2024-12,Saturday
1990,2023-10-04,341,Juliana Abreu,F,26-35,Nordeste,Body Coelhinha Plus Size,Lingerie,173.41,1,0.0,Pix,Entregue,Site,173.41,2023,10,2023-10,Wednesday
3666,2024-11-26,158,Maya Abreu,F,26-35,Sudeste,Lingerie Cropped com Bojo,Lingerie,68.01,2,20.0,Cartão Débito,Entregue,Site,108.82,2024,11,2024-11,Tuesday
3884,2024-11-17,69,Heloísa Pastor,F,26-35,Sudeste,Fantasia Policial,Lingerie,98.51,2,0.0,Pix,Devolvido,Site,197.02,2024,11,2024-11,Sunday
307,2024-12-14,197,Isabel Gomes,F,18-25,Nordeste,Vibrador Rabbit Premium,Vibradores,303.38,2,0.0,Cartão Débito,Entregue,Site,606.76,2024,12,2024-12,Saturday
2336,2023-02-06,133,Clara Lopes,F,26-35,Sul,Vibrador Clássico Silicone,Vibradores,364.54,3,0.0,Cartão Crédito,Entregue,Não informado,1093.62,2023,2,2023-02,Monday
695,2024-11-25,34,Dr. Miguel Ramos,M,18-25,Nordeste,Perfume Íntimo Floral,Cosméticos Íntimos,88.2,2,0.0,Cartão Crédito,Entregue,Site,176.4,2024,11,2024-11,Monday
2357,2023-10-20,550,Antony Fonseca,M,18-25,Sudeste,Body Coelhinha Plus Size,Lingerie,199.71,1,0.0,Boleto,Entregue,App,199.71,2023,10,2023-10,Friday
3703,2024-11-24,106,Vicente Dias,M,26-35,Sul,Lingerie Cropped com Bojo,Lingerie,175.96,1,0.0,Boleto,Entregue,Site,175.96,2024,11,2024-11,Sunday
1928,2024-06-10,179,Gael Silva,M,36-45,Sudeste,Fantasia Enfermeira,Lingerie,130.83,2,0.0,Boleto,Entregue,Marketplace,261.66,2024,6,2024-06,Monday
685,2023-02-12,601,Sofia Novaes,F,36-45,Sudeste,Gel Excitante Feminino,Lubrificantes,68.92,1,0.0,Boleto,Devolvido,Site,68.92,2023,2,2023-02,Sunday
3428,2023-09-25,262,Vitória Ferreira,F,26-35,Nordeste,Conjunto Lingerie Boudoir,Lingerie,96.88,1,0.0,Pix,Entregue,Site,96.88,2023,9,2023-09,Monday
750,2024-12-02,261,Léo Melo,M,26-35,Nordeste,Dominó Erótico,Jogos Adultos,71.24,1,0.0,Cartão Crédito,Entregue,App,71.24,2024,12,2024-12,Monday
3219,2023-12-30,332,Bruna Martins,F,46+,Sudeste,Kit Roleplay Surpresa,Jogos Adultos,91.66,1,0.0,Cartão Crédito,Entregue,Site,91.66,2023,12,2023-12,Saturday
5298,2023-08-13,249,Sabrina Duarte,F,46+,Nordeste,Lubrificante Sabores Baunilha,Lubrificantes,32.54,3,0.0,Pix,Entregue,App,97.62,2023,8,2023-08,Sunday
1267,2024-12-08,137,Luiz Gustavo Vasconcelos,M,26-35,Nordeste,Lubrificante Sabores Morango,Lubrificantes,58.77,2,5.0,Pix,Entregue,Site,111.66,2024,12,2024-12,Sunday
4038,2024-10-03,403,Camila Marques,F,26-35,Sudeste,Cartas Posições Kamasutra,Jogos Adultos,113.98,2,30.0,Boleto,Entregue,Marketplace,159.57,2024,10,2024-10,Thursday
4221,2024-11-28,102,Nathan Campos,M,18-25,Sudeste,Lubrificante Base Silicone,Lubrificantes,71.24,2,0.0,Pix,Entregue,App,142.48,2024,11,2024-11,Thursday
4913,2023-03-03,207,Ryan Câmara,M,26-35,Sudeste,Kit Roleplay Surpresa,Jogos Adultos,123.92,1,0.0,Pix,Entregue,App,123.92,2023,3,2023-03,Friday
3596,2023-12-09,275,Sr. Samuel Caldeira,M,36-45,Norte,Cartas Posições Kamasutra,Jogos Adultos,49.3,1,0.0,Cartão Crédito,Entregue,Marketplace,49.3,2023,12,2023-12,Saturday
2135,2023-06-20,333,Daniela Monteiro,F,26-35,Norte,Creme Excitante Feminino,Cosméticos Íntimos,95.78,1,0.0,Pix,Entregue,Site,95.78,2023,6,2023-06,Tuesday
3084,2024-09-28,238,Bernardo Montenegro,M,46+,Sul,Massageador Corporal Wave,Vibradores,264.3,1,0.0,Pix,Entregue,Marketplace,264.3,2024,9,2024-09,Saturday
3062,2023-09-30,27,Elisa Martins,F,26-35,Sul,Fantasia Policial,Lingerie,64.64,2,10.0,Pix,Entregue,Marketplace,116.35,2023,9,2023-09,Saturday
3026,2023-10-17,129,Julia Castro,F,26-35,Sudeste,Gel Excitante Feminino,Lubrificantes,86.37,1,0.0,Pix,Entregue,Site,86.37,2023,10,2023-10,Tuesday
971,2023-07-15,289,Srta. Giovanna Pires,F,36-45,Sudeste,Vibrador Clássico Silicone,Vibradores,174.81,3,0.0,Pix,Entregue,Site,524.43,2023,7,2023-07,Saturday
14,2023-10-08,67,Bárbara da Cruz,Não informado,36-45,Norte,Lubrificante Íntimo Aquoso 250ml,Lubrificantes,52.21,3,0.0,Pix,Entregue,App,156.63,2023,10,2023-10,Sunday
874,2024-11-21,144,Ravy Câmara,M,18-25,Sudeste,Lubrificante Sabores Baunilha,Lubrificantes,38.55,1,0.0,Pix,Entregue,App,38.55,2024,11,2024-11,Thursday
3772,2024-02-28,550,Antony Fonseca,M,18-25,Sudeste,Vibrador Clássico Silicone,Vibradores,135.82,5,25.0,Pix,Entregue,Site,509.32,2024,2,2024-02,Wednesday
3199,2023-02-05,31,Luara Guerra,F,36-45,Nordeste,Lubrificante Íntimo Aquoso 100ml,Lubrificantes,80.73,1,15.0,Pix,Devolvido,Site,68.62,2023,2,2023-02,Sunday
515,2023-10-15,13,Cauã Borges,M,36-45,Nordeste,Óleo de Massagem Relaxante,Lubrificantes,86.99,2,0.0,Cartão Débito,Entregue,Site,173.98,2023,10,2023-10,Sunday
4966,2023-02-12,68,Benício Fernandes,M,36-45,Sudeste,Meia-Calça Rendada,Lingerie,181.1,2,30.0,Cartão Crédito,Entregue,App,253.54,2023,2,2023-02,Sunday
410,2024-12-15,27,Elisa Martins,F,26-35,Sul,Mordaça Silicone,Acessórios BDSM,151.03,1,0.0,Pix,Entregue,App,151.03,2024,12,2024-12,Sunday
4149,2023-03-28,341,Juliana Abreu,F,26-35,Nordeste,Meia-Calça Rendada,Lingerie,88.84,2,0.0,Pix,Entregue,App,177.68,2023,3,2023-03,Tuesday
5484,2023-07-12,339,Bernardo da Mota,M,26-35,Sudeste,Óleo de Massagem Relaxante,Lubrificantes,58.42,1,0.0,Cartão Crédito,Entregue,Site,58.42,2023,7,2023-07,Wednesday
4816,2024-04-20,612,Sra. Ana Carolina da Rocha,Não informado,46+,Centro-Oeste,Lubrificante Sabores Morango,Lubrificantes,64.02,1,0.0,Cartão Crédito,Entregue,Site,64.02,2024,4,2024-04,Saturday
208,2023-01-09,289,Srta. Giovanna Pires,F,36-45,Sudeste,Fantasia Policial,Lingerie,180.9,1,30.0,Pix,Devolvido,App,126.63,2023,1,2023-01,Monday
3965,2023-02-21,4,Dra. Aurora Pastor,F,26-35,Sul,Lubrificante Sabores Morango,Lubrificantes,66.96,5,0.0,Boleto,Entregue,Marketplace,334.8,2023,2,2023-02,Tuesday
2055,2023-09-01,470,Henry Gabriel Lima,M,18-25,Sul,Lubrificante Íntimo Aquoso 100ml,Lubrificantes,54.9,1,25.0,Pix,Entregue,Site,41.18,2023,9,2023-09,Friday
2431,2023-12-27,248,Mateus Fernandes,M,26-35,Nordeste,Óleo de Massagem Relaxante,Lubrificantes,47.6,2,10.0,Cartão Crédito,Entregue,Site,85.68,2023,12,2023-12,Wednesday
251,2024-03-31,97,Sra. Ana Laura Aragão,F,26-35,Sudeste,Creme Retardante Masculino,Cosméticos Íntimos,103.7,2,0.0,Boleto,Entregue,App,207.4,2024,3,2024-03,Sunday
111,2024-07-19,95,Juan Cunha,M,26-35,Sul,Body Coelhinha Plus Size,Lingerie,146.78,2,10.0,Boleto,Entregue,App,264.2,2024,7,2024-07,Friday
4350,2023-01-01,266,Sr. Levi Campos,M,26-35,Centro-Oeste,Lubrificante Base Silicone,Lubrificantes,41.13,1,0.0,Pix,Devolvido,Site,41.13,2023,1,2023-01,Sunday
1108,2023-08-20,367,Juan Fogaça,M,26-35,Sudeste,Lubrificante Íntimo Aquoso 100ml,Lubrificantes,73.3,4,25.0,Cartão Crédito,Entregue,Marketplace,219.9,2023,8,2023-08,Sunday
4507,2024-11-29,346,Marcos Vinicius Marques,M,26-35,Sudeste,Kit Iniciante BDSM 5 Peças,Acessórios BDSM,77.98,2,0.0,Cartão Crédito,Entregue,App,155.96,2024,11,2024-11,Friday
1884,2024-03-22,370,Emilly Cavalcante,Não informado,36-45,Sudeste,Lubrificante Sabores Baunilha,Lubrificantes,55.36,2,5.0,Pix,Entregue,Marketplace,105.18,2024,3,2024-03,Friday
1714,2023-02-08,168,Agatha da Rosa,F,26-35,Sul,Chicote de Couro Soft,Acessórios BDSM,231.88,1,0.0,Pix,Entregue,Site,231.88,2023,2,2023-02,Wednesday
3912,2023-09-20,88,Sr. Caleb Sá,M,26-35,Sudeste,Fantasia Enfermeira,Lingerie,162.84,1,0.0,Cartão Crédito,Entregue,Marketplace,162.84,2023,9,2023-09,Wednesday
716,2023-05-25,601,Sofia Novaes,F,36-45,Sudeste,Camisola Sensual Preta,Lingerie,63.73,3,25.0,Cartão Crédito,Entregue,Site,143.39,2023,5,2023-05,Thursday
3442,2024-03-20,203,Maria Helena Mendes,F,36-45,Sudeste,Fantasia Enfermeira,Lingerie,94.3,2,15.0,Cartão Crédito,Entregue,Site,160.31,2024,3,2024-03,Wednesday
553,2024-02-14,217,Lunna Fernandes,F,26-35,Sudeste,Jogo Tabuleiro Casais,Jogos Adultos,51.73,4,10.0,Pix,Entregue,App,186.23,2024,2,2024-02,Wednesday
1440,2024-02-13,296,Dr. Rafael Barbosa,M,18-25,Sul,Kit Iniciante BDSM 5 Peças,Acessórios BDSM,267.37,2,0.0,Pix,Entregue,App,534.74,2024,2,2024-02,Tuesday
2271,2023-05-19,31,Luara Guerra,F,36-45,Nordeste,Chicote de Couro Soft,Acessórios BDSM,121.1,1,15.0,Cartão Débito,Entregue,Site,102.93,2023,5,2023-05,Friday
5339,2024-07-31,563,Sra. Isabel Nascimento,Não informado,26-35,Nordeste,Lubrificante Íntimo Aquoso 100ml,Lubrificantes,40.88,4,0.0,Cartão Débito,Entregue,Site,163.52,2024,7,2024-07,Wednesday
3145,2023-04-30,87,Beatriz Aragão,F,46+,Centro-Oeste,Lubrificante Base Silicone,Lubrificantes,41.32,1,0.0,Cartão Crédito,Entregue,App,41.32,2023,4,2023-04,Sunday
2822,2023-09-30,72,Ana Beatriz Farias,F,46+,Norte,Gel Excitante Feminino,Lubrificantes,49.05,2,15.0,Pix,Entregue,Site,83.38,2023,9,2023-09,Saturday
5306,2024-02-03,207,Ryan Câmara,M,26-35,Sudeste,Wand Massager Pro,Vibradores,466.04,1,30.0,Cartão Crédito,Entregue,Marketplace,326.23,2024,2,2024-02,Saturday
1926,2023-10-11,28,Júlia Porto,F,26-35,Centro-Oeste,Perfume Íntimo Floral,Cosméticos Íntimos,77.16,1,20.0,Pix,Entregue,App,61.73,2023,10,2023-10,Wednesday
5332,2023-05-10,105,Mariah Ribeiro,F,18-25,Nordeste,Body Coelhinha Plus Size,Lingerie,154.76,3,15.0,Cartão Crédito,Entregue,Site,394.64,2023,5,2023-05,Wednesday
317,2024-02-08,144,Ravy Câmara,M,18-25,Sudeste,Lubrificante Íntimo Aquoso 100ml,Lubrificantes,84.41,1,0.0,Boleto,Entregue,Site,84.41,2024,2,2024-02,Thursday
4675,2023-02-09,144,Ravy Câmara,M,18-25,Sudeste,Dominó Erótico,Jogos Adultos,65.55,1,0.0,Pix,Entregue,App,65.55,2023,2,2023-02,Thursday
1329,2024-12-28,285,Maria Helena Machado,F,36-45,Centro-Oeste,Vibrador Rabbit Premium,Vibradores,391.54,2,0.0,Cartão Crédito,Devolvido,Site,783.08,2024,12,2024-12,Saturday
428,2023-05-04,525,Laura Barbosa,F,36-45,Sudeste,Gel Excitante Feminino,Lubrificantes,59.48,2,0.0,Pix,Entregue,Site,118.96,2023,5,2023-05,Thursday
4127,2023-11-04,301,Bento Cavalcante,Não informado,26-35,Norte,Cartas Posições Kamasutra,Jogos Adultos,54.95,1,0.0,Pix,Entregue,Site,54.95,2023,11,2023-11,Saturday
106,2023-07-25,80,Nina Siqueira,F,26-35,Sul,Fantasia Policial,Lingerie,188.87,1,10.0,Cartão Crédito,Entregue,Site,169.98,2023,7,2023-07,Tuesday
3042,2024-05-08,701,Luara Correia,F,36-45,Sudeste,Vibrador Clássico Silicone,Vibradores,93.62,2,0.0,Cartão Crédito,Entregue,Site,187.24,2024,5,2024-05,Wednesday
2170,2023-05-16,109,Caroline Rios,F,36-45,Sudeste,Colar e Guia BDSM,Acessórios BDSM,227.08,1,0.0,Cartão Crédito,Entregue,Marketplace,227.08,2023,5,2023-05,Tuesday
4092,2023-01-28,115,Isabelly Freitas,F,18-25,Sudeste,Gel Excitante Masculino,Lubrificantes,59.73,3,15.0,Pix,Entregue,Site,152.31,2023,1,2023-01,Saturday
90,2023-10-31,174,Lívia Borges,F,46+,Sudeste,Wand Massager Pro,Vibradores,161.53,1,0.0,Boleto,Entregue,App,161.53,2023,10,2023-10,Tuesday
2919,2024-04-08,150,Maria Liz Rocha,F,36-45,Sul,Camisola Sensual Preta,Lingerie,166.75,3,0.0,Pix,Devolvido,Marketplace,500.25,2024,4,2024-04,Monday
3238,2024-10-10,671,Marina Montenegro,F,46+,Centro-Oeste,Kit Iniciante BDSM 5 Peças,Acessórios BDSM,111.42,1,0.0,Cartão Crédito,Entregue,App,111.42,2024,10,2024-10,Thursday
2242,2023-07-30,10,Alana Teixeira,F,36-45,Sul,Kit Iniciante BDSM 5 Peças,Acessórios BDSM,60.64,1,0.0,Cartão Crédito,Entregue,Site,60.64,2023,7,2023-07,Sunday
3175,2023-06-14,21,Carlos Eduardo Garcia,Não informado,36-45,Sul,Creme Excitante Feminino,Cosméticos Íntimos,72.77,1,0.0,Pix,Entregue,Marketplace,72.77,2023,6,2023-06,Wednesday
4152,2023-11-03,1,Sr. Apollo Sousa,M,18-25,Sudeste,Dado do Prazer,Jogos Adultos,48.88,2,10.0,Cartão Crédito,Entregue,App,87.98,2023,11,2023-11,Friday
3738,2024-01-30,361,Ana Lívia da Costa,F,26-35,Sudeste,Fantasia Policial,Lingerie,148.33,5,0.0,Boleto,Entregue,Site,741.65,2024,1,2024-01,Tuesday
2164,2024-04-09,459,Antonella Borges,F,26-35,Sudeste,Dominó Erótico,Jogos Adultos,67.96,1,0.0,Pix,Entregue,Site,67.96,2024,4,2024-04,Tuesday
2637,2024-07-10,688,Dr. Kaique Marques,M,26-35,Sul,Meia-Calça Rendada,Lingerie,86.03,2,0.0,Cartão Crédito,Entregue,App,172.06,2024,7,2024-07,Wednesday
4893,2024-10-07,252,Kamilly Novais,F,46+,Sul,Kit Cuidados Íntimos,Cosméticos Íntimos,102.54,3,0.0,Boleto,Entregue,Site,307.62,2024,10,2024-10,Monday
1950,2024-05-10,156,Bruna Gomes,F,26-35,Nordeste,Conjunto Lingerie Boudoir,Lingerie,104.8,1,0.0,Pix,Entregue,Site,104.8,2024,5,2024-05,Friday
1769,2024-04-05,130,Sra. Mariane Novais,F,46+,Nordeste,Camisola Sensual Preta,Lingerie,142.71,2,0.0,Pix,Entregue,Marketplace,285.42,2024,4,2024-04,Friday
2273,2023-11-18,182,Srta. Bianca Vasconcelos,F,26-35,Nordeste,Mordaça Silicone,Acessórios BDSM,174.12,1,25.0,Pix,Entregue,Site,130.59,2023,11,2023-11,Saturday
2,2024-05-16,648,João Vasconcelos,M,36-45,Norte,Wand Massager Pro,Vibradores,274.81,1,0.0,Pix,Entregue,Marketplace,274.81,2024,5,2024-05,Thursday
3937,2023-03-30,148,Dr. Bernardo Vargas,Não informado,26-35,Norte,Gel Excitante Feminino,Lubrificantes,56.34,1,0.0,Cartão Crédito,Entregue,App,56.34,2023,3,2023-03,Thursday
4035,2024-07-06,48,Sra. Brenda da Rocha,F,26-35,Centro-Oeste,Sabonete Íntimo pH Neutro,Cosméticos Íntimos,113.07,1,20.0,Pix,Entregue,Site,90.46,2024,7,2024-07,Saturday
1952,2024-12-02,69,Heloísa Pastor,F,26-35,Sudeste,Meia-Calça Rendada,Lingerie,91.9,2,0.0,Cartão Crédito,Entregue,App,183.8,2024,12,2024-12,Monday
936,2023-05-12,88,Sr. Caleb Sá,M,26-35,Sudeste,Creme Retardante Masculino,Cosméticos Íntimos,36.94,1,0.0,Cartão Débito,Entregue,Marketplace,36.94,2023,5,2023-05,Friday
4762,2024-02-27,752,Letícia Câmara,F,26-35,Sul,Creme Retardante Masculino,Cosméticos Íntimos,50.27,2,0.0,Cartão Débito,Entregue,Marketplace,100.54,2024,2,2024-02,Tuesday
2721,2023-05-30,543,Cecília Ferreira,F,26-35,Sudeste,Kit Roleplay Surpresa,Jogos Adultos,99.52,4,0.0,Pix,Entregue,Site,398.08,2023,5,2023-05,Tuesday
3732,2023-03-22,694,Léo Moraes,M,26-35,Sudeste,Creme Retardante Masculino,Cosméticos Íntimos,118.06,5,0.0,Cartão Débito,Entregue,App,590.3,2023,3,2023-03,Wednesday
4193,2024-02-25,188,Dra. Mariane Novaes,F,26-35,Sudeste,Óleo de Massagem Relaxante,Lubrificantes,36.28,1,0.0,Cartão Crédito,Entregue,Site,36.28,2024,2,2024-02,Sunday
1110,2023-01-14,47,João Felipe Vargas,M,18-25,Sul,Óleo de Massagem Relaxante,Lubrificantes,68.11,1,25.0,Pix,Entregue,Site,51.08,2023,1,2023-01,Saturday
4385,2024-09-22,510,Srta. Vitória Moraes,F,26-35,Norte,Corda de Shibari 5m,Acessórios BDSM,214.71,1,0.0,Cartão Crédito,Entregue,Site,214.71,2024,9,2024-09,Sunday
3535,2024-01-22,74,Raquel Cunha,F,46+,Sul,Gel Excitante Feminino,Lubrificantes,35.69,1,0.0,Boleto,Entregue,Marketplace,35.69,2024,1,2024-01,Monday
1696,2024-09-01,20,Sr. João Vitor Barros,M,18-25,Sudeste,Body Coelhinha Plus Size,Lingerie,99.58,3,0.0,Pix,Devolvido,Site,298.74,2024,9,2024-09,Sunday
4170,2023-05-28,29,Dra. Hellena Rodrigues,F,26-35,Norte,Conjunto Lingerie Boudoir,Lingerie,105.19,1,0.0,Cartão Débito,Entregue,Site,105.19,2023,5,2023-05,Sunday
2937,2024-03-29,389,Sr. Calebe Pires,M,18-25,Sudeste,Kit Iniciante BDSM 5 Peças,Acessórios BDSM,195.95,1,0.0,Pix,Entregue,App,195.95,2024,3,2024-03,Friday
4661,2023-07-05,194,João Pedro da Costa,M,26-35,Nordeste,Lubrificante Base Silicone,Lubrificantes,82.2,2,0.0,Pix,Entregue,Marketplace,164.4,2023,7,2023-07,Wednesday
2449,2024-11-08,17,Bruno Novaes,M,26-35,Sudeste,Vibrador Rabbit Premium,Vibradores,301.31,1,0.0,Boleto,Entregue,Site,301.31,2024,11,2024-11,Friday
1577,2024-05-16,7,Apollo Novais,M,18-25,Nordeste,Vibrador Ponto G Flex,Vibradores,133.61,1,10.0,Cartão Crédito,Entregue,Site,120.25,2024,5,2024-05,Thursday
1112,2024-08-11,71,Dra. Ana Liz da Conceição,F,36-45,Sul,Body Coelhinha Plus Size,Lingerie,92.29,1,0.0,Pix,Entregue,Marketplace,92.29,2024,8,2024-08,Sunday
4639,2024-10-05,361,Ana Lívia da Costa,F,26-35,Sudeste,Sabonete Íntimo pH Neutro,Cosméticos Íntimos,145.98,1,0.0,Pix,Entregue,Site,145.98,2024,10,2024-10,Saturday
214,2023-11-22,71,Dra. Ana Liz da Conceição,F,36-45,Sul,Conjunto Lingerie Boudoir,Lingerie,85.68,3,0.0,Pix,Entregue,Marketplace,257.04,2023,11,2023-11,Wednesday
779,2023-09-12,333,Daniela Monteiro,F,26-35,Norte,Camisola Sensual Preta,Lingerie,161.65,2,0.0,Pix,Devolvido,App,323.3,2023,9,2023-09,Tuesday
1416,2024-02-13,616,Renan da Cunha,M,26-35,Sudeste,Wand Massager Pro,Vibradores,337.78,1,0.0,Cartão Crédito,Entregue,App,337.78,2024,2,2024-02,Tuesday
3497,2024-05-06,488,Ryan Moura,M,36-45,Sudeste,Jogo Tabuleiro Casais,Jogos Adultos,72.14,1,0.0,Cartão Crédito,Entregue,Marketplace,72.14,2024,5,2024-05,Monday
102,2024-09-17,270,Beatriz Correia,F,26-35,Sul,Wand Massager Pro,Vibradores,250.99,1,30.0,Pix,Entregue,Site,175.69,2024,9,2024-09,Tuesday
2044,2023-06-06,34,Dr. Miguel Ramos,M,18-25,Nordeste,Lubrificante Íntimo Aquoso 250ml,Lubrificantes,86.0,3,5.0,Pix,Entregue,App,245.1,2023,6,2023-06,Tuesday
5038,2024-08-03,699,Maria Isis Pimenta,F,36-45,Sudeste,Gel Excitante Feminino,Lubrificantes,30.36,2,25.0,Cartão Crédito,Entregue,Marketplace,45.54,2024,8,2024-08,Saturday
4206,2024-04-17,177,Isabelly Melo,F,18-25,Sudeste,Corda de Shibari 5m,Acessórios BDSM,192.58,3,0.0,Pix,Entregue,Marketplace,577.74,2024,4,2024-04,Wednesday
1568,2024-11-18,28,Júlia Porto,F,26-35,Centro-Oeste,Mini Vibrador Discreto,Vibradores,160.73,1,30.0,Cartão Crédito,Devolvido,Marketplace,112.51,2024,11,2024-11,Monday
166,2023-09-18,451,Marina Brito,F,26-35,Norte,Meia-Calça Rendada,Lingerie,164.14,1,0.0,Cartão Crédito,Entregue,Site,164.14,2023,9,2023-09,Monday
5234,2024-06-27,145,Natália Ferreira,F,46+,Sul,Lubrificante Sabores Baunilha,Lubrificantes,61.77,1,0.0,Cartão Crédito,Entregue,Site,61.77,2024,6,2024-06,Thursday
3567,2023-02-03,230,Luana Caldeira,F,26-35,Nordeste,Óleo de Massagem Relaxante,Lubrificantes,81.76,2,0.0,Boleto,Entregue,Marketplace,163.52,2023,2,2023-02,Friday
4257,2023-11-04,792,Calebe Cirino,M,26-35,Sudeste,Creme Excitante Feminino,Cosméticos Íntimos,44.34,2,0.0,Cartão Crédito,Entregue,Site,88.68,2023,11,2023-11,Saturday
5468,2023-02-20,481,Eduarda Sá,F,36-45,Sul,Venda para Olhos Satin,Acessórios BDSM,226.38,3,0.0,Pix,Entregue,Site,679.14,2023,2,2023-02,Monday
1344,2024-02-16,339,Bernardo da Mota,M,26-35,Sudeste,Kit Roleplay Surpresa,Jogos Adultos,104.86,4,15.0,Cartão Débito,Entregue,Site,356.52,2024,2,2024-02,Friday
2014,2024-02-29,42,Eduarda Vieira,F,18-25,Sudeste,Sabonete Íntimo pH Neutro,Cosméticos Íntimos,83.48,1,0.0,Pix,Entregue,Site,83.48,2024,2,2024-02,Thursday
274,2023-11-28,569,Cecilia da Cunha,F,46+,Nordeste,Chicote de Couro Soft,Acessórios BDSM,244.18,1,0.0,Pix,Devolvido,Site,244.18,2023,11,2023-11,Tuesday
3861,2023-03-04,426,Isabelly Cardoso,F,26-35,Sul,Cartas Posições Kamasutra,Jogos Adultos,90.04,3,30.0,Cartão Crédito,Entregue,App,189.08,2023,3,2023-03,Saturday
72,2024-08-21,62,Sra. Eloah da Luz,F,26-35,Sudeste,Fantasia Policial,Lingerie,138.5,2,0.0,Cartão Crédito,Entregue,Site,277.0,2024,8,2024-08,Wednesday
4439,2023-01-30,772,Rhavi Rezende,M,26-35,Centro-Oeste,Kit Cuidados Íntimos,Cosméticos Íntimos,108.19,1,0.0,Cartão Crédito,Entregue,Site,108.19,2023,1,2023-01,Monday
1088,2023-05-19,51,Thiago Caldeira,Não informado,36-45,Sul,Vibrador Rabbit Premium,Vibradores,417.47,1,0.0,Boleto,Entregue,Site,417.47,2023,5,2023-05,Friday
395,2024-05-11,115,Isabelly Freitas,F,18-25,Sudeste,Cartas Posições Kamasutra,Jogos Adultos,61.74,1,20.0,Pix,Entregue,App,49.39,2024,5,2024-05,Saturday
584,2024-12-21,110,Dr. Raul Dias,M,36-45,Nordeste,Lingerie Cropped com Bojo,Lingerie,111.94,2,0.0,Pix,Entregue,Marketplace,223.88,2024,12,2024-12,Saturday
1368,2023-09-08,561,Isabela Macedo,F,36-45,Sudeste,Body Rendado Vermelho,Lingerie,97.92,2,0.0,Pix,Entregue,Site,195.84,2023,9,2023-09,Friday
3562,2024-04-17,435,Antony Cavalcanti,M,36-45,Nordeste,Lubrificante Base Silicone,Lubrificantes,67.64,1,0.0,Cartão Crédito,Entregue,Marketplace,67.64,2024,4,2024-04,Wednesday
5153,2024-10-11,561,Isabela Macedo,F,36-45,Sudeste,Vibrador Duplo Prazer,Vibradores,349.32,1,0.0,Cartão Crédito,Entregue,Site,349.32,2024,10,2024-10,Friday
2549,2024-09-27,143,Cauê Garcia,M,18-25,Nordeste,Óleo de Massagem Relaxante,Lubrificantes,53.16,2,0.0,Boleto,Entregue,App,106.32,2024,9,2024-09,Friday
1014,2023-07-31,12,Eduardo Cunha,Não informado,26-35,Sul,Kit Cuidados Íntimos,Cosméticos Íntimos,69.22,2,0.0,Pix,Entregue,Site,138.44,2023,7,2023-07,Monday
5436,2023-04-12,350,Sra. Maria Helena Gomes,F,46+,Sudeste,Dominó Erótico,Jogos Adultos,73.18,3,0.0,Cartão Crédito,Entregue,Site,219.54,2023,4,2023-04,Wednesday
4162,2024-10-24,25,Brayan Pereira,M,26-35,Sul,Chicote de Couro Soft,Acessórios BDSM,187.49,1,0.0,Cartão Crédito,Entregue,Site,187.49,2024,10,2024-10,Thursday
3004,2024-07-02,262,Vitória Ferreira,F,26-35,Nordeste,Kit Iniciante BDSM 5 Peças,Acessórios BDSM,200.17,4,0.0,Pix,Entregue,Site,800.68,2024,7,2024-07,Tuesday
5315,2024-02-10,193,Kamilly Macedo,F,26-35,Sul,Camisola Sensual Preta,Lingerie,67.63,4,30.0,Cartão Débito,Entregue,Site,189.36,2024,2,2024-02,Saturday
4016,2023-12-19,84,Melissa Carvalho,F,26-35,Nordeste,Óleo de Massagem Relaxante,Lubrificantes,55.28,1,0.0,Cartão Crédito,Entregue,Site,55.28,2023,12,2023-12,Tuesday
1764,2023-04-01,182,Srta. Bianca Vasconcelos,F,26-35,Nordeste,Gel Excitante Masculino,Lubrificantes,68.45,5,0.0,Pix,Entregue,Marketplace,342.25,2023,4,2023-04,Saturday
1876,2024-12-08,211,Ravi Lucca Cardoso,Não informado,26-35,Sudeste,Lubrificante Íntimo Aquoso 250ml,Lubrificantes,71.74,1,30.0,Cartão Crédito,Entregue,Site,50.22,2024,12,2024-12,Sunday
1260,2023-03-28,234,Dra. Isabelly Caldeira,F,36-45,Centro-Oeste,Jogo Tabuleiro Casais,Jogos Adultos,108.67,1,0.0,Cartão Crédito,Entregue,Site,108.67,2023,3,2023-03,Tuesday
3966,2024-03-04,396,Sarah da Mata,F,46+,Nordeste,Creme Excitante Feminino,Cosméticos Íntimos,61.02,2,0.0,Pix,Entregue,Marketplace,122.04,2024,3,2024-03,Monday
3345,2023-08-18,175,Leonardo Câmara,M,36-45,Sul,Vibrador Duplo Prazer,Vibradores,272.75,4,0.0,Cartão Crédito,Entregue,Site,1091.0,2023,8,2023-08,Friday
5031,2023-02-23,100,Anna Liz Cirino,F,18-25,Centro-Oeste,Body Rendado Vermelho,Lingerie,121.35,1,0.0,Pix,Entregue,Site,121.35,2023,2,2023-02,Thursday
2254,2024-02-22,444,Paulo Rodrigues,M,36-45,Sudeste,Gel Térmico Sensação Quente,Cosméticos Íntimos,46.25,2,0.0,Pix,Entregue,Site,92.5,2024,2,2024-02,Thursday
2782,2023-02-17,462,Lucas Rios,M,18-25,Sudeste,Óleo de Massagem Relaxante,Lubrificantes,39.22,2,0.0,Pix,Entregue,Site,78.44,2023,2,2023-02,Friday
3225,2023-06-14,51,Thiago Caldeira,Não informado,36-45,Sul,Camisola Sensual Preta,Lingerie,133.82,2,20.0,Pix,Entregue,App,214.11,2023,6,2023-06,Wednesday
527,2024-02-18,147,Evelyn Guerra,F,36-45,Sul,Vibrador Ponto G Flex,Vibradores,290.24,2,30.0,Cartão Crédito,Entregue,Marketplace,406.34,2024,2,2024-02,Sunday
4400,2024-11-20,38,Dra. Mariane Pacheco,F,26-35,Sudeste,Wand Massager Pro,Vibradores,398.8,1,0.0,Cartão Crédito,Devolvido,App,398.8,2024,11,2024-11,Wednesday
2964,2024-03-27,725,Mirella Cassiano,F,46+,Sudeste,Lingerie Cropped com Bojo,Lingerie,118.52,1,0.0,Pix,Entregue,Site,118.52,2024,3,2024-03,Wednesday
378,2024-03-26,7,Apollo Novais,M,18-25,Nordeste,Vibrador Rabbit Premium,Vibradores,164.99,1,0.0,Cartão Crédito,Entregue,Marketplace,164.99,2024,3,2024-03,Tuesday
3900,2023-10-10,463,Noah Fogaça,M,36-45,Sudeste,Jogo de Cartas Sexo Quiz,Jogos Adultos,100.12,3,10.0,Cartão Crédito,Entregue,App,270.32,2023,10,2023-10,Tuesday
1560,2023-08-23,546,Maria Flor Ramos,F,26-35,Sul,Vibrador Clássico Silicone,Vibradores,244.49,2,30.0,Cartão Crédito,Entregue,Site,342.29,2023,8,2023-08,Wednesday
1964,2023-12-19,133,Clara Lopes,F,26-35,Sul,Kit Iniciante BDSM 5 Peças,Acessórios BDSM,96.42,1,0.0,Pix,Entregue,Marketplace,96.42,2023,12,2023-12,Tuesday
5253,2023-03-23,314,Maya Porto,F,36-45,Sul,Lubrificante Base Silicone,Lubrificantes,64.33,3,0.0,Cartão Crédito,Entregue,App,192.99,2023,3,2023-03,Thursday
349,2023-11-21,129,Julia Castro,F,26-35,Sudeste,Lubrificante Íntimo Aquoso 250ml,Lubrificantes,78.4,1,0.0,Pix,Entregue,App,78.4,2023,11,2023-11,Tuesday
2435,2024-04-07,675,Manuella Moreira,F,36-45,Nordeste,Vibrador Clássico Silicone,Vibradores,264.59,1,25.0,Pix,Entregue,Site,198.44,2024,4,2024-04,Sunday
2247,2024-12-01,19,Bernardo Aparecida,M,36-45,Sudeste,Massageador Corporal Wave,Vibradores,452.75,1,0.0,Pix,Entregue,Site,452.75,2024,12,2024-12,Sunday
4621,2024-12-23,480,Sra. Antonella Aragão,F,26-35,Nordeste,Venda para Olhos Satin,Acessórios BDSM,279.01,1,0.0,Pix,Entregue,Marketplace,279.01,2024,12,2024-12,Monday
3634,2024-12-09,119,Letícia Ribeiro,Não informado,18-25,Norte,Meia-Calça Rendada,Lingerie,98.87,1,0.0,Pix,Entregue,App,98.87,2024,12,2024-12,Monday
1710,2023-03-28,279,Danilo Azevedo,M,26-35,Sul,Lubrificante Sabores Morango,Lubrificantes,37.51,1,20.0,Pix,Entregue,App,30.01,2023,3,2023-03,Tuesday
1051,2023-06-16,505,Cauê da Cruz,M,46+,Sudeste,Wand Massager Pro,Vibradores,372.61,1,30.0,Pix,Entregue,Site,260.83,2023,6,2023-06,Friday
591,2023-09-04,42,Eduarda Vieira,F,18-25,Sudeste,Perfume Íntimo Floral,Cosméticos Íntimos,40.06,5,0.0,Pix,Entregue,Site,200.3,2023,9,2023-09,Monday
520,2023-10-18,46,Dra. Bruna Rodrigues,F,18-25,Nordeste,Body Rendado Vermelho,Lingerie,143.74,1,5.0,Pix,Entregue,App,136.55,2023,10,2023-10,Wednesday
3381,2023-01-11,126,Ana Júlia Borges,F,36-45,Sudeste,Jogo Tabuleiro Casais,Jogos Adultos,60.82,1,0.0,Pix,Entregue,Marketplace,60.82,2023,1,2023-01,Wednesday
3677,2023-11-20,53,Daniela Freitas,F,26-35,Sudeste,Meia-Calça Rendada,Lingerie,99.72,2,0.0,Pix,Entregue,Site,199.44,2023,11,2023-11,Monday
4577,2024-01-03,145,Natália Ferreira,F,46+,Sul,Óleo de Massagem Relaxante,Lubrificantes,41.49,3,0.0,Cartão Crédito,Entregue,Marketplace,124.47,2024,1,2024-01,Wednesday
3611,2023-06-25,228,Maria Eduarda Cavalcante,F,18-25,Sudeste,Vibrador Duplo Prazer,Vibradores,385.94,1,0.0,Cartão Débito,Entregue,Site,385.94,2023,6,2023-06,Sunday
5303,2024-02-22,371,Anna Liz Pimenta,F,26-35,Sul,Conjunto Lingerie Boudoir,Lingerie,98.48,1,0.0,Cartão Crédito,Entregue,Site,98.48,2024,2,2024-02,Thursday
1810,2023-04-13,29,Dra. Hellena Rodrigues,F,26-35,Norte,Kit Iniciante BDSM 5 Peças,Acessórios BDSM,249.19,1,5.0,Boleto,Entregue,Site,236.73,2023,4,2023-04,Thursday
792,2024-09-16,237,Mariane Ribeiro,F,18-25,Nordeste,Meia-Calça Rendada,Lingerie,155.71,4,0.0,Cartão Crédito,Entregue,Site,622.84,2024,9,2024-09,Monday
793,2023-06-15,191,João Guilherme Vargas,M,26-35,Nordeste,Body Coelhinha Plus Size,Lingerie,84.43,4,15.0,Pix,Entregue,Site,287.06,2023,6,2023-06,Thursday
4567,2024-10-17,82,Lucca Caldeira,M,26-35,Nordeste,Lubrificante Sabores Morango,Lubrificantes,89.87,4,30.0,Cartão Crédito,Entregue,App,251.64,2024,10,2024-10,Thursday
1856,2023-12-19,81,Beatriz Araújo,F,26-35,Sul,Lubrificante Sabores Baunilha,Lubrificantes,33.91,1,0.0,Cartão Crédito,Entregue,App,33.91,2023,12,2023-12,Tuesday
1981,2024-11-19,58,Ana Laura da Costa,F,26-35,Nordeste,Gel Excitante Masculino,Lubrificantes,52.19,2,0.0,Pix,Entregue,Marketplace,104.38,2024,11,2024-11,Tuesday
3234,2023-09-27,17,Bruno Novaes,M,26-35,Sudeste,Lubrificante Sabores Morango,Lubrificantes,35.65,1,0.0,Boleto,Entregue,App,35.65,2023,9,2023-09,Wednesday
3599,2023-06-08,128,Lívia Vargas,F,26-35,Sudeste,Creme Excitante Feminino,Cosméticos Íntimos,113.61,2,0.0,Pix,Entregue,Marketplace,227.22,2023,6,2023-06,Thursday
934,2024-12-23,202,Antônio Teixeira,M,36-45,Sul,Gel Excitante Feminino,Lubrificantes,61.03,1,0.0,Cartão Crédito,Devolvido,App,61.03,2024,12,2024-12,Monday
3964,2024-09-01,235,Dr. Dante Vieira,M,18-25,Sudeste,Lubrificante Base Silicone,Lubrificantes,72.27,4,0.0,Cartão Crédito,Entregue,App,289.08,2024,9,2024-09,Sunday
5160,2024-03-11,71,Dra. Ana Liz da Conceição,F,36-45,Sul,Lubrificante Sabores Baunilha,Lubrificantes,70.63,1,30.0,Pix,Entregue,Site,49.44,2024,3,2024-03,Monday
4027,2024-12-22,139,Srta. Isabela Castro,F,18-25,Sudeste,Vibrador Duplo Prazer,Vibradores,465.92,1,0.0,Pix,Entregue,App,465.92,2024,12,2024-12,Sunday
989,2023-03-18,79,Maria Lima,F,18-25,Centro-Oeste,Vibrador Clássico Silicone,Vibradores,320.19,2,30.0,Pix,Entregue,Site,448.27,2023,3,2023-03,Saturday
4288,2023-12-13,231,Apollo das Neves,M,26-35,Nordeste,Vibrador Duplo Prazer,Vibradores,176.82,1,30.0,Cartão Crédito,Entregue,Site,123.77,2023,12,2023-12,Wednesday
3454,2023-03-22,128,Lívia Vargas,F,26-35,Sudeste,Vibrador Clássico Silicone,Vibradores,301.57,1,10.0,Cartão Crédito,Entregue,App,271.41,2023,3,2023-03,Wednesday
5074,2023-02-17,25,Brayan Pereira,M,26-35,Sul,Conjunto Lingerie Boudoir,Lingerie,99.49,1,30.0,Pix,Entregue,Site,69.64,2023,2,2023-02,Friday
3779,2024-10-17,284,Henry Gabriel Vasconcelos,M,36-45,Sudeste,Conjunto Lingerie Boudoir,Lingerie,104.37,1,5.0,Boleto,Entregue,Site,99.15,2024,10,2024-10,Thursday
4662,2024-05-17,248,Mateus Fernandes,M,26-35,Nordeste,Camisola Sensual Preta,Lingerie,127.79,2,0.0,Boleto,Entregue,Site,255.58,2024,5,2024-05,Friday
3094,2024-07-15,457,Jade Freitas,F,46+,Sudeste,Fantasia Policial,Lingerie,172.73,1,0.0,Pix,Entregue,App,172.73,2024,7,2024-07,Monday
3156,2024-07-09,279,Danilo Azevedo,M,26-35,Sul,Body Rendado Vermelho,Lingerie,86.79,1,0.0,Cartão Débito,Entregue,Site,86.79,2024,7,2024-07,Tuesday
3202,2024-11-12,190,Milena da Luz,Não informado,36-45,Nordeste,Gel Excitante Masculino,Lubrificantes,30.48,2,0.0,Cartão Crédito,Entregue,App,60.96,2024,11,2024-11,Tuesday
1099,2024-02-14,388,Srta. Isis Rocha,F,36-45,Sul,Vibrador Clássico Silicone,Vibradores,147.92,1,0.0,Cartão Crédito,Entregue,App,147.92,2024,2,2024-02,Wednesday
4616,2024-10-07,105,Mariah Ribeiro,F,18-25,Nordeste,Conjunto Lingerie Boudoir,Lingerie,120.75,1,0.0,Boleto,Entregue,Marketplace,120.75,2024,10,2024-10,Monday
2845,2023-05-13,232,Marcos Vinicius Gonçalves,M,36-45,Sul,Lingerie Cropped com Bojo,Lingerie,103.41,2,25.0,Pix,Entregue,Marketplace,155.12,2023,5,2023-05,Saturday
887,2024-10-18,281,Ana Júlia Cassiano,F,36-45,Sul,Vibrador Clássico Silicone,Vibradores,109.26,1,0.0,Cartão Débito,Entregue,Marketplace,109.26,2024,10,2024-10,Friday
5473,2024-03-15,18,Maria Cecília Oliveira,F,26-35,Centro-Oeste,Conjunto Lingerie Boudoir,Lingerie,79.6,1,15.0,Pix,Entregue,Site,67.66,2024,3,2024-03,Friday
4310,2024-02-26,392,Caroline Borges,F,18-25,Nordeste,Lingerie Cropped com Bojo,Lingerie,162.05,2,0.0,Pix,Entregue,Site,324.1,2024,2,2024-02,Monday
516,2024-12-09,8,Yago Leão,M,26-35,Sudeste,Lubrificante Íntimo Aquoso 250ml,Lubrificantes,68.54,1,30.0,Cartão Crédito,Entregue,App,47.98,2024,12,2024-12,Monday
5127,2024-02-07,214,Sra. Catarina Martins,F,46+,Sul,Jogo Tabuleiro Casais,Jogos Adultos,67.79,1,0.0,Pix,Entregue,Site,67.79,2024,2,2024-02,Wednesday
3610,2023-08-02,699,Maria Isis Pimenta,F,36-45,Sudeste,Gel Excitante Masculino,Lubrificantes,34.33,1,0.0,Boleto,Entregue,Site,34.33,2023,8,2023-08,Wednesday
2507,2023-03-25,475,Murilo Azevedo,Não informado,26-35,Sudeste,Massageador Corporal Wave,Vibradores,305.43,1,0.0,Cartão Crédito,Entregue,Site,305.43,2023,3,2023-03,Saturday
2995,2024-10-31,40,Thomas Monteiro,M,36-45,Sudeste,Lubrificante Sabores Morango,Lubrificantes,79.83,1,0.0,Pix,Entregue,Marketplace,79.83,2024,10,2024-10,Thursday
4000,2023-08-31,49,Eduarda Marques,F,26-35,Sul,Kit Algemas Veludo,Acessórios BDSM,71.69,1,0.0,Cartão Crédito,Entregue,Site,71.69,2023,8,2023-08,Thursday
907,2024-09-30,429,Igor Farias,M,36-45,Centro-Oeste,Massageador Corporal Wave,Vibradores,316.09,1,0.0,Cartão Crédito,Entregue,Site,316.09,2024,9,2024-09,Monday
29,2023-07-03,241,Natália Santos,F,46+,Nordeste,Body Rendado Vermelho,Lingerie,193.47,1,0.0,Pix,Entregue,Site,193.47,2023,7,2023-07,Monday
2429,2023-02-07,104,Asafe Pinto,M,46+,Sudeste,Gel Excitante Masculino,Lubrificantes,59.55,1,25.0,Cartão Crédito,Entregue,Site,44.66,2023,2,2023-02,Tuesday
763,2023-10-03,79,Maria Lima,F,18-25,Centro-Oeste,Chicote de Couro Soft,Acessórios BDSM,104.46,1,25.0,Cartão Crédito,Entregue,Site,78.34,2023,10,2023-10,Tuesday
285,2024-11-25,232,Marcos Vinicius Gonçalves,M,36-45,Sul,Vibrador Duplo Prazer,Vibradores,326.05,1,10.0,Cartão Crédito,Entregue,Site,293.44,2024,11,2024-11,Monday
687,2024-07-16,228,Maria Eduarda Cavalcante,F,18-25,Sudeste,Lubrificante Sabores Morango,Lubrificantes,51.01,1,10.0,Pix,Entregue,Site,45.91,2024,7,2024-07,Tuesday
2354,2023-03-18,503,Eloá Pinto,F,36-45,Sudeste,Lubrificante Íntimo Aquoso 250ml,Lubrificantes,66.52,2,0.0,Boleto,Entregue,Site,133.04,2023,3,2023-03,Saturday
4471,2024-05-14,558,Eduardo Castro,M,36-45,Nordeste,Lubrificante Sabores Baunilha,Lubrificantes,58.88,1,0.0,Cartão Crédito,Entregue,Site,58.88,2024,5,2024-05,Tuesday
22,2024-03-01,42,Eduarda Vieira,F,18-25,Sudeste,Lubrificante Base Silicone,Lubrificantes,46.55,1,0.0,Pix,Entregue,App,46.55,2024,3,2024-03,Friday
2753,2024-10-11,84,Melissa Carvalho,F,26-35,Nordeste,Camisola Sensual Preta,Lingerie,142.77,1,25.0,Pix,Entregue,Marketplace,107.08,2024,10,2024-10,Friday
886,2023-11-26,55,Agatha Peixoto,F,46+,Nordeste,Fantasia Enfermeira,Lingerie,129.57,2,0.0,Cartão Crédito,Entregue,Marketplace,259.14,2023,11,2023-11,Sunday
918,2024-10-01,643,Davi Miguel Moura,M,36-45,Sudeste,Fantasia Enfermeira,Lingerie,113.19,3,0.0,Pix,Entregue,App,339.57,2024,10,2024-10,Tuesday
1041,2023-12-09,210,Dra. Maria Luiza Silveira,F,26-35,Nordeste,Dado do Prazer,Jogos Adultos,86.05,1,0.0,Pix,Entregue,Site,86.05,2023,12,2023-12,Saturday
1266,2023-04-20,21,Carlos Eduardo Garcia,Não informado,36-45,Sul,Fantasia Policial,Lingerie,93.63,2,0.0,Cartão Crédito,Entregue,App,187.26,2023,4,2023-04,Thursday
4879,2024-06-05,124,Gustavo Rodrigues,M,26-35,Nordeste,Gel Excitante Feminino,Lubrificantes,79.27,4,0.0,Pix,Entregue,Site,317.08,2024,6,2024-06,Wednesday
278,2024-05-08,279,Danilo Azevedo,M,26-35,Sul,Fantasia Policial,Lingerie,106.58,1,0.0,Cartão Débito,Entregue,Site,106.58,2024,5,2024-05,Wednesday
2085,2024-10-11,209,Maria Julia Fernandes,F,36-45,Sudeste,Mini Vibrador Discreto,Vibradores,224.71,2,0.0,Cartão Crédito,Entregue,Site,449.42,2024,10,2024-10,Friday
1246,2023-02-20,263,Luísa Fogaça,Não informado,26-35,Sul,Fantasia Enfermeira,Lingerie,172.88,1,15.0,Pix,Entregue,Site,146.95,2023,2,2023-02,Monday
572,2023-05-16,392,Caroline Borges,F,18-25,Nordeste,Vibrador Rabbit Premium,Vibradores,474.73,2,5.0,Cartão Débito,Entregue,App,901.99,2023,5,2023-05,Tuesday
1436,2024-12-18,9,Pietro Pastor,M,26-35,Sudeste,Gel Térmico Sensação Quente,Cosméticos Íntimos,91.6,1,0.0,Cartão Crédito,Entregue,Marketplace,91.6,2024,12,2024-12,Wednesday
3903,2024-05-02,573,Enrico da Mata,Não informado,26-35,Nordeste,Corda de Shibari 5m,Acessórios BDSM,122.63,1,25.0,Cartão Crédito,Entregue,App,91.97,2024,5,2024-05,Thursday
1248,2024-03-29,10,Alana Teixeira,F,36-45,Sul,Cartas Posições Kamasutra,Jogos Adultos,80.46,4,10.0,Pix,Entregue,App,289.66,2024,3,2024-03,Friday
3527,2023-02-02,708,Sabrina Peixoto,F,18-25,Sul,Massageador Corporal Wave,Vibradores,453.19,2,0.0,Pix,Entregue,App,906.38,2023,2,2023-02,Thursday
1008,2023-10-28,469,Bruna Teixeira,F,18-25,Centro-Oeste,Lubrificante Base Silicone,Lubrificantes,43.65,1,0.0,Pix,Entregue,Site,43.65,2023,10,2023-10,Saturday
2065,2023-06-10,15,Julia Aparecida,F,26-35,Sudeste,Lubrificante Íntimo Aquoso 250ml,Lubrificantes,80.24,2,25.0,Cartão Crédito,Entregue,Site,120.36,2023,6,2023-06,Saturday
4389,2023-03-09,29,Dra. Hellena Rodrigues,F,26-35,Norte,Massageador Corporal Wave,Vibradores,400.31,2,0.0,Pix,Entregue,Site,800.62,2023,3,2023-03,Thursday
1691,2024-03-15,54,Ágatha Vasconcelos,F,18-25,Sul,Mini Vibrador Discreto,Vibradores,330.89,1,0.0,Pix,Entregue,Site,330.89,2024,3,2024-03,Friday
1986,2024-02-14,24,Giovanna Rios,F,26-35,Centro-Oeste,Body Rendado Vermelho,Lingerie,150.99,1,0.0,Pix,Entregue,App,150.99,2024,2,2024-02,Wednesday
295,2023-07-27,38,Dra. Mariane Pacheco,F,26-35,Sudeste,Mini Vibrador Discreto,Vibradores,114.36,1,20.0,Pix,Entregue,Site,91.49,2023,7,2023-07,Thursday
1548,2023-04-30,216,Lunna Cunha,F,36-45,Sul,Colar e Guia BDSM,Acessórios BDSM,236.78,2,0.0,Cartão Crédito,Entregue,App,473.56,2023,4,2023-04,Sunday
589,2024-02-19,39,Luiz Miguel Câmara,M,36-45,Sudeste,Wand Massager Pro,Vibradores,242.21,1,0.0,Pix,Entregue,App,242.21,2024,2,2024-02,Monday
3330,2024-05-07,294,Dra. Olivia da Rocha,F,26-35,Sudeste,Dominó Erótico,Jogos Adultos,112.39,1,5.0,Cartão Crédito,Entregue,Site,106.77,2024,5,2024-05,Tuesday
2404,2023-07-09,103,Isadora Pacheco,F,46+,Nordeste,Sabonete Íntimo pH Neutro,Cosméticos Íntimos,90.43,1,0.0,Cartão Débito,Entregue,Site,90.43,2023,7,2023-07,Sunday
2130,2024-02-21,153,João Andrade,M,26-35,Sul,Dado do Prazer,Jogos Adultos,65.77,1,0.0,Cartão Débito,Entregue,App,65.77,2024,2,2024-02,Wednesday
3999,2024-10-19,204,Maria da Rosa,F,36-45,Sudeste,Fantasia Policial,Lingerie,195.11,2,0.0,Cartão Crédito,Entregue,Site,390.22,2024,10,2024-10,Saturday
4868,2024-12-07,45,Yuri Albuquerque,M,46+,Sudeste,Jogo Tabuleiro Casais,Jogos Adultos,92.01,1,0.0,Cartão Crédito,Entregue,Site,92.01,2024,12,2024-12,Saturday
3742,2024-08-02,429,Igor Farias,M,36-45,Centro-Oeste,Vibrador Clássico Silicone,Vibradores,346.87,1,0.0,Cartão Crédito,Entregue,Marketplace,346.87,2024,8,2024-08,Friday
3509,2024-01-23,467,Rafaela Câmara,F,26-35,Sudeste,Dominó Erótico,Jogos Adultos,100.06,1,0.0,Boleto,Entregue,Site,100.06,2024,1,2024-01,Tuesday
2720,2024-04-01,7,Apollo Novais,M,18-25,Nordeste,Lubrificante Sabores Morango,Lubrificantes,36.16,3,0.0,Cartão Crédito,Entregue,App,108.48,2024,4,2024-04,Monday
5058,2024-08-20,90,Rafaela Cunha,Não informado,36-45,Sudeste,Kit Algemas Veludo,Acessórios BDSM,270.08,2,15.0,Pix,Entregue,Marketplace,459.14,2024,8,2024-08,Tuesday
5064,2023-12-25,110,Dr. Raul Dias,M,36-45,Nordeste,Vibrador Clássico Silicone,Vibradores,247.4,1,10.0,Pix,Entregue,App,222.66,2023,12,2023-12,Monday
557,2023-08-25,40,Thomas Monteiro,M,36-45,Sudeste,Lubrificante Íntimo Aquoso 100ml,Lubrificantes,60.49,2,0.0,Pix,Entregue,Site,120.98,2023,8,2023-08,Friday
2470,2023-01-15,212,Yasmin Alves,F,18-25,Sudeste,Mordaça Silicone,Acessórios BDSM,146.76,2,0.0,Pix,Entregue,Site,293.52,2023,1,2023-01,Sunday
3739,2024-02-28,363,Srta. Maya Brito,F,36-45,Sudeste,Vibrador Rabbit Premium,Vibradores,227.16,3,5.0,Pix,Entregue,App,647.41,2024,2,2024-02,Wednesday
1717,2024-04-03,17,Bruno Novaes,M,26-35,Sudeste,Body Coelhinha Plus Size,Lingerie,74.53,4,30.0,Cartão Crédito,Entregue,App,208.68,2024,4,2024-04,Wednesday
2605,2023-01-25,1,Sr. Apollo Sousa,M,18-25,Sudeste,Mordaça Silicone,Acessórios BDSM,216.64,1,0.0,Cartão Crédito,Entregue,Site,216.64,2023,1,2023-01,Wednesday
4583,2024-07-24,391,Ana Beatriz Pacheco,F,18-25,Sudeste,Gel Excitante Masculino,Lubrificantes,47.62,3,0.0,Pix,Entregue,Site,142.86,2024,7,2024-07,Wednesday
1705,2024-09-09,158,Maya Abreu,F,26-35,Sudeste,Gel Excitante Feminino,Lubrificantes,41.28,3,0.0,Cartão Crédito,Entregue,App,123.84,2024,9,2024-09,Monday
2140,2024-02-23,481,Eduarda Sá,F,36-45,Sul,Colar e Guia BDSM,Acessórios BDSM,278.83,2,0.0,Pix,Entregue,Site,557.66,2024,2,2024-02,Friday
3240,2024-01-26,220,Antony Souza,M,18-25,Sudeste,Chicote de Couro Soft,Acessórios BDSM,74.98,1,0.0,Cartão Crédito,Entregue,Site,74.98,2024,1,2024-01,Friday
2384,2024-02-12,154,Maya Ferreira,F,18-25,Sudeste,Gel Excitante Masculino,Lubrificantes,85.39,4,10.0,Cartão Crédito,Entregue,Site,307.4,2024,2,2024-02,Monday
1286,2023-02-20,198,Srta. Hadassa Azevedo,F,26-35,Nordeste,Lubrificante Sabores Morango,Lubrificantes,54.5,4,0.0,Pix,Entregue,Marketplace,218.0,2023,2,2023-02,Monday
4734,2023-10-02,600,Vinicius Nogueira,M,26-35,Sul,Kit Cuidados Íntimos,Cosméticos Íntimos,49.9,1,0.0,Boleto,Entregue,Site,49.9,2023,10,2023-10,Monday
4962,2023-01-10,64,Gabriela Silva,F,26-35,Sudeste,Spray Prolongador,Cosméticos Íntimos,103.44,1,15.0,Pix,Entregue,Marketplace,87.92,2023,1,2023-01,Tuesday
4748,2024-03-14,12,Eduardo Cunha,Não informado,26-35,Sul,Gel Excitante Masculino,Lubrificantes,53.86,2,25.0,Cartão Crédito,Entregue,Site,80.79,2024,3,2024-03,Thursday
1592,2023-09-09,767,Srta. Ana Júlia Brito,F,26-35,Sul,Wand Massager Pro,Vibradores,190.88,3,0.0,Pix,Entregue,Site,572.64,2023,9,2023-09,Saturday
2163,2023-11-29,120,Catarina da Luz,F,18-25,Sul,Camisola Sensual Preta,Lingerie,144.62,1,0.0,Cartão Débito,Entregue,Site,144.62,2023,11,2023-11,Wednesday
2397,2024-08-02,47,João Felipe Vargas,M,18-25,Sul,Gel Excitante Masculino,Lubrificantes,40.32,2,0.0,Boleto,Entregue,App,80.64,2024,8,2024-08,Friday
318,2023-10-19,53,Daniela Freitas,F,26-35,Sudeste,Óleo de Massagem Relaxante,Lubrificantes,82.36,1,20.0,Cartão Crédito,Entregue,Site,65.89,2023,10,2023-10,Thursday
4987,2023-07-13,340,Manuela Viana,F,18-25,Nordeste,Dominó Erótico,Jogos Adultos,114.64,1,0.0,Pix,Entregue,Site,114.64,2023,7,2023-07,Thursday
3112,2023-05-19,77,Maria Luísa Correia,F,46+,Sudeste,Mini Vibrador Discreto,Vibradores,421.17,1,0.0,Cartão Débito,Entregue,Site,421.17,2023,5,2023-05,Friday
796,2023-02-10,501,Oliver da Rocha,M,46+,Sudeste,Meia-Calça Rendada,Lingerie,119.9,1,0.0,Pix,Entregue,App,119.9,2023,2,2023-02,Friday
3021,2024-07-31,93,Mirella da Paz,F,26-35,Sudeste,Jogo de Cartas Sexo Quiz,Jogos Adultos,51.92,1,15.0,Pix,Entregue,Site,44.13,2024,7,2024-07,Wednesday
1712,2024-05-19,18,Maria Cecília Oliveira,F,26-35,Centro-Oeste,Gel Excitante Feminino,Lubrificantes,86.25,1,30.0,Cartão Débito,Devolvido,Site,60.37,2024,5,2024-05,Sunday
3388,2023-10-27,220,Antony Souza,M,18-25,Sudeste,Cartas Posições Kamasutra,Jogos Adultos,54.23,1,0.0,Pix,Entregue,Site,54.23,2023,10,2023-10,Friday
37,2023-12-31,100,Anna Liz Cirino,F,18-25,Centro-Oeste,Massageador Corporal Wave,Vibradores,196.57,5,0.0,Pix,Entregue,App,982.85,2023,12,2023-12,Sunday
914,2024-08-03,144,Ravy Câmara,M,18-25,Sudeste,Lubrificante Íntimo Aquoso 250ml,Lubrificantes,83.09,1,0.0,Pix,Entregue,Site,83.09,2024,8,2024-08,Saturday
3973,2023-11-25,89,Enzo Jesus,M,36-45,Sul,Fantasia Enfermeira,Lingerie,77.83,3,15.0,Cartão Débito,Entregue,Site,198.47,2023,11,2023-11,Saturday
4134,2024-12-30,268,Rafaela da Mota,F,26-35,Norte,Vibrador Duplo Prazer,Vibradores,194.76,1,0.0,Cartão Crédito,Entregue,Site,194.76,2024,12,2024-12,Monday
975,2024-04-10,9,Pietro Pastor,M,26-35,Sudeste,Óleo de Massagem Relaxante,Lubrificantes,31.96,1,20.0,Pix,Entregue,Site,25.57,2024,4,2024-04,Wednesday
984,2023-01-13,22,Rafael Porto,M,36-45,Nordeste,Body Rendado Vermelho,Lingerie,102.37,3,0.0,Pix,Entregue,Site,307.11,2023,1,2023-01,Friday
1419,2024-03-17,164,Dr. Luan Guerra,M,26-35,Sudeste,Gel Excitante Masculino,Lubrificantes,67.31,1,0.0,Pix,Entregue,App,67.31,2024,3,2024-03,Sunday
1561,2023-08-27,120,Catarina da Luz,F,18-25,Sul,Vibrador Clássico Silicone,Vibradores,223.5,3,15.0,Boleto,Entregue,App,569.92,2023,8,2023-08,Sunday
1356,2023-03-06,503,Eloá Pinto,F,36-45,Sudeste,Spray Prolongador,Cosméticos Íntimos,109.54,2,0.0,Pix,Entregue,Marketplace,219.08,2023,3,2023-03,Monday
5270,2023-08-01,101,Bernardo Rocha,M,26-35,Nordeste,Mini Vibrador Discreto,Vibradores,303.89,2,25.0,Cartão Crédito,Entregue,App,455.84,2023,8,2023-08,Tuesday
988,2023-05-11,156,Bruna Gomes,F,26-35,Nordeste,Perfume Íntimo Floral,Cosméticos Íntimos,137.11,2,10.0,Pix,Entregue,Site,246.8,2023,5,2023-05,Thursday
2683,2023-10-23,5,Ana Beatriz Alves,F,18-25,Sul,Gel Excitante Masculino,Lubrificantes,85.24,2,5.0,Cartão Crédito,Entregue,Site,161.96,2023,10,2023-10,Monday
1291,2024-08-06,139,Srta. Isabela Castro,F,18-25,Sudeste,Vibrador Ponto G Flex,Vibradores,118.96,1,0.0,Pix,Devolvido,Site,118.96,2024,8,2024-08,Tuesday
3682,2023-01-20,38,Dra. Mariane Pacheco,F,26-35,Sudeste,Corda de Shibari 5m,Acessórios BDSM,264.2,1,5.0,Cartão Crédito,Entregue,App,250.99,2023,1,2023-01,Friday
1381,2023-02-04,50,João Montenegro,M,26-35,Sudeste,Lubrificante Íntimo Aquoso 100ml,Lubrificantes,54.3,1,0.0,Cartão Crédito,Entregue,App,54.3,2023,2,2023-02,Saturday
1934,2023-12-20,248,Mateus Fernandes,M,26-35,Nordeste,Creme Retardante Masculino,Cosméticos Íntimos,62.69,4,0.0,Pix,Entregue,Site,250.76,2023,12,2023-12,Wednesday
4678,2024-08-01,676,Bruno da Cunha,M,26-35,Norte,Mordaça Silicone,Acessórios BDSM,282.24,3,0.0,Pix,Entregue,App,846.72,2024,8,2024-08,Thursday
3161,2024-04-29,160,Sr. Luiz Otávio Lopes,M,36-45,Nordeste,Lubrificante Sabores Baunilha,Lubrificantes,86.46,1,25.0,Pix,Entregue,Marketplace,64.84,2024,4,2024-04,Monday
2031,2023-04-16,62,Sra. Eloah da Luz,F,26-35,Sudeste,Dominó Erótico,Jogos Adultos,54.88,2,20.0,Cartão Crédito,Entregue,Marketplace,87.81,2023,4,2023-04,Sunday
893,2023-04-29,445,Rebeca Silva,F,26-35,Nordeste,Kit Algemas Veludo,Acessórios BDSM,95.74,1,15.0,Cartão Débito,Entregue,App,81.38,2023,4,2023-04,Saturday
4070,2023-12-01,466,Sofia Cunha,F,36-45,Sul,Lubrificante Íntimo Aquoso 100ml,Lubrificantes,48.53,2,15.0,Cartão Crédito,Entregue,Site,82.5,2023,12,2023-12,Friday
3,2024-05-21,343,Rebeca Cassiano,F,36-45,Sudeste,Óleo de Massagem Relaxante,Lubrificantes,59.22,1,0.0,Cartão Crédito,Entregue,Site,59.22,2024,5,2024-05,Tuesday
2110,2024-02-01,741,Luara Leão,F,18-25,Sudeste,Lubrificante Íntimo Aquoso 100ml,Lubrificantes,87.82,2,30.0,Pix,Entregue,Site,122.95,2024,2,2024-02,Thursday
850,2023-03-10,243,Dr. Vitor Gabriel Vasconcelos,M,26-35,Sudeste,Lubrificante Base Silicone,Lubrificantes,58.76,1,10.0,Pix,Entregue,Site,52.88,2023,3,2023-03,Friday
2738,2023-06-13,212,Yasmin Alves,F,18-25,Sudeste,Body Rendado Vermelho,Lingerie,61.9,2,0.0,Boleto,Entregue,App,123.8,2023,6,2023-06,Tuesday
2467,2024-09-27,138,Nicolas Pinto,M,36-45,Sudeste,Dominó Erótico,Jogos Adultos,79.78,1,0.0,Pix,Entregue,App,79.78,2024,9,2024-09,Friday
1915,2023-01-26,163,Sofia das Neves,F,36-45,Sul,Camisola Sensual Preta,Lingerie,124.28,1,0.0,Pix,Entregue,Site,124.28,2023,1,2023-01,Thursday
1597,2024-02-15,89,Enzo Jesus,M,36-45,Sul,Gel Excitante Masculino,Lubrificantes,58.31,1,30.0,Boleto,Entregue,Site,40.82,2024,2,2024-02,Thursday
1914,2024-05-05,126,Ana Júlia Borges,F,36-45,Sudeste,Dominó Erótico,Jogos Adultos,87.67,3,0.0,Cartão Débito,Entregue,App,263.01,2024,5,2024-05,Sunday
5376,2024-04-06,403,Camila Marques,F,26-35,Sudeste,Óleo de Massagem Relaxante,Lubrificantes,42.91,3,0.0,Pix,Entregue,App,128.73,2024,4,2024-04,Saturday
2737,2024-12-26,768,Luísa Silva,F,36-45,Nordeste,Conjunto Lingerie Boudoir,Lingerie,148.52,1,25.0,Boleto,Entregue,App,111.39,2024,12,2024-12,Thursday
727,2023-08-13,42,Eduarda Vieira,F,18-25,Sudeste,Chicote de Couro Soft,Acessórios BDSM,161.81,1,25.0,Pix,Entregue,Marketplace,121.36,2023,8,2023-08,Sunday
54,2023-12-06,537,Maitê Rocha,F,18-25,Sul,Vibrador Duplo Prazer,Vibradores,317.09,4,0.0,Cartão Crédito,Entregue,Site,1268.36,2023,12,2023-12,Wednesday
1797,2024-02-08,330,Luana Novaes,F,36-45,Sudeste,Gel Excitante Feminino,Lubrificantes,50.18,2,0.0,Cartão Crédito,Entregue,App,100.36,2024,2,2024-02,Thursday
3846,2024-06-17,284,Henry Gabriel Vasconcelos,M,36-45,Sudeste,Fantasia Enfermeira,Lingerie,76.9,2,25.0,Pix,Entregue,Site,115.35,2024,6,2024-06,Monday
2554,2024-03-02,641,Rael Freitas,M,26-35,Sul,Lubrificante Íntimo Aquoso 250ml,Lubrificantes,56.08,1,0.0,Pix,Entregue,Marketplace,56.08,2024,3,2024-03,Saturday
2801,2024-06-16,402,Alice da Luz,F,26-35,Sudeste,Dominó Erótico,Jogos Adultos,58.09,2,0.0,Pix,Entregue,Site,116.18,2024,6,2024-06,Sunday
937,2024-07-22,6,Helena da Conceição,F,26-35,Sul,Mordaça Silicone,Acessórios BDSM,98.49,1,0.0,Cartão Crédito,Devolvido,Site,98.49,2024,7,2024-07,Monday
825,2024-12-10,208,Maya Mendonça,F,18-25,Sudeste,Creme Retardante Masculino,Cosméticos Íntimos,81.07,1,0.0,Pix,Entregue,Site,81.07,2024,12,2024-12,Tuesday
3402,2024-02-28,28,Júlia Porto,F,26-35,Centro-Oeste,Fantasia Policial,Lingerie,197.32,2,0.0,Cartão Crédito,Entregue,Marketplace,394.64,2024,2,2024-02,Wednesday
1390,2024-08-03,165,Sra. Carolina Correia,F,18-25,Sudeste,Vibrador Duplo Prazer,Vibradores,448.5,1,10.0,Cartão Crédito,Entregue,Marketplace,403.65,2024,8,2024-08,Saturday
3565,2024-01-07,167,Srta. Liz Guerra,F,18-25,Sul,Corda de Shibari 5m,Acessórios BDSM,239.14,1,0.0,Pix,Entregue,Site,239.14,2024,1,2024-01,Sunday
885,2023-10-17,410,Danilo Carvalho,M,26-35,Centro-Oeste,Gel Excitante Feminino,Lubrificantes,47.48,2,0.0,Pix,Entregue,Site,94.96,2023,10,2023-10,Tuesday
1869,2023-03-16,40,Thomas Monteiro,M,36-45,Sudeste,Vibrador Ponto G Flex,Vibradores,446.06,2,10.0,Pix,Entregue,Marketplace,802.91,2023,3,2023-03,Thursday
11,2024-12-15,6,Helena da Conceição,F,26-35,Sul,Mini Vibrador Discreto,Vibradores,252.96,4,20.0,Pix,Entregue,Site,809.47,2024,12,2024-12,Sunday
3416,2023-07-26,225,Isaque Cardoso,Não informado,26-35,Sul,Lingerie Cropped com Bojo,Lingerie,117.98,1,0.0,Pix,Entregue,App,117.98,2023,7,2023-07,Wednesday
1464,2023-05-25,285,Maria Helena Machado,F,36-45,Centro-Oeste,Dominó Erótico,Jogos Adultos,106.8,2,0.0,Cartão Crédito,Entregue,Site,213.6,2023,5,2023-05,Thursday
807,2024-10-11,611,Catarina Azevedo,F,26-35,Centro-Oeste,Óleo de Massagem Relaxante,Lubrificantes,34.9,1,0.0,Pix,Entregue,App,34.9,2024,10,2024-10,Friday
4370,2023-04-21,57,Maria Cecília das Neves,F,18-25,Centro-Oeste,Lubrificante Base Silicone,Lubrificantes,40.77,3,0.0,Pix,Entregue,Marketplace,122.31,2023,4,2023-04,Friday
4069,2023-01-09,296,Dr. Rafael Barbosa,M,18-25,Sul,Lingerie Cropped com Bojo,Lingerie,120.62,2,10.0,Cartão Crédito,Devolvido,App,217.12,2023,1,2023-01,Monday
2109,2024-02-01,90,Rafaela Cunha,Não informado,36-45,Sudeste,Lingerie Cropped com Bojo,Lingerie,95.84,1,0.0,Cartão Crédito,Entregue,Site,95.84,2024,2,2024-02,Thursday
4694,2024-02-26,199,Maria Luísa Farias,F,46+,Nordeste,Kit Algemas Veludo,Acessórios BDSM,59.11,1,0.0,Pix,Entregue,App,59.11,2024,2,2024-02,Monday
5500,2024-12-11,266,Sr. Levi Campos,M,26-35,Centro-Oeste,Lubrificante Íntimo Aquoso 100ml,Lubrificantes,70.45,3,10.0,Pix,Entregue,Marketplace,190.22,2024,12,2024-12,Wednesday
2235,2024-03-12,292,Ana Vitória Castro,F,36-45,Sul,Body Rendado Vermelho,Lingerie,104.77,1,0.0,Pix,Entregue,App,104.77,2024,3,2024-03,Tuesday
964,2023-05-30,135,Ana Cecília Fogaça,F,46+,Nordeste,Lingerie Cropped com Bojo,Lingerie,84.25,1,0.0,Pix,Entregue,Marketplace,84.25,2023,5,2023-05,Tuesday
2633,2024-08-02,2,Isabelly Câmara,F,36-45,Nordeste,Gel Excitante Masculino,Lubrificantes,65.46,1,5.0,Cartão Crédito,Entregue,Site,62.19,2024,8,2024-08,Friday
705,2024-09-13,19,Bernardo Aparecida,M,36-45,Sudeste,Meia-Calça Rendada,Lingerie,104.27,1,0.0,Boleto,Entregue,App,104.27,2024,9,2024-09,Friday
432,2024-10-09,370,Emilly Cavalcante,Não informado,36-45,Sudeste,Chicote de Couro Soft,Acessórios BDSM,61.27,2,0.0,Pix,Entregue,Site,122.54,2024,10,2024-10,Wednesday
146,2024-02-23,11,Otávio Fernandes,M,36-45,Sul,Vibrador Duplo Prazer,Vibradores,329.9,1,0.0,Cartão Crédito,Entregue,Marketplace,329.9,2024,2,2024-02,Friday
2034,2023-12-24,705,Sofia Marques,F,26-35,Sudeste,Fantasia Policial,Lingerie,149.18,2,0.0,Cartão Crédito,Entregue,App,298.36,2023,12,2023-12,Sunday
4663,2023-06-04,169,Giovanna Lopes,F,36-45,Sudeste,Lubrificante Íntimo Aquoso 250ml,Lubrificantes,80.05,3,20.0,Pix,Entregue,Site,192.12,2023,6,2023-06,Sunday
1166,2023-06-27,430,Alexandre da Mota,M,26-35,Sul,Jogo Tabuleiro Casais,Jogos Adultos,82.73,3,0.0,Pix,Entregue,Marketplace,248.19,2023,6,2023-06,Tuesday
3501,2023-07-22,94,Ryan Cassiano,M,36-45,Sudeste,Venda para Olhos Satin,Acessórios BDSM,125.66,3,0.0,Pix,Entregue,Site,376.98,2023,7,2023-07,Saturday
2051,2024-01-25,167,Srta. Liz Guerra,F,18-25,Sul,Camisola Sensual Preta,Lingerie,170.68,3,0.0,Pix,Entregue,Site,512.04,2024,1,2024-01,Thursday
3761,2023-05-24,36,Josué Souza,M,18-25,Sul,Lubrificante Base Silicone,Lubrificantes,63.0,1,20.0,Cartão Débito,Entregue,App,50.4,2023,5,2023-05,Wednesday
2625,2023-02-24,130,Sra. Mariane Novais,F,46+,Nordeste,Jogo Tabuleiro Casais,Jogos Adultos,65.67,4,0.0,Pix,Entregue,Marketplace,262.68,2023,2,2023-02,Friday
4665,2024-06-12,444,Paulo Rodrigues,M,36-45,Sudeste,Gel Excitante Feminino,Lubrificantes,70.28,3,0.0,Cartão Débito,Entregue,Site,210.84,2024,6,2024-06,Wednesday
4307,2023-12-03,176,Diogo Alves,M,46+,Sudeste,Óleo de Massagem Relaxante,Lubrificantes,82.94,4,0.0,Cartão Crédito,Entregue,Site,331.76,2023,12,2023-12,Sunday
2425,2024-12-14,95,Juan Cunha,M,26-35,Sul,Lubrificante Base Silicone,Lubrificantes,56.0,1,0.0,Pix,Entregue,Site,56.0,2024,12,2024-12,Saturday
1263,2023-08-23,103,Isadora Pacheco,F,46+,Nordeste,Gel Excitante Masculino,Lubrificantes,30.61,3,30.0,Cartão Crédito,Entregue,App,64.28,2023,8,2023-08,Wednesday
1772,2023-09-04,394,Emanuella Costa,F,36-45,Nordeste,Kit Algemas Veludo,Acessórios BDSM,83.51,3,0.0,Cartão Crédito,Devolvido,Site,250.53,2023,9,2023-09,Monday
3512,2023-03-05,20,Sr. João Vitor Barros,M,18-25,Sudeste,Chicote de Couro Soft,Acessórios BDSM,234.26,1,0.0,Pix,Entregue,Site,234.26,2023,3,2023-03,Sunday
272,2023-07-17,421,Maria Eduarda Nogueira,F,18-25,Sudeste,Body Rendado Vermelho,Lingerie,191.29,2,25.0,Cartão Crédito,Entregue,Site,286.94,2023,7,2023-07,Monday
245,2023-03-30,5,Ana Beatriz Alves,F,18-25,Sul,Mini Vibrador Discreto,Vibradores,455.32,2,0.0,Pix,Entregue,Site,910.64,2023,3,2023-03,Thursday
2033,2024-01-11,170,Luna Martins,F,18-25,Sudeste,Body Rendado Vermelho,Lingerie,79.69,1,0.0,Boleto,Devolvido,App,79.69,2024,1,2024-01,Thursday
4393,2023-01-06,276,Larissa Melo,F,18-25,Sul,Kit Cuidados Íntimos,Cosméticos Íntimos,98.25,1,0.0,Boleto,Entregue,Marketplace,98.25,2023,1,2023-01,Friday
814,2024-03-03,584,Olivia Machado,F,26-35,Sul,Creme Retardante Masculino,Cosméticos Íntimos,146.3,1,20.0,Cartão Crédito,Entregue,App,117.04,2024,3,2024-03,Sunday
3811,2023-10-15,310,Alícia Teixeira,F,36-45,Sudeste,Vibrador Rabbit Premium,Vibradores,319.63,1,0.0,Boleto,Entregue,App,319.63,2023,10,2023-10,Sunday
4513,2023-12-05,27,Elisa Martins,F,26-35,Sul,Óleo de Massagem Relaxante,Lubrificantes,38.81,2,0.0,Cartão Crédito,Entregue,Site,77.62,2023,12,2023-12,Tuesday
1805,2024-02-20,119,Letícia Ribeiro,Não informado,18-25,Norte,Kit Iniciante BDSM 5 Peças,Acessórios BDSM,77.12,1,25.0,Cartão Crédito,Entregue,Site,57.84,2024,2,2024-02,Tuesday
2462,2024-01-03,514,Erick Pereira,M,36-45,Sudeste,Vibrador Clássico Silicone,Vibradores,147.7,1,0.0,Pix,Entregue,Site,147.7,2024,1,2024-01,Wednesday
546,2023-03-18,122,Daniela da Mata,F,26-35,Sul,Massageador Corporal Wave,Vibradores,480.42,1,0.0,Pix,Entregue,Marketplace,480.42,2023,3,2023-03,Saturday
3242,2024-12-05,153,João Andrade,M,26-35,Sul,Vibrador Rabbit Premium,Vibradores,263.06,1,15.0,Cartão Crédito,Entregue,Site,223.6,2024,12,2024-12,Thursday
739,2023-06-15,158,Maya Abreu,F,26-35,Sudeste,Vibrador Rabbit Premium,Vibradores,269.32,5,0.0,Pix,Entregue,Marketplace,1346.6,2023,6,2023-06,Thursday
311,2023-06-14,158,Maya Abreu,F,26-35,Sudeste,Lubrificante Base Silicone,Lubrificantes,80.26,2,0.0,Pix,Entregue,Site,160.52,2023,6,2023-06,Wednesday
3522,2024-12-24,173,Srta. Antonella da Paz,F,18-25,Sudeste,Jogo Tabuleiro Casais,Jogos Adultos,113.61,3,0.0,Cartão Crédito,Entregue,Site,340.83,2024,12,2024-12,Tuesday
1132,2023-01-02,186,Davi Luiz Martins,M,18-25,Norte,Jogo Tabuleiro Casais,Jogos Adultos,93.94,3,0.0,Cartão Débito,Entregue,Marketplace,281.82,2023,1,2023-01,Monday
5461,2023-04-10,410,Danilo Carvalho,M,26-35,Centro-Oeste,Wand Massager Pro,Vibradores,191.61,1,10.0,Pix,Entregue,Site,172.45,2023,4,2023-04,Monday
4112,2023-01-07,188,Dra. Mariane Novaes,F,26-35,Sudeste,Lubrificante Íntimo Aquoso 250ml,Lubrificantes,70.15,1,30.0,Pix,Entregue,Site,49.1,2023,1,2023-01,Saturday
2770,2024-11-20,301,Bento Cavalcante,Não informado,26-35,Norte,Vibrador Clássico Silicone,Vibradores,383.93,3,0.0,Pix,Entregue,Site,1151.79,2024,11,2024-11,Wednesday
921,2023-07-01,496,Sr. Theodoro Novais,M,26-35,Nordeste,Wand Massager Pro,Vibradores,187.05,1,0.0,Cartão Crédito,Entregue,Site,187.05,2023,7,2023-07,Saturday
3588,2024-03-11,371,Anna Liz Pimenta,F,26-35,Sul,Kit Cuidados Íntimos,Cosméticos Íntimos,145.5,2,15.0,Cartão Crédito,Entregue,Site,247.35,2024,3,2024-03,Monday
3960,2024-09-20,12,Eduardo Cunha,Não informado,26-35,Sul,Vibrador Duplo Prazer,Vibradores,104.56,4,25.0,Boleto,Entregue,App,313.68,2024,9,2024-09,Friday
4279,2023-07-21,38,Dra. Mariane Pacheco,F,26-35,Sudeste,Wand Massager Pro,Vibradores,494.71,1,0.0,Boleto,Entregue,Site,494.71,2023,7,2023-07,Friday
2984,2023-06-11,429,Igor Farias,M,36-45,Centro-Oeste,Creme Retardante Masculino,Cosméticos Íntimos,40.28,1,20.0,Cartão Crédito,Entregue,Site,32.22,2023,6,2023-06,Sunday
2668,2024-08-10,280,Rebeca Barbosa,F,26-35,Norte,Lubrificante Base Silicone,Lubrificantes,32.4,1,0.0,Pix,Entregue,Site,32.4,2024,8,2024-08,Saturday
3224,2024-12-07,6,Helena da Conceição,F,26-35,Sul,Vibrador Duplo Prazer,Vibradores,460.82,1,15.0,Cartão Débito,Entregue,App,391.7,2024,12,2024-12,Saturday
1183,2023-01-30,267,Dra. Ester Correia,F,36-45,Sudeste,Mini Vibrador Discreto,Vibradores,481.53,3,0.0,Pix,Entregue,Site,1444.59,2023,1,2023-01,Monday
615,2024-02-29,503,Eloá Pinto,F,36-45,Sudeste,Vibrador Ponto G Flex,Vibradores,103.3,1,25.0,Boleto,Entregue,Site,77.47,2024,2,2024-02,Thursday
5447,2024-09-20,118,Dra. Alexia Rios,F,46+,Sudeste,Mini Vibrador Discreto,Vibradores,225.7,1,0.0,Pix,Entregue,Site,225.7,2024,9,2024-09,Friday
1467,2024-06-09,720,Luiz Otávio Sá,M,26-35,Nordeste,Camisola Sensual Preta,Lingerie,173.59,2,0.0,Pix,Entregue,Site,347.18,2024,6,2024-06,Sunday
3043,2024-05-03,34,Dr. Miguel Ramos,M,18-25,Nordeste,Dominó Erótico,Jogos Adultos,56.31,1,20.0,Pix,Entregue,App,45.05,2024,5,2024-05,Friday
935,2023-12-13,53,Daniela Freitas,F,26-35,Sudeste,Lingerie Cropped com Bojo,Lingerie,145.53,2,0.0,Pix,Entregue,App,291.06,2023,12,2023-12,Wednesday
2420,2024-08-16,135,Ana Cecília Fogaça,F,46+,Nordeste,Wand Massager Pro,Vibradores,183.97,1,30.0,Cartão Crédito,Entregue,App,128.78,2024,8,2024-08,Friday
5013,2023-05-16,207,Ryan Câmara,M,26-35,Sudeste,Cartas Posições Kamasutra,Jogos Adultos,97.48,1,0.0,Pix,Entregue,Site,97.48,2023,5,2023-05,Tuesday
4502,2024-07-22,196,Anna Liz Carvalho,F,26-35,Sul,Lubrificante Íntimo Aquoso 250ml,Lubrificantes,31.92,4,0.0,Pix,Entregue,Marketplace,127.68,2024,7,2024-07,Monday
827,2024-08-13,117,Kevin Pimenta,M,26-35,Norte,Venda para Olhos Satin,Acessórios BDSM,127.02,1,0.0,Cartão Débito,Entregue,Site,127.02,2024,8,2024-08,Tuesday
2931,2023-09-14,240,Bianca Lopes,F,26-35,Sudeste,Camisola Sensual Preta,Lingerie,193.27,5,0.0,Pix,Entregue,Site,966.35,2023,9,2023-09,Thursday
4233,2023-06-10,122,Daniela da Mata,F,26-35,Sul,Lubrificante Base Silicone,Lubrificantes,31.2,1,0.0,Cartão Crédito,Entregue,App,31.2,2023,6,2023-06,Saturday
629,2024-02-12,11,Otávio Fernandes,M,36-45,Sul,Massageador Corporal Wave,Vibradores,265.95,1,0.0,Pix,Entregue,Site,265.95,2024,2,2024-02,Monday
3854,2024-12-26,620,Maya Guerra,F,36-45,Centro-Oeste,Lubrificante Base Silicone,Lubrificantes,44.34,1,0.0,Pix,Entregue,Marketplace,44.34,2024,12,2024-12,Thursday
391,2023-11-01,765,Isaque da Cruz,M,26-35,Sudeste,Meia-Calça Rendada,Lingerie,147.23,1,10.0,Pix,Entregue,Marketplace,132.51,2023,11,2023-11,Wednesday
5410,2024-01-31,202,Antônio Teixeira,M,36-45,Sul,Lubrificante Base Silicone,Lubrificantes,43.06,1,0.0,Pix,Entregue,App,43.06,2024,1,2024-01,Wednesday
3991,2023-01-09,25,Brayan Pereira,M,26-35,Sul,Camisola Sensual Preta,Lingerie,151.51,2,25.0,Pix,Entregue,Marketplace,227.26,2023,1,2023-01,Monday
401,2024-05-20,31,Luara Guerra,F,36-45,Nordeste,Vibrador Clássico Silicone,Vibradores,499.6,1,0.0,Cartão Crédito,Entregue,Marketplace,499.6,2024,5,2024-05,Monday
3360,2024-12-20,286,Letícia Pastor,Não informado,36-45,Sul,Óleo de Massagem Relaxante,Lubrificantes,68.09,3,20.0,Cartão Débito,Entregue,Marketplace,163.42,2024,12,2024-12,Friday
47,2023-03-16,103,Isadora Pacheco,F,46+,Nordeste,Gel Térmico Sensação Quente,Cosméticos Íntimos,102.29,1,0.0,Cartão Débito,Entregue,Site,102.29,2023,3,2023-03,Thursday
5326,2024-12-26,232,Marcos Vinicius Gonçalves,M,36-45,Sul,Vibrador Rabbit Premium,Vibradores,247.2,2,0.0,Cartão Crédito,Entregue,Marketplace,494.4,2024,12,2024-12,Thursday
5464,2023-06-25,105,Mariah Ribeiro,F,18-25,Nordeste,Kit Iniciante BDSM 5 Peças,Acessórios BDSM,134.59,1,20.0,Pix,Entregue,Site,107.67,2023,6,2023-06,Sunday
3643,2023-02-06,172,Sophia Melo,F,36-45,Nordeste,Gel Excitante Masculino,Lubrificantes,40.13,1,10.0,Cartão Débito,Entregue,Site,36.12,2023,2,2023-02,Monday
3727,2023-04-30,18,Maria Cecília Oliveira,F,26-35,Centro-Oeste,Gel Excitante Feminino,Lubrificantes,75.0,2,10.0,Cartão Crédito,Entregue,Site,135.0,2023,4,2023-04,Sunday
5389,2023-05-04,228,Maria Eduarda Cavalcante,F,18-25,Sudeste,Massageador Corporal Wave,Vibradores,120.36,4,0.0,Cartão Crédito,Entregue,Site,481.44,2023,5,2023-05,Thursday
1751,2024-02-13,207,Ryan Câmara,M,26-35,Sudeste,Lubrificante Sabores Baunilha,Lubrificantes,70.78,1,30.0,Cartão Crédito,Entregue,Site,49.55,2024,2,2024-02,Tuesday
5367,2024-06-24,253,Stella Correia,F,26-35,Sudeste,Lubrificante Íntimo Aquoso 100ml,Lubrificantes,68.38,1,0.0,Boleto,Entregue,Marketplace,68.38,2024,6,2024-06,Monday
4548,2023-12-29,279,Danilo Azevedo,M,26-35,Sul,Vibrador Clássico Silicone,Vibradores,305.67,2,0.0,Pix,Entregue,Site,611.34,2023,12,2023-12,Friday
4063,2024-05-08,374,José Miguel Marques,M,36-45,Norte,Perfume Íntimo Floral,Cosméticos Íntimos,40.12,2,0.0,Boleto,Entregue,App,80.24,2024,5,2024-05,Wednesday
339,2024-08-30,175,Leonardo Câmara,M,36-45,Sul,Mordaça Silicone,Acessórios BDSM,285.71,1,0.0,Cartão Débito,Devolvido,App,285.71,2024,8,2024-08,Friday
216,2024-01-03,75,Caroline Silveira,F,36-45,Sudeste,Venda para Olhos Satin,Acessórios BDSM,175.48,2,15.0,Pix,Entregue,Site,298.32,2024,1,2024-01,Wednesday
1342,2024-11-13,169,Giovanna Lopes,F,36-45,Sudeste,Body Coelhinha Plus Size,Lingerie,94.27,4,5.0,Boleto,Entregue,Site,358.23,2024,11,2024-11,Wednesday
5081,2023-03-27,22,Rafael Porto,M,36-45,Nordeste,Lubrificante Base Silicone,Lubrificantes,44.51,2,5.0,Pix,Entregue,App,84.57,2023,3,2023-03,Monday
3895,2024-11-03,343,Rebeca Cassiano,F,36-45,Sudeste,Gel Excitante Masculino,Lubrificantes,65.78,1,0.0,Cartão Crédito,Entregue,Site,65.78,2024,11,2024-11,Sunday
3641,2024-11-14,76,Renan da Cruz,M,26-35,Nordeste,Chicote de Couro Soft,Acessórios BDSM,138.67,1,0.0,Cartão Débito,Entregue,App,138.67,2024,11,2024-11,Thursday
330,2023-07-21,79,Maria Lima,F,18-25,Centro-Oeste,Kit Iniciante BDSM 5 Peças,Acessórios BDSM,198.19,1,5.0,Pix,Entregue,App,188.28,2023,7,2023-07,Friday
3005,2024-02-16,228,Maria Eduarda Cavalcante,F,18-25,Sudeste,Gel Excitante Feminino,Lubrificantes,30.4,1,15.0,Cartão Crédito,Entregue,App,25.84,2024,2,2024-02,Friday
3116,2024-10-05,509,Ana Vitória Moraes,F,26-35,Sudeste,Vibrador Ponto G Flex,Vibradores,229.0,1,25.0,Cartão Crédito,Entregue,Site,171.75,2024,10,2024-10,Saturday
5370,2024-12-14,52,Sra. Sofia Pereira,F,18-25,Sudeste,Mordaça Silicone,Acessórios BDSM,125.25,1,0.0,Cartão Crédito,Entregue,Site,125.25,2024,12,2024-12,Saturday
2323,2023-07-04,251,Joana Fernandes,F,46+,Sudeste,Óleo de Massagem Relaxante,Lubrificantes,40.89,1,0.0,Pix,Entregue,App,40.89,2023,7,2023-07,Tuesday
4198,2024-07-23,93,Mirella da Paz,F,26-35,Sudeste,Óleo de Massagem Relaxante,Lubrificantes,87.4,1,10.0,Boleto,Entregue,Site,78.66,2024,7,2024-07,Tuesday
3550,2024-10-28,223,Sr. Arthur da Cruz,M,26-35,Sul,Lubrificante Íntimo Aquoso 100ml,Lubrificantes,35.89,2,0.0,Cartão Crédito,Entregue,Marketplace,71.78,2024,10,2024-10,Monday
1459,2023-12-23,68,Benício Fernandes,M,36-45,Sudeste,Wand Massager Pro,Vibradores,443.26,2,0.0,Pix,Entregue,Site,886.52,2023,12,2023-12,Saturday
172,2023-06-24,5,Ana Beatriz Alves,F,18-25,Sul,Fantasia Policial,Lingerie,180.89,1,15.0,Cartão Crédito,Entregue,Marketplace,153.76,2023,6,2023-06,Saturday
4204,2024-02-28,681,Dr. Asafe Alves,M,36-45,Sudeste,Camisola Sensual Preta,Lingerie,171.33,5,25.0,Cartão Crédito,Entregue,App,642.49,2024,2,2024-02,Wednesday
4653,2023-12-11,176,Diogo Alves,M,46+,Sudeste,Body Rendado Vermelho,Lingerie,179.68,3,0.0,Cartão Crédito,Entregue,App,539.04,2023,12,2023-12,Monday
3570,2023-06-13,487,Pedro Camargo,M,18-25,Sudeste,Lingerie Cropped com Bojo,Lingerie,96.5,1,0.0,Pix,Entregue,Site,96.5,2023,6,2023-06,Tuesday
4227,2024-02-25,125,Dr. Thiago Mendonça,M,36-45,Sudeste,Gel Excitante Feminino,Lubrificantes,43.86,1,0.0,Pix,Entregue,Site,43.86,2024,2,2024-02,Sunday
4846,2023-12-29,137,Luiz Gustavo Vasconcelos,M,26-35,Nordeste,Kit Iniciante BDSM 5 Peças,Acessórios BDSM,246.18,1,0.0,Pix,Entregue,Site,246.18,2023,12,2023-12,Friday
4576,2023-08-03,104,Asafe Pinto,M,46+,Sudeste,Fantasia Enfermeira,Lingerie,188.99,1,0.0,Cartão Crédito,Entregue,Site,188.99,2023,8,2023-08,Thursday
939,2023-09-30,35,Diego da Luz,M,26-35,Sudeste,Gel Excitante Feminino,Lubrificantes,77.38,1,0.0,Boleto,Entregue,Site,77.38,2023,9,2023-09,Saturday
61,2024-10-04,135,Ana Cecília Fogaça,F,46+,Nordeste,Fantasia Policial,Lingerie,187.41,3,0.0,Pix,Entregue,Site,562.23,2024,10,2024-10,Friday
1241,2024-02-08,496,Sr. Theodoro Novais,M,26-35,Nordeste,Perfume Íntimo Floral,Cosméticos Íntimos,83.45,2,0.0,Boleto,Entregue,App,166.9,2024,2,2024-02,Thursday
5248,2023-10-19,490,Benjamin Abreu,M,46+,Sudeste,Venda para Olhos Satin,Acessórios BDSM,55.14,1,15.0,Pix,Entregue,Site,46.87,2023,10,2023-10,Thursday
2121,2023-02-15,414,Mirella Freitas,F,18-25,Sul,Mini Vibrador Discreto,Vibradores,414.31,2,20.0,Pix,Entregue,Site,662.9,2023,2,2023-02,Wednesday
1525,2023-01-19,181,Diogo Rezende,M,46+,Sudeste,Lubrificante Íntimo Aquoso 100ml,Lubrificantes,34.0,1,15.0,Pix,Entregue,Site,28.9,2023,1,2023-01,Thursday
154,2024-08-11,183,Henry Cavalcanti,M,26-35,Nordeste,Mini Vibrador Discreto,Vibradores,133.55,1,0.0,Cartão Débito,Entregue,Marketplace,133.55,2024,8,2024-08,Sunday
3921,2024-04-11,639,Sra. Maria Cecília Gomes,F,18-25,Sudeste,Creme Excitante Feminino,Cosméticos Íntimos,46.05,1,0.0,Cartão Crédito,Devolvido,Site,46.05,2024,4,2024-04,Thursday
1763,2024-05-25,29,Dra. Hellena Rodrigues,F,26-35,Norte,Camisola Sensual Preta,Lingerie,144.1,2,0.0,Pix,Entregue,Site,288.2,2024,5,2024-05,Saturday
751,2023-01-11,35,Diego da Luz,M,26-35,Sudeste,Gel Excitante Feminino,Lubrificantes,30.24,1,0.0,Pix,Entregue,Marketplace,30.24,2023,1,2023-01,Wednesday
1786,2024-12-13,537,Maitê Rocha,F,18-25,Sul,Lubrificante Base Silicone,Lubrificantes,39.99,2,0.0,Cartão Crédito,Entregue,Site,79.98,2024,12,2024-12,Friday
2712,2024-04-09,198,Srta. Hadassa Azevedo,F,26-35,Nordeste,Fantasia Policial,Lingerie,67.14,2,20.0,Pix,Entregue,Site,107.42,2024,4,2024-04,Tuesday
4194,2023-12-13,342,Letícia Pastor,F,18-25,Centro-Oeste,Dominó Erótico,Jogos Adultos,117.49,2,25.0,Pix,Entregue,Site,176.24,2023,12,2023-12,Wednesday
4943,2023-04-10,468,Marcela Novais,F,26-35,Nordeste,Jogo de Cartas Sexo Quiz,Jogos Adultos,111.33,1,0.0,Cartão Débito,Entregue,Marketplace,111.33,2023,4,2023-04,Monday
2855,2024-10-28,30,Ana Laura da Conceição,F,18-25,Sudeste,Gel Excitante Feminino,Lubrificantes,69.44,2,0.0,Pix,Devolvido,Site,138.88,2024,10,2024-10,Monday
187,2024-07-21,429,Igor Farias,M,36-45,Centro-Oeste,Meia-Calça Rendada,Lingerie,101.29,1,0.0,Pix,Entregue,Site,101.29,2024,7,2024-07,Sunday
1137,2024-09-08,472,Dr. Arthur Cirino,M,26-35,Sudeste,Kit Algemas Veludo,Acessórios BDSM,149.22,1,0.0,Pix,Entregue,Site,149.22,2024,9,2024-09,Sunday
2059,2024-02-08,280,Rebeca Barbosa,F,26-35,Norte,Chicote de Couro Soft,Acessórios BDSM,266.03,2,0.0,Cartão Crédito,Entregue,Site,532.06,2024,2,2024-02,Thursday
4698,2024-04-08,192,Raquel Pires,Não informado,26-35,Nordeste,Vibrador Clássico Silicone,Vibradores,356.86,1,25.0,Pix,Entregue,Site,267.64,2024,4,2024-04,Monday
149,2024-12-01,15,Julia Aparecida,F,26-35,Sudeste,Vibrador Duplo Prazer,Vibradores,92.07,1,0.0,Cartão Débito,Entregue,Site,92.07,2024,12,2024-12,Sunday
4125,2024-03-20,401,Caleb Vieira,M,26-35,Sul,Lubrificante Íntimo Aquoso 100ml,Lubrificantes,88.31,5,0.0,Pix,Entregue,Marketplace,441.55,2024,3,2024-03,Wednesday
3364,2024-11-28,85,Emilly da Mota,F,26-35,Norte,Body Coelhinha Plus Size,Lingerie,74.45,2,0.0,Pix,Entregue,App,148.9,2024,11,2024-11,Thursday
2867,2023-12-08,197,Isabel Gomes,F,18-25,Nordeste,Vibrador Duplo Prazer,Vibradores,377.06,1,20.0,Cartão Crédito,Entregue,Site,301.65,2023,12,2023-12,Friday
1387,2023-10-04,382,Maria Alice Oliveira,F,26-35,Nordeste,Vibrador Clássico Silicone,Vibradores,498.96,2,0.0,Pix,Entregue,Marketplace,997.92,2023,10,2023-10,Wednesday
5251,2023-09-26,134,Ana Cecília das Neves,F,26-35,Sudeste,Camisola Sensual Preta,Lingerie,115.88,1,25.0,Boleto,Entregue,Marketplace,86.91,2023,9,2023-09,Tuesday
4598,2023-12-17,74,Raquel Cunha,F,46+,Sul,Lubrificante Sabores Morango,Lubrificantes,70.1,1,0.0,Cartão Crédito,Entregue,Site,70.1,2023,12,2023-12,Sunday
3630,2023-06-09,263,Luísa Fogaça,Não informado,26-35,Sul,Lubrificante Base Silicone,Lubrificantes,39.85,5,10.0,Pix,Entregue,Site,179.32,2023,6,2023-06,Friday
5000,2023-10-15,244,Ravi Lucca Lopes,M,26-35,Sul,Fantasia Enfermeira,Lingerie,88.2,1,0.0,Cartão Crédito,Entregue,Site,88.2,2023,10,2023-10,Sunday
3029,2023-09-05,295,Isabel da Paz,F,36-45,Centro-Oeste,Camisola Sensual Preta,Lingerie,198.61,4,0.0,Pix,Entregue,App,794.44,2023,9,2023-09,Tuesday
2970,2023-12-11,186,Davi Luiz Martins,M,18-25,Norte,Creme Excitante Feminino,Cosméticos Íntimos,105.0,1,30.0,Pix,Entregue,Site,73.5,2023,12,2023-12,Monday
4830,2023-08-19,190,Milena da Luz,Não informado,36-45,Nordeste,Vibrador Ponto G Flex,Vibradores,304.76,3,5.0,Boleto,Entregue,Site,868.57,2023,8,2023-08,Saturday
1709,2023-10-28,258,Ayla da Rocha,F,18-25,Sul,Gel Térmico Sensação Quente,Cosméticos Íntimos,110.78,2,0.0,Boleto,Entregue,App,221.56,2023,10,2023-10,Saturday
2954,2024-01-10,169,Giovanna Lopes,F,36-45,Sudeste,Colar e Guia BDSM,Acessórios BDSM,112.55,1,0.0,Cartão Débito,Entregue,App,112.55,2024,1,2024-01,Wednesday
455,2023-06-28,33,Luara Cunha,Não informado,26-35,Norte,Lubrificante Base Silicone,Lubrificantes,50.29,2,0.0,Pix,Entregue,Marketplace,100.58,2023,6,2023-06,Wednesday
610,2024-02-28,309,Ian Rocha,M,26-35,Sul,Lubrificante Sabores Baunilha,Lubrificantes,61.29,2,0.0,Pix,Entregue,Site,122.58,2024,2,2024-02,Wednesday
4264,2023-08-30,135,Ana Cecília Fogaça,F,46+,Nordeste,Lubrificante Sabores Morango,Lubrificantes,62.18,1,0.0,Cartão Crédito,Entregue,App,62.18,2023,8,2023-08,Wednesday
4053,2024-01-15,436,Ana Júlia Cardoso,F,36-45,Sudeste,Vibrador Rabbit Premium,Vibradores,262.74,1,0.0,Cartão Crédito,Entregue,Site,262.74,2024,1,2024-01,Monday
1623,2023-12-14,223,Sr. Arthur da Cruz,M,26-35,Sul,Dominó Erótico,Jogos Adultos,119.61,1,10.0,Pix,Entregue,Site,107.65,2023,12,2023-12,Thursday
5168,2023-02-01,39,Luiz Miguel Câmara,M,36-45,Sudeste,Kit Roleplay Surpresa,Jogos Adultos,110.17,1,0.0,Pix,Entregue,Marketplace,110.17,2023,2,2023-02,Wednesday
2090,2024-02-17,132,Srta. Ísis Andrade,F,18-25,Sudeste,Gel Excitante Feminino,Lubrificantes,66.41,1,0.0,Cartão Crédito,Entregue,Site,66.41,2024,2,2024-02,Saturday
3925,2023-11-23,764,Sra. Cecilia Caldeira,F,46+,Sul,Venda para Olhos Satin,Acessórios BDSM,96.8,2,0.0,Pix,Entregue,Site,193.6,2023,11,2023-11,Thursday
75,2023-07-14,322,Théo Abreu,M,18-25,Sudeste,Meia-Calça Rendada,Lingerie,186.81,2,0.0,Boleto,Entregue,Marketplace,373.62,2023,7,2023-07,Friday
4448,2023-05-22,409,Kevin Rezende,M,26-35,Nordeste,Jogo de Cartas Sexo Quiz,Jogos Adultos,78.62,1,0.0,Pix,Entregue,Site,78.62,2023,5,2023-05,Monday
5471,2024-12-21,307,Pedro Sousa,M,36-45,Sul,Creme Excitante Feminino,Cosméticos Íntimos,47.85,1,0.0,Pix,Entregue,Site,47.85,2024,12,2024-12,Saturday
2658,2023-08-24,471,Amanda Pereira,F,18-25,Sudeste,Dominó Erótico,Jogos Adultos,79.78,2,10.0,Cartão Débito,Entregue,Marketplace,143.6,2023,8,2023-08,Thursday
3181,2023-12-23,33,Luara Cunha,Não informado,26-35,Norte,Lubrificante Íntimo Aquoso 250ml,Lubrificantes,55.24,2,10.0,Cartão Crédito,Entregue,Site,99.43,2023,12,2023-12,Saturday
2077,2023-03-08,76,Renan da Cruz,M,26-35,Nordeste,Lubrificante Íntimo Aquoso 250ml,Lubrificantes,39.09,2,0.0,Pix,Entregue,App,78.18,2023,3,2023-03,Wednesday
442,2024-06-29,751,Evelyn da Cruz,F,26-35,Sudeste,Vibrador Rabbit Premium,Vibradores,227.13,3,30.0,Pix,Entregue,Marketplace,476.97,2024,6,2024-06,Saturday
2052,2024-05-03,180,Dr. Thales Guerra,M,36-45,Sudeste,Gel Térmico Sensação Quente,Cosméticos Íntimos,114.55,2,0.0,Cartão Crédito,Entregue,Marketplace,229.1,2024,5,2024-05,Friday
2542,2023-12-28,375,Anthony Martins,M,36-45,Sul,Kit Algemas Veludo,Acessórios BDSM,250.98,2,0.0,Pix,Entregue,Marketplace,501.96,2023,12,2023-12,Thursday
1302,2023-05-26,615,Sophie Gonçalves,F,26-35,Centro-Oeste,Óleo de Massagem Relaxante,Lubrificantes,70.82,1,10.0,Cartão Crédito,Entregue,App,63.74,2023,5,2023-05,Friday
3431,2024-05-18,234,Dra. Isabelly Caldeira,F,36-45,Centro-Oeste,Conjunto Lingerie Boudoir,Lingerie,114.27,5,0.0,Pix,Entregue,Site,571.35,2024,5,2024-05,Saturday
1305,2024-08-25,324,Gabriel Moreira,M,26-35,Sudeste,Fantasia Policial,Lingerie,64.38,1,20.0,Pix,Entregue,Site,51.5,2024,8,2024-08,Sunday
237,2023-01-20,91,Bento Cavalcante,M,26-35,Sul,Fantasia Policial,Lingerie,69.17,1,15.0,Cartão Débito,Entregue,Marketplace,58.79,2023,1,2023-01,Friday
4631,2023-05-31,36,Josué Souza,M,18-25,Sul,Jogo de Cartas Sexo Quiz,Jogos Adultos,129.51,2,30.0,Pix,Entregue,Site,181.31,2023,5,2023-05,Wednesday
2600,2023-02-14,40,Thomas Monteiro,M,36-45,Sudeste,Fantasia Enfermeira,Lingerie,189.83,3,30.0,Pix,Entregue,Marketplace,398.64,2023,2,2023-02,Tuesday
2574,2023-09-28,176,Diogo Alves,M,46+,Sudeste,Gel Excitante Feminino,Lubrificantes,39.84,1,0.0,Pix,Entregue,Site,39.84,2023,9,2023-09,Thursday
3281,2024-01-05,164,Dr. Luan Guerra,M,26-35,Sudeste,Kit Algemas Veludo,Acessórios BDSM,79.17,1,0.0,Pix,Entregue,App,79.17,2024,1,2024-01,Friday
3187,2024-07-10,122,Daniela da Mata,F,26-35,Sul,Body Coelhinha Plus Size,Lingerie,135.54,1,0.0,Cartão Débito,Entregue,App,135.54,2024,7,2024-07,Wednesday
3954,2024-12-28,41,Benicio Camargo,M,26-35,Nordeste,Spray Prolongador,Cosméticos Íntimos,43.06,1,0.0,Pix,Devolvido,Site,43.06,2024,12,2024-12,Saturday
2769,2023-07-05,189,Emanuel Souza,M,36-45,Sudeste,Lingerie Cropped com Bojo,Lingerie,191.56,1,0.0,Boleto,Entregue,Marketplace,191.56,2023,7,2023-07,Wednesday
4224,2023-01-26,421,Maria Eduarda Nogueira,F,18-25,Sudeste,Jogo de Cartas Sexo Quiz,Jogos Adultos,122.71,1,0.0,Pix,Entregue,App,122.71,2023,1,2023-01,Thursday
2107,2024-09-10,480,Sra. Antonella Aragão,F,26-35,Nordeste,Óleo de Massagem Relaxante,Lubrificantes,71.24,1,0.0,Cartão Débito,Entregue,Site,71.24,2024,9,2024-09,Tuesday
2680,2023-08-25,197,Isabel Gomes,F,18-25,Nordeste,Lubrificante Íntimo Aquoso 100ml,Lubrificantes,71.48,2,0.0,Cartão Crédito,Entregue,Site,142.96,2023,8,2023-08,Friday
2762,2024-12-20,3,Cauã Rocha,M,18-25,Sudeste,Creme Excitante Feminino,Cosméticos Íntimos,121.9,1,0.0,Pix,Entregue,Site,121.9,2024,12,2024-12,Friday
1388,2023-02-14,39,Luiz Miguel Câmara,M,36-45,Sudeste,Lubrificante Sabores Morango,Lubrificantes,41.46,2,15.0,Pix,Entregue,Site,70.48,2023,2,2023-02,Tuesday
5213,2024-09-26,109,Caroline Rios,F,36-45,Sudeste,Lubrificante Base Silicone,Lubrificantes,73.39,1,0.0,Pix,Entregue,Site,73.39,2024,9,2024-09,Thursday
5026,2023-08-23,203,Maria Helena Mendes,F,36-45,Sudeste,Massageador Corporal Wave,Vibradores,211.81,1,0.0,Cartão Débito,Entregue,App,211.81,2023,8,2023-08,Wednesday
1280,2023-08-31,188,Dra. Mariane Novaes,F,26-35,Sudeste,Creme Excitante Feminino,Cosméticos Íntimos,84.54,2,20.0,Boleto,Entregue,App,135.26,2023,8,2023-08,Thursday
5438,2024-02-15,459,Antonella Borges,F,26-35,Sudeste,Conjunto Lingerie Boudoir,Lingerie,142.61,1,20.0,Pix,Entregue,App,114.09,2024,2,2024-02,Thursday
3191,2024-07-01,102,Nathan Campos,M,18-25,Sudeste,Lubrificante Base Silicone,Lubrificantes,87.59,1,10.0,Cartão Crédito,Devolvido,Site,78.83,2024,7,2024-07,Monday
5208,2024-12-05,156,Bruna Gomes,F,26-35,Nordeste,Lubrificante Sabores Morango,Lubrificantes,65.29,1,0.0,Cartão Crédito,Entregue,Site,65.29,2024,12,2024-12,Thursday
3595,2023-10-21,183,Henry Cavalcanti,M,26-35,Nordeste,Wand Massager Pro,Vibradores,138.39,2,0.0,Pix,Entregue,Site,276.78,2023,10,2023-10,Saturday
1921,2024-05-18,313,Sra. Lara Cirino,F,46+,Nordeste,Lubrificante Íntimo Aquoso 100ml,Lubrificantes,67.49,2,25.0,Pix,Entregue,App,101.23,2024,5,2024-05,Saturday
514,2023-04-29,492,José Miguel da Rocha,M,26-35,Nordeste,Body Coelhinha Plus Size,Lingerie,89.53,2,0.0,Pix,Entregue,App,179.06,2023,4,2023-04,Saturday
915,2024-11-15,217,Lunna Fernandes,F,26-35,Sudeste,Fantasia Enfermeira,Lingerie,159.5,4,0.0,Cartão Crédito,Entregue,Site,638.0,2024,11,2024-11,Friday
3453,2024-02-16,299,Ísis Câmara,F,26-35,Sul,Mini Vibrador Discreto,Vibradores,410.42,1,0.0,Pix,Entregue,Marketplace,410.42,2024,2,2024-02,Friday
3696,2024-12-26,9,Pietro Pastor,M,26-35,Sudeste,Jogo de Cartas Sexo Quiz,Jogos Adultos,81.11,3,0.0,Boleto,Entregue,Site,243.33,2024,12,2024-12,Thursday
4243,2024-12-20,365,Kaique Alves,M,18-25,Sudeste,Chicote de Couro Soft,Acessórios BDSM,167.57,4,0.0,Pix,Entregue,Site,670.28,2024,12,2024-12,Friday
3157,2023-04-02,615,Sophie Gonçalves,F,26-35,Centro-Oeste,Gel Excitante Feminino,Lubrificantes,68.92,1,0.0,Pix,Entregue,Site,68.92,2023,4,2023-04,Sunday
2199,2023-11-04,214,Sra. Catarina Martins,F,46+,Sul,Lubrificante Íntimo Aquoso 250ml,Lubrificantes,80.16,3,5.0,Cartão Crédito,Entregue,Site,228.46,2023,11,2023-11,Saturday
775,2023-11-07,407,Lunna Pimenta,F,18-25,Sul,Conjunto Lingerie Boudoir,Lingerie,144.41,3,0.0,Pix,Entregue,Site,433.23,2023,11,2023-11,Tuesday
4426,2023-07-29,137,Luiz Gustavo Vasconcelos,M,26-35,Nordeste,Spray Prolongador,Cosméticos Íntimos,135.64,1,0.0,Cartão Crédito,Entregue,Site,135.64,2023,7,2023-07,Saturday
944,2023-05-12,444,Paulo Rodrigues,M,36-45,Sudeste,Vibrador Clássico Silicone,Vibradores,445.67,2,0.0,Pix,Entregue,App,891.34,2023,5,2023-05,Friday
823,2024-08-01,112,Beatriz Barbosa,F,36-45,Nordeste,Conjunto Lingerie Boudoir,Lingerie,134.35,2,5.0,Cartão Crédito,Entregue,App,255.26,2024,8,2024-08,Thursday
4278,2024-02-06,114,Caroline Ferreira,F,36-45,Sudeste,Vibrador Ponto G Flex,Vibradores,301.01,2,0.0,Cartão Crédito,Entregue,Site,602.02,2024,2,2024-02,Tuesday
165,2024-06-13,27,Elisa Martins,F,26-35,Sul,Óleo de Massagem Relaxante,Lubrificantes,47.9,2,0.0,Pix,Entregue,Site,95.8,2024,6,2024-06,Thursday
3984,2023-03-22,71,Dra. Ana Liz da Conceição,F,36-45,Sul,Lubrificante Base Silicone,Lubrificantes,55.81,3,0.0,Pix,Entregue,App,167.43,2023,3,2023-03,Wednesday
2539,2024-08-24,363,Srta. Maya Brito,F,36-45,Sudeste,Vibrador Rabbit Premium,Vibradores,488.3,1,0.0,Pix,Entregue,App,488.3,2024,8,2024-08,Saturday
4757,2023-03-14,3,Cauã Rocha,M,18-25,Sudeste,Lubrificante Íntimo Aquoso 100ml,Lubrificantes,41.02,3,0.0,Cartão Crédito,Entregue,Site,123.06,2023,3,2023-03,Tuesday
5156,2024-03-11,99,Emanuel Araújo,M,26-35,Sudeste,Meia-Calça Rendada,Lingerie,167.21,2,0.0,Pix,Entregue,Site,334.42,2024,3,2024-03,Monday
3301,2023-09-22,155,Sra. Maya Pereira,F,26-35,Sul,Meia-Calça Rendada,Lingerie,137.04,1,15.0,Boleto,Entregue,Site,116.48,2023,9,2023-09,Friday
328,2024-12-08,253,Stella Correia,F,26-35,Sudeste,Kit Iniciante BDSM 5 Peças,Acessórios BDSM,180.68,5,0.0,Pix,Entregue,Site,903.4,2024,12,2024-12,Sunday
2491,2023-05-14,93,Mirella da Paz,F,26-35,Sudeste,Camisola Sensual Preta,Lingerie,129.78,1,0.0,Cartão Débito,Entregue,Site,129.78,2023,5,2023-05,Sunday
5203,2024-08-28,274,Yuri da Rocha,M,36-45,Sudeste,Vibrador Ponto G Flex,Vibradores,467.69,3,5.0,Cartão Débito,Entregue,Marketplace,1332.92,2024,8,2024-08,Wednesday
833,2024-12-19,43,Sra. Ana Luiza Gomes,F,46+,Centro-Oeste,Lingerie Cropped com Bojo,Lingerie,182.53,1,30.0,Cartão Crédito,Entregue,Site,127.77,2024,12,2024-12,Thursday
3080,2024-05-30,634,Ana Vitória Rios,F,26-35,Nordeste,Lingerie Cropped com Bojo,Lingerie,188.17,1,0.0,Cartão Crédito,Entregue,Site,188.17,2024,5,2024-05,Thursday
3463,2023-06-28,269,Dra. Valentina Peixoto,F,18-25,Sul,Massageador Corporal Wave,Vibradores,423.73,1,5.0,Pix,Entregue,App,402.54,2023,6,2023-06,Wednesday
4871,2023-02-25,132,Srta. Ísis Andrade,F,18-25,Sudeste,Venda para Olhos Satin,Acessórios BDSM,119.01,5,0.0,Pix,Entregue,Site,595.05,2023,2,2023-02,Saturday
55,2024-02-07,244,Ravi Lucca Lopes,M,26-35,Sul,Venda para Olhos Satin,Acessórios BDSM,63.53,1,0.0,Boleto,Entregue,Site,63.53,2024,2,2024-02,Wednesday
4065,2023-02-26,492,José Miguel da Rocha,M,26-35,Nordeste,Gel Excitante Masculino,Lubrificantes,88.94,2,0.0,Pix,Entregue,App,177.88,2023,2,2023-02,Sunday
3452,2023-02-18,297,Srta. Julia Viana,F,26-35,Sul,Chicote de Couro Soft,Acessórios BDSM,274.17,1,0.0,Cartão Crédito,Entregue,Site,274.17,2023,2,2023-02,Saturday
1482,2023-05-06,36,Josué Souza,M,18-25,Sul,Lubrificante Base Silicone,Lubrificantes,47.86,2,0.0,Pix,Entregue,App,95.72,2023,5,2023-05,Saturday
4151,2023-12-05,35,Diego da Luz,M,26-35,Sudeste,Vibrador Duplo Prazer,Vibradores,313.67,2,0.0,Pix,Entregue,Site,627.34,2023,12,2023-12,Tuesday
947,2024-01-01,41,Benicio Camargo,M,26-35,Nordeste,Lubrificante Íntimo Aquoso 250ml,Lubrificantes,59.45,1,0.0,Cartão Crédito,Entregue,Site,59.45,2024,1,2024-01,Monday
3294,2024-03-12,211,Ravi Lucca Cardoso,Não informado,26-35,Sudeste,Fantasia Policial,Lingerie,88.62,5,0.0,Pix,Entregue,App,443.1,2024,3,2024-03,Tuesday
2162,2023-12-28,259,Maria Luiza Sales,F,18-25,Norte,Camisola Sensual Preta,Lingerie,83.16,2,0.0,Pix,Entregue,Site,166.32,2023,12,2023-12,Thursday
4707,2024-02-24,394,Emanuella Costa,F,36-45,Nordeste,Lubrificante Íntimo Aquoso 250ml,Lubrificantes,73.47,1,20.0,Cartão Crédito,Entregue,Site,58.78,2024,2,2024-02,Saturday
3058,2023-03-29,23,Elisa Freitas,F,18-25,Sudeste,Fantasia Policial,Lingerie,106.94,2,0.0,Cartão Crédito,Entregue,Site,213.88,2023,3,2023-03,Wednesday
769,2023-09-08,115,Isabelly Freitas,F,18-25,Sudeste,Fantasia Policial,Lingerie,60.59,1,0.0,Cartão Crédito,Entregue,Site,60.59,2023,9,2023-09,Friday
5221,2023-01-07,99,Emanuel Araújo,M,26-35,Sudeste,Dominó Erótico,Jogos Adultos,93.88,1,0.0,Pix,Entregue,App,93.88,2023,1,2023-01,Saturday
3496,2023-09-16,66,Dr. Pedro Lucas Moreira,M,26-35,Sudeste,Vibrador Ponto G Flex,Vibradores,313.82,5,5.0,Pix,Entregue,Marketplace,1490.64,2023,9,2023-09,Saturday
286,2023-05-04,11,Otávio Fernandes,M,36-45,Sul,Venda para Olhos Satin,Acessórios BDSM,223.97,2,0.0,Cartão Débito,Entregue,Site,447.94,2023,5,2023-05,Thursday
4940,2024-05-01,423,Esther Campos,F,18-25,Sudeste,Lingerie Cropped com Bojo,Lingerie,155.07,1,0.0,Boleto,Entregue,Site,155.07,2024,5,2024-05,Wednesday
2333,2024-02-09,248,Mateus Fernandes,M,26-35,Nordeste,Gel Excitante Masculino,Lubrificantes,50.7,3,0.0,Pix,Entregue,Site,152.1,2024,2,2024-02,Friday
2718,2024-03-09,711,Davi Luiz da Luz,M,18-25,Sudeste,Óleo de Massagem Relaxante,Lubrificantes,49.37,2,0.0,Cartão Débito,Entregue,App,98.74,2024,3,2024-03,Saturday
2080,2024-12-26,381,Cauê da Costa,M,26-35,Sudeste,Venda para Olhos Satin,Acessórios BDSM,295.9,1,0.0,Cartão Crédito,Entregue,Site,295.9,2024,12,2024-12,Thursday
3390,2023-03-03,291,Eduarda da Costa,F,36-45,Sudeste,Camisola Sensual Preta,Lingerie,118.43,2,30.0,Pix,Entregue,Site,165.8,2023,3,2023-03,Friday
952,2023-10-16,290,Julia Ribeiro,F,18-25,Sul,Lubrificante Sabores Baunilha,Lubrificantes,39.49,1,0.0,Pix,Entregue,Site,39.49,2023,10,2023-10,Monday
4842,2023-11-04,656,Eduarda Silva,F,26-35,Nordeste,Mini Vibrador Discreto,Vibradores,167.32,2,0.0,Cartão Crédito,Entregue,Site,334.64,2023,11,2023-11,Saturday
2263,2023-02-09,533,Ana Cecília da Cruz,F,26-35,Sul,Massageador Corporal Wave,Vibradores,360.21,4,0.0,Cartão Crédito,Entregue,App,1440.84,2023,2,2023-02,Thursday
990,2023-12-16,431,Caroline Nogueira,F,26-35,Norte,Fantasia Policial,Lingerie,188.61,3,0.0,Cartão Crédito,Entregue,Marketplace,565.83,2023,12,2023-12,Saturday
1760,2023-02-08,214,Sra. Catarina Martins,F,46+,Sul,Óleo de Massagem Relaxante,Lubrificantes,66.97,1,10.0,Pix,Devolvido,Marketplace,60.27,2023,2,2023-02,Wednesday
4559,2023-12-02,606,Dra. Bella Vargas,Não informado,26-35,Sul,Lubrificante Base Silicone,Lubrificantes,50.99,3,0.0,Cartão Crédito,Entregue,Site,152.97,2023,12,2023-12,Saturday
4423,2024-11-22,245,Dr. Lorenzo da Cruz,M,18-25,Sul,Fantasia Enfermeira,Lingerie,92.11,1,0.0,Boleto,Entregue,Site,92.11,2024,11,2024-11,Friday
1725,2024-11-25,310,Alícia Teixeira,F,36-45,Sudeste,Kit Cuidados Íntimos,Cosméticos Íntimos,106.3,3,0.0,Pix,Entregue,Marketplace,318.9,2024,11,2024-11,Monday
342,2024-05-24,175,Leonardo Câmara,M,36-45,Sul,Lubrificante Sabores Morango,Lubrificantes,78.47,1,0.0,Cartão Crédito,Devolvido,Marketplace,78.47,2024,5,2024-05,Friday
3702,2024-01-22,300,Srta. Juliana Casa Grande,F,26-35,Sul,Jogo de Cartas Sexo Quiz,Jogos Adultos,45.43,2,0.0,Pix,Entregue,Site,90.86,2024,1,2024-01,Monday
4244,2024-02-21,165,Sra. Carolina Correia,F,18-25,Sudeste,Lingerie Cropped com Bojo,Lingerie,179.96,2,0.0,Pix,Entregue,Marketplace,359.92,2024,2,2024-02,Wednesday
689,2024-11-03,378,Letícia Porto,F,26-35,Sudeste,Gel Excitante Feminino,Lubrificantes,59.6,2,0.0,Boleto,Entregue,App,119.2,2024,11,2024-11,Sunday
3433,2024-07-10,366,Luan Vieira,M,36-45,Sul,Fantasia Policial,Lingerie,120.67,1,20.0,Pix,Entregue,Site,96.54,2024,7,2024-07,Wednesday
967,2024-02-10,332,Bruna Martins,F,46+,Sudeste,Lubrificante Íntimo Aquoso 250ml,Lubrificantes,89.33,1,0.0,Cartão Crédito,Entregue,App,89.33,2024,2,2024-02,Saturday
5247,2024-04-28,407,Lunna Pimenta,F,18-25,Sul,Dado do Prazer,Jogos Adultos,128.68,1,0.0,Boleto,Entregue,Marketplace,128.68,2024,4,2024-04,Sunday
2204,2023-11-14,12,Eduardo Cunha,Não informado,26-35,Sul,Massageador Corporal Wave,Vibradores,259.67,2,0.0,Pix,Devolvido,Site,519.34,2023,11,2023-11,Tuesday
2714,2023-06-02,128,Lívia Vargas,F,26-35,Sudeste,Body Rendado Vermelho,Lingerie,144.95,1,0.0,Cartão Crédito,Entregue,Site,144.95,2023,6,2023-06,Friday
5083,2024-12-02,454,Maria Sophia Fernandes,F,18-25,Nordeste,Lubrificante Sabores Morango,Lubrificantes,57.45,2,0.0,Cartão Crédito,Entregue,Marketplace,114.9,2024,12,2024-12,Monday
3573,2024-06-07,457,Jade Freitas,F,46+,Sudeste,Body Rendado Vermelho,Lingerie,59.96,4,0.0,Pix,Devolvido,Marketplace,239.84,2024,6,2024-06,Friday
1991,2023-11-14,374,José Miguel Marques,M,36-45,Norte,Wand Massager Pro,Vibradores,488.43,3,0.0,Cartão Crédito,Entregue,Site,1465.29,2023,11,2023-11,Tuesday
4121,2024-04-12,96,Vitor Hugo Araújo,M,36-45,Sudeste,Vibrador Ponto G Flex,Vibradores,180.91,1,5.0,Pix,Entregue,Marketplace,171.86,2024,4,2024-04,Friday
4554,2023-06-09,523,Luana Martins,F,36-45,Nordeste,Lubrificante Base Silicone,Lubrificantes,81.87,1,0.0,Cartão Crédito,Entregue,Site,81.87,2023,6,2023-06,Friday
5264,2023-06-27,16,Sra. Zoe Campos,F,18-25,Sudeste,Lingerie Cropped com Bojo,Lingerie,155.84,2,20.0,Pix,Entregue,App,249.34,2023,6,2023-06,Tuesday
3601,2024-01-28,43,Sra. Ana Luiza Gomes,F,46+,Centro-Oeste,Body Rendado Vermelho,Lingerie,135.45,1,20.0,Cartão Crédito,Entregue,Site,108.36,2024,1,2024-01,Sunday
4578,2024-02-26,66,Dr. Pedro Lucas Moreira,M,26-35,Sudeste,Jogo de Cartas Sexo Quiz,Jogos Adultos,98.38,3,0.0,Pix,Entregue,Site,295.14,2024,2,2024-02,Monday
386,2024-06-08,414,Mirella Freitas,F,18-25,Sul,Lubrificante Sabores Baunilha,Lubrificantes,58.49,2,0.0,Cartão Crédito,Entregue,App,116.98,2024,6,2024-06,Saturday
5008,2024-04-30,467,Rafaela Câmara,F,26-35,Sudeste,Spray Prolongador,Cosméticos Íntimos,110.3,3,5.0,Cartão Crédito,Entregue,Site,314.35,2024,4,2024-04,Tuesday
537,2024-12-14,470,Henry Gabriel Lima,M,18-25,Sul,Camisola Sensual Preta,Lingerie,118.66,1,20.0,Pix,Devolvido,Site,94.93,2024,12,2024-12,Saturday
5180,2023-01-29,569,Cecilia da Cunha,F,46+,Nordeste,Vibrador Clássico Silicone,Vibradores,135.5,2,0.0,Pix,Entregue,Site,271.0,2023,1,2023-01,Sunday
4213,2023-09-01,212,Yasmin Alves,F,18-25,Sudeste,Cartas Posições Kamasutra,Jogos Adultos,111.73,1,0.0,Pix,Entregue,Site,111.73,2023,9,2023-09,Friday
3508,2023-08-20,171,Melina Rocha,F,26-35,Nordeste,Gel Excitante Masculino,Lubrificantes,84.17,1,0.0,Pix,Entregue,Site,84.17,2023,8,2023-08,Sunday
202,2024-02-13,25,Brayan Pereira,M,26-35,Sul,Venda para Olhos Satin,Acessórios BDSM,240.41,1,0.0,Pix,Entregue,App,240.41,2024,2,2024-02,Tuesday
1333,2023-08-18,72,Ana Beatriz Farias,F,46+,Norte,Vibrador Clássico Silicone,Vibradores,357.12,5,0.0,Cartão Crédito,Entregue,Marketplace,1785.6,2023,8,2023-08,Friday
3503,2023-05-16,790,Maria Luiza Lima,F,26-35,Norte,Lubrificante Base Silicone,Lubrificantes,32.8,1,0.0,Pix,Entregue,App,32.8,2023,5,2023-05,Tuesday
2709,2024-08-15,5,Ana Beatriz Alves,F,18-25,Sul,Chicote de Couro Soft,Acessórios BDSM,79.82,1,0.0,Cartão Crédito,Entregue,Site,79.82,2024,8,2024-08,Thursday
4022,2023-11-27,77,Maria Luísa Correia,F,46+,Sudeste,Lingerie Cropped com Bojo,Lingerie,156.46,1,0.0,Pix,Entregue,Site,156.46,2023,11,2023-11,Monday
1855,2023-12-28,580,Ana Dias,F,18-25,Sudeste,Conjunto Lingerie Boudoir,Lingerie,188.7,2,20.0,Cartão Débito,Entregue,Site,301.92,2023,12,2023-12,Thursday
2873,2024-12-02,533,Ana Cecília da Cruz,F,26-35,Sul,Gel Excitante Masculino,Lubrificantes,50.9,1,0.0,Pix,Entregue,App,50.9,2024,12,2024-12,Monday
3031,2024-03-20,62,Sra. Eloah da Luz,F,26-35,Sudeste,Lubrificante Íntimo Aquoso 250ml,Lubrificantes,82.29,3,0.0,Cartão Crédito,Entregue,Site,246.87,2024,3,2024-03,Wednesday
1206,2024-10-17,379,José Marques,M,26-35,Sudeste,Gel Excitante Masculino,Lubrificantes,67.27,1,0.0,Cartão Crédito,Entregue,Site,67.27,2024,10,2024-10,Thursday
1646,2023-04-01,364,Dra. Beatriz Macedo,F,46+,Sudeste,Lingerie Cropped com Bojo,Lingerie,191.09,2,20.0,Boleto,Entregue,Site,305.74,2023,4,2023-04,Saturday
3418,2024-11-29,282,Kevin Barros,M,36-45,Nordeste,Lubrificante Íntimo Aquoso 250ml,Lubrificantes,72.7,1,0.0,Pix,Entregue,Site,72.7,2024,11,2024-11,Friday
3477,2023-10-25,674,Lorenzo Santos,M,26-35,Nordeste,Jogo de Cartas Sexo Quiz,Jogos Adultos,119.76,1,0.0,Pix,Entregue,App,119.76,2023,10,2023-10,Wednesday
2862,2023-09-13,92,Alexandre Gomes,M,18-25,Sudeste,Creme Retardante Masculino,Cosméticos Íntimos,58.56,2,15.0,Cartão Débito,Entregue,Site,99.55,2023,9,2023-09,Wednesday
1793,2023-09-11,195,Lucas Gabriel Dias,M,18-25,Centro-Oeste,Óleo de Massagem Relaxante,Lubrificantes,67.41,3,0.0,Cartão Crédito,Entregue,App,202.23,2023,9,2023-09,Monday
3798,2024-12-31,31,Luara Guerra,F,36-45,Nordeste,Vibrador Duplo Prazer,Vibradores,394.77,1,0.0,Cartão Crédito,Entregue,App,394.77,2024,12,2024-12,Tuesday
3369,2023-12-02,59,Bruno Barros,M,18-25,Sudeste,Kit Iniciante BDSM 5 Peças,Acessórios BDSM,291.67,1,0.0,Boleto,Entregue,Site,291.67,2023,12,2023-12,Saturday
3368,2023-01-17,87,Beatriz Aragão,F,46+,Centro-Oeste,Kit Cuidados Íntimos,Cosméticos Íntimos,122.43,4,0.0,Boleto,Entregue,Site,489.72,2023,1,2023-01,Tuesday
3534,2023-02-17,98,Rhavi Montenegro,M,36-45,Sudeste,Spray Prolongador,Cosméticos Íntimos,42.89,2,30.0,Cartão Crédito,Entregue,Site,60.05,2023,2,2023-02,Friday
5443,2024-09-09,40,Thomas Monteiro,M,36-45,Sudeste,Vibrador Clássico Silicone,Vibradores,297.98,1,25.0,Cartão Crédito,Entregue,Site,223.48,2024,9,2024-09,Monday
3450,2023-07-18,16,Sra. Zoe Campos,F,18-25,Sudeste,Vibrador Ponto G Flex,Vibradores,299.76,1,0.0,Pix,Entregue,App,299.76,2023,7,2023-07,Tuesday
604,2024-12-01,26,Srta. Yasmin Siqueira,F,46+,Sul,Lubrificante Base Silicone,Lubrificantes,34.92,1,0.0,Pix,Entregue,Marketplace,34.92,2024,12,2024-12,Sunday
3057,2023-10-22,248,Mateus Fernandes,M,26-35,Nordeste,Lubrificante Íntimo Aquoso 250ml,Lubrificantes,71.49,2,25.0,Pix,Entregue,App,107.23,2023,10,2023-10,Sunday
4834,2024-03-11,47,João Felipe Vargas,M,18-25,Sul,Kit Iniciante BDSM 5 Peças,Acessórios BDSM,53.32,1,0.0,Cartão Crédito,Devolvido,Marketplace,53.32,2024,3,2024-03,Monday
127,2023-09-14,430,Alexandre da Mota,M,26-35,Sul,Meia-Calça Rendada,Lingerie,193.12,1,0.0,Pix,Entregue,Site,193.12,2023,9,2023-09,Thursday
3877,2023-06-29,52,Sra. Sofia Pereira,F,18-25,Sudeste,Gel Excitante Masculino,Lubrificantes,76.08,1,0.0,Pix,Entregue,Site,76.08,2023,6,2023-06,Thursday
2936,2024-03-17,51,Thiago Caldeira,Não informado,36-45,Sul,Gel Excitante Masculino,Lubrificantes,82.16,1,25.0,Boleto,Entregue,Site,61.62,2024,3,2024-03,Sunday
4452,2024-05-27,232,Marcos Vinicius Gonçalves,M,36-45,Sul,Camisola Sensual Preta,Lingerie,95.96,3,0.0,Pix,Entregue,App,287.88,2024,5,2024-05,Monday
3532,2024-05-10,408,Benício Porto,M,36-45,Sudeste,Vibrador Duplo Prazer,Vibradores,324.89,1,0.0,Pix,Entregue,App,324.89,2024,5,2024-05,Friday
2731,2024-02-20,357,Maitê Pinto,F,46+,Sul,Mini Vibrador Discreto,Vibradores,301.29,1,15.0,Cartão Crédito,Entregue,Marketplace,256.1,2024,2,2024-02,Tuesday
1640,2024-12-15,596,Lavínia Lima,F,36-45,Sudeste,Dominó Erótico,Jogos Adultos,113.88,1,5.0,Pix,Entregue,Marketplace,108.19,2024,12,2024-12,Sunday
985,2024-11-10,340,Manuela Viana,F,18-25,Nordeste,Lubrificante Íntimo Aquoso 250ml,Lubrificantes,40.25,2,0.0,Boleto,Entregue,App,80.5,2024,11,2024-11,Sunday
3282,2023-12-20,57,Maria Cecília das Neves,F,18-25,Centro-Oeste,Gel Excitante Feminino,Lubrificantes,88.9,2,0.0,Boleto,Entregue,Site,177.8,2023,12,2023-12,Wednesday
2189,2023-10-25,397,Jade Mendes,F,26-35,Nordeste,Vibrador Clássico Silicone,Vibradores,498.58,1,25.0,Cartão Débito,Entregue,App,373.94,2023,10,2023-10,Wednesday
5420,2024-03-17,107,Gabrielly Rios,F,46+,Nordeste,Lubrificante Íntimo Aquoso 250ml,Lubrificantes,79.37,1,0.0,Pix,Entregue,Marketplace,79.37,2024,3,2024-03,Sunday
2444,2024-12-03,449,Dr. Mateus Peixoto,M,26-35,Centro-Oeste,Vibrador Rabbit Premium,Vibradores,296.71,1,0.0,Pix,Entregue,Site,296.71,2024,12,2024-12,Tuesday
2350,2023-01-22,3,Cauã Rocha,M,18-25,Sudeste,Meia-Calça Rendada,Lingerie,83.1,2,0.0,Pix,Entregue,App,166.2,2023,1,2023-01,Sunday
815,2023-09-20,498,Srta. Maya Almeida,F,46+,Sudeste,Lubrificante Sabores Morango,Lubrificantes,55.55,1,0.0,Cartão Crédito,Entregue,App,55.55,2023,9,2023-09,Wednesday
3206,2023-12-26,454,Maria Sophia Fernandes,F,18-25,Nordeste,Gel Excitante Masculino,Lubrificantes,89.51,2,0.0,Boleto,Entregue,Site,179.02,2023,12,2023-12,Tuesday
4615,2023-02-15,79,Maria Lima,F,18-25,Centro-Oeste,Vibrador Ponto G Flex,Vibradores,194.44,1,0.0,Cartão Crédito,Entregue,Marketplace,194.44,2023,2,2023-02,Wednesday
5322,2023-05-29,91,Bento Cavalcante,M,26-35,Sul,Lubrificante Sabores Baunilha,Lubrificantes,31.9,1,0.0,Cartão Crédito,Entregue,App,31.9,2023,5,2023-05,Monday
3326,2023-07-11,361,Ana Lívia da Costa,F,26-35,Sudeste,Fantasia Policial,Lingerie,183.32,1,25.0,Cartão Crédito,Entregue,Site,137.49,2023,7,2023-07,Tuesday
4107,2023-04-23,686,Dra. Lavínia Ramos,F,26-35,Sul,Lubrificante Sabores Baunilha,Lubrificantes,63.35,3,0.0,Cartão Crédito,Entregue,App,190.05,2023,4,2023-04,Sunday
794,2023-06-13,253,Stella Correia,F,26-35,Sudeste,Conjunto Lingerie Boudoir,Lingerie,60.86,1,0.0,Boleto,Devolvido,Marketplace,60.86,2023,6,2023-06,Tuesday
5489,2023-07-10,252,Kamilly Novais,F,46+,Sul,Colar e Guia BDSM,Acessórios BDSM,75.2,3,30.0,Boleto,Entregue,Site,157.92,2023,7,2023-07,Monday
2675,2024-04-11,529,Olívia Montenegro,F,18-25,Sudeste,Kit Cuidados Íntimos,Cosméticos Íntimos,95.35,5,0.0,Boleto,Entregue,Marketplace,476.75,2024,4,2024-04,Thursday
95,2024-06-15,380,Fernanda Gomes,F,36-45,Sudeste,Conjunto Lingerie Boudoir,Lingerie,120.5,2,0.0,Cartão Crédito,Entregue,Site,241.0,2024,6,2024-06,Saturday
3757,2023-02-27,57,Maria Cecília das Neves,F,18-25,Centro-Oeste,Vibrador Duplo Prazer,Vibradores,498.18,2,5.0,Pix,Entregue,Site,946.54,2023,2,2023-02,Monday
2892,2023-09-13,312,Olivia Moreira,F,26-35,Norte,Óleo de Massagem Relaxante,Lubrificantes,63.23,1,0.0,Cartão Crédito,Entregue,Site,63.23,2023,9,2023-09,Wednesday
2372,2024-03-10,464,Dr. Benjamim da Paz,M,26-35,Sudeste,Lubrificante Íntimo Aquoso 100ml,Lubrificantes,50.62,2,0.0,Cartão Crédito,Entregue,Site,101.24,2024,3,2024-03,Sunday
4923,2024-06-12,244,Ravi Lucca Lopes,M,26-35,Sul,Camisola Sensual Preta,Lingerie,138.81,1,5.0,Pix,Entregue,Site,131.87,2024,6,2024-06,Wednesday
3229,2023-09-20,31,Luara Guerra,F,36-45,Nordeste,Lubrificante Sabores Baunilha,Lubrificantes,89.53,2,0.0,Pix,Entregue,App,179.06,2023,9,2023-09,Wednesday
2854,2024-02-12,579,Bruno Freitas,M,18-25,Centro-Oeste,Vibrador Ponto G Flex,Vibradores,121.15,1,0.0,Cartão Crédito,Entregue,App,121.15,2024,2,2024-02,Monday
2913,2024-09-07,341,Juliana Abreu,F,26-35,Nordeste,Fantasia Enfermeira,Lingerie,83.15,2,0.0,Pix,Entregue,App,166.3,2024,9,2024-09,Saturday
1866,2024-02-25,618,Ana Julia Rezende,F,18-25,Nordeste,Gel Excitante Masculino,Lubrificantes,65.22,1,0.0,Boleto,Entregue,Site,65.22,2024,2,2024-02,Sunday
1858,2024-03-28,168,Agatha da Rosa,F,26-35,Sul,Meia-Calça Rendada,Lingerie,148.47,1,0.0,Pix,Entregue,Site,148.47,2024,3,2024-03,Thursday
2646,2024-12-27,123,Giovanna Silva,F,36-45,Sudeste,Fantasia Policial,Lingerie,157.8,1,0.0,Boleto,Entregue,Marketplace,157.8,2024,12,2024-12,Friday
2244,2023-03-27,783,Sofia Martins,F,46+,Sudeste,Lubrificante Sabores Baunilha,Lubrificantes,88.8,2,0.0,Pix,Entregue,Site,177.6,2023,3,2023-03,Monday
2337,2023-06-21,166,Mateus Rocha,M,26-35,Sudeste,Vibrador Clássico Silicone,Vibradores,175.17,1,0.0,Pix,Entregue,App,175.17,2023,6,2023-06,Wednesday
3069,2023-09-16,80,Nina Siqueira,F,26-35,Sul,Kit Algemas Veludo,Acessórios BDSM,205.98,3,0.0,Pix,Entregue,Site,617.94,2023,9,2023-09,Saturday
1121,2023-02-18,527,Ana Cecília Machado,F,46+,Sul,Perfume Íntimo Floral,Cosméticos Íntimos,116.27,3,0.0,Pix,Entregue,Marketplace,348.81,2023,2,2023-02,Saturday
2598,2024-07-30,187,Dr. Pedro Miguel Pimenta,M,26-35,Sudeste,Kit Algemas Veludo,Acessórios BDSM,295.16,2,25.0,Pix,Entregue,App,442.74,2024,7,2024-07,Tuesday
2205,2023-04-13,350,Sra. Maria Helena Gomes,F,46+,Sudeste,Colar e Guia BDSM,Acessórios BDSM,181.54,1,0.0,Pix,Entregue,App,181.54,2023,4,2023-04,Thursday
420,2024-07-14,362,Dra. Laura da Conceição,F,26-35,Sudeste,Jogo Tabuleiro Casais,Jogos Adultos,83.21,1,0.0,Pix,Entregue,Marketplace,83.21,2024,7,2024-07,Sunday
923,2023-03-25,536,João Miguel Gomes,M,26-35,Nordeste,Conjunto Lingerie Boudoir,Lingerie,60.44,2,0.0,Pix,Entregue,Site,120.88,2023,3,2023-03,Saturday
1255,2023-10-07,305,Ágatha Monteiro,F,36-45,Sul,Gel Térmico Sensação Quente,Cosméticos Íntimos,126.04,3,0.0,Pix,Entregue,Site,378.12,2023,10,2023-10,Saturday
478,2024-05-20,218,Lara Sá,F,46+,Sul,Kit Algemas Veludo,Acessórios BDSM,298.73,1,0.0,Cartão Crédito,Entregue,Site,298.73,2024,5,2024-05,Monday
2036,2023-04-24,119,Letícia Ribeiro,Não informado,18-25,Norte,Lubrificante Base Silicone,Lubrificantes,42.81,1,25.0,Pix,Entregue,Marketplace,32.11,2023,4,2023-04,Monday
1203,2024-05-05,7,Apollo Novais,M,18-25,Nordeste,Lubrificante Íntimo Aquoso 100ml,Lubrificantes,39.88,2,0.0,Cartão Crédito,Entregue,Site,79.76,2024,5,2024-05,Sunday
2627,2024-12-13,27,Elisa Martins,F,26-35,Sul,Fantasia Enfermeira,Lingerie,60.46,3,0.0,Pix,Entregue,Site,181.38,2024,12,2024-12,Friday
1971,2023-12-19,7,Apollo Novais,M,18-25,Nordeste,Vibrador Rabbit Premium,Vibradores,409.48,2,5.0,Cartão Crédito,Entregue,Marketplace,778.01,2023,12,2023-12,Tuesday
3111,2024-11-29,270,Beatriz Correia,F,26-35,Sul,Camisola Sensual Preta,Lingerie,143.84,2,15.0,Cartão Crédito,Entregue,Site,244.53,2024,11,2024-11,Friday
4019,2024-03-27,98,Rhavi Montenegro,M,36-45,Sudeste,Gel Excitante Masculino,Lubrificantes,55.57,1,25.0,Pix,Entregue,Marketplace,41.68,2024,3,2024-03,Wednesday
2152,2024-01-30,53,Daniela Freitas,F,26-35,Sudeste,Body Coelhinha Plus Size,Lingerie,156.93,1,0.0,Cartão Débito,Devolvido,Marketplace,156.93,2024,1,2024-01,Tuesday
3688,2023-10-30,135,Ana Cecília Fogaça,F,46+,Nordeste,Creme Retardante Masculino,Cosméticos Íntimos,71.39,2,10.0,Pix,Entregue,Site,128.5,2023,10,2023-10,Monday
4034,2023-08-17,772,Rhavi Rezende,M,26-35,Centro-Oeste,Mini Vibrador Discreto,Vibradores,205.62,1,0.0,Pix,Devolvido,App,205.62,2023,8,2023-08,Thursday
5441,2024-08-19,168,Agatha da Rosa,F,26-35,Sul,Meia-Calça Rendada,Lingerie,164.98,1,10.0,Boleto,Entregue,Site,148.48,2024,8,2024-08,Monday
3055,2024-09-11,284,Henry Gabriel Vasconcelos,M,36-45,Sudeste,Kit Algemas Veludo,Acessórios BDSM,131.31,2,0.0,Boleto,Entregue,Site,262.62,2024,9,2024-09,Wednesday
1249,2024-03-11,584,Olivia Machado,F,26-35,Sul,Kit Roleplay Surpresa,Jogos Adultos,63.13,1,0.0,Pix,Entregue,App,63.13,2024,3,2024-03,Monday
2193,2024-12-10,294,Dra. Olivia da Rocha,F,26-35,Sudeste,Mini Vibrador Discreto,Vibradores,417.26,1,0.0,Cartão Crédito,Entregue,Site,417.26,2024,12,2024-12,Tuesday
993,2024-12-05,88,Sr. Caleb Sá,M,26-35,Sudeste,Fantasia Policial,Lingerie,159.67,2,0.0,Cartão Crédito,Entregue,Site,319.34,2024,12,2024-12,Thursday
2191,2024-11-18,84,Melissa Carvalho,F,26-35,Nordeste,Vibrador Clássico Silicone,Vibradores,209.23,1,0.0,Cartão Crédito,Entregue,Site,209.23,2024,11,2024-11,Monday
3598,2024-04-16,217,Lunna Fernandes,F,26-35,Sudeste,Colar e Guia BDSM,Acessórios BDSM,62.8,1,0.0,Pix,Entregue,Site,62.8,2024,4,2024-04,Tuesday
1319,2024-03-09,24,Giovanna Rios,F,26-35,Centro-Oeste,Gel Excitante Feminino,Lubrificantes,87.1,1,0.0,Boleto,Entregue,Marketplace,87.1,2024,3,2024-03,Saturday
1864,2023-02-01,213,Amanda Barros,F,18-25,Sul,Venda para Olhos Satin,Acessórios BDSM,224.98,1,0.0,Pix,Entregue,Site,224.98,2023,2,2023-02,Wednesday
2344,2023-03-12,121,Cauê Souza,M,26-35,Sul,Fantasia Enfermeira,Lingerie,115.86,2,0.0,Pix,Entregue,Marketplace,231.72,2023,3,2023-03,Sunday
2450,2024-05-08,116,Emanuel Macedo,M,46+,Sudeste,Conjunto Lingerie Boudoir,Lingerie,198.71,3,0.0,Boleto,Entregue,Marketplace,596.13,2024,5,2024-05,Wednesday
1066,2024-12-01,348,Maria Isis da Conceição,F,36-45,Sul,Spray Prolongador,Cosméticos Íntimos,145.23,2,0.0,Cartão Crédito,Entregue,Site,290.46,2024,12,2024-12,Sunday
4228,2024-02-11,273,Sr. João Guilherme Aparecida,M,18-25,Nordeste,Gel Excitante Feminino,Lubrificantes,87.75,1,0.0,Cartão Crédito,Devolvido,Marketplace,87.75,2024,2,2024-02,Sunday
2622,2024-02-14,532,Thiago Ramos,M,26-35,Sudeste,Gel Excitante Masculino,Lubrificantes,45.86,1,5.0,Pix,Entregue,Site,43.57,2024,2,2024-02,Wednesday
2899,2024-02-14,152,Joana Cavalcanti,F,26-35,Sul,Camisola Sensual Preta,Lingerie,192.35,2,0.0,Cartão Crédito,Entregue,Marketplace,384.7,2024,2,2024-02,Wednesday
1315,2024-02-05,164,Dr. Luan Guerra,M,26-35,Sudeste,Mini Vibrador Discreto,Vibradores,194.36,2,0.0,Cartão Crédito,Entregue,App,388.72,2024,2,2024-02,Monday
4972,2023-06-01,542,Dra. Clarice Farias,F,18-25,Sudeste,Vibrador Rabbit Premium,Vibradores,329.86,1,0.0,Cartão Crédito,Entregue,Site,329.86,2023,6,2023-06,Thursday
873,2023-06-01,275,Sr. Samuel Caldeira,M,36-45,Norte,Gel Excitante Masculino,Lubrificantes,64.09,4,30.0,Cartão Crédito,Entregue,App,179.45,2023,6,2023-06,Thursday
3851,2023-10-17,148,Dr. Bernardo Vargas,Não informado,26-35,Norte,Wand Massager Pro,Vibradores,486.07,1,5.0,Pix,Entregue,Site,461.77,2023,10,2023-10,Tuesday
5314,2023-11-24,677,Kamilly Cardoso,F,18-25,Sudeste,Camisola Sensual Preta,Lingerie,190.61,1,0.0,Cartão Crédito,Entregue,Marketplace,190.61,2023,11,2023-11,Friday
2966,2024-06-11,318,Sabrina da Paz,Não informado,46+,Nordeste,Body Rendado Vermelho,Lingerie,89.19,2,10.0,Cartão Crédito,Entregue,App,160.54,2024,6,2024-06,Tuesday
3392,2024-03-30,542,Dra. Clarice Farias,F,18-25,Sudeste,Lubrificante Sabores Baunilha,Lubrificantes,80.97,1,0.0,Pix,Entregue,Site,80.97,2024,3,2024-03,Saturday
2561,2023-02-06,404,Julia Pacheco,F,18-25,Sul,Perfume Íntimo Floral,Cosméticos Íntimos,147.98,1,0.0,Pix,Entregue,Site,147.98,2023,2,2023-02,Monday
5435,2024-02-27,243,Dr. Vitor Gabriel Vasconcelos,M,26-35,Sudeste,Lubrificante Sabores Morango,Lubrificantes,61.39,1,0.0,Pix,Entregue,App,61.39,2024,2,2024-02,Tuesday
2636,2023-06-05,291,Eduarda da Costa,F,36-45,Sudeste,Dominó Erótico,Jogos Adultos,67.15,1,0.0,Cartão Crédito,Devolvido,Site,67.15,2023,6,2023-06,Monday
3531,2024-02-09,90,Rafaela Cunha,Não informado,36-45,Sudeste,Camisola Sensual Preta,Lingerie,184.95,1,0.0,Cartão Débito,Entregue,Site,184.95,2024,2,2024-02,Friday
376,2023-09-24,106,Vicente Dias,M,26-35,Sul,Lubrificante Sabores Morango,Lubrificantes,82.57,1,0.0,Cartão Crédito,Entregue,Site,82.57,2023,9,2023-09,Sunday
1909,2023-08-24,109,Caroline Rios,F,36-45,Sudeste,Gel Excitante Feminino,Lubrificantes,67.9,1,0.0,Cartão Crédito,Entregue,App,67.9,2023,8,2023-08,Thursday
4430,2023-04-29,407,Lunna Pimenta,F,18-25,Sul,Massageador Corporal Wave,Vibradores,465.71,1,0.0,Pix,Entregue,Site,465.71,2023,4,2023-04,Saturday
4908,2024-11-08,64,Gabriela Silva,F,26-35,Sudeste,Lubrificante Íntimo Aquoso 100ml,Lubrificantes,31.57,1,0.0,Cartão Crédito,Entregue,App,31.57,2024,11,2024-11,Friday
4858,2024-08-14,619,João Gabriel Campos,M,26-35,Nordeste,Creme Retardante Masculino,Cosméticos Íntimos,109.24,1,0.0,Pix,Entregue,Site,109.24,2024,8,2024-08,Wednesday
4028,2024-05-12,48,Sra. Brenda da Rocha,F,26-35,Centro-Oeste,Camisola Sensual Preta,Lingerie,174.07,3,0.0,Cartão Crédito,Entregue,Site,522.21,2024,5,2024-05,Sunday
1605,2024-07-08,21,Carlos Eduardo Garcia,Não informado,36-45,Sul,Mordaça Silicone,Acessórios BDSM,159.21,2,0.0,Cartão Crédito,Entregue,App,318.42,2024,7,2024-07,Monday
1119,2023-02-11,86,Isadora Barbosa,Não informado,18-25,Sudeste,Lubrificante Íntimo Aquoso 100ml,Lubrificantes,77.53,5,15.0,Pix,Entregue,App,329.5,2023,2,2023-02,Saturday
3678,2024-07-12,131,Daniel Barbosa,M,36-45,Sudeste,Kit Algemas Veludo,Acessórios BDSM,101.77,1,5.0,Pix,Entregue,Marketplace,96.68,2024,7,2024-07,Friday
3491,2023-11-10,25,Brayan Pereira,M,26-35,Sul,Camisola Sensual Preta,Lingerie,135.23,2,0.0,Boleto,Entregue,Marketplace,270.46,2023,11,2023-11,Friday
5397,2024-04-30,27,Elisa Martins,F,26-35,Sul,Spray Prolongador,Cosméticos Íntimos,95.09,4,0.0,Pix,Entregue,Site,380.36,2024,4,2024-04,Tuesday
1995,2023-03-14,361,Ana Lívia da Costa,F,26-35,Sudeste,Vibrador Ponto G Flex,Vibradores,220.91,1,25.0,Cartão Débito,Entregue,Marketplace,165.68,2023,3,2023-03,Tuesday
5499,2023-03-06,227,Nina Sampaio,F,26-35,Sul,Cartas Posições Kamasutra,Jogos Adultos,82.26,3,10.0,Pix,Devolvido,Site,222.1,2023,3,2023-03,Monday
4829,2023-12-13,103,Isadora Pacheco,F,46+,Nordeste,Jogo Tabuleiro Casais,Jogos Adultos,69.65,4,25.0,Pix,Entregue,Site,208.95,2023,12,2023-12,Wednesday
2377,2023-12-31,101,Bernardo Rocha,M,26-35,Nordeste,Dado do Prazer,Jogos Adultos,95.72,1,0.0,Pix,Entregue,Site,95.72,2023,12,2023-12,Sunday
1343,2024-06-25,495,Maria Helena Nascimento,F,36-45,Sudeste,Vibrador Duplo Prazer,Vibradores,199.4,3,20.0,Boleto,Entregue,Site,478.56,2024,6,2024-06,Tuesday
1620,2023-07-07,342,Letícia Pastor,F,18-25,Centro-Oeste,Mini Vibrador Discreto,Vibradores,179.77,1,5.0,Cartão Crédito,Entregue,Site,170.78,2023,7,2023-07,Friday
3714,2023-12-26,260,Leandro Ribeiro,M,26-35,Sudeste,Óleo de Massagem Relaxante,Lubrificantes,76.82,1,0.0,Pix,Entregue,Site,76.82,2023,12,2023-12,Tuesday
2061,2023-06-07,18,Maria Cecília Oliveira,F,26-35,Centro-Oeste,Vibrador Ponto G Flex,Vibradores,458.19,1,0.0,Cartão Crédito,Entregue,Marketplace,458.19,2023,6,2023-06,Wednesday
1674,2024-10-06,416,Eduardo Leão,M,18-25,Nordeste,Cartas Posições Kamasutra,Jogos Adultos,116.7,5,0.0,Cartão Crédito,Devolvido,Site,583.5,2024,10,2024-10,Sunday
261,2024-11-15,255,Samuel Novais,M,26-35,Sul,Fantasia Enfermeira,Lingerie,145.73,3,0.0,Pix,Entregue,Marketplace,437.19,2024,11,2024-11,Friday
4905,2023-12-28,594,Allana Pires,F,46+,Nordeste,Conjunto Lingerie Boudoir,Lingerie,170.6,1,0.0,Pix,Entregue,Site,170.6,2023,12,2023-12,Thursday
2040,2023-09-13,80,Nina Siqueira,F,26-35,Sul,Kit Roleplay Surpresa,Jogos Adultos,72.52,3,15.0,Pix,Entregue,Marketplace,184.93,2023,9,2023-09,Wednesday
902,2024-09-19,8,Yago Leão,M,26-35,Sudeste,Sabonete Íntimo pH Neutro,Cosméticos Íntimos,87.22,3,0.0,Cartão Crédito,Entregue,Site,261.66,2024,9,2024-09,Thursday
3745,2023-05-27,2,Isabelly Câmara,F,36-45,Nordeste,Cartas Posições Kamasutra,Jogos Adultos,114.46,1,0.0,Pix,Entregue,Marketplace,114.46,2023,5,2023-05,Saturday
2027,2024-12-30,342,Letícia Pastor,F,18-25,Centro-Oeste,Lubrificante Sabores Morango,Lubrificantes,30.91,2,0.0,Cartão Crédito,Entregue,App,61.82,2024,12,2024-12,Monday
4235,2023-07-09,6,Helena da Conceição,F,26-35,Sul,Venda para Olhos Satin,Acessórios BDSM,272.66,1,10.0,Boleto,Entregue,App,245.39,2023,7,2023-07,Sunday
1918,2024-07-24,241,Natália Santos,F,46+,Nordeste,Body Rendado Vermelho,Lingerie,104.29,4,15.0,Pix,Entregue,Marketplace,354.59,2024,7,2024-07,Wednesday
1829,2024-07-02,408,Benício Porto,M,36-45,Sudeste,Lubrificante Base Silicone,Lubrificantes,61.46,1,0.0,Cartão Crédito,Entregue,Site,61.46,2024,7,2024-07,Tuesday
1574,2024-11-29,488,Ryan Moura,M,36-45,Sudeste,Óleo de Massagem Relaxante,Lubrificantes,33.37,1,0.0,Cartão Crédito,Entregue,Site,33.37,2024,11,2024-11,Friday
4209,2024-08-12,26,Srta. Yasmin Siqueira,F,46+,Sul,Gel Excitante Masculino,Lubrificantes,73.5,4,0.0,Boleto,Entregue,Site,294.0,2024,8,2024-08,Monday
4628,2024-02-19,189,Emanuel Souza,M,36-45,Sudeste,Body Rendado Vermelho,Lingerie,99.64,2,0.0,Pix,Entregue,Marketplace,199.28,2024,2,2024-02,Monday
225,2023-02-14,86,Isadora Barbosa,Não informado,18-25,Sudeste,Cartas Posições Kamasutra,Jogos Adultos,118.32,3,0.0,Pix,Entregue,Site,354.96,2023,2,2023-02,Tuesday
724,2023-10-22,351,Sr. Thales Andrade,M,36-45,Sul,Gel Excitante Feminino,Lubrificantes,69.65,1,0.0,Pix,Entregue,App,69.65,2023,10,2023-10,Sunday
4982,2024-09-01,77,Maria Luísa Correia,F,46+,Sudeste,Dominó Erótico,Jogos Adultos,96.11,3,15.0,Pix,Entregue,Site,245.08,2024,9,2024-09,Sunday
1142,2023-10-10,118,Dra. Alexia Rios,F,46+,Sudeste,Vibrador Ponto G Flex,Vibradores,173.91,1,0.0,Cartão Crédito,Entregue,Site,173.91,2023,10,2023-10,Tuesday
847,2023-06-20,25,Brayan Pereira,M,26-35,Sul,Vibrador Rabbit Premium,Vibradores,350.21,3,0.0,Cartão Débito,Entregue,App,1050.63,2023,6,2023-06,Tuesday
4290,2023-03-31,413,Zoe Carvalho,F,26-35,Sudeste,Gel Excitante Masculino,Lubrificantes,81.06,1,0.0,Cartão Crédito,Entregue,Site,81.06,2023,3,2023-03,Friday
2552,2024-05-19,33,Luara Cunha,Não informado,26-35,Norte,Camisola Sensual Preta,Lingerie,111.69,3,0.0,Pix,Entregue,Marketplace,335.07,2024,5,2024-05,Sunday
2929,2023-12-12,364,Dra. Beatriz Macedo,F,46+,Sudeste,Dominó Erótico,Jogos Adultos,51.91,1,0.0,Boleto,Entregue,Site,51.91,2023,12,2023-12,Tuesday
118,2024-06-04,58,Ana Laura da Costa,F,26-35,Nordeste,Vibrador Duplo Prazer,Vibradores,168.83,1,10.0,Cartão Débito,Entregue,App,151.95,2024,6,2024-06,Tuesday
646,2024-02-19,530,Bento Machado,M,26-35,Centro-Oeste,Vibrador Duplo Prazer,Vibradores,427.77,2,0.0,Pix,Entregue,App,855.54,2024,2,2024-02,Monday
4,2024-07-04,245,Dr. Lorenzo da Cruz,M,18-25,Sul,Kit Iniciante BDSM 5 Peças,Acessórios BDSM,235.53,2,0.0,Pix,Entregue,App,471.06,2024,7,2024-07,Thursday
4171,2023-01-15,54,Ágatha Vasconcelos,F,18-25,Sul,Vibrador Ponto G Flex,Vibradores,350.0,4,0.0,Cartão Crédito,Entregue,Marketplace,1400.0,2023,1,2023-01,Sunday
468,2023-05-12,496,Sr. Theodoro Novais,M,26-35,Nordeste,Meia-Calça Rendada,Lingerie,173.36,3,0.0,Pix,Entregue,Site,520.08,2023,5,2023-05,Friday
6,2023-03-31,48,Sra. Brenda da Rocha,F,26-35,Centro-Oeste,Kit Cuidados Íntimos,Cosméticos Íntimos,128.27,1,30.0,Pix,Entregue,App,89.79,2023,3,2023-03,Friday
920,2024-11-18,42,Eduarda Vieira,F,18-25,Sudeste,Fantasia Policial,Lingerie,180.51,3,0.0,Pix,Entregue,Site,541.53,2024,11,2024-11,Monday
2596,2023-10-04,384,Sra. Kamilly Albuquerque,F,18-25,Sul,Vibrador Rabbit Premium,Vibradores,229.71,2,0.0,Cartão Crédito,Entregue,Marketplace,459.42,2023,10,2023-10,Wednesday
4325,2023-03-22,421,Maria Eduarda Nogueira,F,18-25,Sudeste,Perfume Íntimo Floral,Cosméticos Íntimos,109.4,1,0.0,Boleto,Entregue,Marketplace,109.4,2023,3,2023-03,Wednesday
1064,2024-08-15,148,Dr. Bernardo Vargas,Não informado,26-35,Norte,Lubrificante Íntimo Aquoso 250ml,Lubrificantes,72.31,1,0.0,Pix,Entregue,App,72.31,2024,8,2024-08,Thursday
2591,2024-03-04,435,Antony Cavalcanti,M,36-45,Nordeste,Colar e Guia BDSM,Acessórios BDSM,195.32,1,30.0,Cartão Crédito,Entregue,Site,136.72,2024,3,2024-03,Monday
243,2023-05-01,572,Davi da Paz,M,26-35,Nordeste,Vibrador Clássico Silicone,Vibradores,96.16,2,0.0,Pix,Entregue,Site,192.32,2023,5,2023-05,Monday
1161,2024-08-12,439,Sophie Pastor,F,18-25,Sudeste,Creme Excitante Feminino,Cosméticos Íntimos,134.76,1,0.0,Cartão Crédito,Entregue,Site,134.76,2024,8,2024-08,Monday
2871,2023-02-15,536,João Miguel Gomes,M,26-35,Nordeste,Dominó Erótico,Jogos Adultos,42.41,2,0.0,Pix,Entregue,App,84.82,2023,2,2023-02,Wednesday
3736,2023-02-18,174,Lívia Borges,F,46+,Sudeste,Vibrador Ponto G Flex,Vibradores,209.94,1,0.0,Cartão Débito,Entregue,Site,209.94,2023,2,2023-02,Saturday
2398,2024-07-08,8,Yago Leão,M,26-35,Sudeste,Vibrador Rabbit Premium,Vibradores,366.45,3,20.0,Cartão Crédito,Entregue,App,879.48,2024,7,2024-07,Monday
3518,2024-10-16,134,Ana Cecília das Neves,F,26-35,Sudeste,Lubrificante Íntimo Aquoso 100ml,Lubrificantes,43.82,1,0.0,Pix,Devolvido,App,43.82,2024,10,2024-10,Wednesday
3422,2024-02-04,261,Léo Melo,M,26-35,Nordeste,Lubrificante Sabores Morango,Lubrificantes,78.04,1,0.0,Pix,Entregue,Site,78.04,2024,2,2024-02,Sunday
2564,2024-02-27,22,Rafael Porto,M,36-45,Nordeste,Gel Excitante Feminino,Lubrificantes,74.76,1,10.0,Cartão Crédito,Entregue,Site,67.28,2024,2,2024-02,Tuesday
1606,2024-02-12,198,Srta. Hadassa Azevedo,F,26-35,Nordeste,Camisola Sensual Preta,Lingerie,110.64,4,30.0,Boleto,Entregue,Site,309.79,2024,2,2024-02,Monday
5356,2024-11-02,143,Cauê Garcia,M,18-25,Nordeste,Spray Prolongador,Cosméticos Íntimos,140.56,1,0.0,Cartão Crédito,Entregue,Site,140.56,2024,11,2024-11,Saturday
2325,2023-08-30,437,Sra. Valentina Camargo,F,26-35,Sudeste,Mini Vibrador Discreto,Vibradores,469.64,1,30.0,Cartão Débito,Entregue,Marketplace,328.75,2023,8,2023-08,Wednesday
2710,2024-10-03,96,Vitor Hugo Araújo,M,36-45,Sudeste,Perfume Íntimo Floral,Cosméticos Íntimos,79.22,3,0.0,Pix,Entregue,Marketplace,237.66,2024,10,2024-10,Thursday
4882,2024-06-13,173,Srta. Antonella da Paz,F,18-25,Sudeste,Chicote de Couro Soft,Acessórios BDSM,242.55,2,0.0,Pix,Entregue,Marketplace,485.1,2024,6,2024-06,Thursday
1313,2023-10-23,214,Sra. Catarina Martins,F,46+,Sul,Fantasia Policial,Lingerie,180.56,1,0.0,Cartão Crédito,Entregue,Marketplace,180.56,2023,10,2023-10,Monday
3449,2023-06-24,241,Natália Santos,F,46+,Nordeste,Vibrador Ponto G Flex,Vibradores,310.76,3,30.0,Pix,Entregue,Marketplace,652.6,2023,6,2023-06,Saturday
3813,2024-09-29,72,Ana Beatriz Farias,F,46+,Norte,Fantasia Enfermeira,Lingerie,81.99,3,10.0,Cartão Crédito,Entregue,App,221.37,2024,9,2024-09,Sunday
5167,2024-05-20,65,Maria Liz Rios,F,46+,Sul,Gel Excitante Masculino,Lubrificantes,43.83,2,0.0,Cartão Crédito,Entregue,App,87.66,2024,5,2024-05,Monday
1976,2024-05-19,625,Anna Liz Lopes,F,36-45,Sudeste,Corda de Shibari 5m,Acessórios BDSM,289.29,2,0.0,Pix,Devolvido,Site,578.58,2024,5,2024-05,Sunday
3515,2024-06-02,473,Leonardo Fernandes,M,18-25,Norte,Fantasia Policial,Lingerie,178.45,1,5.0,Cartão Crédito,Entregue,Site,169.53,2024,6,2024-06,Sunday
2740,2023-10-31,22,Rafael Porto,M,36-45,Nordeste,Body Coelhinha Plus Size,Lingerie,140.64,3,0.0,Boleto,Entregue,Site,421.92,2023,10,2023-10,Tuesday
5172,2024-06-10,225,Isaque Cardoso,Não informado,26-35,Sul,Vibrador Duplo Prazer,Vibradores,240.43,4,0.0,Pix,Entregue,App,961.72,2024,6,2024-06,Monday
2473,2023-05-16,562,Larissa Sá,Não informado,36-45,Sudeste,Camisola Sensual Preta,Lingerie,105.02,1,15.0,Pix,Entregue,Site,89.27,2023,5,2023-05,Tuesday
4008,2024-03-12,144,Ravy Câmara,M,18-25,Sudeste,Mini Vibrador Discreto,Vibradores,342.58,1,30.0,Pix,Entregue,Marketplace,239.81,2024,3,2024-03,Tuesday
4719,2024-05-20,156,Bruna Gomes,F,26-35,Nordeste,Creme Retardante Masculino,Cosméticos Íntimos,134.62,1,0.0,Cartão Crédito,Entregue,Site,134.62,2024,5,2024-05,Monday
1494,2023-02-05,22,Rafael Porto,M,36-45,Nordeste,Perfume Íntimo Floral,Cosméticos Íntimos,92.85,1,0.0,Cartão Crédito,Entregue,Site,92.85,2023,2,2023-02,Sunday
4207,2023-03-18,237,Mariane Ribeiro,F,18-25,Nordeste,Spray Prolongador,Cosméticos Íntimos,102.08,4,20.0,Cartão Crédito,Entregue,Site,326.66,2023,3,2023-03,Saturday
1170,2024-03-14,94,Ryan Cassiano,M,36-45,Sudeste,Kit Cuidados Íntimos,Cosméticos Íntimos,123.79,1,20.0,Cartão Crédito,Entregue,Marketplace,99.03,2024,3,2024-03,Thursday
5015,2024-12-02,61,Davi Lucas Cardoso,M,36-45,Norte,Chicote de Couro Soft,Acessórios BDSM,190.82,1,0.0,Pix,Entregue,Marketplace,190.82,2024,12,2024-12,Monday
233,2024-10-09,231,Apollo das Neves,M,26-35,Nordeste,Kit Iniciante BDSM 5 Peças,Acessórios BDSM,108.08,1,0.0,Pix,Entregue,App,108.08,2024,10,2024-10,Wednesday
67,2023-01-30,43,Sra. Ana Luiza Gomes,F,46+,Centro-Oeste,Dado do Prazer,Jogos Adultos,115.23,1,0.0,Boleto,Entregue,Site,115.23,2023,1,2023-01,Monday
1604,2023-02-28,121,Cauê Souza,M,26-35,Sul,Gel Excitante Masculino,Lubrificantes,87.5,1,15.0,Cartão Crédito,Entregue,Site,74.38,2023,2,2023-02,Tuesday
3284,2024-01-18,517,Pietro Rodrigues,M,36-45,Nordeste,Gel Excitante Feminino,Lubrificantes,42.88,2,0.0,Cartão Crédito,Entregue,App,85.76,2024,1,2024-01,Thursday
3597,2023-11-30,73,Sophie da Costa,F,36-45,Sudeste,Mini Vibrador Discreto,Vibradores,304.94,1,0.0,Boleto,Entregue,Site,304.94,2023,11,2023-11,Thursday
4633,2023-07-28,412,Danilo Brito,M,36-45,Sudeste,Spray Prolongador,Cosméticos Íntimos,52.32,1,0.0,Pix,Entregue,Site,52.32,2023,7,2023-07,Friday
126,2023-07-18,152,Joana Cavalcanti,F,26-35,Sul,Body Rendado Vermelho,Lingerie,179.09,4,20.0,Cartão Crédito,Entregue,App,573.09,2023,7,2023-07,Tuesday
1297,2023-03-03,51,Thiago Caldeira,Não informado,36-45,Sul,Lubrificante Sabores Baunilha,Lubrificantes,32.24,1,0.0,Cartão Crédito,Devolvido,Marketplace,32.24,2023,3,2023-03,Friday
1977,2023-04-07,83,Evelyn Correia,F,26-35,Nordeste,Lubrificante Sabores Morango,Lubrificantes,79.87,1,0.0,Boleto,Entregue,Site,79.87,2023,4,2023-04,Friday
5016,2023-07-25,66,Dr. Pedro Lucas Moreira,M,26-35,Sudeste,Lubrificante Íntimo Aquoso 250ml,Lubrificantes,65.35,5,10.0,Pix,Entregue,Site,294.08,2023,7,2023-07,Tuesday
4978,2023-09-28,64,Gabriela Silva,F,26-35,Sudeste,Conjunto Lingerie Boudoir,Lingerie,196.59,4,25.0,Cartão Crédito,Entregue,Site,589.77,2023,9,2023-09,Thursday
2076,2023-10-01,499,Ana Vitória Dias,Não informado,46+,Sudeste,Óleo de Massagem Relaxante,Lubrificantes,63.57,2,0.0,Cartão Crédito,Entregue,App,127.14,2023,10,2023-10,Sunday
4581,2023-01-06,612,Sra. Ana Carolina da Rocha,Não informado,46+,Centro-Oeste,Body Rendado Vermelho,Lingerie,119.2,1,0.0,Pix,Entregue,Site,119.2,2023,1,2023-01,Friday
3087,2024-05-03,144,Ravy Câmara,M,18-25,Sudeste,Fantasia Policial,Lingerie,64.55,1,0.0,Pix,Entregue,Site,64.55,2024,5,2024-05,Friday
4819,2023-10-27,526,Sr. Thiago Gomes,M,36-45,Sul,Colar e Guia BDSM,Acessórios BDSM,90.41,1,0.0,Cartão Crédito,Entregue,Site,90.41,2023,10,2023-10,Friday
3346,2024-05-21,330,Luana Novaes,F,36-45,Sudeste,Lubrificante Íntimo Aquoso 250ml,Lubrificantes,66.88,1,0.0,Cartão Crédito,Entregue,Site,66.88,2024,5,2024-05,Tuesday
4958,2024-02-23,268,Rafaela da Mota,F,26-35,Norte,Gel Térmico Sensação Quente,Cosméticos Íntimos,48.18,1,0.0,Pix,Entregue,App,48.18,2024,2,2024-02,Friday
2798,2023-01-15,260,Leandro Ribeiro,M,26-35,Sudeste,Vibrador Clássico Silicone,Vibradores,358.92,2,5.0,Cartão Débito,Entregue,Site,681.95,2023,1,2023-01,Sunday
919,2023-12-10,372,Isabella Monteiro,F,18-25,Nordeste,Lingerie Cropped com Bojo,Lingerie,116.91,1,30.0,Pix,Entregue,Site,81.84,2023,12,2023-12,Sunday
1647,2024-02-06,38,Dra. Mariane Pacheco,F,26-35,Sudeste,Camisola Sensual Preta,Lingerie,177.59,1,0.0,Pix,Entregue,Site,177.59,2024,2,2024-02,Tuesday
4622,2023-07-07,373,Cecília da Conceição,F,36-45,Sul,Lubrificante Base Silicone,Lubrificantes,84.12,1,0.0,Cartão Crédito,Entregue,Site,84.12,2023,7,2023-07,Friday
365,2024-10-08,627,Luna Caldeira,F,26-35,Sudeste,Mordaça Silicone,Acessórios BDSM,151.47,1,20.0,Cartão Crédito,Entregue,Marketplace,121.18,2024,10,2024-10,Tuesday
3288,2024-03-16,414,Mirella Freitas,F,18-25,Sul,Gel Excitante Feminino,Lubrificantes,55.74,1,0.0,Cartão Crédito,Entregue,App,55.74,2024,3,2024-03,Saturday
2126,2024-11-27,292,Ana Vitória Castro,F,36-45,Sul,Vibrador Clássico Silicone,Vibradores,339.53,1,0.0,Cartão Crédito,Entregue,Site,339.53,2024,11,2024-11,Wednesday
4570,2023-04-17,482,Benicio Rocha,M,36-45,Nordeste,Body Rendado Vermelho,Lingerie,68.88,1,0.0,Boleto,Entregue,Marketplace,68.88,2023,4,2023-04,Monday
526,2023-02-27,172,Sophia Melo,F,36-45,Nordeste,Creme Excitante Feminino,Cosméticos Íntimos,143.58,1,0.0,Pix,Entregue,Site,143.58,2023,2,2023-02,Monday
56,2023-04-10,586,José Miguel Cunha,M,26-35,Sudeste,Massageador Corporal Wave,Vibradores,490.49,1,0.0,Cartão Crédito,Entregue,Marketplace,490.49,2023,4,2023-04,Monday
639,2024-11-08,87,Beatriz Aragão,F,46+,Centro-Oeste,Óleo de Massagem Relaxante,Lubrificantes,43.45,1,0.0,Pix,Entregue,Marketplace,43.45,2024,11,2024-11,Friday
303,2024-10-25,210,Dra. Maria Luiza Silveira,F,26-35,Nordeste,Vibrador Duplo Prazer,Vibradores,407.07,1,0.0,Cartão Crédito,Entregue,App,407.07,2024,10,2024-10,Friday
2767,2024-04-02,204,Maria da Rosa,F,36-45,Sudeste,Wand Massager Pro,Vibradores,321.54,3,0.0,Cartão Crédito,Entregue,Site,964.62,2024,4,2024-04,Tuesday
1277,2024-07-08,77,Maria Luísa Correia,F,46+,Sudeste,Gel Excitante Masculino,Lubrificantes,76.25,1,0.0,Pix,Entregue,App,76.25,2024,7,2024-07,Monday
4433,2023-12-22,176,Diogo Alves,M,46+,Sudeste,Creme Excitante Feminino,Cosméticos Íntimos,46.49,3,30.0,Cartão Crédito,Entregue,Marketplace,97.63,2023,12,2023-12,Friday
3645,2023-12-20,370,Emilly Cavalcante,Não informado,36-45,Sudeste,Chicote de Couro Soft,Acessórios BDSM,97.42,1,0.0,Pix,Entregue,Site,97.42,2023,12,2023-12,Wednesday
2879,2024-02-23,240,Bianca Lopes,F,26-35,Sudeste,Vibrador Ponto G Flex,Vibradores,471.08,1,0.0,Cartão Crédito,Entregue,Site,471.08,2024,2,2024-02,Friday
4203,2024-02-03,38,Dra. Mariane Pacheco,F,26-35,Sudeste,Vibrador Clássico Silicone,Vibradores,248.61,4,0.0,Cartão Crédito,Entregue,Site,994.44,2024,2,2024-02,Saturday
2287,2024-07-30,704,Antônio Borges,M,26-35,Nordeste,Creme Excitante Feminino,Cosméticos Íntimos,52.11,2,0.0,Pix,Entregue,Site,104.22,2024,7,2024-07,Tuesday
2262,2023-08-17,247,Nicole Nunes,F,26-35,Nordeste,Lubrificante Sabores Morango,Lubrificantes,57.96,5,0.0,Pix,Entregue,App,289.8,2023,8,2023-08,Thursday
2297,2023-03-30,69,Heloísa Pastor,F,26-35,Sudeste,Meia-Calça Rendada,Lingerie,193.39,1,0.0,Pix,Entregue,App,193.39,2023,3,2023-03,Thursday
1754,2023-05-28,77,Maria Luísa Correia,F,46+,Sudeste,Body Coelhinha Plus Size,Lingerie,91.25,3,0.0,Cartão Débito,Entregue,Site,273.75,2023,5,2023-05,Sunday
4825,2023-03-11,213,Amanda Barros,F,18-25,Sul,Jogo Tabuleiro Casais,Jogos Adultos,96.34,1,0.0,Cartão Crédito,Entregue,Site,96.34,2023,3,2023-03,Saturday
2394,2023-10-05,43,Sra. Ana Luiza Gomes,F,46+,Centro-Oeste,Fantasia Enfermeira,Lingerie,157.5,1,0.0,Pix,Entregue,Site,157.5,2023,10,2023-10,Thursday
3901,2023-09-03,154,Maya Ferreira,F,18-25,Sudeste,Body Rendado Vermelho,Lingerie,177.74,2,0.0,Cartão Débito,Entregue,Site,355.48,2023,9,2023-09,Sunday
5176,2024-02-14,429,Igor Farias,M,36-45,Centro-Oeste,Lingerie Cropped com Bojo,Lingerie,69.07,4,20.0,Pix,Entregue,Site,221.02,2024,2,2024-02,Wednesday
4700,2023-06-28,738,Mateus Casa Grande,M,36-45,Nordeste,Lingerie Cropped com Bojo,Lingerie,119.59,1,0.0,Cartão Crédito,Entregue,Marketplace,119.59,2023,6,2023-06,Wednesday
4157,2024-02-12,210,Dra. Maria Luiza Silveira,F,26-35,Nordeste,Gel Excitante Masculino,Lubrificantes,31.47,4,0.0,Cartão Crédito,Entregue,Site,125.88,2024,2,2024-02,Monday
1970,2023-08-25,8,Yago Leão,M,26-35,Sudeste,Gel Excitante Feminino,Lubrificantes,59.09,2,0.0,Pix,Entregue,Marketplace,118.18,2023,8,2023-08,Friday
672,2023-12-27,540,Calebe Novais,M,26-35,Norte,Meia-Calça Rendada,Lingerie,160.03,2,0.0,Cartão Crédito,Entregue,Site,320.06,2023,12,2023-12,Wednesday
4189,2024-10-27,311,Sra. Ana Cecília Teixeira,F,36-45,Sudeste,Jogo Tabuleiro Casais,Jogos Adultos,47.68,1,0.0,Cartão Crédito,Entregue,Site,47.68,2024,10,2024-10,Sunday
667,2023-05-05,78,Aylla Ribeiro,F,26-35,Nordeste,Lubrificante Base Silicone,Lubrificantes,79.12,3,0.0,Boleto,Entregue,Marketplace,237.36,2023,5,2023-05,Friday
4811,2024-08-03,52,Sra. Sofia Pereira,F,18-25,Sudeste,Cartas Posições Kamasutra,Jogos Adultos,96.46,1,0.0,Cartão Crédito,Entregue,Site,96.46,2024,8,2024-08,Saturday
1888,2023-12-05,79,Maria Lima,F,18-25,Centro-Oeste,Lubrificante Sabores Baunilha,Lubrificantes,55.57,1,5.0,Boleto,Entregue,Site,52.79,2023,12,2023-12,Tuesday
3267,2024-02-05,175,Leonardo Câmara,M,36-45,Sul,Corda de Shibari 5m,Acessórios BDSM,184.77,1,0.0,Pix,Entregue,App,184.77,2024,2,2024-02,Monday
281,2023-11-12,529,Olívia Montenegro,F,18-25,Sudeste,Kit Cuidados Íntimos,Cosméticos Íntimos,86.57,5,0.0,Pix,Entregue,Site,432.85,2023,11,2023-11,Sunday
2948,2024-03-16,193,Kamilly Macedo,F,26-35,Sul,Dominó Erótico,Jogos Adultos,64.54,3,25.0,Pix,Entregue,Site,145.22,2024,3,2024-03,Saturday
900,2023-11-26,25,Brayan Pereira,M,26-35,Sul,Vibrador Clássico Silicone,Vibradores,370.47,1,0.0,Pix,Entregue,App,370.47,2023,11,2023-11,Sunday
5381,2023-03-26,71,Dra. Ana Liz da Conceição,F,36-45,Sul,Óleo de Massagem Relaxante,Lubrificantes,56.6,1,0.0,Cartão Crédito,Entregue,Marketplace,56.6,2023,3,2023-03,Sunday
761,2023-04-05,46,Dra. Bruna Rodrigues,F,18-25,Nordeste,Fantasia Policial,Lingerie,168.03,1,30.0,Boleto,Entregue,Marketplace,117.62,2023,4,2023-04,Wednesday
4043,2024-03-07,172,Sophia Melo,F,36-45,Nordeste,Gel Excitante Masculino,Lubrificantes,71.15,2,15.0,Cartão Crédito,Entregue,App,120.96,2024,3,2024-03,Thursday
3824,2024-03-04,110,Dr. Raul Dias,M,36-45,Nordeste,Vibrador Ponto G Flex,Vibradores,281.75,2,15.0,Pix,Entregue,Marketplace,478.98,2024,3,2024-03,Monday
4139,2024-10-16,290,Julia Ribeiro,F,18-25,Sul,Body Coelhinha Plus Size,Lingerie,84.91,1,0.0,Boleto,Entregue,Site,84.91,2024,10,2024-10,Wednesday
3819,2023-08-19,433,Sr. Davi Lucca Albuquerque,M,26-35,Sudeste,Lubrificante Íntimo Aquoso 100ml,Lubrificantes,86.86,4,15.0,Boleto,Entregue,Site,295.32,2023,8,2023-08,Saturday
2594,2023-11-20,199,Maria Luísa Farias,F,46+,Nordeste,Mordaça Silicone,Acessórios BDSM,125.56,1,5.0,Cartão Crédito,Entregue,Site,119.28,2023,11,2023-11,Monday
4165,2024-12-09,250,Raquel Cunha,F,26-35,Sudeste,Vibrador Duplo Prazer,Vibradores,267.17,1,0.0,Pix,Entregue,Marketplace,267.17,2024,12,2024-12,Monday
3032,2024-08-22,148,Dr. Bernardo Vargas,Não informado,26-35,Norte,Creme Retardante Masculino,Cosméticos Íntimos,116.82,1,0.0,Pix,Entregue,Marketplace,116.82,2024,8,2024-08,Thursday
3580,2024-09-16,184,Dra. Nicole Aragão,F,36-45,Sul,Lubrificante Sabores Morango,Lubrificantes,67.53,1,0.0,Cartão Crédito,Entregue,App,67.53,2024,9,2024-09,Monday
2833,2023-11-12,36,Josué Souza,M,18-25,Sul,Wand Massager Pro,Vibradores,350.53,4,0.0,Pix,Entregue,App,1402.12,2023,11,2023-11,Sunday
3473,2023-06-09,252,Kamilly Novais,F,46+,Sul,Lubrificante Base Silicone,Lubrificantes,66.97,2,0.0,Cartão Crédito,Entregue,Site,133.94,2023,6,2023-06,Friday
138,2023-07-11,319,Sra. Ana Carolina Marques,F,36-45,Sudeste,Conjunto Lingerie Boudoir,Lingerie,152.46,1,0.0,Pix,Entregue,Site,152.46,2023,7,2023-07,Tuesday
2181,2023-06-14,101,Bernardo Rocha,M,26-35,Nordeste,Vibrador Clássico Silicone,Vibradores,94.83,4,10.0,Boleto,Entregue,Marketplace,341.39,2023,6,2023-06,Wednesday
2129,2024-03-30,516,Dr. Ravi Sá,M,36-45,Nordeste,Kit Algemas Veludo,Acessórios BDSM,286.49,2,5.0,Pix,Entregue,Site,544.33,2024,3,2024-03,Saturday
3178,2023-07-09,516,Dr. Ravi Sá,M,36-45,Nordeste,Meia-Calça Rendada,Lingerie,96.43,1,0.0,Pix,Entregue,Site,96.43,2023,7,2023-07,Sunday
4638,2024-12-19,288,Ana Liz Pimenta,F,36-45,Centro-Oeste,Creme Excitante Feminino,Cosméticos Íntimos,118.15,1,0.0,Cartão Crédito,Entregue,App,118.15,2024,12,2024-12,Thursday
4843,2023-06-18,120,Catarina da Luz,F,18-25,Sul,Massageador Corporal Wave,Vibradores,486.08,2,0.0,Boleto,Entregue,Site,972.16,2023,6,2023-06,Sunday
4262,2023-06-14,518,Luna Pires,F,18-25,Sudeste,Perfume Íntimo Floral,Cosméticos Íntimos,70.5,1,0.0,Pix,Entregue,Marketplace,70.5,2023,6,2023-06,Wednesday
4345,2024-06-08,238,Bernardo Montenegro,M,46+,Sul,Massageador Corporal Wave,Vibradores,132.55,1,0.0,Cartão Crédito,Entregue,Marketplace,132.55,2024,6,2024-06,Saturday
1332,2023-02-28,332,Bruna Martins,F,46+,Sudeste,Venda para Olhos Satin,Acessórios BDSM,283.63,1,0.0,Pix,Entregue,App,283.63,2023,2,2023-02,Tuesday
2018,2024-12-01,545,Bryan das Neves,M,36-45,Norte,Gel Excitante Masculino,Lubrificantes,80.26,2,0.0,Pix,Entregue,App,160.52,2024,12,2024-12,Sunday
4543,2024-01-04,67,Bárbara da Cruz,Não informado,36-45,Norte,Lubrificante Íntimo Aquoso 100ml,Lubrificantes,33.98,1,0.0,Boleto,Entregue,Site,33.98,2024,1,2024-01,Thursday
2483,2023-09-15,633,Kamilly Porto,F,26-35,Sul,Lubrificante Base Silicone,Lubrificantes,60.55,1,0.0,Pix,Entregue,Site,60.55,2023,9,2023-09,Friday
1359,2023-09-10,90,Rafaela Cunha,Não informado,36-45,Sudeste,Fantasia Policial,Lingerie,175.71,3,0.0,Boleto,Entregue,Site,527.13,2023,9,2023-09,Sunday
1330,2024-12-13,187,Dr. Pedro Miguel Pimenta,M,26-35,Sudeste,Dado do Prazer,Jogos Adultos,104.42,1,10.0,Cartão Crédito,Entregue,Site,93.98,2024,12,2024-12,Friday
4531,2023-08-19,87,Beatriz Aragão,F,46+,Centro-Oeste,Mini Vibrador Discreto,Vibradores,191.99,1,25.0,Pix,Entregue,Site,143.99,2023,8,2023-08,Saturday
2123,2024-07-08,691,Gabrielly Fernandes,F,36-45,Centro-Oeste,Lubrificante Íntimo Aquoso 100ml,Lubrificantes,81.29,3,0.0,Pix,Entregue,Marketplace,243.87,2024,7,2024-07,Monday
4674,2024-11-03,34,Dr. Miguel Ramos,M,18-25,Nordeste,Perfume Íntimo Floral,Cosméticos Íntimos,134.66,3,5.0,Cartão Crédito,Entregue,Site,383.78,2024,11,2024-11,Sunday
3982,2024-10-05,416,Eduardo Leão,M,18-25,Nordeste,Vibrador Duplo Prazer,Vibradores,305.62,1,0.0,Pix,Entregue,Site,305.62,2024,10,2024-10,Saturday
1253,2024-06-13,35,Diego da Luz,M,26-35,Sudeste,Creme Retardante Masculino,Cosméticos Íntimos,122.36,5,0.0,Cartão Crédito,Entregue,Site,611.8,2024,6,2024-06,Thursday
3279,2023-02-21,112,Beatriz Barbosa,F,36-45,Nordeste,Mini Vibrador Discreto,Vibradores,313.52,4,15.0,Pix,Entregue,App,1065.97,2023,2,2023-02,Tuesday
3375,2023-02-21,427,Gustavo Azevedo,M,36-45,Sudeste,Kit Iniciante BDSM 5 Peças,Acessórios BDSM,68.05,4,0.0,Boleto,Entregue,App,272.2,2023,2,2023-02,Tuesday
2815,2024-09-10,224,Alícia Pinto,F,26-35,Nordeste,Conjunto Lingerie Boudoir,Lingerie,191.5,1,0.0,Pix,Entregue,Site,191.5,2024,9,2024-09,Tuesday
4720,2024-12-11,583,Ravy Sampaio,M,18-25,Sudeste,Fantasia Enfermeira,Lingerie,148.89,1,0.0,Pix,Entregue,Site,148.89,2024,12,2024-12,Wednesday
1849,2024-08-23,524,Ana Carolina Araújo,F,46+,Sul,Mini Vibrador Discreto,Vibradores,409.8,3,0.0,Pix,Entregue,App,1229.4,2024,8,2024-08,Friday
3038,2023-07-07,730,Samuel Santos,M,18-25,Norte,Meia-Calça Rendada,Lingerie,179.99,3,0.0,Cartão Débito,Entregue,Marketplace,539.97,2023,7,2023-07,Friday
389,2024-08-05,360,Dr. Vitor Hugo Andrade,M,36-45,Sudeste,Vibrador Clássico Silicone,Vibradores,300.4,1,0.0,Cartão Crédito,Entregue,Marketplace,300.4,2024,8,2024-08,Monday
236,2023-05-20,335,Maria Vitória Mendes,F,46+,Sudeste,Fantasia Policial,Lingerie,124.65,3,5.0,Boleto,Entregue,App,355.25,2023,5,2023-05,Saturday
1078,2023-05-19,301,Bento Cavalcante,Não informado,26-35,Norte,Massageador Corporal Wave,Vibradores,129.61,1,20.0,Pix,Entregue,App,103.69,2023,5,2023-05,Friday
1985,2024-07-22,40,Thomas Monteiro,M,36-45,Sudeste,Lubrificante Sabores Morango,Lubrificantes,53.28,2,0.0,Pix,Entregue,Site,106.56,2024,7,2024-07,Monday
4364,2024-11-01,201,Gabrielly Leão,F,36-45,Sul,Vibrador Clássico Silicone,Vibradores,335.98,1,0.0,Cartão Crédito,Entregue,Site,335.98,2024,11,2024-11,Friday
3963,2023-05-05,9,Pietro Pastor,M,26-35,Sudeste,Vibrador Clássico Silicone,Vibradores,458.18,1,10.0,Boleto,Entregue,Site,412.36,2023,5,2023-05,Friday
771,2024-06-30,33,Luara Cunha,Não informado,26-35,Norte,Lubrificante Íntimo Aquoso 100ml,Lubrificantes,43.2,2,15.0,Pix,Entregue,Site,73.44,2024,6,2024-06,Sunday
2166,2024-12-01,726,Sophie Carvalho,Não informado,26-35,Nordeste,Fantasia Enfermeira,Lingerie,104.63,1,25.0,Boleto,Entregue,App,78.47,2024,12,2024-12,Sunday
4534,2024-02-13,101,Bernardo Rocha,M,26-35,Nordeste,Mini Vibrador Discreto,Vibradores,95.26,2,15.0,Pix,Entregue,App,161.94,2024,2,2024-02,Tuesday
674,2024-08-17,201,Gabrielly Leão,F,36-45,Sul,Lingerie Cropped com Bojo,Lingerie,69.36,1,10.0,Pix,Entregue,Marketplace,62.42,2024,8,2024-08,Saturday
250,2023-12-17,474,Alana Cirino,F,26-35,Sul,Lubrificante Íntimo Aquoso 250ml,Lubrificantes,74.26,2,5.0,Cartão Crédito,Entregue,App,141.09,2023,12,2023-12,Sunday
1575,2023-06-12,68,Benício Fernandes,M,36-45,Sudeste,Vibrador Duplo Prazer,Vibradores,443.59,1,15.0,Pix,Entregue,Site,377.05,2023,6,2023-06,Monday
3420,2023-03-02,5,Ana Beatriz Alves,F,18-25,Sul,Vibrador Duplo Prazer,Vibradores,464.99,1,0.0,Pix,Entregue,Site,464.99,2023,3,2023-03,Thursday
2082,2024-12-11,19,Bernardo Aparecida,M,36-45,Sudeste,Kit Roleplay Surpresa,Jogos Adultos,58.85,2,0.0,Cartão Débito,Entregue,Site,117.7,2024,12,2024-12,Wednesday
5141,2023-09-08,231,Apollo das Neves,M,26-35,Nordeste,Body Rendado Vermelho,Lingerie,128.65,1,0.0,Cartão Crédito,Entregue,App,128.65,2023,9,2023-09,Friday
4545,2024-05-14,140,Maria Sophia Alves,F,36-45,Sudeste,Kit Iniciante BDSM 5 Peças,Acessórios BDSM,264.86,5,0.0,Cartão Crédito,Entregue,Site,1324.3,2024,5,2024-05,Tuesday
717,2023-01-27,445,Rebeca Silva,F,26-35,Nordeste,Lubrificante Sabores Baunilha,Lubrificantes,73.83,1,15.0,Boleto,Entregue,Marketplace,62.76,2023,1,2023-01,Friday
4951,2023-12-28,138,Nicolas Pinto,M,36-45,Sudeste,Lubrificante Íntimo Aquoso 100ml,Lubrificantes,32.08,1,0.0,Cartão Crédito,Entregue,App,32.08,2023,12,2023-12,Thursday
5183,2023-01-29,40,Thomas Monteiro,M,36-45,Sudeste,Lubrificante Base Silicone,Lubrificantes,41.74,2,0.0,Pix,Entregue,Site,83.48,2023,1,2023-01,Sunday
2049,2024-09-22,212,Yasmin Alves,F,18-25,Sudeste,Wand Massager Pro,Vibradores,168.36,1,0.0,Cartão Crédito,Entregue,Site,168.36,2024,9,2024-09,Sunday
4179,2024-05-31,109,Caroline Rios,F,36-45,Sudeste,Jogo Tabuleiro Casais,Jogos Adultos,91.06,1,10.0,Pix,Entregue,Site,81.95,2024,5,2024-05,Friday
4810,2023-07-10,483,Júlia Macedo,F,36-45,Sul,Vibrador Ponto G Flex,Vibradores,468.68,2,0.0,Cartão Débito,Entregue,Site,937.36,2023,7,2023-07,Monday
2725,2023-04-23,139,Srta. Isabela Castro,F,18-25,Sudeste,Lubrificante Base Silicone,Lubrificantes,85.48,1,0.0,Cartão Débito,Entregue,Site,85.48,2023,4,2023-04,Sunday
5020,2024-11-29,481,Eduarda Sá,F,36-45,Sul,Fantasia Policial,Lingerie,184.78,1,0.0,Cartão Crédito,Devolvido,Site,184.78,2024,11,2024-11,Friday
1461,2024-07-23,137,Luiz Gustavo Vasconcelos,M,26-35,Nordeste,Fantasia Policial,Lingerie,83.84,2,0.0,Cartão Crédito,Entregue,App,167.68,2024,7,2024-07,Tuesday
1669,2023-06-17,35,Diego da Luz,M,26-35,Sudeste,Sabonete Íntimo pH Neutro,Cosméticos Íntimos,57.23,2,0.0,Pix,Entregue,Site,114.46,2023,6,2023-06,Saturday
2001,2023-01-09,84,Melissa Carvalho,F,26-35,Nordeste,Lubrificante Sabores Baunilha,Lubrificantes,46.9,1,0.0,Boleto,Entregue,Site,46.9,2023,1,2023-01,Monday
4614,2024-06-30,33,Luara Cunha,Não informado,26-35,Norte,Meia-Calça Rendada,Lingerie,74.27,3,0.0,Cartão Crédito,Entregue,App,222.81,2024,6,2024-06,Sunday
405,2023-04-12,107,Gabrielly Rios,F,46+,Nordeste,Lubrificante Base Silicone,Lubrificantes,37.28,1,5.0,Pix,Entregue,Site,35.42,2023,4,2023-04,Wednesday
385,2024-10-31,346,Marcos Vinicius Marques,M,26-35,Sudeste,Lubrificante Sabores Baunilha,Lubrificantes,74.05,4,25.0,Pix,Entregue,Marketplace,222.15,2024,10,2024-10,Thursday
2153,2024-04-05,326,Ana Júlia Costela,F,18-25,Centro-Oeste,Jogo Tabuleiro Casais,Jogos Adultos,103.65,1,0.0,Cartão Crédito,Entregue,App,103.65,2024,4,2024-04,Friday
1634,2024-08-07,405,Marcelo Caldeira,M,26-35,Nordeste,Mordaça Silicone,Acessórios BDSM,163.75,1,20.0,Cartão Crédito,Entregue,App,131.0,2024,8,2024-08,Wednesday
5231,2024-12-31,290,Julia Ribeiro,F,18-25,Sul,Dado do Prazer,Jogos Adultos,117.05,2,0.0,Pix,Entregue,App,234.1,2024,12,2024-12,Tuesday
4785,2024-02-17,148,Dr. Bernardo Vargas,Não informado,26-35,Norte,Jogo Tabuleiro Casais,Jogos Adultos,103.91,2,0.0,Cartão Crédito,Entregue,App,207.82,2024,2,2024-02,Saturday
3926,2023-01-13,8,Yago Leão,M,26-35,Sudeste,Corda de Shibari 5m,Acessórios BDSM,191.18,4,0.0,Pix,Entregue,Marketplace,764.72,2023,1,2023-01,Friday
4159,2023-04-15,666,Maria Luísa Oliveira,F,26-35,Nordeste,Lubrificante Sabores Baunilha,Lubrificantes,53.29,4,25.0,Pix,Entregue,Site,159.87,2023,4,2023-04,Saturday
224,2023-05-07,126,Ana Júlia Borges,F,36-45,Sudeste,Fantasia Policial,Lingerie,71.84,2,25.0,Cartão Crédito,Entregue,App,107.76,2023,5,2023-05,Sunday
2194,2023-01-05,222,Ana Lívia Vasconcelos,F,36-45,Sul,Lubrificante Base Silicone,Lubrificantes,43.37,4,0.0,Pix,Entregue,Marketplace,173.48,2023,1,2023-01,Thursday
4470,2023-08-16,512,Dra. Clara da Costa,F,36-45,Sul,Vibrador Clássico Silicone,Vibradores,253.96,1,0.0,Cartão Crédito,Entregue,Marketplace,253.96,2023,8,2023-08,Wednesday
1825,2024-04-11,275,Sr. Samuel Caldeira,M,36-45,Norte,Lubrificante Sabores Morango,Lubrificantes,54.21,1,0.0,Pix,Entregue,Site,54.21,2024,4,2024-04,Thursday
5104,2024-11-11,112,Beatriz Barbosa,F,36-45,Nordeste,Sabonete Íntimo pH Neutro,Cosméticos Íntimos,106.84,2,0.0,Pix,Entregue,Site,213.68,2024,11,2024-11,Monday
798,2023-12-17,224,Alícia Pinto,F,26-35,Nordeste,Óleo de Massagem Relaxante,Lubrificantes,71.87,2,0.0,Cartão Crédito,Entregue,Site,143.74,2023,12,2023-12,Sunday
2872,2024-10-12,638,Ana Lívia da Costa,F,18-25,Sudeste,Lubrificante Sabores Baunilha,Lubrificantes,32.47,1,0.0,Pix,Entregue,App,32.47,2024,10,2024-10,Saturday
10,2024-06-11,323,Dra. Nicole Jesus,F,46+,Sul,Fantasia Policial,Lingerie,123.56,1,0.0,Boleto,Entregue,Site,123.56,2024,6,2024-06,Tuesday
1945,2024-12-30,398,Maitê Camargo,F,18-25,Sudeste,Camisola Sensual Preta,Lingerie,188.38,1,0.0,Cartão Crédito,Entregue,App,188.38,2024,12,2024-12,Monday
1839,2023-06-06,598,Maria Vitória Cirino,F,26-35,Centro-Oeste,Colar e Guia BDSM,Acessórios BDSM,53.59,1,0.0,Pix,Entregue,Site,53.59,2023,6,2023-06,Tuesday
4805,2024-02-12,434,Isaac Pastor,M,36-45,Nordeste,Gel Excitante Feminino,Lubrificantes,64.92,1,0.0,Pix,Entregue,Marketplace,64.92,2024,2,2024-02,Monday
256,2024-07-12,220,Antony Souza,M,18-25,Sudeste,Vibrador Rabbit Premium,Vibradores,167.07,1,20.0,Pix,Devolvido,App,133.66,2024,7,2024-07,Friday
4486,2023-02-10,353,Beatriz Macedo,F,26-35,Nordeste,Lubrificante Sabores Baunilha,Lubrificantes,80.7,3,0.0,Pix,Entregue,App,242.1,2023,2,2023-02,Friday
5005,2024-02-20,497,Sra. Ana Sophia Gonçalves,F,18-25,Centro-Oeste,Colar e Guia BDSM,Acessórios BDSM,62.81,2,0.0,Pix,Entregue,App,125.62,2024,2,2024-02,Tuesday
1582,2024-02-28,136,Isadora Rios,F,18-25,Sul,Massageador Corporal Wave,Vibradores,244.36,1,0.0,Boleto,Entregue,Site,244.36,2024,2,2024-02,Wednesday
2957,2024-06-11,341,Juliana Abreu,F,26-35,Nordeste,Vibrador Clássico Silicone,Vibradores,399.02,1,0.0,Boleto,Entregue,Site,399.02,2024,6,2024-06,Tuesday
925,2023-03-04,152,Joana Cavalcanti,F,26-35,Sul,Conjunto Lingerie Boudoir,Lingerie,84.52,1,0.0,Cartão Crédito,Devolvido,App,84.52,2023,3,2023-03,Saturday
4920,2024-12-29,114,Caroline Ferreira,F,36-45,Sudeste,Lubrificante Base Silicone,Lubrificantes,37.03,1,0.0,Boleto,Entregue,App,37.03,2024,12,2024-12,Sunday
2509,2024-12-21,466,Sofia Cunha,F,36-45,Sul,Lubrificante Íntimo Aquoso 250ml,Lubrificantes,50.46,3,0.0,Cartão Crédito,Entregue,Site,151.38,2024,12,2024-12,Saturday
3776,2024-10-09,605,Luiz Felipe da Costa,M,26-35,Sudeste,Vibrador Rabbit Premium,Vibradores,390.55,3,25.0,Pix,Entregue,Marketplace,878.74,2024,10,2024-10,Wednesday
4836,2024-12-05,26,Srta. Yasmin Siqueira,F,46+,Sul,Colar e Guia BDSM,Acessórios BDSM,138.07,1,0.0,Cartão Crédito,Entregue,Site,138.07,2024,12,2024-12,Thursday
4137,2024-02-24,341,Juliana Abreu,F,26-35,Nordeste,Lingerie Cropped com Bojo,Lingerie,164.03,2,0.0,Pix,Entregue,Site,328.06,2024,2,2024-02,Saturday
2780,2024-10-14,65,Maria Liz Rios,F,46+,Sul,Vibrador Rabbit Premium,Vibradores,165.34,3,0.0,Cartão Crédito,Entregue,Site,496.02,2024,10,2024-10,Monday
540,2024-05-16,39,Luiz Miguel Câmara,M,36-45,Sudeste,Gel Excitante Masculino,Lubrificantes,62.99,2,10.0,Pix,Entregue,Site,113.38,2024,5,2024-05,Thursday
2746,2024-05-05,390,Sr. Leonardo Viana,M,18-25,Sudeste,Lubrificante Sabores Baunilha,Lubrificantes,42.03,1,0.0,Boleto,Entregue,Site,42.03,2024,5,2024-05,Sunday
4995,2024-10-02,20,Sr. João Vitor Barros,M,18-25,Sudeste,Chicote de Couro Soft,Acessórios BDSM,207.27,2,25.0,Boleto,Entregue,Site,310.91,2024,10,2024-10,Wednesday
5073,2023-10-25,181,Diogo Rezende,M,46+,Sudeste,Conjunto Lingerie Boudoir,Lingerie,72.54,1,10.0,Cartão Crédito,Entregue,App,65.29,2023,10,2023-10,Wednesday
1146,2024-12-20,511,Marcela Ferreira,F,46+,Sul,Lingerie Cropped com Bojo,Lingerie,116.29,4,0.0,Cartão Crédito,Entregue,Marketplace,465.16,2024,12,2024-12,Friday
4469,2024-11-04,645,Sra. Isadora Camargo,F,26-35,Sudeste,Meia-Calça Rendada,Lingerie,87.99,1,0.0,Boleto,Entregue,Site,87.99,2024,11,2024-11,Monday
668,2024-09-23,49,Eduarda Marques,F,26-35,Sul,Vibrador Clássico Silicone,Vibradores,165.67,3,0.0,Pix,Entregue,App,497.01,2024,9,2024-09,Monday
3020,2023-02-03,393,Lunna Souza,F,26-35,Nordeste,Kit Cuidados Íntimos,Cosméticos Íntimos,132.67,1,0.0,Pix,Entregue,Site,132.67,2023,2,2023-02,Friday
358,2023-01-21,237,Mariane Ribeiro,F,18-25,Nordeste,Kit Roleplay Surpresa,Jogos Adultos,94.04,3,20.0,Boleto,Entregue,Marketplace,225.7,2023,1,2023-01,Saturday
2832,2024-07-25,288,Ana Liz Pimenta,F,36-45,Centro-Oeste,Gel Excitante Feminino,Lubrificantes,89.76,1,0.0,Pix,Entregue,Site,89.76,2024,7,2024-07,Thursday
2784,2023-12-03,402,Alice da Luz,F,26-35,Sudeste,Mini Vibrador Discreto,Vibradores,281.71,4,0.0,Cartão Crédito,Entregue,Site,1126.84,2023,12,2023-12,Sunday
1354,2024-02-25,338,Thomas Souza,M,26-35,Sudeste,Dado do Prazer,Jogos Adultos,59.93,1,0.0,Cartão Crédito,Entregue,Site,59.93,2024,2,2024-02,Sunday
471,2023-07-01,4,Dra. Aurora Pastor,F,26-35,Sul,Meia-Calça Rendada,Lingerie,63.66,1,20.0,Pix,Entregue,App,50.93,2023,7,2023-07,Saturday
2704,2024-11-30,5,Ana Beatriz Alves,F,18-25,Sul,Vibrador Rabbit Premium,Vibradores,335.78,1,10.0,Cartão Crédito,Entregue,Site,302.2,2024,11,2024-11,Saturday
3331,2023-01-23,259,Maria Luiza Sales,F,18-25,Norte,Fantasia Enfermeira,Lingerie,100.72,1,0.0,Cartão Crédito,Entregue,Site,100.72,2023,1,2023-01,Monday
3638,2023-11-02,12,Eduardo Cunha,Não informado,26-35,Sul,Óleo de Massagem Relaxante,Lubrificantes,73.05,2,0.0,Cartão Crédito,Entregue,Site,146.1,2023,11,2023-11,Thursday
1397,2023-03-07,154,Maya Ferreira,F,18-25,Sudeste,Vibrador Clássico Silicone,Vibradores,213.76,3,0.0,Pix,Entregue,Marketplace,641.28,2023,3,2023-03,Tuesday
3585,2023-05-12,143,Cauê Garcia,M,18-25,Nordeste,Sabonete Íntimo pH Neutro,Cosméticos Íntimos,122.23,3,0.0,Pix,Entregue,Site,366.69,2023,5,2023-05,Friday
4983,2024-03-25,289,Srta. Giovanna Pires,F,36-45,Sudeste,Massageador Corporal Wave,Vibradores,348.49,2,0.0,Cartão Crédito,Entregue,Site,696.98,2024,3,2024-03,Monday
3377,2023-02-21,370,Emilly Cavalcante,Não informado,36-45,Sudeste,Vibrador Duplo Prazer,Vibradores,302.64,5,0.0,Pix,Entregue,Site,1513.2,2023,2,2023-02,Tuesday
1257,2024-06-29,62,Sra. Eloah da Luz,F,26-35,Sudeste,Camisola Sensual Preta,Lingerie,111.49,1,0.0,Pix,Entregue,App,111.49,2024,6,2024-06,Saturday
3513,2024-06-09,715,Laura Barbosa,Não informado,26-35,Nordeste,Conjunto Lingerie Boudoir,Lingerie,184.87,2,10.0,Pix,Entregue,Site,332.77,2024,6,2024-06,Sunday
5334,2024-02-04,100,Anna Liz Cirino,F,18-25,Centro-Oeste,Colar e Guia BDSM,Acessórios BDSM,155.2,2,0.0,Cartão Crédito,Entregue,Marketplace,310.4,2024,2,2024-02,Sunday
3285,2024-08-20,171,Melina Rocha,F,26-35,Nordeste,Óleo de Massagem Relaxante,Lubrificantes,80.14,1,0.0,Pix,Entregue,Marketplace,80.14,2024,8,2024-08,Tuesday
2934,2024-02-06,212,Yasmin Alves,F,18-25,Sudeste,Gel Excitante Masculino,Lubrificantes,81.95,1,0.0,Pix,Entregue,Site,81.95,2024,2,2024-02,Tuesday
4176,2023-12-27,783,Sofia Martins,F,46+,Sudeste,Fantasia Policial,Lingerie,119.05,1,0.0,Pix,Entregue,Site,119.05,2023,12,2023-12,Wednesday
4911,2024-11-28,520,Olivia Macedo,F,26-35,Nordeste,Kit Algemas Veludo,Acessórios BDSM,155.8,1,0.0,Cartão Crédito,Entregue,Site,155.8,2024,11,2024-11,Thursday
1853,2023-05-27,486,Théo Camargo,Não informado,26-35,Sudeste,Lubrificante Sabores Morango,Lubrificantes,73.52,5,0.0,Pix,Devolvido,App,367.6,2023,5,2023-05,Saturday
5195,2024-06-06,64,Gabriela Silva,F,26-35,Sudeste,Mini Vibrador Discreto,Vibradores,109.44,1,0.0,Cartão Débito,Entregue,Marketplace,109.44,2024,6,2024-06,Thursday
5402,2024-08-08,690,Maria Vitória Mendes,F,18-25,Norte,Lubrificante Base Silicone,Lubrificantes,70.27,2,0.0,Cartão Crédito,Entregue,Site,140.54,2024,8,2024-08,Thursday
2106,2023-02-17,105,Mariah Ribeiro,F,18-25,Nordeste,Vibrador Ponto G Flex,Vibradores,361.07,1,0.0,Cartão Crédito,Entregue,Site,361.07,2023,2,2023-02,Friday
134,2023-05-24,114,Caroline Ferreira,F,36-45,Sudeste,Mini Vibrador Discreto,Vibradores,360.26,4,20.0,Cartão Débito,Entregue,App,1152.83,2023,5,2023-05,Wednesday
929,2023-11-23,268,Rafaela da Mota,F,26-35,Norte,Meia-Calça Rendada,Lingerie,111.76,1,0.0,Cartão Crédito,Entregue,Site,111.76,2023,11,2023-11,Thursday
824,2024-12-01,139,Srta. Isabela Castro,F,18-25,Sudeste,Óleo de Massagem Relaxante,Lubrificantes,83.26,5,0.0,Pix,Entregue,App,416.3,2024,12,2024-12,Sunday
5045,2024-04-17,261,Léo Melo,M,26-35,Nordeste,Sabonete Íntimo pH Neutro,Cosméticos Íntimos,114.3,2,0.0,Pix,Entregue,Marketplace,228.6,2024,4,2024-04,Wednesday
1215,2024-03-11,312,Olivia Moreira,F,26-35,Norte,Sabonete Íntimo pH Neutro,Cosméticos Íntimos,102.67,2,5.0,Pix,Entregue,Site,195.07,2024,3,2024-03,Monday
505,2024-03-17,305,Ágatha Monteiro,F,36-45,Sul,Lubrificante Base Silicone,Lubrificantes,41.78,1,20.0,Cartão Crédito,Entregue,Site,33.42,2024,3,2024-03,Sunday
4286,2023-10-02,243,Dr. Vitor Gabriel Vasconcelos,M,26-35,Sudeste,Kit Iniciante BDSM 5 Peças,Acessórios BDSM,103.71,4,25.0,Cartão Crédito,Entregue,Site,311.13,2023,10,2023-10,Monday
1997,2023-11-09,663,Caroline Pimenta,F,26-35,Sudeste,Camisola Sensual Preta,Lingerie,101.07,1,0.0,Cartão Crédito,Entregue,Site,101.07,2023,11,2023-11,Thursday
3073,2023-11-24,104,Asafe Pinto,M,46+,Sudeste,Óleo de Massagem Relaxante,Lubrificantes,58.5,1,0.0,Pix,Entregue,App,58.5,2023,11,2023-11,Friday
1959,2023-06-13,269,Dra. Valentina Peixoto,F,18-25,Sul,Mini Vibrador Discreto,Vibradores,359.49,1,10.0,Pix,Entregue,Site,323.54,2023,6,2023-06,Tuesday
1385,2024-02-10,284,Henry Gabriel Vasconcelos,M,36-45,Sudeste,Body Coelhinha Plus Size,Lingerie,165.32,1,15.0,Pix,Entregue,Site,140.52,2024,2,2024-02,Saturday
895,2023-02-06,292,Ana Vitória Castro,F,36-45,Sul,Vibrador Rabbit Premium,Vibradores,105.49,1,0.0,Cartão Crédito,Entregue,Site,105.49,2023,2,2023-02,Monday
4925,2023-01-30,15,Julia Aparecida,F,26-35,Sudeste,Colar e Guia BDSM,Acessórios BDSM,86.44,1,25.0,Cartão Crédito,Entregue,Site,64.83,2023,1,2023-01,Monday
456,2023-05-21,184,Dra. Nicole Aragão,F,36-45,Sul,Kit Algemas Veludo,Acessórios BDSM,134.5,1,0.0,Pix,Entregue,Site,134.5,2023,5,2023-05,Sunday
5147,2024-11-27,278,Ana Júlia da Cunha,F,26-35,Sul,Meia-Calça Rendada,Lingerie,110.33,2,0.0,Cartão Crédito,Entregue,Site,220.66,2024,11,2024-11,Wednesday
3710,2024-06-14,681,Dr. Asafe Alves,M,36-45,Sudeste,Fantasia Enfermeira,Lingerie,91.36,1,0.0,Cartão Crédito,Entregue,App,91.36,2024,6,2024-06,Friday
5125,2024-08-03,568,Mariah Castro,F,26-35,Sul,Vibrador Ponto G Flex,Vibradores,489.94,3,15.0,Cartão Crédito,Devolvido,App,1249.35,2024,8,2024-08,Saturday
4269,2024-06-25,425,Alícia Aragão,F,26-35,Sudeste,Conjunto Lingerie Boudoir,Lingerie,172.94,3,0.0,Boleto,Entregue,Site,518.82,2024,6,2024-06,Tuesday
3523,2023-10-24,87,Beatriz Aragão,F,46+,Centro-Oeste,Vibrador Duplo Prazer,Vibradores,233.85,5,0.0,Pix,Entregue,Site,1169.25,2023,10,2023-10,Tuesday
4135,2024-07-12,242,Maya Cavalcanti,F,46+,Norte,Jogo de Cartas Sexo Quiz,Jogos Adultos,111.97,3,0.0,Boleto,Entregue,Site,335.91,2024,7,2024-07,Friday
3603,2024-01-15,57,Maria Cecília das Neves,F,18-25,Centro-Oeste,Chicote de Couro Soft,Acessórios BDSM,65.43,3,25.0,Cartão Crédito,Entregue,Site,147.22,2024,1,2024-01,Monday
714,2023-05-27,145,Natália Ferreira,F,46+,Sul,Sabonete Íntimo pH Neutro,Cosméticos Íntimos,59.13,1,0.0,Cartão Crédito,Entregue,Site,59.13,2023,5,2023-05,Saturday
4187,2024-10-24,39,Luiz Miguel Câmara,M,36-45,Sudeste,Massageador Corporal Wave,Vibradores,458.26,2,0.0,Cartão Crédito,Entregue,Marketplace,916.52,2024,10,2024-10,Thursday
2215,2023-04-06,339,Bernardo da Mota,M,26-35,Sudeste,Lubrificante Sabores Morango,Lubrificantes,49.95,2,0.0,Pix,Entregue,App,99.9,2023,4,2023-04,Thursday
2924,2023-02-19,56,Rebeca Almeida,F,26-35,Sul,Chicote de Couro Soft,Acessórios BDSM,286.97,2,0.0,Pix,Entregue,Site,573.94,2023,2,2023-02,Sunday
1811,2024-07-11,286,Letícia Pastor,Não informado,36-45,Sul,Gel Excitante Masculino,Lubrificantes,64.6,2,0.0,Pix,Entregue,Marketplace,129.2,2024,7,2024-07,Thursday
3487,2023-06-17,121,Cauê Souza,M,26-35,Sul,Wand Massager Pro,Vibradores,382.22,1,0.0,Cartão Crédito,Entregue,Site,382.22,2023,6,2023-06,Saturday
3142,2023-01-03,584,Olivia Machado,F,26-35,Sul,Vibrador Clássico Silicone,Vibradores,420.44,1,0.0,Pix,Entregue,Site,420.44,2023,1,2023-01,Tuesday
1828,2023-04-24,695,Bianca Dias,F,26-35,Sudeste,Dominó Erótico,Jogos Adultos,54.42,1,0.0,Pix,Entregue,Site,54.42,2023,4,2023-04,Monday
1156,2023-09-01,362,Dra. Laura da Conceição,F,26-35,Sudeste,Body Rendado Vermelho,Lingerie,152.8,3,20.0,Pix,Entregue,App,366.72,2023,9,2023-09,Friday
1325,2024-12-17,716,Thiago Machado,M,36-45,Nordeste,Mini Vibrador Discreto,Vibradores,491.33,2,0.0,Boleto,Entregue,Site,982.66,2024,12,2024-12,Tuesday
4313,2024-06-03,37,Zoe da Luz,F,46+,Centro-Oeste,Kit Roleplay Surpresa,Jogos Adultos,42.96,3,0.0,Pix,Entregue,App,128.88,2024,6,2024-06,Monday
511,2024-06-11,254,Isabella Silveira,F,36-45,Sul,Vibrador Duplo Prazer,Vibradores,482.49,3,0.0,Pix,Entregue,Marketplace,1447.47,2024,6,2024-06,Tuesday
1681,2023-12-17,117,Kevin Pimenta,M,26-35,Norte,Vibrador Clássico Silicone,Vibradores,472.24,2,0.0,Pix,Entregue,Marketplace,944.48,2023,12,2023-12,Sunday
500,2023-12-23,750,Dra. Julia Pimenta,F,18-25,Sul,Lubrificante Sabores Morango,Lubrificantes,71.69,2,30.0,Pix,Entregue,Marketplace,100.37,2023,12,2023-12,Saturday
5037,2023-08-22,257,Sra. Melissa Vieira,F,46+,Sul,Vibrador Duplo Prazer,Vibradores,486.92,1,0.0,Pix,Entregue,Marketplace,486.92,2023,8,2023-08,Tuesday
1857,2024-02-21,364,Dra. Beatriz Macedo,F,46+,Sudeste,Kit Iniciante BDSM 5 Peças,Acessórios BDSM,64.87,1,0.0,Pix,Entregue,App,64.87,2024,2,2024-02,Wednesday
1389,2023-05-09,699,Maria Isis Pimenta,F,36-45,Sudeste,Massageador Corporal Wave,Vibradores,203.94,1,0.0,Cartão Débito,Entregue,App,203.94,2023,5,2023-05,Tuesday
3720,2023-03-13,84,Melissa Carvalho,F,26-35,Nordeste,Gel Excitante Masculino,Lubrificantes,50.37,1,0.0,Boleto,Entregue,Site,50.37,2023,3,2023-03,Monday
2387,2024-12-04,128,Lívia Vargas,F,26-35,Sudeste,Wand Massager Pro,Vibradores,387.88,2,10.0,Pix,Entregue,App,698.18,2024,12,2024-12,Wednesday
3237,2023-03-18,69,Heloísa Pastor,F,26-35,Sudeste,Lubrificante Sabores Morango,Lubrificantes,51.05,1,0.0,Cartão Crédito,Entregue,Marketplace,51.05,2023,3,2023-03,Saturday
1541,2023-06-04,324,Gabriel Moreira,M,26-35,Sudeste,Colar e Guia BDSM,Acessórios BDSM,260.77,2,10.0,Pix,Entregue,Site,469.39,2023,6,2023-06,Sunday
1218,2024-05-28,301,Bento Cavalcante,Não informado,26-35,Norte,Meia-Calça Rendada,Lingerie,190.0,1,0.0,Cartão Débito,Entregue,App,190.0,2024,5,2024-05,Tuesday
2994,2024-11-12,139,Srta. Isabela Castro,F,18-25,Sudeste,Conjunto Lingerie Boudoir,Lingerie,93.47,4,0.0,Pix,Entregue,Site,373.88,2024,11,2024-11,Tuesday
1192,2024-04-16,235,Dr. Dante Vieira,M,18-25,Sudeste,Venda para Olhos Satin,Acessórios BDSM,288.42,3,0.0,Cartão Débito,Entregue,App,865.26,2024,4,2024-04,Tuesday
1543,2024-06-27,226,Danilo Nunes,M,36-45,Centro-Oeste,Lubrificante Sabores Baunilha,Lubrificantes,43.91,1,0.0,Cartão Crédito,Entregue,Marketplace,43.91,2024,6,2024-06,Thursday
3302,2024-12-09,789,Evelyn Cavalcanti,Não informado,26-35,Sudeste,Camisola Sensual Preta,Lingerie,114.06,1,0.0,Cartão Crédito,Entregue,Site,114.06,2024,12,2024-12,Monday
3325,2023-12-27,391,Ana Beatriz Pacheco,F,18-25,Sudeste,Kit Iniciante BDSM 5 Peças,Acessórios BDSM,184.27,1,0.0,Cartão Crédito,Entregue,Marketplace,184.27,2023,12,2023-12,Wednesday
2540,2023-12-17,378,Letícia Porto,F,26-35,Sudeste,Body Rendado Vermelho,Lingerie,77.29,1,0.0,Boleto,Entregue,Site,77.29,2023,12,2023-12,Sunday
4847,2024-06-23,641,Rael Freitas,M,26-35,Sul,Gel Excitante Feminino,Lubrificantes,79.19,1,0.0,Boleto,Entregue,Marketplace,79.19,2024,6,2024-06,Sunday
4331,2024-11-25,91,Bento Cavalcante,M,26-35,Sul,Conjunto Lingerie Boudoir,Lingerie,175.02,1,0.0,Cartão Crédito,Entregue,Marketplace,175.02,2024,11,2024-11,Monday
733,2023-10-08,290,Julia Ribeiro,F,18-25,Sul,Vibrador Duplo Prazer,Vibradores,326.14,1,0.0,Pix,Entregue,Site,326.14,2023,10,2023-10,Sunday
1157,2024-08-05,48,Sra. Brenda da Rocha,F,26-35,Centro-Oeste,Camisola Sensual Preta,Lingerie,99.04,1,15.0,Boleto,Entregue,Site,84.18,2024,8,2024-08,Monday
5146,2023-12-02,513,Diogo da Cunha,M,26-35,Sudeste,Lubrificante Sabores Baunilha,Lubrificantes,35.19,3,5.0,Pix,Entregue,Site,100.29,2023,12,2023-12,Saturday
3295,2023-05-31,694,Léo Moraes,M,26-35,Sudeste,Jogo de Cartas Sexo Quiz,Jogos Adultos,90.68,1,0.0,Cartão Débito,Entregue,Site,90.68,2023,5,2023-05,Wednesday
2983,2024-07-25,321,Danilo Vargas,M,26-35,Nordeste,Body Rendado Vermelho,Lingerie,167.4,1,0.0,Pix,Entregue,Site,167.4,2024,7,2024-07,Thursday
2157,2023-06-21,43,Sra. Ana Luiza Gomes,F,46+,Centro-Oeste,Camisola Sensual Preta,Lingerie,77.52,1,0.0,Pix,Entregue,App,77.52,2023,6,2023-06,Wednesday
1063,2023-09-01,377,Melina Ferreira,F,18-25,Nordeste,Vibrador Duplo Prazer,Vibradores,249.16,3,0.0,Pix,Devolvido,Site,747.48,2023,9,2023-09,Friday
2617,2024-10-22,123,Giovanna Silva,F,36-45,Sudeste,Lubrificante Íntimo Aquoso 100ml,Lubrificantes,77.49,2,0.0,Cartão Crédito,Entregue,Site,154.98,2024,10,2024-10,Tuesday
1168,2023-12-29,192,Raquel Pires,Não informado,26-35,Nordeste,Lubrificante Íntimo Aquoso 250ml,Lubrificantes,71.66,1,0.0,Cartão Crédito,Entregue,App,71.66,2023,12,2023-12,Friday
3223,2024-07-16,25,Brayan Pereira,M,26-35,Sul,Lubrificante Sabores Morango,Lubrificantes,72.47,2,0.0,Boleto,Entregue,Site,144.94,2024,7,2024-07,Tuesday
3637,2024-12-15,583,Ravy Sampaio,M,18-25,Sudeste,Vibrador Ponto G Flex,Vibradores,91.74,1,25.0,Pix,Entregue,App,68.8,2024,12,2024-12,Sunday
2939,2023-08-04,652,Ana Sophia Machado,F,36-45,Sudeste,Massageador Corporal Wave,Vibradores,313.09,1,0.0,Cartão Crédito,Entregue,Site,313.09,2023,8,2023-08,Friday
4492,2023-12-06,313,Sra. Lara Cirino,F,46+,Nordeste,Lubrificante Íntimo Aquoso 100ml,Lubrificantes,66.73,2,0.0,Cartão Crédito,Entregue,Site,133.46,2023,12,2023-12,Wednesday
3141,2023-02-02,128,Lívia Vargas,F,26-35,Sudeste,Vibrador Rabbit Premium,Vibradores,137.28,2,0.0,Boleto,Entregue,App,274.56,2023,2,2023-02,Thursday
4981,2024-10-11,721,Fernanda Pereira,F,26-35,Sudeste,Lubrificante Base Silicone,Lubrificantes,45.78,1,0.0,Cartão Crédito,Entregue,App,45.78,2024,10,2024-10,Friday
144,2024-10-26,99,Emanuel Araújo,M,26-35,Sudeste,Lubrificante Íntimo Aquoso 100ml,Lubrificantes,71.76,1,20.0,Cartão Crédito,Entregue,App,57.41,2024,10,2024-10,Saturday
3578,2024-10-27,183,Henry Cavalcanti,M,26-35,Nordeste,Gel Excitante Feminino,Lubrificantes,68.76,3,0.0,Pix,Entregue,Site,206.28,2024,10,2024-10,Sunday
2783,2023-06-02,733,Srta. Maria Vitória Pacheco,F,36-45,Norte,Creme Excitante Feminino,Cosméticos Íntimos,104.6,1,0.0,Pix,Entregue,App,104.6,2023,6,2023-06,Friday
718,2023-05-03,685,Ana Monteiro,Não informado,18-25,Norte,Gel Excitante Masculino,Lubrificantes,35.11,1,0.0,Cartão Crédito,Devolvido,Marketplace,35.11,2023,5,2023-05,Wednesday
1820,2024-10-18,132,Srta. Ísis Andrade,F,18-25,Sudeste,Lubrificante Íntimo Aquoso 100ml,Lubrificantes,34.47,1,10.0,Pix,Entregue,App,31.02,2024,10,2024-10,Friday
2503,2024-02-24,229,Bruna Vasconcelos,F,26-35,Sul,Fantasia Policial,Lingerie,140.57,1,0.0,Pix,Entregue,Site,140.57,2024,2,2024-02,Saturday
4361,2023-09-12,18,Maria Cecília Oliveira,F,26-35,Centro-Oeste,Body Rendado Vermelho,Lingerie,165.58,1,0.0,Pix,Entregue,App,165.58,2023,9,2023-09,Tuesday
4172,2024-11-22,754,Rebeca Dias,F,46+,Sudeste,Lubrificante Sabores Baunilha,Lubrificantes,41.96,4,10.0,Cartão Crédito,Entregue,Site,151.06,2024,11,2024-11,Friday
396,2024-12-31,604,Antony Fogaça,M,26-35,Centro-Oeste,Óleo de Massagem Relaxante,Lubrificantes,74.12,2,0.0,Pix,Entregue,Site,148.24,2024,12,2024-12,Tuesday
5366,2023-01-31,764,Sra. Cecilia Caldeira,F,46+,Sul,Kit Roleplay Surpresa,Jogos Adultos,56.01,1,0.0,Cartão Débito,Entregue,Site,56.01,2023,1,2023-01,Tuesday
4493,2024-05-16,226,Danilo Nunes,M,36-45,Centro-Oeste,Lingerie Cropped com Bojo,Lingerie,170.31,2,0.0,Cartão Crédito,Entregue,Site,340.62,2024,5,2024-05,Thursday
1366,2023-10-27,40,Thomas Monteiro,M,36-45,Sudeste,Mini Vibrador Discreto,Vibradores,495.96,3,0.0,Cartão Crédito,Entregue,App,1487.88,2023,10,2023-10,Friday
5060,2024-02-16,117,Kevin Pimenta,M,26-35,Norte,Conjunto Lingerie Boudoir,Lingerie,106.92,2,0.0,Cartão Crédito,Entregue,App,213.84,2024,2,2024-02,Friday
596,2023-06-06,175,Leonardo Câmara,M,36-45,Sul,Creme Retardante Masculino,Cosméticos Íntimos,127.44,1,25.0,Boleto,Entregue,Marketplace,95.58,2023,6,2023-06,Tuesday
3953,2023-03-20,713,Murilo Aragão,M,26-35,Sudeste,Conjunto Lingerie Boudoir,Lingerie,100.29,3,0.0,Cartão Débito,Entregue,Site,300.87,2023,3,2023-03,Monday
4969,2024-03-02,664,Benício das Neves,M,18-25,Sul,Lingerie Cropped com Bojo,Lingerie,61.82,1,0.0,Cartão Crédito,Entregue,Site,61.82,2024,3,2024-03,Saturday
2915,2024-02-01,71,Dra. Ana Liz da Conceição,F,36-45,Sul,Kit Iniciante BDSM 5 Peças,Acessórios BDSM,194.21,1,5.0,Boleto,Entregue,Marketplace,184.5,2024,2,2024-02,Thursday
2327,2024-09-09,434,Isaac Pastor,M,36-45,Nordeste,Massageador Corporal Wave,Vibradores,434.91,1,20.0,Cartão Crédito,Entregue,App,347.93,2024,9,2024-09,Monday
3441,2024-04-14,115,Isabelly Freitas,F,18-25,Sudeste,Óleo de Massagem Relaxante,Lubrificantes,47.49,3,0.0,Cartão Débito,Entregue,Marketplace,142.47,2024,4,2024-04,Sunday
3852,2023-03-06,35,Diego da Luz,M,26-35,Sudeste,Camisola Sensual Preta,Lingerie,79.38,2,5.0,Cartão Crédito,Entregue,Site,150.82,2023,3,2023-03,Monday
4133,2023-03-07,288,Ana Liz Pimenta,F,36-45,Centro-Oeste,Gel Excitante Masculino,Lubrificantes,77.29,1,20.0,Cartão Débito,Entregue,App,61.83,2023,3,2023-03,Tuesday
5094,2024-12-04,35,Diego da Luz,M,26-35,Sudeste,Creme Excitante Feminino,Cosméticos Íntimos,100.72,1,15.0,Pix,Entregue,App,85.61,2024,12,2024-12,Wednesday
2144,2024-04-22,104,Asafe Pinto,M,46+,Sudeste,Conjunto Lingerie Boudoir,Lingerie,109.67,1,0.0,Pix,Entregue,Marketplace,109.67,2024,4,2024-04,Monday
1572,2023-02-28,52,Sra. Sofia Pereira,F,18-25,Sudeste,Corda de Shibari 5m,Acessórios BDSM,108.73,1,30.0,Cartão Crédito,Entregue,App,76.11,2023,2,2023-02,Tuesday
4080,2024-12-26,71,Dra. Ana Liz da Conceição,F,36-45,Sul,Corda de Shibari 5m,Acessórios BDSM,254.21,1,0.0,Cartão Crédito,Entregue,App,254.21,2024,12,2024-12,Thursday
1123,2024-04-12,487,Pedro Camargo,M,18-25,Sudeste,Camisola Sensual Preta,Lingerie,134.84,1,0.0,Cartão Débito,Entregue,Site,134.84,2024,4,2024-04,Friday
2787,2023-12-10,673,Liz Cavalcante,F,18-25,Sudeste,Lubrificante Sabores Baunilha,Lubrificantes,39.81,1,0.0,Pix,Entregue,Site,39.81,2023,12,2023-12,Sunday
2968,2023-01-31,223,Sr. Arthur da Cruz,M,26-35,Sul,Óleo de Massagem Relaxante,Lubrificantes,80.05,1,15.0,Cartão Crédito,Entregue,Marketplace,68.04,2023,1,2023-01,Tuesday
2505,2023-12-21,62,Sra. Eloah da Luz,F,26-35,Sudeste,Kit Iniciante BDSM 5 Peças,Acessórios BDSM,55.77,1,0.0,Pix,Entregue,Site,55.77,2023,12,2023-12,Thursday
3466,2023-06-12,321,Danilo Vargas,M,26-35,Nordeste,Lingerie Cropped com Bojo,Lingerie,77.84,1,0.0,Pix,Entregue,Marketplace,77.84,2023,6,2023-06,Monday
2809,2024-05-18,176,Diogo Alves,M,46+,Sudeste,Vibrador Duplo Prazer,Vibradores,387.59,5,0.0,Pix,Entregue,Marketplace,1937.95,2024,5,2024-05,Saturday
729,2023-12-06,63,Otávio Cunha,M,26-35,Sudeste,Body Coelhinha Plus Size,Lingerie,191.5,1,0.0,Cartão Débito,Entregue,Site,191.5,2023,12,2023-12,Wednesday
3147,2023-01-12,538,Ana Júlia Vieira,F,36-45,Nordeste,Corda de Shibari 5m,Acessórios BDSM,133.08,2,10.0,Cartão Crédito,Entregue,Site,239.54,2023,1,2023-01,Thursday
1517,2024-10-02,277,Pedro Lucas Fernandes,M,36-45,Centro-Oeste,Massageador Corporal Wave,Vibradores,491.56,1,0.0,Pix,Entregue,Marketplace,491.56,2024,10,2024-10,Wednesday
3268,2024-02-29,222,Ana Lívia Vasconcelos,F,36-45,Sul,Mini Vibrador Discreto,Vibradores,311.18,1,0.0,Cartão Crédito,Entregue,Marketplace,311.18,2024,2,2024-02,Thursday
3975,2024-07-20,88,Sr. Caleb Sá,M,26-35,Sudeste,Creme Excitante Feminino,Cosméticos Íntimos,147.63,1,30.0,Pix,Entregue,Site,103.34,2024,7,2024-07,Saturday
617,2024-03-23,18,Maria Cecília Oliveira,F,26-35,Centro-Oeste,Camisola Sensual Preta,Lingerie,130.5,2,30.0,Boleto,Entregue,Site,182.7,2024,3,2024-03,Saturday
115,2024-06-17,268,Rafaela da Mota,F,26-35,Norte,Lingerie Cropped com Bojo,Lingerie,135.93,1,0.0,Boleto,Entregue,Site,135.93,2024,6,2024-06,Monday
418,2024-02-23,110,Dr. Raul Dias,M,36-45,Nordeste,Gel Excitante Masculino,Lubrificantes,32.32,1,0.0,Cartão Débito,Entregue,Site,32.32,2024,2,2024-02,Friday
3070,2024-02-24,298,Dra. Fernanda Lima,F,26-35,Nordeste,Fantasia Policial,Lingerie,141.18,2,0.0,Cartão Crédito,Entregue,App,282.36,2024,2,2024-02,Saturday
1626,2024-04-23,309,Ian Rocha,M,26-35,Sul,Dado do Prazer,Jogos Adultos,76.27,4,5.0,Pix,Entregue,App,289.83,2024,4,2024-04,Tuesday
5493,2024-02-23,226,Danilo Nunes,M,36-45,Centro-Oeste,Conjunto Lingerie Boudoir,Lingerie,103.94,1,0.0,Cartão Débito,Entregue,Marketplace,103.94,2024,2,2024-02,Friday
4186,2024-12-20,267,Dra. Ester Correia,F,36-45,Sudeste,Wand Massager Pro,Vibradores,331.87,1,0.0,Cartão Crédito,Entregue,Site,331.87,2024,12,2024-12,Friday
2897,2023-10-31,209,Maria Julia Fernandes,F,36-45,Sudeste,Kit Roleplay Surpresa,Jogos Adultos,106.53,1,0.0,Boleto,Entregue,Site,106.53,2023,10,2023-10,Tuesday
5186,2024-03-28,627,Luna Caldeira,F,26-35,Sudeste,Colar e Guia BDSM,Acessórios BDSM,100.54,2,0.0,Pix,Entregue,App,201.08,2024,3,2024-03,Thursday
2083,2023-12-08,170,Luna Martins,F,18-25,Sudeste,Gel Excitante Feminino,Lubrificantes,75.89,2,0.0,Cartão Crédito,Entregue,App,151.78,2023,12,2023-12,Friday
754,2024-12-23,113,Hadassa Montenegro,F,36-45,Sul,Dado do Prazer,Jogos Adultos,47.35,3,0.0,Pix,Entregue,Site,142.05,2024,12,2024-12,Monday
2547,2024-11-25,23,Elisa Freitas,F,18-25,Sudeste,Camisola Sensual Preta,Lingerie,121.02,1,0.0,Pix,Devolvido,App,121.02,2024,11,2024-11,Monday
3970,2024-12-27,139,Srta. Isabela Castro,F,18-25,Sudeste,Gel Excitante Masculino,Lubrificantes,80.56,2,30.0,Pix,Entregue,Site,112.78,2024,12,2024-12,Friday
3374,2024-12-21,288,Ana Liz Pimenta,F,36-45,Centro-Oeste,Vibrador Duplo Prazer,Vibradores,155.72,2,0.0,Pix,Entregue,Marketplace,311.44,2024,12,2024-12,Saturday
4108,2023-05-04,15,Julia Aparecida,F,26-35,Sudeste,Fantasia Policial,Lingerie,157.37,2,0.0,Cartão Crédito,Entregue,Site,314.74,2023,5,2023-05,Thursday
2445,2024-09-28,159,Zoe Rodrigues,F,46+,Sul,Gel Excitante Masculino,Lubrificantes,65.14,1,0.0,Pix,Entregue,Site,65.14,2024,9,2024-09,Saturday
4381,2023-05-04,18,Maria Cecília Oliveira,F,26-35,Centro-Oeste,Gel Excitante Feminino,Lubrificantes,87.79,1,0.0,Cartão Crédito,Entregue,App,87.79,2023,5,2023-05,Thursday
1067,2023-04-20,76,Renan da Cruz,M,26-35,Nordeste,Lubrificante Base Silicone,Lubrificantes,73.36,2,15.0,Cartão Débito,Entregue,App,124.71,2023,4,2023-04,Thursday
3914,2024-01-29,724,Lucas Gabriel Melo,M,46+,Sul,Kit Roleplay Surpresa,Jogos Adultos,63.17,1,20.0,Pix,Entregue,Site,50.54,2024,1,2024-01,Monday
3499,2024-02-08,61,Davi Lucas Cardoso,M,36-45,Norte,Vibrador Ponto G Flex,Vibradores,408.76,1,0.0,Pix,Entregue,App,408.76,2024,2,2024-02,Thursday
2739,2024-06-07,679,Enzo Gabriel Pastor,M,18-25,Nordeste,Colar e Guia BDSM,Acessórios BDSM,163.24,2,0.0,Boleto,Entregue,Site,326.48,2024,6,2024-06,Friday
5053,2023-08-13,57,Maria Cecília das Neves,F,18-25,Centro-Oeste,Conjunto Lingerie Boudoir,Lingerie,86.25,3,0.0,Cartão Crédito,Entregue,Marketplace,258.75,2023,8,2023-08,Sunday
4001,2024-02-01,228,Maria Eduarda Cavalcante,F,18-25,Sudeste,Mini Vibrador Discreto,Vibradores,106.83,2,0.0,Pix,Entregue,Marketplace,213.66,2024,2,2024-02,Thursday
2428,2024-11-28,661,Amanda Fonseca,F,18-25,Sul,Massageador Corporal Wave,Vibradores,94.69,1,30.0,Cartão Crédito,Entregue,App,66.28,2024,11,2024-11,Thursday
3747,2024-04-12,289,Srta. Giovanna Pires,F,36-45,Sudeste,Lubrificante Íntimo Aquoso 250ml,Lubrificantes,78.13,1,0.0,Cartão Crédito,Entregue,Site,78.13,2024,4,2024-04,Friday
5150,2024-02-10,40,Thomas Monteiro,M,36-45,Sudeste,Lubrificante Sabores Morango,Lubrificantes,77.49,1,0.0,Boleto,Entregue,App,77.49,2024,2,2024-02,Saturday
1688,2024-02-22,182,Srta. Bianca Vasconcelos,F,26-35,Nordeste,Gel Excitante Feminino,Lubrificantes,49.5,2,0.0,Pix,Entregue,Site,99.0,2024,2,2024-02,Thursday
852,2024-11-19,360,Dr. Vitor Hugo Andrade,M,36-45,Sudeste,Gel Excitante Masculino,Lubrificantes,75.54,1,0.0,Pix,Entregue,App,75.54,2024,11,2024-11,Tuesday
896,2023-05-27,64,Gabriela Silva,F,26-35,Sudeste,Mordaça Silicone,Acessórios BDSM,283.3,2,0.0,Pix,Entregue,App,566.6,2023,5,2023-05,Saturday
4593,2023-11-03,191,João Guilherme Vargas,M,26-35,Nordeste,Body Rendado Vermelho,Lingerie,144.35,1,0.0,Pix,Entregue,Site,144.35,2023,11,2023-11,Friday
336,2024-03-30,12,Eduardo Cunha,Não informado,26-35,Sul,Lubrificante Sabores Baunilha,Lubrificantes,41.23,1,20.0,Cartão Débito,Entregue,Site,32.98,2024,3,2024-03,Saturday
2840,2023-12-29,128,Lívia Vargas,F,26-35,Sudeste,Vibrador Duplo Prazer,Vibradores,469.81,1,0.0,Boleto,Entregue,Marketplace,469.81,2023,12,2023-12,Friday
3088,2023-02-16,5,Ana Beatriz Alves,F,18-25,Sul,Lubrificante Base Silicone,Lubrificantes,33.79,1,0.0,Pix,Entregue,Site,33.79,2023,2,2023-02,Thursday
4612,2023-06-02,18,Maria Cecília Oliveira,F,26-35,Centro-Oeste,Body Rendado Vermelho,Lingerie,108.92,3,0.0,Cartão Crédito,Entregue,Site,326.76,2023,6,2023-06,Friday
1016,2023-05-14,592,Natália Azevedo,F,46+,Nordeste,Vibrador Rabbit Premium,Vibradores,457.69,4,0.0,Pix,Entregue,Site,1830.76,2023,5,2023-05,Sunday
1632,2024-03-17,118,Dra. Alexia Rios,F,46+,Sudeste,Fantasia Policial,Lingerie,154.58,3,0.0,Cartão Crédito,Entregue,Site,463.74,2024,3,2024-03,Sunday
2490,2023-11-06,129,Julia Castro,F,26-35,Sudeste,Óleo de Massagem Relaxante,Lubrificantes,51.76,2,25.0,Cartão Crédito,Entregue,App,77.64,2023,11,2023-11,Monday
3731,2023-02-11,46,Dra. Bruna Rodrigues,F,18-25,Nordeste,Dominó Erótico,Jogos Adultos,125.46,2,0.0,Pix,Entregue,Marketplace,250.92,2023,2,2023-02,Saturday
3252,2024-09-13,35,Diego da Luz,M,26-35,Sudeste,Massageador Corporal Wave,Vibradores,195.13,1,20.0,Pix,Entregue,Site,156.1,2024,9,2024-09,Friday
5144,2023-07-18,375,Anthony Martins,M,36-45,Sul,Meia-Calça Rendada,Lingerie,182.36,1,0.0,Cartão Crédito,Entregue,Marketplace,182.36,2023,7,2023-07,Tuesday
2071,2023-09-05,366,Luan Vieira,M,36-45,Sul,Jogo Tabuleiro Casais,Jogos Adultos,75.92,2,0.0,Pix,Entregue,Site,151.84,2023,9,2023-09,Tuesday
4453,2024-05-25,448,Kamilly Pinto,F,36-45,Sul,Mini Vibrador Discreto,Vibradores,353.84,1,0.0,Pix,Entregue,Site,353.84,2024,5,2024-05,Saturday
5418,2023-02-25,105,Mariah Ribeiro,F,18-25,Nordeste,Creme Retardante Masculino,Cosméticos Íntimos,149.74,1,0.0,Cartão Crédito,Entregue,Marketplace,149.74,2023,2,2023-02,Saturday
1636,2023-06-13,74,Raquel Cunha,F,46+,Sul,Lingerie Cropped com Bojo,Lingerie,158.24,4,10.0,Cartão Crédito,Entregue,Marketplace,569.66,2023,6,2023-06,Tuesday
4647,2023-04-13,299,Ísis Câmara,F,26-35,Sul,Gel Excitante Masculino,Lubrificantes,43.09,2,0.0,Pix,Entregue,App,86.18,2023,4,2023-04,Thursday
2480,2024-11-28,404,Julia Pacheco,F,18-25,Sul,Massageador Corporal Wave,Vibradores,156.58,1,25.0,Cartão Crédito,Entregue,Site,117.44,2024,11,2024-11,Thursday
2960,2024-06-26,418,Lara Andrade,F,26-35,Nordeste,Meia-Calça Rendada,Lingerie,165.5,1,25.0,Pix,Entregue,Site,124.12,2024,6,2024-06,Wednesday
5252,2024-06-18,690,Maria Vitória Mendes,F,18-25,Norte,Kit Iniciante BDSM 5 Peças,Acessórios BDSM,269.94,1,0.0,Cartão Crédito,Entregue,Site,269.94,2024,6,2024-06,Tuesday
3060,2024-12-31,650,Laura Sales,F,36-45,Centro-Oeste,Dado do Prazer,Jogos Adultos,72.01,1,25.0,Cartão Crédito,Entregue,App,54.01,2024,12,2024-12,Tuesday
5054,2023-01-22,25,Brayan Pereira,M,26-35,Sul,Cartas Posições Kamasutra,Jogos Adultos,53.69,2,0.0,Cartão Crédito,Entregue,Site,107.38,2023,1,2023-01,Sunday
2142,2023-01-22,210,Dra. Maria Luiza Silveira,F,26-35,Nordeste,Vibrador Duplo Prazer,Vibradores,358.89,1,20.0,Pix,Entregue,Site,287.11,2023,1,2023-01,Sunday
5105,2023-05-14,105,Mariah Ribeiro,F,18-25,Nordeste,Camisola Sensual Preta,Lingerie,67.09,5,0.0,Pix,Entregue,Site,335.45,2023,5,2023-05,Sunday
3119,2023-10-26,79,Maria Lima,F,18-25,Centro-Oeste,Conjunto Lingerie Boudoir,Lingerie,141.19,3,25.0,Cartão Débito,Entregue,Site,317.68,2023,10,2023-10,Thursday
5245,2023-12-31,331,Maria Luísa Borges,F,18-25,Sul,Vibrador Duplo Prazer,Vibradores,244.53,3,30.0,Cartão Débito,Entregue,App,513.51,2023,12,2023-12,Sunday
4046,2024-04-19,153,João Andrade,M,26-35,Sul,Mini Vibrador Discreto,Vibradores,323.9,1,0.0,Boleto,Entregue,Site,323.9,2024,4,2024-04,Friday
3357,2023-03-25,314,Maya Porto,F,36-45,Sul,Vibrador Duplo Prazer,Vibradores,242.44,1,0.0,Cartão Crédito,Entregue,App,242.44,2023,3,2023-03,Saturday
2745,2024-09-13,260,Leandro Ribeiro,M,26-35,Sudeste,Colar e Guia BDSM,Acessórios BDSM,245.81,1,0.0,Cartão Crédito,Entregue,Site,245.81,2024,9,2024-09,Friday
5093,2024-12-07,450,Laís Marques,Não informado,26-35,Sudeste,Mordaça Silicone,Acessórios BDSM,264.24,1,5.0,Pix,Entregue,Site,251.03,2024,12,2024-12,Saturday
3507,2023-05-29,709,Dra. Olivia da Paz,F,46+,Sudeste,Conjunto Lingerie Boudoir,Lingerie,151.13,1,0.0,Boleto,Devolvido,App,151.13,2023,5,2023-05,Monday
1680,2023-06-05,313,Sra. Lara Cirino,F,46+,Nordeste,Vibrador Duplo Prazer,Vibradores,228.46,5,0.0,Cartão Crédito,Entregue,Site,1142.3,2023,6,2023-06,Monday
4250,2023-05-27,697,Rael da Cruz,M,26-35,Nordeste,Lubrificante Íntimo Aquoso 100ml,Lubrificantes,31.81,2,0.0,Pix,Entregue,Marketplace,63.62,2023,5,2023-05,Saturday
3148,2023-08-20,291,Eduarda da Costa,F,36-45,Sudeste,Óleo de Massagem Relaxante,Lubrificantes,77.89,1,0.0,Pix,Entregue,Site,77.89,2023,8,2023-08,Sunday
2295,2024-10-24,2,Isabelly Câmara,F,36-45,Nordeste,Chicote de Couro Soft,Acessórios BDSM,159.89,2,0.0,Boleto,Entregue,Site,319.78,2024,10,2024-10,Thursday
581,2024-10-13,168,Agatha da Rosa,F,26-35,Sul,Mordaça Silicone,Acessórios BDSM,280.3,1,0.0,Cartão Crédito,Entregue,App,280.3,2024,10,2024-10,Sunday
1471,2024-03-16,225,Isaque Cardoso,Não informado,26-35,Sul,Jogo de Cartas Sexo Quiz,Jogos Adultos,94.76,2,30.0,Pix,Entregue,App,132.66,2024,3,2024-03,Saturday
4800,2024-02-11,269,Dra. Valentina Peixoto,F,18-25,Sul,Body Rendado Vermelho,Lingerie,164.58,2,20.0,Cartão Crédito,Entregue,Marketplace,263.33,2024,2,2024-02,Sunday
3344,2024-02-14,48,Sra. Brenda da Rocha,F,26-35,Centro-Oeste,Body Rendado Vermelho,Lingerie,73.99,3,0.0,Pix,Entregue,Site,221.97,2024,2,2024-02,Wednesday
4993,2023-12-13,115,Isabelly Freitas,F,18-25,Sudeste,Creme Retardante Masculino,Cosméticos Íntimos,104.34,1,0.0,Cartão Crédito,Entregue,Marketplace,104.34,2023,12,2023-12,Wednesday
4584,2023-12-06,375,Anthony Martins,M,36-45,Sul,Fantasia Policial,Lingerie,199.56,1,0.0,Cartão Débito,Entregue,App,199.56,2023,12,2023-12,Wednesday
3673,2024-06-18,337,Diogo Gomes,M,26-35,Sul,Vibrador Rabbit Premium,Vibradores,433.31,1,0.0,Cartão Crédito,Devolvido,Site,433.31,2024,6,2024-06,Tuesday
560,2024-01-16,259,Maria Luiza Sales,F,18-25,Norte,Lubrificante Sabores Baunilha,Lubrificantes,35.13,1,0.0,Cartão Crédito,Entregue,Marketplace,35.13,2024,1,2024-01,Tuesday
513,2024-12-30,608,Maria Nogueira,F,36-45,Centro-Oeste,Body Rendado Vermelho,Lingerie,77.8,2,0.0,Cartão Crédito,Entregue,Marketplace,155.6,2024,12,2024-12,Monday
4730,2023-12-10,51,Thiago Caldeira,Não informado,36-45,Sul,Conjunto Lingerie Boudoir,Lingerie,145.97,2,25.0,Cartão Crédito,Entregue,Site,218.96,2023,12,2023-12,Sunday
1082,2024-08-08,27,Elisa Martins,F,26-35,Sul,Lubrificante Base Silicone,Lubrificantes,79.24,1,0.0,Pix,Entregue,Site,79.24,2024,8,2024-08,Thursday
1665,2023-07-07,771,Nicolas Rezende,M,36-45,Sul,Kit Algemas Veludo,Acessórios BDSM,192.46,1,0.0,Cartão Crédito,Entregue,App,192.46,2023,7,2023-07,Friday
1013,2024-02-18,633,Kamilly Porto,F,26-35,Sul,Lubrificante Sabores Morango,Lubrificantes,77.08,2,20.0,Cartão Crédito,Entregue,Site,123.33,2024,2,2024-02,Sunday
1932,2024-09-02,222,Ana Lívia Vasconcelos,F,36-45,Sul,Óleo de Massagem Relaxante,Lubrificantes,39.81,3,0.0,Pix,Entregue,Marketplace,119.43,2024,9,2024-09,Monday
1151,2023-02-08,323,Dra. Nicole Jesus,F,46+,Sul,Kit Iniciante BDSM 5 Peças,Acessórios BDSM,222.85,1,20.0,Cartão Débito,Entregue,App,178.28,2023,2,2023-02,Wednesday
2839,2023-10-20,370,Emilly Cavalcante,Não informado,36-45,Sudeste,Venda para Olhos Satin,Acessórios BDSM,114.25,1,0.0,Boleto,Entregue,App,114.25,2023,10,2023-10,Friday
117,2024-09-28,414,Mirella Freitas,F,18-25,Sul,Massageador Corporal Wave,Vibradores,246.26,2,0.0,Pix,Entregue,Site,492.52,2024,9,2024-09,Saturday
741,2024-06-19,169,Giovanna Lopes,F,36-45,Sudeste,Cartas Posições Kamasutra,Jogos Adultos,98.42,1,0.0,Pix,Entregue,App,98.42,2024,6,2024-06,Wednesday
5333,2023-05-15,26,Srta. Yasmin Siqueira,F,46+,Sul,Lubrificante Íntimo Aquoso 100ml,Lubrificantes,37.2,2,10.0,Pix,Entregue,Site,66.96,2023,5,2023-05,Monday
3676,2024-08-20,91,Bento Cavalcante,M,26-35,Sul,Gel Excitante Masculino,Lubrificantes,63.21,1,0.0,Pix,Devolvido,Marketplace,63.21,2024,8,2024-08,Tuesday
831,2023-11-21,71,Dra. Ana Liz da Conceição,F,36-45,Sul,Vibrador Clássico Silicone,Vibradores,417.81,1,0.0,Pix,Entregue,Site,417.81,2023,11,2023-11,Tuesday
120,2023-06-07,210,Dra. Maria Luiza Silveira,F,26-35,Nordeste,Body Rendado Vermelho,Lingerie,72.15,1,25.0,Pix,Entregue,Marketplace,54.11,2023,6,2023-06,Wednesday
4753,2024-11-18,298,Dra. Fernanda Lima,F,26-35,Nordeste,Venda para Olhos Satin,Acessórios BDSM,287.19,1,0.0,Boleto,Entregue,App,287.19,2024,11,2024-11,Monday
5304,2023-11-10,534,Sra. Maysa Moura,F,46+,Sudeste,Sabonete Íntimo pH Neutro,Cosméticos Íntimos,88.18,1,0.0,Cartão Crédito,Entregue,Site,88.18,2023,11,2023-11,Friday
5260,2023-02-02,510,Srta. Vitória Moraes,F,26-35,Norte,Vibrador Rabbit Premium,Vibradores,421.95,1,0.0,Cartão Crédito,Entregue,Site,421.95,2023,2,2023-02,Thursday
636,2023-08-18,162,Davi Silveira,M,36-45,Norte,Vibrador Clássico Silicone,Vibradores,497.25,3,10.0,Pix,Entregue,Marketplace,1342.58,2023,8,2023-08,Friday
4466,2024-02-09,138,Nicolas Pinto,M,36-45,Sudeste,Meia-Calça Rendada,Lingerie,71.25,1,0.0,Cartão Crédito,Entregue,Marketplace,71.25,2024,2,2024-02,Friday
4365,2024-10-01,72,Ana Beatriz Farias,F,46+,Norte,Meia-Calça Rendada,Lingerie,85.04,1,30.0,Pix,Entregue,Marketplace,59.53,2024,10,2024-10,Tuesday
4143,2024-06-30,28,Júlia Porto,F,26-35,Centro-Oeste,Conjunto Lingerie Boudoir,Lingerie,143.86,1,0.0,Cartão Crédito,Entregue,App,143.86,2024,6,2024-06,Sunday
992,2024-08-02,312,Olivia Moreira,F,26-35,Norte,Creme Excitante Feminino,Cosméticos Íntimos,129.86,1,0.0,Pix,Entregue,App,129.86,2024,8,2024-08,Friday
877,2023-04-09,330,Luana Novaes,F,36-45,Sudeste,Vibrador Ponto G Flex,Vibradores,450.32,1,0.0,Pix,Entregue,Marketplace,450.32,2023,4,2023-04,Sunday
5,2023-02-12,48,Sra. Brenda da Rocha,F,26-35,Centro-Oeste,Gel Excitante Feminino,Lubrificantes,89.29,1,10.0,Pix,Devolvido,Site,80.36,2023,2,2023-02,Sunday
3052,2023-04-21,180,Dr. Thales Guerra,M,36-45,Sudeste,Fantasia Policial,Lingerie,167.02,3,0.0,Cartão Débito,Entregue,App,501.06,2023,4,2023-04,Friday
3125,2023-01-12,344,Zoe Mendes,F,26-35,Sudeste,Lubrificante Íntimo Aquoso 100ml,Lubrificantes,82.02,3,0.0,Cartão Crédito,Entregue,Marketplace,246.06,2023,1,2023-01,Thursday
2661,2023-05-13,174,Lívia Borges,F,46+,Sudeste,Vibrador Clássico Silicone,Vibradores,379.53,1,0.0,Pix,Entregue,Marketplace,379.53,2023,5,2023-05,Saturday
3855,2023-12-20,287,Lorena Nunes,F,36-45,Centro-Oeste,Chicote de Couro Soft,Acessórios BDSM,144.09,1,0.0,Boleto,Entregue,Site,144.09,2023,12,2023-12,Wednesday
4934,2024-02-22,161,Luísa Pinto,F,18-25,Sudeste,Vibrador Rabbit Premium,Vibradores,200.55,1,0.0,Cartão Crédito,Entregue,Site,200.55,2024,2,2024-02,Thursday
4778,2024-01-28,102,Nathan Campos,M,18-25,Sudeste,Vibrador Ponto G Flex,Vibradores,299.57,3,0.0,Cartão Crédito,Entregue,Site,898.71,2024,1,2024-01,Sunday
1716,2024-02-19,781,Mirella Ramos,F,26-35,Sudeste,Fantasia Policial,Lingerie,148.7,2,15.0,Cartão Débito,Entregue,Site,252.79,2024,2,2024-02,Monday
1149,2024-02-19,471,Amanda Pereira,F,18-25,Sudeste,Camisola Sensual Preta,Lingerie,70.09,2,0.0,Pix,Entregue,App,140.18,2024,2,2024-02,Monday
3262,2024-03-18,192,Raquel Pires,Não informado,26-35,Nordeste,Meia-Calça Rendada,Lingerie,108.6,4,25.0,Boleto,Entregue,Site,325.8,2024,3,2024-03,Monday
575,2024-03-13,487,Pedro Camargo,M,18-25,Sudeste,Gel Excitante Masculino,Lubrificantes,43.45,3,0.0,Boleto,Entregue,Site,130.35,2024,3,2024-03,Wednesday
3770,2023-05-26,35,Diego da Luz,M,26-35,Sudeste,Body Coelhinha Plus Size,Lingerie,92.87,2,0.0,Cartão Crédito,Entregue,Site,185.74,2023,5,2023-05,Friday
3737,2023-03-18,288,Ana Liz Pimenta,F,36-45,Centro-Oeste,Conjunto Lingerie Boudoir,Lingerie,165.79,1,30.0,Pix,Entregue,Site,116.05,2023,3,2023-03,Saturday
4147,2023-07-27,31,Luara Guerra,F,36-45,Nordeste,Lubrificante Base Silicone,Lubrificantes,60.18,3,0.0,Pix,Entregue,Site,180.54,2023,7,2023-07,Thursday
2775,2023-12-05,214,Sra. Catarina Martins,F,46+,Sul,Lubrificante Sabores Baunilha,Lubrificantes,37.14,1,0.0,Cartão Débito,Entregue,Site,37.14,2023,12,2023-12,Tuesday
4930,2023-11-11,581,Lívia Vieira,F,36-45,Sudeste,Corda de Shibari 5m,Acessórios BDSM,187.23,4,0.0,Cartão Crédito,Entregue,Marketplace,748.92,2023,11,2023-11,Saturday
1167,2023-02-16,447,Diogo Azevedo,M,26-35,Sul,Camisola Sensual Preta,Lingerie,157.5,2,0.0,Cartão Débito,Entregue,Site,315.0,2023,2,2023-02,Thursday
972,2023-11-04,617,Esther da Paz,F,18-25,Sul,Gel Excitante Masculino,Lubrificantes,55.61,2,0.0,Cartão Crédito,Entregue,Site,111.22,2023,11,2023-11,Saturday
2702,2023-09-26,717,João Lucas Pinto,M,18-25,Sudeste,Kit Iniciante BDSM 5 Peças,Acessórios BDSM,224.56,3,15.0,Boleto,Entregue,Marketplace,572.63,2023,9,2023-09,Tuesday
4496,2023-11-22,252,Kamilly Novais,F,46+,Sul,Body Coelhinha Plus Size,Lingerie,92.22,2,0.0,Cartão Débito,Entregue,Site,184.44,2023,11,2023-11,Wednesday
3848,2023-02-03,223,Sr. Arthur da Cruz,M,26-35,Sul,Spray Prolongador,Cosméticos Íntimos,53.17,2,0.0,Cartão Crédito,Devolvido,App,106.34,2023,2,2023-02,Friday
2369,2023-03-20,116,Emanuel Macedo,M,46+,Sudeste,Lingerie Cropped com Bojo,Lingerie,108.19,3,0.0,Pix,Entregue,Site,324.57,2023,3,2023-03,Monday
4116,2024-08-10,115,Isabelly Freitas,F,18-25,Sudeste,Fantasia Enfermeira,Lingerie,186.41,1,0.0,Pix,Entregue,App,186.41,2024,8,2024-08,Saturday
4781,2024-08-21,20,Sr. João Vitor Barros,M,18-25,Sudeste,Corda de Shibari 5m,Acessórios BDSM,245.47,1,0.0,Boleto,Entregue,Site,245.47,2024,8,2024-08,Wednesday
4132,2024-01-06,68,Benício Fernandes,M,36-45,Sudeste,Dado do Prazer,Jogos Adultos,43.13,3,30.0,Pix,Entregue,Site,90.57,2024,1,2024-01,Saturday
2951,2024-08-15,441,Augusto Siqueira,M,46+,Sudeste,Wand Massager Pro,Vibradores,163.66,4,5.0,Pix,Entregue,Site,621.91,2024,8,2024-08,Thursday
525,2023-01-10,455,Murilo Leão,M,26-35,Nordeste,Jogo de Cartas Sexo Quiz,Jogos Adultos,100.95,5,0.0,Cartão Débito,Entregue,Marketplace,504.75,2023,1,2023-01,Tuesday
2456,2024-11-23,42,Eduarda Vieira,F,18-25,Sudeste,Jogo Tabuleiro Casais,Jogos Adultos,72.59,2,0.0,Cartão Crédito,Entregue,Site,145.18,2024,11,2024-11,Saturday
1842,2023-10-30,155,Sra. Maya Pereira,F,26-35,Sul,Óleo de Massagem Relaxante,Lubrificantes,81.48,1,5.0,Cartão Crédito,Entregue,Site,77.41,2023,10,2023-10,Monday
538,2023-10-04,79,Maria Lima,F,18-25,Centro-Oeste,Mini Vibrador Discreto,Vibradores,256.68,1,0.0,Boleto,Entregue,Site,256.68,2023,10,2023-10,Wednesday
2807,2023-01-13,366,Luan Vieira,M,36-45,Sul,Mini Vibrador Discreto,Vibradores,303.88,2,0.0,Pix,Entregue,App,607.76,2023,1,2023-01,Friday
4342,2024-12-09,14,Aylla Fogaça,F,36-45,Sudeste,Gel Excitante Masculino,Lubrificantes,77.5,2,0.0,Boleto,Entregue,App,155.0,2024,12,2024-12,Monday
3176,2024-03-15,57,Maria Cecília das Neves,F,18-25,Centro-Oeste,Vibrador Ponto G Flex,Vibradores,376.61,4,0.0,Pix,Entregue,Site,1506.44,2024,3,2024-03,Friday
785,2024-02-03,56,Rebeca Almeida,F,26-35,Sul,Fantasia Policial,Lingerie,107.58,1,0.0,Cartão Crédito,Entregue,Site,107.58,2024,2,2024-02,Saturday
4058,2024-02-13,12,Eduardo Cunha,Não informado,26-35,Sul,Venda para Olhos Satin,Acessórios BDSM,136.27,1,0.0,Cartão Crédito,Entregue,Marketplace,136.27,2024,2,2024-02,Tuesday
1410,2024-05-20,495,Maria Helena Nascimento,F,36-45,Sudeste,Vibrador Ponto G Flex,Vibradores,477.49,2,0.0,Cartão Crédito,Entregue,Site,954.98,2024,5,2024-05,Monday
2538,2024-02-04,43,Sra. Ana Luiza Gomes,F,46+,Centro-Oeste,Lubrificante Íntimo Aquoso 250ml,Lubrificantes,55.58,2,0.0,Cartão Crédito,Entregue,Marketplace,111.16,2024,2,2024-02,Sunday
3010,2023-12-22,15,Julia Aparecida,F,26-35,Sudeste,Jogo Tabuleiro Casais,Jogos Adultos,109.86,1,15.0,Cartão Crédito,Entregue,App,93.38,2023,12,2023-12,Friday
1687,2023-03-23,587,Yan Siqueira,M,36-45,Sul,Vibrador Ponto G Flex,Vibradores,395.72,3,0.0,Cartão Crédito,Entregue,Site,1187.16,2023,3,2023-03,Thursday
2902,2024-07-16,374,José Miguel Marques,M,36-45,Norte,Vibrador Clássico Silicone,Vibradores,400.82,2,0.0,Boleto,Entregue,Site,801.64,2024,7,2024-07,Tuesday
5492,2023-01-10,361,Ana Lívia da Costa,F,26-35,Sudeste,Body Rendado Vermelho,Lingerie,98.26,1,25.0,Boleto,Entregue,Marketplace,73.7,2023,1,2023-01,Tuesday
4722,2024-09-22,16,Sra. Zoe Campos,F,18-25,Sudeste,Jogo de Cartas Sexo Quiz,Jogos Adultos,45.62,1,0.0,Pix,Entregue,Marketplace,45.62,2024,9,2024-09,Sunday
3864,2023-05-28,82,Lucca Caldeira,M,26-35,Nordeste,Vibrador Duplo Prazer,Vibradores,231.35,1,0.0,Cartão Crédito,Entregue,Site,231.35,2023,5,2023-05,Sunday
2734,2024-01-26,666,Maria Luísa Oliveira,F,26-35,Nordeste,Jogo Tabuleiro Casais,Jogos Adultos,79.2,3,20.0,Cartão Crédito,Entregue,Marketplace,190.08,2024,1,2024-01,Friday
1896,2024-11-21,344,Zoe Mendes,F,26-35,Sudeste,Body Coelhinha Plus Size,Lingerie,169.15,2,10.0,Pix,Entregue,Site,304.47,2024,11,2024-11,Thursday
570,2024-04-15,118,Dra. Alexia Rios,F,46+,Sudeste,Dado do Prazer,Jogos Adultos,91.17,4,0.0,Pix,Entregue,Marketplace,364.68,2024,4,2024-04,Monday
1817,2023-04-01,97,Sra. Ana Laura Aragão,F,26-35,Sudeste,Wand Massager Pro,Vibradores,308.68,3,0.0,Pix,Entregue,App,926.04,2023,4,2023-04,Saturday
2066,2024-09-19,395,Ágatha Fonseca,F,36-45,Sudeste,Kit Algemas Veludo,Acessórios BDSM,241.78,2,0.0,Boleto,Entregue,Site,483.56,2024,9,2024-09,Thursday
128,2023-07-18,485,Maria Vitória da Mata,F,46+,Sul,Gel Excitante Masculino,Lubrificantes,71.51,1,0.0,Boleto,Devolvido,Site,71.51,2023,7,2023-07,Tuesday
3395,2023-04-27,547,Carolina Rios,F,26-35,Sudeste,Lubrificante Sabores Baunilha,Lubrificantes,39.18,1,0.0,Cartão Débito,Entregue,App,39.18,2023,4,2023-04,Thursday
3328,2024-05-21,198,Srta. Hadassa Azevedo,F,26-35,Nordeste,Gel Excitante Masculino,Lubrificantes,43.54,2,25.0,Cartão Crédito,Entregue,Site,65.31,2024,5,2024-05,Tuesday
2976,2024-01-12,8,Yago Leão,M,26-35,Sudeste,Body Rendado Vermelho,Lingerie,158.76,1,0.0,Pix,Entregue,Site,158.76,2024,1,2024-01,Friday
981,2023-10-13,112,Beatriz Barbosa,F,36-45,Nordeste,Conjunto Lingerie Boudoir,Lingerie,69.02,1,15.0,Cartão Crédito,Entregue,Site,58.67,2023,10,2023-10,Friday
2301,2023-09-26,413,Zoe Carvalho,F,26-35,Sudeste,Body Coelhinha Plus Size,Lingerie,197.52,2,0.0,Boleto,Entregue,Site,395.04,2023,9,2023-09,Tuesday
191,2023-03-23,28,Júlia Porto,F,26-35,Centro-Oeste,Fantasia Policial,Lingerie,138.02,4,0.0,Pix,Entregue,Marketplace,552.08,2023,3,2023-03,Thursday
1140,2023-11-22,241,Natália Santos,F,46+,Nordeste,Lubrificante Sabores Morango,Lubrificantes,52.46,1,0.0,Boleto,Entregue,Site,52.46,2023,11,2023-11,Wednesday
5089,2023-09-26,231,Apollo das Neves,M,26-35,Nordeste,Vibrador Clássico Silicone,Vibradores,142.22,5,10.0,Pix,Devolvido,App,639.99,2023,9,2023-09,Tuesday
700,2023-08-27,179,Gael Silva,M,36-45,Sudeste,Vibrador Duplo Prazer,Vibradores,297.65,1,0.0,Cartão Crédito,Entregue,Marketplace,297.65,2023,8,2023-08,Sunday
5305,2023-12-28,155,Sra. Maya Pereira,F,26-35,Sul,Body Coelhinha Plus Size,Lingerie,128.86,1,0.0,Cartão Crédito,Devolvido,Site,128.86,2023,12,2023-12,Thursday
607,2024-09-03,64,Gabriela Silva,F,26-35,Sudeste,Camisola Sensual Preta,Lingerie,105.22,5,30.0,Boleto,Entregue,Site,368.27,2024,9,2024-09,Tuesday
4277,2023-07-05,141,Lívia Viana,F,36-45,Sudeste,Lubrificante Sabores Morango,Lubrificantes,83.72,2,0.0,Pix,Entregue,App,167.44,2023,7,2023-07,Wednesday
302,2023-12-10,205,Otto Nascimento,M,26-35,Sul,Vibrador Duplo Prazer,Vibradores,239.14,1,0.0,Cartão Crédito,Entregue,Site,239.14,2023,12,2023-12,Sunday
3421,2024-09-10,373,Cecília da Conceição,F,36-45,Sul,Conjunto Lingerie Boudoir,Lingerie,179.13,2,0.0,Cartão Débito,Entregue,Marketplace,358.26,2024,9,2024-09,Tuesday
5347,2024-02-03,4,Dra. Aurora Pastor,F,26-35,Sul,Fantasia Enfermeira,Lingerie,158.75,1,0.0,Cartão Crédito,Devolvido,App,158.75,2024,2,2024-02,Saturday
1061,2023-09-11,503,Eloá Pinto,F,36-45,Sudeste,Vibrador Duplo Prazer,Vibradores,466.35,2,0.0,Boleto,Entregue,App,932.7,2023,9,2023-09,Monday
2566,2023-09-21,97,Sra. Ana Laura Aragão,F,26-35,Sudeste,Camisola Sensual Preta,Lingerie,166.53,2,0.0,Pix,Entregue,App,333.06,2023,9,2023-09,Thursday
1070,2023-10-22,94,Ryan Cassiano,M,36-45,Sudeste,Lubrificante Sabores Baunilha,Lubrificantes,76.04,1,5.0,Cartão Crédito,Entregue,App,72.24,2023,10,2023-10,Sunday
2525,2023-07-30,415,Dra. Ágatha Leão,F,26-35,Sudeste,Lubrificante Sabores Baunilha,Lubrificantes,57.94,2,0.0,Cartão Débito,Entregue,Marketplace,115.88,2023,7,2023-07,Sunday
2206,2024-02-04,578,Marcelo da Costa,M,36-45,Sudeste,Lubrificante Base Silicone,Lubrificantes,57.36,2,0.0,Pix,Entregue,App,114.72,2024,2,2024-02,Sunday
17,2023-05-27,100,Anna Liz Cirino,F,18-25,Centro-Oeste,Camisola Sensual Preta,Lingerie,121.51,2,0.0,Pix,Entregue,App,243.02,2023,5,2023-05,Saturday
3121,2024-05-21,88,Sr. Caleb Sá,M,26-35,Sudeste,Dominó Erótico,Jogos Adultos,107.42,1,0.0,Cartão Crédito,Entregue,Marketplace,107.42,2024,5,2024-05,Tuesday
4643,2024-03-27,482,Benicio Rocha,M,36-45,Nordeste,Vibrador Rabbit Premium,Vibradores,155.94,3,0.0,Pix,Entregue,Site,467.82,2024,3,2024-03,Wednesday
4755,2024-02-18,486,Théo Camargo,Não informado,26-35,Sudeste,Lubrificante Base Silicone,Lubrificantes,84.59,1,0.0,Cartão Débito,Entregue,Site,84.59,2024,2,2024-02,Sunday
816,2023-04-20,198,Srta. Hadassa Azevedo,F,26-35,Nordeste,Vibrador Duplo Prazer,Vibradores,286.57,2,0.0,Cartão Débito,Entregue,App,573.14,2023,4,2023-04,Thursday
3068,2024-10-16,685,Ana Monteiro,Não informado,18-25,Norte,Lubrificante Sabores Morango,Lubrificantes,32.92,4,0.0,Pix,Entregue,App,131.68,2024,10,2024-10,Wednesday
5310,2024-11-01,535,Emanuel Fonseca,M,36-45,Sul,Vibrador Ponto G Flex,Vibradores,183.59,3,10.0,Cartão Crédito,Entregue,Site,495.69,2024,11,2024-11,Friday
960,2023-10-07,349,Augusto Dias,M,26-35,Sudeste,Meia-Calça Rendada,Lingerie,68.76,2,0.0,Pix,Entregue,Site,137.52,2023,10,2023-10,Saturday
226,2023-11-12,78,Aylla Ribeiro,F,26-35,Nordeste,Colar e Guia BDSM,Acessórios BDSM,122.1,1,10.0,Não informado,Entregue,Site,109.89,2023,11,2023-11,Sunday
3355,2024-03-20,58,Ana Laura da Costa,F,26-35,Nordeste,Gel Térmico Sensação Quente,Cosméticos Íntimos,75.74,1,0.0,Cartão Crédito,Entregue,Marketplace,75.74,2024,3,2024-03,Wednesday
2486,2024-12-27,732,Maria Eduarda Farias,F,26-35,Nordeste,Vibrador Duplo Prazer,Vibradores,358.38,1,0.0,Boleto,Entregue,App,358.38,2024,12,2024-12,Friday
563,2024-12-11,41,Benicio Camargo,M,26-35,Nordeste,Colar e Guia BDSM,Acessórios BDSM,221.07,3,10.0,Pix,Entregue,App,596.89,2024,12,2024-12,Wednesday
3437,2024-11-30,72,Ana Beatriz Farias,F,46+,Norte,Vibrador Rabbit Premium,Vibradores,474.82,2,20.0,Pix,Entregue,App,759.71,2024,11,2024-11,Saturday
1694,2024-04-19,44,Ravi Lucca Moura,M,26-35,Sudeste,Colar e Guia BDSM,Acessórios BDSM,283.51,2,0.0,Pix,Entregue,Marketplace,567.02,2024,4,2024-04,Friday
1046,2024-07-19,256,Renan Ramos,M,26-35,Nordeste,Vibrador Rabbit Premium,Vibradores,469.41,1,10.0,Cartão Crédito,Entregue,App,422.47,2024,7,2024-07,Friday
3447,2024-11-08,415,Dra. Ágatha Leão,F,26-35,Sudeste,Lubrificante Íntimo Aquoso 100ml,Lubrificantes,33.94,4,0.0,Pix,Entregue,Site,135.76,2024,11,2024-11,Friday
4566,2023-12-31,541,Sra. Larissa da Cunha,F,36-45,Nordeste,Corda de Shibari 5m,Acessórios BDSM,147.0,4,0.0,Cartão Débito,Entregue,App,588.0,2023,12,2023-12,Sunday
955,2024-06-07,149,Luiz Fernando Ramos,M,36-45,Nordeste,Wand Massager Pro,Vibradores,164.08,1,0.0,Cartão Crédito,Entregue,Site,164.08,2024,6,2024-06,Friday
2736,2023-06-24,394,Emanuella Costa,F,36-45,Nordeste,Gel Excitante Feminino,Lubrificantes,67.57,1,25.0,Cartão Crédito,Entregue,Site,50.68,2023,6,2023-06,Saturday
5442,2024-05-12,68,Benício Fernandes,M,36-45,Sudeste,Gel Excitante Masculino,Lubrificantes,85.51,3,0.0,Cartão Crédito,Entregue,Site,256.53,2024,5,2024-05,Sunday
5350,2024-06-25,311,Sra. Ana Cecília Teixeira,F,36-45,Sudeste,Vibrador Clássico Silicone,Vibradores,92.46,1,0.0,Pix,Entregue,App,92.46,2024,6,2024-06,Tuesday
1219,2024-02-29,282,Kevin Barros,M,36-45,Nordeste,Fantasia Enfermeira,Lingerie,74.19,3,10.0,Pix,Entregue,Site,200.31,2024,2,2024-02,Thursday
5255,2024-05-28,488,Ryan Moura,M,36-45,Sudeste,Kit Iniciante BDSM 5 Peças,Acessórios BDSM,167.79,2,0.0,Cartão Crédito,Entregue,App,335.58,2024,5,2024-05,Tuesday
3988,2023-12-20,163,Sofia das Neves,F,36-45,Sul,Vibrador Duplo Prazer,Vibradores,474.38,1,0.0,Pix,Entregue,App,474.38,2023,12,2023-12,Wednesday
5474,2024-05-16,318,Sabrina da Paz,Não informado,46+,Nordeste,Lubrificante Base Silicone,Lubrificantes,38.1,1,0.0,Pix,Entregue,Marketplace,38.1,2024,5,2024-05,Thursday
1301,2024-09-06,9,Pietro Pastor,M,26-35,Sudeste,Lubrificante Íntimo Aquoso 250ml,Lubrificantes,89.71,1,0.0,Pix,Entregue,App,89.71,2024,9,2024-09,Friday
5429,2023-02-15,302,João Pedro Macedo,M,26-35,Sul,Meia-Calça Rendada,Lingerie,79.99,1,0.0,Cartão Débito,Entregue,Site,79.99,2023,2,2023-02,Wednesday
161,2024-07-07,126,Ana Júlia Borges,F,36-45,Sudeste,Lubrificante Base Silicone,Lubrificantes,57.33,1,0.0,Pix,Entregue,App,57.33,2024,7,2024-07,Sunday
4068,2024-04-21,727,Liam Castro,M,26-35,Sudeste,Dominó Erótico,Jogos Adultos,66.82,1,0.0,Cartão Crédito,Entregue,Marketplace,66.82,2024,4,2024-04,Sunday
957,2024-09-26,198,Srta. Hadassa Azevedo,F,26-35,Nordeste,Massageador Corporal Wave,Vibradores,471.27,1,0.0,Cartão Crédito,Entregue,Site,471.27,2024,9,2024-09,Thursday
3792,2023-07-03,20,Sr. João Vitor Barros,M,18-25,Sudeste,Chicote de Couro Soft,Acessórios BDSM,104.15,2,0.0,Cartão Crédito,Entregue,Site,208.3,2023,7,2023-07,Monday
2870,2023-11-05,120,Catarina da Luz,F,18-25,Sul,Sabonete Íntimo pH Neutro,Cosméticos Íntimos,142.23,2,0.0,Cartão Crédito,Entregue,Marketplace,284.46,2023,11,2023-11,Sunday
3778,2024-10-22,225,Isaque Cardoso,Não informado,26-35,Sul,Colar e Guia BDSM,Acessórios BDSM,121.96,1,30.0,Pix,Entregue,Site,85.37,2024,10,2024-10,Tuesday
4434,2023-12-27,587,Yan Siqueira,M,36-45,Sul,Wand Massager Pro,Vibradores,469.04,1,0.0,Pix,Entregue,Site,469.04,2023,12,2023-12,Wednesday
4974,2023-10-29,323,Dra. Nicole Jesus,F,46+,Sul,Cartas Posições Kamasutra,Jogos Adultos,114.98,3,0.0,Pix,Entregue,Site,344.94,2023,10,2023-10,Sunday
2962,2023-01-02,117,Kevin Pimenta,M,26-35,Norte,Body Coelhinha Plus Size,Lingerie,130.05,1,10.0,Cartão Crédito,Entregue,App,117.05,2023,1,2023-01,Monday
2201,2024-09-22,719,Maria Júlia Freitas,F,26-35,Sul,Lubrificante Sabores Baunilha,Lubrificantes,87.28,2,0.0,Pix,Entregue,App,174.56,2024,9,2024-09,Sunday
99,2024-10-14,8,Yago Leão,M,26-35,Sudeste,Body Coelhinha Plus Size,Lingerie,151.54,1,0.0,Boleto,Entregue,Marketplace,151.54,2024,10,2024-10,Monday
2558,2024-11-10,99,Emanuel Araújo,M,26-35,Sudeste,Óleo de Massagem Relaxante,Lubrificantes,71.86,3,0.0,Cartão Crédito,Entregue,App,215.58,2024,11,2024-11,Sunday
3184,2024-04-30,80,Nina Siqueira,F,26-35,Sul,Corda de Shibari 5m,Acessórios BDSM,229.78,1,0.0,Boleto,Entregue,Site,229.78,2024,4,2024-04,Tuesday
254,2024-08-19,105,Mariah Ribeiro,F,18-25,Nordeste,Gel Térmico Sensação Quente,Cosméticos Íntimos,132.38,3,0.0,Boleto,Devolvido,Site,397.14,2024,8,2024-08,Monday
3924,2024-07-27,86,Isadora Barbosa,Não informado,18-25,Sudeste,Vibrador Duplo Prazer,Vibradores,90.75,1,0.0,Boleto,Entregue,Marketplace,90.75,2024,7,2024-07,Saturday
4200,2023-02-01,257,Sra. Melissa Vieira,F,46+,Sul,Conjunto Lingerie Boudoir,Lingerie,90.08,2,0.0,Boleto,Entregue,App,180.16,2023,2,2023-02,Wednesday
1446,2024-09-11,55,Agatha Peixoto,F,46+,Nordeste,Lingerie Cropped com Bojo,Lingerie,182.52,1,0.0,Boleto,Devolvido,Site,182.52,2024,9,2024-09,Wednesday
4683,2024-02-18,628,Lunna Ribeiro,F,46+,Nordeste,Óleo de Massagem Relaxante,Lubrificantes,46.78,1,0.0,Pix,Entregue,Site,46.78,2024,2,2024-02,Sunday
4724,2023-08-20,149,Luiz Fernando Ramos,M,36-45,Nordeste,Meia-Calça Rendada,Lingerie,140.04,1,30.0,Cartão Crédito,Devolvido,Site,98.03,2023,8,2023-08,Sunday
3992,2023-08-12,66,Dr. Pedro Lucas Moreira,M,26-35,Sudeste,Venda para Olhos Satin,Acessórios BDSM,127.76,1,5.0,Pix,Devolvido,App,121.37,2023,8,2023-08,Saturday
1697,2024-12-03,8,Yago Leão,M,26-35,Sudeste,Mini Vibrador Discreto,Vibradores,292.87,1,0.0,Pix,Devolvido,Site,292.87,2024,12,2024-12,Tuesday
3192,2023-10-29,570,Rafaela Freitas,F,26-35,Nordeste,Dado do Prazer,Jogos Adultos,59.37,1,20.0,Pix,Entregue,Site,47.5,2023,10,2023-10,Sunday
4500,2024-01-20,149,Luiz Fernando Ramos,M,36-45,Nordeste,Fantasia Policial,Lingerie,196.64,2,10.0,Boleto,Entregue,App,353.95,2024,1,2024-01,Saturday
1155,2023-05-13,258,Ayla da Rocha,F,18-25,Sul,Meia-Calça Rendada,Lingerie,199.09,1,0.0,Pix,Entregue,Site,199.09,2023,5,2023-05,Saturday
2256,2024-10-25,228,Maria Eduarda Cavalcante,F,18-25,Sudeste,Lubrificante Sabores Morango,Lubrificantes,85.17,2,30.0,Pix,Devolvido,Site,119.24,2024,10,2024-10,Friday
1683,2024-09-21,273,Sr. João Guilherme Aparecida,M,18-25,Nordeste,Corda de Shibari 5m,Acessórios BDSM,223.09,3,0.0,Pix,Entregue,App,669.27,2024,9,2024-09,Saturday
3171,2023-02-03,283,Bárbara Novais,F,26-35,Nordeste,Lubrificante Base Silicone,Lubrificantes,60.03,1,0.0,Pix,Entregue,Site,60.03,2023,2,2023-02,Friday
2057,2024-08-06,169,Giovanna Lopes,F,36-45,Sudeste,Vibrador Duplo Prazer,Vibradores,398.83,1,30.0,Pix,Entregue,Site,279.18,2024,8,2024-08,Tuesday
5413,2024-07-24,347,Esther Sampaio,F,18-25,Nordeste,Creme Excitante Feminino,Cosméticos Íntimos,91.28,2,0.0,Cartão Crédito,Entregue,Site,182.56,2024,7,2024-07,Wednesday
4549,2024-06-13,293,Maria Luísa Machado,F,46+,Sudeste,Vibrador Rabbit Premium,Vibradores,343.01,4,0.0,Boleto,Entregue,Site,1372.04,2024,6,2024-06,Thursday
3724,2023-04-01,57,Maria Cecília das Neves,F,18-25,Centro-Oeste,Massageador Corporal Wave,Vibradores,376.12,1,25.0,Pix,Entregue,App,282.09,2023,4,2023-04,Saturday
2050,2023-02-15,24,Giovanna Rios,F,26-35,Centro-Oeste,Kit Cuidados Íntimos,Cosméticos Íntimos,108.79,2,0.0,Cartão Crédito,Entregue,Site,217.58,2023,2,2023-02,Wednesday
4977,2024-01-22,37,Zoe da Luz,F,46+,Centro-Oeste,Fantasia Policial,Lingerie,131.58,1,0.0,Cartão Crédito,Entregue,Marketplace,131.58,2024,1,2024-01,Monday
5469,2024-03-11,463,Noah Fogaça,M,36-45,Sudeste,Lubrificante Base Silicone,Lubrificantes,53.01,3,0.0,Pix,Entregue,Marketplace,159.03,2024,3,2024-03,Monday
624,2024-07-02,180,Dr. Thales Guerra,M,36-45,Sudeste,Camisola Sensual Preta,Lingerie,90.18,1,5.0,Pix,Entregue,App,85.67,2024,7,2024-07,Tuesday
263,2024-10-06,42,Eduarda Vieira,F,18-25,Sudeste,Vibrador Clássico Silicone,Vibradores,358.99,1,5.0,Pix,Entregue,App,341.04,2024,10,2024-10,Sunday
3370,2024-02-20,312,Olivia Moreira,F,26-35,Norte,Conjunto Lingerie Boudoir,Lingerie,149.6,1,0.0,Pix,Entregue,App,149.6,2024,2,2024-02,Tuesday
4062,2024-10-08,66,Dr. Pedro Lucas Moreira,M,26-35,Sudeste,Body Rendado Vermelho,Lingerie,122.83,1,20.0,Boleto,Entregue,Site,98.26,2024,10,2024-10,Tuesday
1803,2023-05-24,120,Catarina da Luz,F,18-25,Sul,Gel Excitante Feminino,Lubrificantes,36.97,5,20.0,Cartão Crédito,Entregue,Site,147.88,2023,5,2023-05,Wednesday
4737,2023-02-21,195,Lucas Gabriel Dias,M,18-25,Centro-Oeste,Meia-Calça Rendada,Lingerie,132.01,1,0.0,Cartão Crédito,Entregue,Marketplace,132.01,2023,2,2023-02,Tuesday
2386,2024-03-10,235,Dr. Dante Vieira,M,18-25,Sudeste,Lubrificante Íntimo Aquoso 100ml,Lubrificantes,80.97,1,30.0,Cartão Débito,Entregue,App,56.68,2024,3,2024-03,Sunday
1960,2024-11-19,394,Emanuella Costa,F,36-45,Nordeste,Wand Massager Pro,Vibradores,351.14,1,10.0,Cartão Crédito,Entregue,App,316.03,2024,11,2024-11,Tuesday
2977,2024-05-20,456,Srta. Luara Lima,F,46+,Sudeste,Colar e Guia BDSM,Acessórios BDSM,237.74,3,0.0,Cartão Crédito,Entregue,Site,713.22,2024,5,2024-05,Monday
489,2024-12-05,648,João Vasconcelos,M,36-45,Norte,Jogo Tabuleiro Casais,Jogos Adultos,45.98,1,20.0,Pix,Entregue,Site,36.78,2024,12,2024-12,Thursday
1844,2024-02-12,254,Isabella Silveira,F,36-45,Sul,Lubrificante Sabores Morango,Lubrificantes,48.82,1,5.0,Pix,Entregue,App,46.38,2024,2,2024-02,Monday
1735,2024-07-22,39,Luiz Miguel Câmara,M,36-45,Sudeste,Vibrador Ponto G Flex,Vibradores,339.75,1,0.0,Boleto,Entregue,Site,339.75,2024,7,2024-07,Monday
2912,2023-12-25,1,Sr. Apollo Sousa,M,18-25,Sudeste,Perfume Íntimo Floral,Cosméticos Íntimos,108.2,2,15.0,Cartão Crédito,Entregue,Marketplace,183.94,2023,12,2023-12,Monday
3220,2024-03-01,344,Zoe Mendes,F,26-35,Sudeste,Fantasia Enfermeira,Lingerie,169.81,1,0.0,Boleto,Entregue,Site,169.81,2024,3,2024-03,Friday
147,2024-02-11,252,Kamilly Novais,F,46+,Sul,Óleo de Massagem Relaxante,Lubrificantes,40.62,2,0.0,Cartão Débito,Entregue,App,81.24,2024,2,2024-02,Sunday
1987,2023-02-02,340,Manuela Viana,F,18-25,Nordeste,Camisola Sensual Preta,Lingerie,158.27,1,0.0,Boleto,Entregue,Marketplace,158.27,2023,2,2023-02,Thursday
1370,2024-01-30,75,Caroline Silveira,F,36-45,Sudeste,Fantasia Enfermeira,Lingerie,152.86,1,20.0,Cartão Crédito,Entregue,Site,122.29,2024,1,2024-01,Tuesday
2812,2023-09-19,272,Kevin Albuquerque,M,26-35,Sudeste,Jogo Tabuleiro Casais,Jogos Adultos,87.97,1,0.0,Pix,Entregue,Site,87.97,2023,9,2023-09,Tuesday
660,2024-08-15,228,Maria Eduarda Cavalcante,F,18-25,Sudeste,Chicote de Couro Soft,Acessórios BDSM,83.82,2,0.0,Pix,Entregue,App,167.64,2024,8,2024-08,Thursday
1795,2023-03-09,12,Eduardo Cunha,Não informado,26-35,Sul,Colar e Guia BDSM,Acessórios BDSM,290.01,1,0.0,Cartão Crédito,Entregue,Marketplace,290.01,2023,3,2023-03,Thursday
2512,2024-10-23,518,Luna Pires,F,18-25,Sudeste,Jogo Tabuleiro Casais,Jogos Adultos,95.53,1,20.0,Pix,Entregue,Site,76.42,2024,10,2024-10,Wednesday
3398,2024-06-15,463,Noah Fogaça,M,36-45,Sudeste,Conjunto Lingerie Boudoir,Lingerie,113.26,5,0.0,Cartão Crédito,Entregue,App,566.3,2024,6,2024-06,Saturday
4283,2023-05-31,65,Maria Liz Rios,F,46+,Sul,Body Coelhinha Plus Size,Lingerie,91.15,1,10.0,Cartão Crédito,Entregue,Marketplace,82.04,2023,5,2023-05,Wednesday
1148,2023-07-04,285,Maria Helena Machado,F,36-45,Centro-Oeste,Lubrificante Base Silicone,Lubrificantes,35.07,1,15.0,Pix,Entregue,Marketplace,29.81,2023,7,2023-07,Tuesday
3273,2023-10-02,336,Isabelly Marques,F,18-25,Sudeste,Óleo de Massagem Relaxante,Lubrificantes,79.06,3,25.0,Cartão Crédito,Entregue,Marketplace,177.88,2023,10,2023-10,Monday
609,2024-09-07,190,Milena da Luz,Não informado,36-45,Nordeste,Gel Excitante Feminino,Lubrificantes,88.2,2,0.0,Boleto,Entregue,Marketplace,176.4,2024,9,2024-09,Saturday
3583,2023-12-21,123,Giovanna Silva,F,36-45,Sudeste,Colar e Guia BDSM,Acessórios BDSM,214.1,5,25.0,Cartão Crédito,Entregue,Site,802.88,2023,12,2023-12,Thursday
1931,2024-12-08,233,Sr. Breno Pastor,M,46+,Sudeste,Fantasia Policial,Lingerie,63.23,2,0.0,Cartão Crédito,Entregue,App,126.46,2024,12,2024-12,Sunday
198,2023-06-27,541,Sra. Larissa da Cunha,F,36-45,Nordeste,Dominó Erótico,Jogos Adultos,91.76,3,0.0,Pix,Entregue,App,275.28,2023,6,2023-06,Tuesday
2328,2023-12-24,1,Sr. Apollo Sousa,M,18-25,Sudeste,Jogo de Cartas Sexo Quiz,Jogos Adultos,128.21,1,10.0,Cartão Crédito,Entregue,Site,115.39,2023,12,2023-12,Sunday
4390,2024-09-30,13,Cauã Borges,M,36-45,Nordeste,Conjunto Lingerie Boudoir,Lingerie,139.53,5,0.0,Cartão Crédito,Entregue,Site,697.65,2024,9,2024-09,Monday
4497,2024-01-14,182,Srta. Bianca Vasconcelos,F,26-35,Nordeste,Fantasia Enfermeira,Lingerie,167.52,3,20.0,Cartão Crédito,Entregue,App,402.05,2024,1,2024-01,Sunday
4219,2024-06-12,308,José Alves,M,36-45,Centro-Oeste,Colar e Guia BDSM,Acessórios BDSM,270.12,1,0.0,Pix,Entregue,Marketplace,270.12,2024,6,2024-06,Wednesday
3256,2024-07-24,43,Sra. Ana Luiza Gomes,F,46+,Centro-Oeste,Lubrificante Sabores Baunilha,Lubrificantes,80.92,1,0.0,Pix,Entregue,Marketplace,80.92,2024,7,2024-07,Wednesday
203,2024-06-20,49,Eduarda Marques,F,26-35,Sul,Wand Massager Pro,Vibradores,266.23,2,0.0,Pix,Entregue,Site,532.46,2024,6,2024-06,Thursday
3511,2023-08-06,113,Hadassa Montenegro,F,36-45,Sul,Spray Prolongador,Cosméticos Íntimos,115.53,3,0.0,Cartão Crédito,Entregue,App,346.59,2023,8,2023-08,Sunday
4932,2024-03-25,115,Isabelly Freitas,F,18-25,Sudeste,Dado do Prazer,Jogos Adultos,57.0,2,0.0,Cartão Débito,Entregue,Site,114.0,2024,3,2024-03,Monday
1734,2024-10-15,152,Joana Cavalcanti,F,26-35,Sul,Meia-Calça Rendada,Lingerie,181.42,3,20.0,Pix,Entregue,Marketplace,435.41,2024,10,2024-10,Tuesday
2778,2024-06-11,51,Thiago Caldeira,Não informado,36-45,Sul,Corda de Shibari 5m,Acessórios BDSM,298.0,1,0.0,Pix,Entregue,Site,298.0,2024,6,2024-06,Tuesday
1708,2024-10-29,68,Benício Fernandes,M,36-45,Sudeste,Vibrador Duplo Prazer,Vibradores,164.67,2,0.0,Cartão Débito,Entregue,App,329.34,2024,10,2024-10,Tuesday
5173,2024-12-06,6,Helena da Conceição,F,26-35,Sul,Fantasia Enfermeira,Lingerie,169.2,2,30.0,Cartão Crédito,Devolvido,Site,236.88,2024,12,2024-12,Friday
5250,2023-11-22,176,Diogo Alves,M,46+,Sudeste,Fantasia Policial,Lingerie,103.95,2,0.0,Cartão Crédito,Entregue,Marketplace,207.9,2023,11,2023-11,Wednesday
3475,2024-05-17,455,Murilo Leão,M,26-35,Nordeste,Lingerie Cropped com Bojo,Lingerie,145.43,3,25.0,Cartão Crédito,Entregue,Marketplace,327.22,2024,5,2024-05,Friday
855,2023-10-26,64,Gabriela Silva,F,26-35,Sudeste,Vibrador Duplo Prazer,Vibradores,337.26,2,0.0,Boleto,Entregue,Marketplace,674.52,2023,10,2023-10,Thursday
4738,2023-02-05,118,Dra. Alexia Rios,F,46+,Sudeste,Gel Excitante Masculino,Lubrificantes,32.81,2,0.0,Cartão Débito,Entregue,App,65.62,2023,2,2023-02,Sunday
4098,2024-12-05,24,Giovanna Rios,F,26-35,Centro-Oeste,Gel Térmico Sensação Quente,Cosméticos Íntimos,97.05,2,0.0,Cartão Crédito,Entregue,Marketplace,194.1,2024,12,2024-12,Thursday
2161,2023-06-11,280,Rebeca Barbosa,F,26-35,Norte,Fantasia Policial,Lingerie,146.2,2,20.0,Cartão Crédito,Entregue,Site,233.92,2023,6,2023-06,Sunday
5490,2024-11-26,573,Enrico da Mata,Não informado,26-35,Nordeste,Wand Massager Pro,Vibradores,351.42,2,0.0,Pix,Devolvido,Site,702.84,2024,11,2024-11,Tuesday
3000,2024-06-17,500,Paulo Oliveira,M,26-35,Nordeste,Lubrificante Íntimo Aquoso 250ml,Lubrificantes,80.01,1,15.0,Cartão Crédito,Entregue,Marketplace,68.01,2024,6,2024-06,Monday
3697,2023-02-26,676,Bruno da Cunha,M,26-35,Norte,Óleo de Massagem Relaxante,Lubrificantes,81.93,1,0.0,Pix,Devolvido,Site,81.93,2023,2,2023-02,Sunday
1637,2023-06-25,140,Maria Sophia Alves,F,36-45,Sudeste,Lubrificante Íntimo Aquoso 100ml,Lubrificantes,42.27,2,0.0,Cartão Débito,Entregue,Marketplace,84.54,2023,6,2023-06,Sunday
3458,2023-09-13,309,Ian Rocha,M,26-35,Sul,Vibrador Rabbit Premium,Vibradores,252.89,1,0.0,Pix,Entregue,Site,252.89,2023,9,2023-09,Wednesday
3582,2024-06-12,455,Murilo Leão,M,26-35,Nordeste,Fantasia Enfermeira,Lingerie,142.07,1,0.0,Boleto,Entregue,App,142.07,2024,6,2024-06,Wednesday
1292,2024-10-31,40,Thomas Monteiro,M,36-45,Sudeste,Fantasia Enfermeira,Lingerie,138.55,1,0.0,Boleto,Entregue,App,138.55,2024,10,2024-10,Thursday
4660,2024-06-13,333,Daniela Monteiro,F,26-35,Norte,Dado do Prazer,Jogos Adultos,71.08,2,5.0,Cartão Crédito,Entregue,Site,135.05,2024,6,2024-06,Thursday
1854,2024-04-24,465,Luana Fogaça,F,26-35,Nordeste,Corda de Shibari 5m,Acessórios BDSM,68.77,1,0.0,Cartão Crédito,Entregue,Site,68.77,2024,4,2024-04,Wednesday
5233,2023-06-15,317,Sr. Enrico Farias,Não informado,36-45,Nordeste,Lubrificante Íntimo Aquoso 250ml,Lubrificantes,71.91,1,0.0,Cartão Débito,Entregue,Site,71.91,2023,6,2023-06,Thursday
3764,2024-01-17,94,Ryan Cassiano,M,36-45,Sudeste,Vibrador Rabbit Premium,Vibradores,204.96,1,0.0,Pix,Entregue,Site,204.96,2024,1,2024-01,Wednesday
5452,2024-07-26,76,Renan da Cruz,M,26-35,Nordeste,Vibrador Rabbit Premium,Vibradores,121.75,1,0.0,Cartão Débito,Entregue,App,121.75,2024,7,2024-07,Friday
3744,2023-02-13,16,Sra. Zoe Campos,F,18-25,Sudeste,Perfume Íntimo Floral,Cosméticos Íntimos,64.85,2,0.0,Cartão Crédito,Entregue,App,129.7,2023,2,2023-02,Monday
3446,2024-10-04,279,Danilo Azevedo,M,26-35,Sul,Wand Massager Pro,Vibradores,92.95,2,0.0,Pix,Entregue,Site,185.9,2024,10,2024-10,Friday
1999,2023-02-08,17,Bruno Novaes,M,26-35,Sudeste,Chicote de Couro Soft,Acessórios BDSM,252.88,1,0.0,Cartão Crédito,Entregue,App,252.88,2023,2,2023-02,Wednesday
664,2024-10-27,75,Caroline Silveira,F,36-45,Sudeste,Fantasia Enfermeira,Lingerie,139.06,2,5.0,Cartão Crédito,Entregue,App,264.21,2024,10,2024-10,Sunday
4780,2023-06-03,74,Raquel Cunha,F,46+,Sul,Lubrificante Base Silicone,Lubrificantes,86.59,3,0.0,Pix,Entregue,App,259.77,2023,6,2023-06,Saturday
5354,2024-09-12,209,Maria Julia Fernandes,F,36-45,Sudeste,Dominó Erótico,Jogos Adultos,78.74,1,0.0,Cartão Crédito,Entregue,App,78.74,2024,9,2024-09,Thursday
4745,2024-12-23,74,Raquel Cunha,F,46+,Sul,Gel Térmico Sensação Quente,Cosméticos Íntimos,36.1,1,0.0,Pix,Entregue,App,36.1,2024,12,2024-12,Monday
710,2023-03-16,302,João Pedro Macedo,M,26-35,Sul,Jogo Tabuleiro Casais,Jogos Adultos,121.28,1,0.0,Cartão Crédito,Entregue,Site,121.28,2023,3,2023-03,Thursday
1283,2024-03-22,221,Ana Júlia Ferreira,F,26-35,Norte,Mini Vibrador Discreto,Vibradores,476.54,1,0.0,Pix,Entregue,Marketplace,476.54,2024,3,2024-03,Friday
5069,2024-11-29,583,Ravy Sampaio,M,18-25,Sudeste,Lubrificante Sabores Morango,Lubrificantes,77.27,1,10.0,Pix,Entregue,Marketplace,69.54,2024,11,2024-11,Friday
2676,2023-02-02,94,Ryan Cassiano,M,36-45,Sudeste,Lubrificante Base Silicone,Lubrificantes,70.65,1,0.0,Cartão Crédito,Entregue,Site,70.65,2023,2,2023-02,Thursday
4030,2023-12-31,123,Giovanna Silva,F,36-45,Sudeste,Conjunto Lingerie Boudoir,Lingerie,73.75,3,0.0,Boleto,Entregue,Site,221.25,2023,12,2023-12,Sunday
1307,2023-03-09,328,Ryan Campos,M,18-25,Sul,Spray Prolongador,Cosméticos Íntimos,145.0,2,30.0,Pix,Entregue,App,203.0,2023,3,2023-03,Thursday
2238,2024-02-11,57,Maria Cecília das Neves,F,18-25,Centro-Oeste,Vibrador Rabbit Premium,Vibradores,167.91,1,0.0,Cartão Crédito,Entregue,Site,167.91,2024,2,2024-02,Sunday
3303,2024-12-21,221,Ana Júlia Ferreira,F,26-35,Norte,Fantasia Enfermeira,Lingerie,67.76,4,0.0,Cartão Crédito,Entregue,Site,271.04,2024,12,2024-12,Saturday
2039,2023-04-15,71,Dra. Ana Liz da Conceição,F,36-45,Sul,Camisola Sensual Preta,Lingerie,126.01,1,0.0,Pix,Entregue,Site,126.01,2023,4,2023-04,Saturday
1530,2023-12-06,209,Maria Julia Fernandes,F,36-45,Sudeste,Vibrador Ponto G Flex,Vibradores,474.59,2,15.0,Pix,Entregue,App,806.8,2023,12,2023-12,Wednesday
1664,2023-11-01,187,Dr. Pedro Miguel Pimenta,M,26-35,Sudeste,Mordaça Silicone,Acessórios BDSM,83.76,3,0.0,Cartão Débito,Entregue,Site,251.28,2023,11,2023-11,Wednesday
5476,2023-02-28,144,Ravy Câmara,M,18-25,Sudeste,Gel Excitante Masculino,Lubrificantes,36.06,1,0.0,Pix,Entregue,Site,36.06,2023,2,2023-02,Tuesday
5497,2024-02-19,233,Sr. Breno Pastor,M,46+,Sudeste,Lubrificante Base Silicone,Lubrificantes,50.3,1,0.0,Pix,Entregue,Marketplace,50.3,2024,2,2024-02,Monday
3628,2023-10-09,499,Ana Vitória Dias,Não informado,46+,Sudeste,Vibrador Duplo Prazer,Vibradores,280.52,2,0.0,Boleto,Entregue,Site,561.04,2023,10,2023-10,Monday
5148,2024-08-27,544,Matteo Cardoso,M,26-35,Nordeste,Gel Excitante Feminino,Lubrificantes,62.21,2,0.0,Cartão Crédito,Entregue,App,124.42,2024,8,2024-08,Tuesday
4892,2023-02-26,16,Sra. Zoe Campos,F,18-25,Sudeste,Jogo Tabuleiro Casais,Jogos Adultos,90.03,2,5.0,Pix,Entregue,Site,171.06,2023,2,2023-02,Sunday
2694,2023-09-17,170,Luna Martins,F,18-25,Sudeste,Cartas Posições Kamasutra,Jogos Adultos,75.05,2,0.0,Pix,Entregue,Site,150.1,2023,9,2023-09,Sunday
3061,2023-07-18,98,Rhavi Montenegro,M,36-45,Sudeste,Dominó Erótico,Jogos Adultos,76.79,1,0.0,Cartão Crédito,Entregue,App,76.79,2023,7,2023-07,Tuesday
1598,2024-09-27,24,Giovanna Rios,F,26-35,Centro-Oeste,Gel Excitante Feminino,Lubrificantes,31.49,2,0.0,Cartão Crédito,Entregue,Site,62.98,2024,9,2024-09,Friday
2730,2024-07-04,180,Dr. Thales Guerra,M,36-45,Sudeste,Body Rendado Vermelho,Lingerie,157.59,1,0.0,Boleto,Entregue,Marketplace,157.59,2024,7,2024-07,Thursday
2626,2023-11-28,683,Julia Rezende,F,36-45,Sudeste,Creme Retardante Masculino,Cosméticos Íntimos,139.78,4,15.0,Cartão Crédito,Entregue,App,475.25,2023,11,2023-11,Tuesday
3158,2024-10-27,19,Bernardo Aparecida,M,36-45,Sudeste,Vibrador Rabbit Premium,Vibradores,485.47,1,0.0,Cartão Débito,Entregue,Site,485.47,2024,10,2024-10,Sunday
3315,2024-08-16,68,Benício Fernandes,M,36-45,Sudeste,Vibrador Rabbit Premium,Vibradores,346.93,1,0.0,Pix,Entregue,Marketplace,346.93,2024,8,2024-08,Friday
1723,2023-05-12,100,Anna Liz Cirino,F,18-25,Centro-Oeste,Meia-Calça Rendada,Lingerie,67.99,2,15.0,Pix,Entregue,Site,115.58,2023,5,2023-05,Friday
5280,2023-02-18,116,Emanuel Macedo,M,46+,Sudeste,Venda para Olhos Satin,Acessórios BDSM,194.09,1,10.0,Cartão Crédito,Entregue,Marketplace,174.68,2023,2,2023-02,Saturday
1060,2024-08-25,264,Sra. Júlia das Neves,F,46+,Sul,Jogo de Cartas Sexo Quiz,Jogos Adultos,82.13,1,0.0,Pix,Entregue,App,82.13,2024,8,2024-08,Sunday
4637,2023-10-28,110,Dr. Raul Dias,M,36-45,Nordeste,Mini Vibrador Discreto,Vibradores,282.0,2,30.0,Cartão Débito,Entregue,Site,394.8,2023,10,2023-10,Saturday
3243,2023-01-31,210,Dra. Maria Luiza Silveira,F,26-35,Nordeste,Vibrador Rabbit Premium,Vibradores,459.98,2,0.0,Pix,Entregue,Site,919.96,2023,1,2023-01,Tuesday
1679,2023-02-10,53,Daniela Freitas,F,26-35,Sudeste,Lubrificante Sabores Baunilha,Lubrificantes,70.97,1,30.0,Pix,Entregue,App,49.68,2023,2,2023-02,Friday
1758,2023-10-14,182,Srta. Bianca Vasconcelos,F,26-35,Nordeste,Gel Excitante Feminino,Lubrificantes,36.18,1,0.0,Boleto,Devolvido,App,36.18,2023,10,2023-10,Saturday
4192,2024-06-30,502,Nathan Almeida,M,36-45,Sudeste,Lubrificante Sabores Baunilha,Lubrificantes,43.96,1,0.0,Cartão Crédito,Entregue,App,43.96,2024,6,2024-06,Sunday
5117,2023-10-14,166,Mateus Rocha,M,26-35,Sudeste,Lubrificante Íntimo Aquoso 250ml,Lubrificantes,40.85,1,0.0,Pix,Entregue,App,40.85,2023,10,2023-10,Saturday
2791,2024-09-29,326,Ana Júlia Costela,F,18-25,Centro-Oeste,Lingerie Cropped com Bojo,Lingerie,146.92,1,10.0,Cartão Crédito,Entregue,Marketplace,132.23,2024,9,2024-09,Sunday
864,2023-07-27,159,Zoe Rodrigues,F,46+,Sul,Fantasia Policial,Lingerie,107.08,1,0.0,Pix,Entregue,Site,107.08,2023,7,2023-07,Thursday
1485,2024-03-16,108,Sra. Isabella da Luz,Não informado,36-45,Centro-Oeste,Fantasia Enfermeira,Lingerie,122.95,1,0.0,Boleto,Entregue,Site,122.95,2024,3,2024-03,Saturday
5135,2024-03-17,682,Augusto Ramos,M,36-45,Sul,Vibrador Clássico Silicone,Vibradores,465.32,4,0.0,Cartão Crédito,Entregue,App,1861.28,2024,3,2024-03,Sunday
207,2024-11-15,30,Ana Laura da Conceição,F,18-25,Sudeste,Body Rendado Vermelho,Lingerie,95.66,1,0.0,Cartão Crédito,Entregue,Site,95.66,2024,11,2024-11,Friday
4489,2024-01-17,389,Sr. Calebe Pires,M,18-25,Sudeste,Camisola Sensual Preta,Lingerie,128.1,4,30.0,Pix,Entregue,Site,358.68,2024,1,2024-01,Wednesday
871,2024-07-02,129,Julia Castro,F,26-35,Sudeste,Kit Iniciante BDSM 5 Peças,Acessórios BDSM,106.86,1,25.0,Boleto,Entregue,Site,80.14,2024,7,2024-07,Tuesday
4494,2023-01-20,406,Sr. Ravy Alves,M,36-45,Sudeste,Kit Iniciante BDSM 5 Peças,Acessórios BDSM,50.41,3,0.0,Pix,Entregue,Site,151.23,2023,1,2023-01,Friday
503,2024-03-13,102,Nathan Campos,M,18-25,Sudeste,Lubrificante Sabores Baunilha,Lubrificantes,65.06,2,30.0,Boleto,Entregue,App,91.08,2024,3,2024-03,Wednesday
1029,2024-02-10,106,Vicente Dias,M,26-35,Sul,Gel Excitante Feminino,Lubrificantes,47.09,2,0.0,Pix,Entregue,Site,94.18,2024,2,2024-02,Saturday
3841,2023-02-27,205,Otto Nascimento,M,26-35,Sul,Lubrificante Sabores Morango,Lubrificantes,39.53,2,0.0,Pix,Entregue,App,79.06,2023,2,2023-02,Monday
2691,2023-05-17,205,Otto Nascimento,M,26-35,Sul,Body Coelhinha Plus Size,Lingerie,175.47,1,0.0,Cartão Débito,Entregue,App,175.47,2023,5,2023-05,Wednesday
5057,2024-02-22,157,Gabriel da Cunha,M,18-25,Sudeste,Camisola Sensual Preta,Lingerie,99.03,1,0.0,Cartão Débito,Entregue,Marketplace,99.03,2024,2,2024-02,Thursday
1571,2024-09-13,237,Mariane Ribeiro,F,18-25,Nordeste,Dominó Erótico,Jogos Adultos,42.62,1,25.0,Cartão Débito,Entregue,Site,31.96,2024,9,2024-09,Friday
2774,2024-01-17,168,Agatha da Rosa,F,26-35,Sul,Mini Vibrador Discreto,Vibradores,107.69,1,0.0,Cartão Crédito,Entregue,App,107.69,2024,1,2024-01,Wednesday
805,2024-04-12,151,Lucas Alves,M,36-45,Sul,Spray Prolongador,Cosméticos Íntimos,98.38,1,0.0,Boleto,Entregue,Marketplace,98.38,2024,4,2024-04,Friday
3646,2024-01-09,47,João Felipe Vargas,M,18-25,Sul,Creme Retardante Masculino,Cosméticos Íntimos,120.86,1,10.0,Cartão Crédito,Entregue,Site,108.77,2024,1,2024-01,Tuesday
2455,2023-07-19,234,Dra. Isabelly Caldeira,F,36-45,Centro-Oeste,Lubrificante Base Silicone,Lubrificantes,32.43,3,15.0,Pix,Entregue,Marketplace,82.7,2023,7,2023-07,Wednesday
4599,2023-11-02,143,Cauê Garcia,M,18-25,Nordeste,Óleo de Massagem Relaxante,Lubrificantes,77.83,3,0.0,Cartão Crédito,Entregue,App,233.49,2023,11,2023-11,Thursday
3105,2023-04-16,83,Evelyn Correia,F,26-35,Nordeste,Wand Massager Pro,Vibradores,346.85,1,0.0,Cartão Crédito,Entregue,Site,346.85,2023,4,2023-04,Sunday
4876,2023-08-16,274,Yuri da Rocha,M,36-45,Sudeste,Body Coelhinha Plus Size,Lingerie,70.23,1,0.0,Pix,Entregue,App,70.23,2023,8,2023-08,Wednesday
201,2023-04-03,273,Sr. João Guilherme Aparecida,M,18-25,Nordeste,Lubrificante Sabores Baunilha,Lubrificantes,38.78,1,0.0,Cartão Crédito,Entregue,Site,38.78,2023,4,2023-04,Monday
3100,2024-02-08,155,Sra. Maya Pereira,F,26-35,Sul,Massageador Corporal Wave,Vibradores,289.67,3,0.0,Pix,Entregue,App,869.01,2024,2,2024-02,Thursday
2279,2023-02-24,268,Rafaela da Mota,F,26-35,Norte,Creme Excitante Feminino,Cosméticos Íntimos,65.7,1,0.0,Cartão Crédito,Entregue,Site,65.7,2023,2,2023-02,Friday
4475,2023-12-28,293,Maria Luísa Machado,F,46+,Sudeste,Lubrificante Base Silicone,Lubrificantes,75.16,1,0.0,Pix,Entregue,Marketplace,75.16,2023,12,2023-12,Thursday
4515,2023-02-09,216,Lunna Cunha,F,36-45,Sul,Lubrificante Base Silicone,Lubrificantes,40.09,4,0.0,Pix,Entregue,Site,160.36,2023,2,2023-02,Thursday
5259,2023-05-04,148,Dr. Bernardo Vargas,Não informado,26-35,Norte,Conjunto Lingerie Boudoir,Lingerie,129.31,5,0.0,Cartão Crédito,Entregue,App,646.55,2023,5,2023-05,Thursday
2696,2024-08-30,198,Srta. Hadassa Azevedo,F,26-35,Nordeste,Cartas Posições Kamasutra,Jogos Adultos,71.55,2,0.0,Boleto,Entregue,Site,143.1,2024,8,2024-08,Friday
2028,2024-05-23,733,Srta. Maria Vitória Pacheco,F,36-45,Norte,Lubrificante Íntimo Aquoso 100ml,Lubrificantes,48.83,3,0.0,Cartão Crédito,Entregue,Marketplace,146.49,2024,5,2024-05,Thursday
2569,2023-12-01,414,Mirella Freitas,F,18-25,Sul,Gel Excitante Masculino,Lubrificantes,69.12,1,0.0,Cartão Débito,Entregue,App,69.12,2023,12,2023-12,Friday
65,2024-12-02,91,Bento Cavalcante,M,26-35,Sul,Dado do Prazer,Jogos Adultos,66.94,2,15.0,Pix,Entregue,App,113.8,2024,12,2024-12,Monday
3885,2023-08-21,523,Luana Martins,F,36-45,Nordeste,Kit Roleplay Surpresa,Jogos Adultos,91.24,2,0.0,Cartão Crédito,Entregue,Site,182.48,2023,8,2023-08,Monday
2063,2023-05-31,417,Sr. Samuel Pimenta,M,36-45,Sul,Gel Excitante Feminino,Lubrificantes,34.77,1,30.0,Cartão Crédito,Entregue,App,24.34,2023,5,2023-05,Wednesday
5277,2024-03-03,51,Thiago Caldeira,Não informado,36-45,Sul,Gel Excitante Masculino,Lubrificantes,40.92,2,5.0,Cartão Crédito,Entregue,Site,77.75,2024,3,2024-03,Sunday
493,2024-12-04,90,Rafaela Cunha,Não informado,36-45,Sudeste,Lubrificante Sabores Baunilha,Lubrificantes,61.19,1,0.0,Pix,Entregue,Marketplace,61.19,2024,12,2024-12,Wednesday
380,2024-08-22,92,Alexandre Gomes,M,18-25,Sudeste,Creme Retardante Masculino,Cosméticos Íntimos,95.39,2,0.0,Pix,Entregue,App,190.78,2024,8,2024-08,Thursday
4860,2024-01-05,525,Laura Barbosa,F,36-45,Sudeste,Jogo de Cartas Sexo Quiz,Jogos Adultos,54.34,1,0.0,Pix,Entregue,Site,54.34,2024,1,2024-01,Friday
3994,2024-10-09,15,Julia Aparecida,F,26-35,Sudeste,Lubrificante Sabores Morango,Lubrificantes,55.62,1,0.0,Cartão Crédito,Entregue,Site,55.62,2024,10,2024-10,Wednesday
4888,2024-01-30,304,Nathan da Mata,M,26-35,Centro-Oeste,Vibrador Rabbit Premium,Vibradores,481.55,1,0.0,Cartão Crédito,Entregue,Site,481.55,2024,1,2024-01,Tuesday
1077,2023-05-21,133,Clara Lopes,F,26-35,Sul,Dado do Prazer,Jogos Adultos,81.94,1,5.0,Cartão Crédito,Devolvido,Site,77.84,2023,5,2023-05,Sunday
879,2023-06-22,8,Yago Leão,M,26-35,Sudeste,Creme Retardante Masculino,Cosméticos Íntimos,35.44,1,0.0,Boleto,Entregue,Marketplace,35.44,2023,6,2023-06,Thursday
338,2023-06-22,320,Luara da Cunha,F,26-35,Nordeste,Spray Prolongador,Cosméticos Íntimos,57.93,3,0.0,Pix,Entregue,Site,173.79,2023,6,2023-06,Thursday
1017,2024-05-05,56,Rebeca Almeida,F,26-35,Sul,Gel Excitante Masculino,Lubrificantes,85.22,1,10.0,Cartão Crédito,Entregue,Site,76.7,2024,5,2024-05,Sunday
3799,2023-05-16,53,Daniela Freitas,F,26-35,Sudeste,Dominó Erótico,Jogos Adultos,74.18,2,0.0,Cartão Crédito,Entregue,Site,148.36,2023,5,2023-05,Tuesday
4552,2023-12-08,6,Helena da Conceição,F,26-35,Sul,Dominó Erótico,Jogos Adultos,52.39,1,0.0,Pix,Entregue,App,52.39,2023,12,2023-12,Friday
3343,2023-10-02,267,Dra. Ester Correia,F,36-45,Sudeste,Body Coelhinha Plus Size,Lingerie,197.35,3,0.0,Cartão Crédito,Entregue,App,592.05,2023,10,2023-10,Monday
4912,2024-07-17,218,Lara Sá,F,46+,Sul,Mini Vibrador Discreto,Vibradores,497.28,3,0.0,Cartão Crédito,Entregue,Site,1491.84,2024,7,2024-07,Wednesday
996,2023-09-30,27,Elisa Martins,F,26-35,Sul,Óleo de Massagem Relaxante,Lubrificantes,65.62,1,0.0,Pix,Entregue,Site,65.62,2023,9,2023-09,Saturday
1982,2023-05-07,413,Zoe Carvalho,F,26-35,Sudeste,Dominó Erótico,Jogos Adultos,59.5,2,0.0,Pix,Devolvido,Site,119.0,2023,5,2023-05,Sunday
4298,2023-02-25,46,Dra. Bruna Rodrigues,F,18-25,Nordeste,Chicote de Couro Soft,Acessórios BDSM,183.58,2,20.0,Pix,Entregue,Marketplace,293.73,2023,2,2023-02,Saturday
162,2023-11-30,267,Dra. Ester Correia,F,36-45,Sudeste,Dado do Prazer,Jogos Adultos,89.27,1,0.0,Não informado,Entregue,Site,89.27,2023,11,2023-11,Thursday
4799,2023-05-26,37,Zoe da Luz,F,46+,Centro-Oeste,Gel Térmico Sensação Quente,Cosméticos Íntimos,47.4,1,0.0,Cartão Crédito,Entregue,Marketplace,47.4,2023,5,2023-05,Friday
1501,2024-11-20,198,Srta. Hadassa Azevedo,F,26-35,Nordeste,Lubrificante Íntimo Aquoso 250ml,Lubrificantes,61.91,2,0.0,Pix,Entregue,Site,123.82,2024,11,2024-11,Wednesday
3844,2024-02-21,144,Ravy Câmara,M,18-25,Sudeste,Óleo de Massagem Relaxante,Lubrificantes,35.72,1,0.0,Boleto,Entregue,Site,35.72,2024,2,2024-02,Wednesday
5226,2023-05-01,17,Bruno Novaes,M,26-35,Sudeste,Kit Roleplay Surpresa,Jogos Adultos,124.9,2,0.0,Pix,Entregue,App,249.8,2023,5,2023-05,Monday
2614,2023-02-10,351,Sr. Thales Andrade,M,36-45,Sul,Lubrificante Base Silicone,Lubrificantes,60.84,2,15.0,Pix,Entregue,Site,103.43,2023,2,2023-02,Friday
3462,2023-04-09,48,Sra. Brenda da Rocha,F,26-35,Centro-Oeste,Body Coelhinha Plus Size,Lingerie,143.0,1,25.0,Cartão Crédito,Entregue,Marketplace,107.25,2023,4,2023-04,Sunday
1022,2023-08-04,98,Rhavi Montenegro,M,36-45,Sudeste,Wand Massager Pro,Vibradores,105.26,2,10.0,Cartão Crédito,Devolvido,Marketplace,189.47,2023,8,2023-08,Friday
3074,2024-06-11,88,Sr. Caleb Sá,M,26-35,Sudeste,Lubrificante Íntimo Aquoso 250ml,Lubrificantes,77.03,3,0.0,Cartão Crédito,Entregue,App,231.09,2024,6,2024-06,Tuesday
3944,2023-05-06,137,Luiz Gustavo Vasconcelos,M,26-35,Nordeste,Venda para Olhos Satin,Acessórios BDSM,271.9,2,0.0,Cartão Débito,Entregue,App,543.8,2023,5,2023-05,Saturday
1586,2024-04-08,41,Benicio Camargo,M,26-35,Nordeste,Lubrificante Base Silicone,Lubrificantes,57.12,1,0.0,Pix,Entregue,Site,57.12,2024,4,2024-04,Monday
1956,2023-02-26,609,Erick Vasconcelos,M,18-25,Centro-Oeste,Lubrificante Sabores Baunilha,Lubrificantes,57.06,1,0.0,Cartão Crédito,Entregue,App,57.06,2023,2,2023-02,Sunday
3153,2023-04-29,321,Danilo Vargas,M,26-35,Nordeste,Body Coelhinha Plus Size,Lingerie,73.71,5,0.0,Cartão Débito,Entregue,Site,368.55,2023,4,2023-04,Saturday
35,2023-11-22,687,Rafaela da Cruz,F,46+,Sul,Gel Excitante Feminino,Lubrificantes,38.07,2,0.0,Pix,Entregue,Site,76.14,2023,11,2023-11,Wednesday
776,2023-03-23,46,Dra. Bruna Rodrigues,F,18-25,Nordeste,Gel Excitante Masculino,Lubrificantes,41.76,3,20.0,Pix,Entregue,Site,100.22,2023,3,2023-03,Thursday
2557,2023-04-16,200,Nina Leão,F,18-25,Centro-Oeste,Jogo de Cartas Sexo Quiz,Jogos Adultos,44.93,1,0.0,Cartão Crédito,Entregue,Site,44.93,2023,4,2023-04,Sunday
1479,2024-03-31,407,Lunna Pimenta,F,18-25,Sul,Massageador Corporal Wave,Vibradores,150.5,3,25.0,Pix,Entregue,Site,338.62,2024,3,2024-03,Sunday
5487,2024-04-28,71,Dra. Ana Liz da Conceição,F,36-45,Sul,Spray Prolongador,Cosméticos Íntimos,120.57,2,25.0,Pix,Entregue,App,180.86,2024,4,2024-04,Sunday
1364,2024-10-07,266,Sr. Levi Campos,M,26-35,Centro-Oeste,Fantasia Enfermeira,Lingerie,134.68,1,0.0,Pix,Entregue,Site,134.68,2024,10,2024-10,Monday
2613,2023-05-07,79,Maria Lima,F,18-25,Centro-Oeste,Kit Algemas Veludo,Acessórios BDSM,194.23,2,25.0,Pix,Entregue,App,291.34,2023,5,2023-05,Sunday
2825,2023-04-05,107,Gabrielly Rios,F,46+,Nordeste,Fantasia Enfermeira,Lingerie,183.41,5,0.0,Boleto,Entregue,Site,917.05,2023,4,2023-04,Wednesday
2042,2024-07-16,222,Ana Lívia Vasconcelos,F,36-45,Sul,Chicote de Couro Soft,Acessórios BDSM,164.05,2,10.0,Cartão Crédito,Entregue,Marketplace,295.29,2024,7,2024-07,Tuesday
242,2023-11-16,656,Eduarda Silva,F,26-35,Nordeste,Mordaça Silicone,Acessórios BDSM,272.93,1,0.0,Pix,Entregue,Site,272.93,2023,11,2023-11,Thursday
2062,2024-10-16,195,Lucas Gabriel Dias,M,18-25,Centro-Oeste,Vibrador Ponto G Flex,Vibradores,204.1,3,0.0,Cartão Débito,Entregue,App,612.3,2024,10,2024-10,Wednesday
2364,2024-09-08,181,Diogo Rezende,M,46+,Sudeste,Conjunto Lingerie Boudoir,Lingerie,140.88,2,0.0,Pix,Entregue,Marketplace,281.76,2024,9,2024-09,Sunday
601,2024-04-21,52,Sra. Sofia Pereira,F,18-25,Sudeste,Vibrador Clássico Silicone,Vibradores,466.06,4,10.0,Pix,Entregue,Site,1677.82,2024,4,2024-04,Sunday
2436,2024-06-15,136,Isadora Rios,F,18-25,Sul,Body Rendado Vermelho,Lingerie,164.59,1,10.0,Pix,Entregue,App,148.13,2024,6,2024-06,Saturday
5394,2023-02-06,235,Dr. Dante Vieira,M,18-25,Sudeste,Lubrificante Íntimo Aquoso 100ml,Lubrificantes,86.33,2,0.0,Boleto,Entregue,App,172.66,2023,2,2023-02,Monday
2889,2024-06-11,422,Dr. Bento Gonçalves,M,26-35,Nordeste,Vibrador Rabbit Premium,Vibradores,490.54,1,0.0,Pix,Entregue,Site,490.54,2024,6,2024-06,Tuesday
3891,2024-02-21,362,Dra. Laura da Conceição,F,26-35,Sudeste,Meia-Calça Rendada,Lingerie,136.51,1,0.0,Cartão Crédito,Entregue,Site,136.51,2024,2,2024-02,Wednesday
3557,2024-05-26,89,Enzo Jesus,M,36-45,Sul,Body Coelhinha Plus Size,Lingerie,79.51,1,25.0,Cartão Crédito,Entregue,Marketplace,59.63,2024,5,2024-05,Sunday
3203,2024-11-26,60,Sra. Ana Lívia Teixeira,F,26-35,Sul,Jogo de Cartas Sexo Quiz,Jogos Adultos,46.34,3,5.0,Pix,Entregue,App,132.07,2024,11,2024-11,Tuesday
1529,2023-08-16,413,Zoe Carvalho,F,26-35,Sudeste,Lubrificante Íntimo Aquoso 100ml,Lubrificantes,47.58,1,0.0,Cartão Crédito,Devolvido,App,47.58,2023,8,2023-08,Wednesday
1268,2024-01-21,178,Brayan Marques,M,26-35,Sudeste,Corda de Shibari 5m,Acessórios BDSM,232.12,2,20.0,Cartão Crédito,Entregue,Site,371.39,2024,1,2024-01,Sunday
1900,2023-12-11,393,Lunna Souza,F,26-35,Nordeste,Dado do Prazer,Jogos Adultos,59.76,1,0.0,Pix,Entregue,Site,59.76,2023,12,2023-12,Monday
4659,2024-07-06,59,Bruno Barros,M,18-25,Sudeste,Lubrificante Íntimo Aquoso 100ml,Lubrificantes,68.24,1,0.0,Cartão Débito,Entregue,Marketplace,68.24,2024,7,2024-07,Saturday
3006,2023-01-13,448,Kamilly Pinto,F,36-45,Sul,Body Rendado Vermelho,Lingerie,136.41,1,0.0,Pix,Entregue,Site,136.41,2023,1,2023-01,Friday
2735,2023-11-29,630,Mariane Cavalcante,F,36-45,Sudeste,Lubrificante Sabores Baunilha,Lubrificantes,55.64,1,0.0,Cartão Crédito,Entregue,Site,55.64,2023,11,2023-11,Wednesday
190,2024-11-04,77,Maria Luísa Correia,F,46+,Sudeste,Fantasia Enfermeira,Lingerie,66.77,1,5.0,Cartão Débito,Entregue,Site,63.43,2024,11,2024-11,Monday
1807,2024-04-16,287,Lorena Nunes,F,36-45,Centro-Oeste,Lubrificante Íntimo Aquoso 100ml,Lubrificantes,54.6,3,0.0,Pix,Entregue,Site,163.8,2024,4,2024-04,Tuesday
976,2024-06-02,84,Melissa Carvalho,F,26-35,Nordeste,Meia-Calça Rendada,Lingerie,98.36,2,25.0,Cartão Crédito,Entregue,App,147.54,2024,6,2024-06,Sunday
2748,2024-06-28,45,Yuri Albuquerque,M,46+,Sudeste,Fantasia Policial,Lingerie,111.91,2,0.0,Cartão Crédito,Entregue,Site,223.82,2024,6,2024-06,Friday
2048,2024-10-10,323,Dra. Nicole Jesus,F,46+,Sul,Vibrador Rabbit Premium,Vibradores,315.92,1,10.0,Pix,Entregue,App,284.33,2024,10,2024-10,Thursday
2559,2024-08-17,23,Elisa Freitas,F,18-25,Sudeste,Body Rendado Vermelho,Lingerie,101.02,1,0.0,Boleto,Entregue,App,101.02,2024,8,2024-08,Saturday
1083,2023-10-30,148,Dr. Bernardo Vargas,Não informado,26-35,Norte,Body Coelhinha Plus Size,Lingerie,146.51,1,30.0,Pix,Entregue,Marketplace,102.56,2023,10,2023-10,Monday
475,2024-05-17,203,Maria Helena Mendes,F,36-45,Sudeste,Conjunto Lingerie Boudoir,Lingerie,100.21,3,0.0,Cartão Crédito,Entregue,Site,300.63,2024,5,2024-05,Friday
2905,2023-09-24,200,Nina Leão,F,18-25,Centro-Oeste,Gel Excitante Feminino,Lubrificantes,34.45,1,0.0,Cartão Crédito,Entregue,Site,34.45,2023,9,2023-09,Sunday
4844,2024-02-22,13,Cauã Borges,M,36-45,Nordeste,Wand Massager Pro,Vibradores,266.05,2,10.0,Cartão Débito,Entregue,Marketplace,478.89,2024,2,2024-02,Thursday
4118,2024-06-13,143,Cauê Garcia,M,18-25,Nordeste,Lubrificante Íntimo Aquoso 250ml,Lubrificantes,52.86,1,0.0,Boleto,Entregue,Marketplace,52.86,2024,6,2024-06,Thursday
3386,2023-08-14,512,Dra. Clara da Costa,F,36-45,Sul,Lubrificante Base Silicone,Lubrificantes,35.66,1,0.0,Cartão Crédito,Entregue,Marketplace,35.66,2023,8,2023-08,Monday
4556,2023-12-01,224,Alícia Pinto,F,26-35,Nordeste,Jogo de Cartas Sexo Quiz,Jogos Adultos,88.63,2,0.0,Cartão Crédito,Entregue,Site,177.26,2023,12,2023-12,Friday
1185,2024-03-03,31,Luara Guerra,F,36-45,Nordeste,Meia-Calça Rendada,Lingerie,163.1,3,0.0,Boleto,Entregue,Marketplace,489.3,2024,3,2024-03,Sunday
5052,2023-06-05,415,Dra. Ágatha Leão,F,26-35,Sudeste,Vibrador Clássico Silicone,Vibradores,301.69,1,0.0,Pix,Entregue,App,301.69,2023,6,2023-06,Monday
2434,2023-06-21,94,Ryan Cassiano,M,36-45,Sudeste,Óleo de Massagem Relaxante,Lubrificantes,42.19,2,0.0,Cartão Débito,Entregue,Marketplace,84.38,2023,6,2023-06,Wednesday
2392,2023-12-04,51,Thiago Caldeira,Não informado,36-45,Sul,Mordaça Silicone,Acessórios BDSM,237.79,1,0.0,Cartão Débito,Entregue,Site,237.79,2023,12,2023-12,Monday
131,2024-10-03,148,Dr. Bernardo Vargas,Não informado,26-35,Norte,Vibrador Clássico Silicone,Vibradores,438.23,2,25.0,Pix,Entregue,Marketplace,657.34,2024,10,2024-10,Thursday
2920,2023-10-04,100,Anna Liz Cirino,F,18-25,Centro-Oeste,Camisola Sensual Preta,Lingerie,93.25,3,0.0,Pix,Entregue,App,279.75,2023,10,2023-10,Wednesday
3172,2023-06-26,84,Melissa Carvalho,F,26-35,Nordeste,Lubrificante Íntimo Aquoso 250ml,Lubrificantes,35.32,1,0.0,Boleto,Entregue,Marketplace,35.32,2023,6,2023-06,Monday
3445,2024-04-04,733,Srta. Maria Vitória Pacheco,F,36-45,Norte,Body Coelhinha Plus Size,Lingerie,80.94,2,0.0,Pix,Entregue,Site,161.88,2024,4,2024-04,Thursday
4427,2023-06-05,75,Caroline Silveira,F,36-45,Sudeste,Massageador Corporal Wave,Vibradores,449.46,3,0.0,Boleto,Entregue,Site,1348.38,2023,6,2023-06,Monday
467,2023-03-29,93,Mirella da Paz,F,26-35,Sudeste,Wand Massager Pro,Vibradores,476.09,1,0.0,Boleto,Entregue,Site,476.09,2023,3,2023-03,Wednesday
3093,2024-03-28,140,Maria Sophia Alves,F,36-45,Sudeste,Fantasia Policial,Lingerie,196.71,1,0.0,Cartão Crédito,Entregue,App,196.71,2024,3,2024-03,Thursday
3773,2024-04-09,116,Emanuel Macedo,M,46+,Sudeste,Body Coelhinha Plus Size,Lingerie,129.16,1,0.0,Cartão Débito,Entregue,Site,129.16,2024,4,2024-04,Tuesday
5227,2024-06-25,235,Dr. Dante Vieira,M,18-25,Sudeste,Lingerie Cropped com Bojo,Lingerie,178.1,3,5.0,Cartão Crédito,Entregue,Site,507.58,2024,6,2024-06,Tuesday
5391,2024-08-27,42,Eduarda Vieira,F,18-25,Sudeste,Vibrador Duplo Prazer,Vibradores,193.94,1,0.0,Pix,Entregue,Site,193.94,2024,8,2024-08,Tuesday
861,2024-02-27,384,Sra. Kamilly Albuquerque,F,18-25,Sul,Fantasia Enfermeira,Lingerie,110.1,2,0.0,Cartão Débito,Entregue,App,220.2,2024,2,2024-02,Tuesday
